#
# A fatal error has been detected by the Java Runtime Environment:
#
#  SIGSEGV (0xb) at pc=0x000079eb570294f3, pid=22387, tid=22387
#
# JRE version: OpenJDK Runtime Environment Microsoft-12574222 (25.0.1+8) (build 25.0.1+8-LTS)
# Java VM: OpenJDK 64-Bit Server VM Microsoft-12574222 (25.0.1+8-LTS, mixed mode, sharing, tiered, compressed oops, compressed class ptrs, g1 gc, linux-amd64)
# Problematic frame:
# C  [_jpype.cpython-312-x86_64-linux-gnu.so+0x424f3]  JPypeException::toJava() [clone .cold]+0x5d
#
# Core dump will be written. Default location: Core dumps may be processed with "/usr/share/apport/apport -p%p -s%s -c%c -d%d -P%P -u%u -g%g -F%F -- %E" (or dumping to /workspaces/korean_reading_practice/myapp/backend/core.22387)
#
# If you would like to submit a bug report, please visit:
#   https://github.com/microsoft/openjdk/issues
# The crash happened outside the Java Virtual Machine in native code.
# See problematic frame for where to report the bug.
#

---------------  S U M M A R Y ------------

Command Line: -Dfile.encoding=UTF8 -ea -Xmx1024m 

Host: AMD EPYC 7763 64-Core Processor, 2 cores, 7G, Ubuntu 24.04.3 LTS
Time: Tue May 12 20:46:39 2026 UTC elapsed time: 0.440737 seconds (0d 0h 0m 0s)

---------------  T H R E A D  ---------------

Current thread (0x00006392a43bc320):  JavaThread "main"             [_thread_in_native, id=22387, stack(0x00007ffd005fd000,0x00007ffd006fd000) (1024K)]

Stack: [0x00007ffd005fd000,0x00007ffd006fd000],  sp=0x00007ffd006f7d40,  free space=1003k
Native frames: (J=compiled Java code, j=interpreted, Vv=VM code, C=native code)
C  [_jpype.cpython-312-x86_64-linux-gnu.so+0x424f3]  JPypeException::toJava() [clone .cold]+0x5d
Java frames: (J=compiled Java code, j=interpreted, Vv=VM code)
j  org.jpype.manager.TypeFactoryNative.newWrapper(JJ)V+0
j  org.jpype.JPypeContext.newWrapper(J)V+16
v  ~StubRoutines::call_stub 0x000079eb40738fa6

siginfo: si_signo: 11 (SIGSEGV), si_code: 1 (SEGV_MAPERR), si_addr: 0x0000000000000000

Registers:
RAX=0x000079eb5857d7d8, RBX=0x00006392a4e58d40, RCX=0x000079eb585748d0, RDX=0x00000006392a4309
RSP=0x00007ffd006f7d40, RBP=0x0000000000000000, RSI=0x0000000000000000, RDI=0x00007ffd006f7cc8
R8 =0x00006392a2a77010, R9 =0x0000000000000007, R10=0x00006392a4309cd0, R11=0x6b8014b14b13a915
R12=0x00007ffd006f7d50, R13=0x00006392a4e58da8, R14=0x00007ffd006f7d48, R15=0x00006392a43bc320
RIP=0x000079eb570294f3, EFLAGS=0x0000000000010202, CSGSFS=0x002b000000000033, ERR=0x0000000000000006
  TRAPNO=0x000000000000000e

XMM[0]=0x0000000000000000 0x000079eb5ab75563
XMM[1]=0x000079eb5ab75563 0x000079eb5ab75563
XMM[2]=0xffffffffffffffff 0xffffffffffffffff
XMM[3]=0xffffffffffffffff 0xffffffffffffffff
XMM[4]=0xffffffffffffffff 0xffffffffffffffff
XMM[5]=0xffffffffffffffff 0xffffffffffffffff
XMM[6]=0xffffffffffffffff 0xffffffffffffffff
XMM[7]=0xffffffffffffffff 0xffffffffffffffff
XMM[8]=0x0000000000f700f3 0x0000000000f600f2
XMM[9]=0x00000000000000f3 0x00000000000000f2
XMM[10]=0x000000000000000c 0x000000000000000c
XMM[11]=0x000000000000000a 0x000000000000000a
XMM[12]=0x0000000000000008 0x0000000000000008
XMM[13]=0x0000000000000006 0x0000000000000006
XMM[14]=0x0000000000000004 0x0000000000000004
XMM[15]=0x0000000000000002 0x0000000000000002
  MXCSR=0x00001fa2


Register to memory mapping:

RAX=0x000079eb5857d7d8: <offset 0x000000000027a7d8> in /lib/x86_64-linux-gnu/libstdc++.so.6 at 0x000079eb58303000
RBX=0x00006392a4e58d40 points into unknown readable memory: 0x000079eb5709fa38 | 38 fa 09 57 eb 79 00 00
RCX=0x000079eb585748d0: <offset 0x00000000002718d0> in /lib/x86_64-linux-gnu/libstdc++.so.6 at 0x000079eb58303000
RDX=0x00000006392a4309 is an unknown value
RSP=0x00007ffd006f7d40 is pointing into the stack for thread: 0x00006392a43bc320
RBP=0x0 is null
RSI=0x0 is null
RDI=0x00007ffd006f7cc8 is pointing into the stack for thread: 0x00006392a43bc320
R8 =0x00006392a2a77010 points into unknown readable memory: 0x0001000100010005 | 05 00 01 00 01 00 01 00
R9 =0x0000000000000007 is an unknown value
R10=0x00006392a4309cd0 points into unknown readable memory: 0x00000006392a4309 | 09 43 2a 39 06 00 00 00
R11=0x6b8014b14b13a915 is an unknown value
R12=0x00007ffd006f7d50 is pointing into the stack for thread: 0x00006392a43bc320
R13=0x00006392a4e58da8 points into unknown readable memory: 0x00000000656e6f4e | 4e 6f 6e 65 00 00 00 00
R14=0x00007ffd006f7d48 is pointing into the stack for thread: 0x00006392a43bc320
R15=0x00006392a43bc320 is a thread

Top of Stack: (sp=0x00007ffd006f7d40)
0x00007ffd006f7d40:   0000003100000001 000079eb570787a0   ....1......W.y..
0x00007ffd006f7d50:   000079eb57078763 00007ffd006f0000   c..W.y....o.....
0x00007ffd006f7d60:   00007ffd006f7ea8 000079eb583bd0f4   .~o.......;X.y..
0x00007ffd006f7d70:   000079eb1440ac08 00007ffd006f7dc0   ..@..y...}o.....
0x00007ffd006f7d80:   00006392a4e58b90 00007ffd006f7db8   .....c...}o.....
0x00007ffd006f7d90:   00007ffd006f7ea8 000079eb5702c9e8   .~o........W.y..
0x00007ffd006f7da0:   00007ffd006f7dc0 000079eb5702ca4b   .}o.....K..W.y..
0x00007ffd006f7db0:   00007ffd00001fa2 0000000000000001   ................
0x00007ffd006f7dc0:   00006392a43bc7c0 00007ffd006f0000   ..;..c....o.....
0x00007ffd006f7dd0:   00007ffd006f7e68 0000000000000000   h~o.............
0x00007ffd006f7de0:   000079eb1440ac08 000079eb40744f85   ..@..y...Ot@.y..
0x00007ffd006f7df0:   00007ffd0000000b 00007ffd006f8050   ........P.o.....
0x00007ffd006f7e00:   00007ffd006f8058 00000000ffffffff   X.o.............
0x00007ffd006f7e10:   00006392a43bc320 00007ffd006f7e50    .;..c..P~o.....
0x00007ffd006f7e20:   fffffffffffffff7 0000000000000000   ................
0x00007ffd006f7e30:   0000000000000008 000079eb1440b288   ..........@..y..
0x00007ffd006f7e40:   0000000000000000 00000000c0062088   ......... ......
0x00007ffd006f7e50:   000079eb1440ac08 0000000000000000   ..@..y..........
0x00007ffd006f7e60:   00007ffd006f7e88 00007ffd006f7f08   .~o.......o.....
0x00007ffd006f7e70:   000079eb40740936 0000000000000000   6.t@.y..........
0x00007ffd006f7e80:   000079eb40742437 00006392a4cc1b70   7$t@.y..p....c..
0x00007ffd006f7e90:   0000000000000000 00006392a3e35170   ........pQ...c..
0x00007ffd006f7ea0:   0000000000000000 00000000c0062150   ........P!......
0x00007ffd006f7eb0:   00000000c0062150 00000000c0062150   P!......P!......
0x00007ffd006f7ec0:   fffffffffffffff5 000079eb1440eaa0   ..........@..y..
0x00007ffd006f7ed0:   0000000000000006 000079eb1440a968   ........h.@..y..
0x00007ffd006f7ee0:   0000000000000000 00000000c00612f0   ................
0x00007ffd006f7ef0:   000079eb1440eac8 fffffffffffffff0   ..@..y..........
0x00007ffd006f7f00:   00007ffd006f7f28 00007ffd006f7fa0   (.o.......o.....
0x00007ffd006f7f10:   000079eb40738fa6 0000000000000000   ..s@.y..........
0x00007ffd006f7f20:   00000000c0062150 00006392a4cc1b70   P!......p....c..
0x00007ffd006f7f30:   00006392a3f85380 00000000c0061958   .S...c..X.......

Instructions: (pc=0x000079eb570294f3)
  0x000079eb570293f3:   ff ff 48 8b 54 24 30 48 8b 4c 24 38 49 89 c7 48
  0x000079eb57029403:   89 94 24 90 00 00 00 48 8b 52 e8 48 89 8c 14 90
  0x000079eb57029413:   00 00 00 48 c7 84 24 98 00 00 00 00 00 00 00 e9
  0x000079eb57029423:   56 fe ff ff 4c 89 ff e8 21 9c ff ff e9 46 fd ff
  0x000079eb57029433:   ff 4c 89 f7 48 89 c3 48 89 d5 e8 fe a6 ff ff eb
  0x000079eb57029443:   a1 ff d0 48 8d 3d 65 ee 04 00 48 89 c6 e8 fb 90
  0x000079eb57029453:   ff ff e9 27 ff ff ff 48 89 c7 48 89 d0 e9 ab fe
  0x000079eb57029463:   ff ff 48 8b 7c 24 60 e8 71 00 02 00 49 8d 74 24
  0x000079eb57029473:   08 4c 89 f7 e8 94 af ff ff e9 fc fd ff ff e8 ca
  0x000079eb57029483:   b8 ff ff 48 89 c5 e8 f2 b3 ff ff 48 89 ef e8 ba
  0x000079eb57029493:   b8 ff ff 4c 89 f7 e8 f2 a1 ff ff 4c 89 e7 e8 4a
  0x000079eb570294a3:   a7 ff ff 48 89 df 48 83 ed 01 75 59 e8 2c b6 ff
  0x000079eb570294b3:   ff 48 8d 3d 9d ee 04 00 48 89 c3 e8 5d 98 ff ff
  0x000079eb570294c3:   48 8b 43 20 48 8d 74 24 10 48 8d 7c 24 08 48 8b
  0x000079eb570294d3:   50 08 48 8b 08 8b 40 10 48 89 54 24 08 48 8d 54
  0x000079eb570294e3:   24 04 89 44 24 04 48 89 4c 24 10 e8 ed 98 ff ff
=>0x000079eb570294f3:   c7 04 25 00 00 00 00 00 00 00 00 e8 7d b3 ff ff
  0x000079eb57029503:   e9 b9 fe 01 00 e8 d3 b5 ff ff 48 8d 3d 44 ee 04
  0x000079eb57029513:   00 e8 07 98 ff ff c7 04 25 00 00 00 00 00 00 00
  0x000079eb57029523:   00 e8 57 b3 ff ff e9 93 fe 01 00 4c 89 f7 e8 5a
  0x000079eb57029533:   a1 ff ff e9 63 ff ff ff 48 89 c3 48 89 d5 e8 3a
  0x000079eb57029543:   b3 ff ff 48 89 df 48 89 e8 48 83 e8 01 75 52 e8
  0x000079eb57029553:   89 b5 ff ff 48 8d 74 24 10 c7 44 24 20 b8 01 00
  0x000079eb57029563:   00 48 89 c7 48 8d 05 75 ed 04 00 48 89 44 24 10
  0x000079eb57029573:   48 8d 05 be ed 04 00 48 89 44 24 18 e8 5c 94 ff
  0x000079eb57029583:   ff e8 17 93 ff ff 48 89 c7 48 89 d0 eb bb 48 89
  0x000079eb57029593:   c3 48 89 d5 e8 e4 b2 ff ff 48 89 df 48 89 e8 eb
  0x000079eb570295a3:   a8 e8 a7 b7 ff ff 48 89 c5 e8 cf b2 ff ff 48 89
  0x000079eb570295b3:   ef e8 97 b7 ff ff 90 48 8b 73 18 48 85 f6 74 0f
  0x000079eb570295c3:   48 8b 05 ee 98 07 00 48 8b 38 e8 0e 93 ff ff 4c
  0x000079eb570295d3:   89 f7 e8 76 9a ff ff 48 89 ef e8 6e b7 ff ff 48
  0x000079eb570295e3:   89 ef e8 06 a6 ff ff 48 89 df 4c 89 e0 48 83 e8


Stack slot to memory mapping:

stack at sp + 0 slots: 0x0000003100000001 is an unknown value
stack at sp + 1 slots: 0x000079eb570787a0: <offset 0x00000000000917a0> in /usr/local/python/3.12.1/lib/python3.12/site-packages/_jpype.cpython-312-x86_64-linux-gnu.so at 0x000079eb56fe7000
stack at sp + 2 slots: 0x000079eb57078763: <offset 0x0000000000091763> in /usr/local/python/3.12.1/lib/python3.12/site-packages/_jpype.cpython-312-x86_64-linux-gnu.so at 0x000079eb56fe7000
stack at sp + 3 slots: 0x00007ffd006f0000 is pointing into the stack for thread: 0x00006392a43bc320
stack at sp + 4 slots: 0x00007ffd006f7ea8 is pointing into the stack for thread: 0x00006392a43bc320
stack at sp + 5 slots: 0x000079eb583bd0f4: __cxa_get_globals+0x0000000000000014 in /lib/x86_64-linux-gnu/libstdc++.so.6 at 0x000079eb58303000
stack at sp + 6 slots: {method} {0x000079eb1440ac08} 'newWrapper' '(JJ)V' in 'org/jpype/manager/TypeFactoryNative'
stack at sp + 7 slots: 0x00007ffd006f7dc0 is pointing into the stack for thread: 0x00006392a43bc320

Lock stack of current Java thread (top to bottom):
LockStack[0]: org.jpype.manager.TypeFactoryNative 
{0x00000000c0062150} - klass: 'org/jpype/manager/TypeFactoryNative' - flags: 

 - ---- fields (total size 3 words):
 - public 'context' 'J' @16  0 (0x0000000000000000)


---------------  P R O C E S S  ---------------

Threads class SMR info:
_java_thread_list=0x000079eaf8001900, length=11, elements={
0x00006392a43bc320, 0x00006392a4c1ba40, 0x00006392a4c1d2f0, 0x00006392a4c1edc0,
0x00006392a4c20760, 0x00006392a4c22060, 0x00006392a4c23e30, 0x00006392a4c258a0,
0x00006392a4c39750, 0x00006392a4c3b890, 0x000079eb04001030
}

Java Threads: ( => current thread )
=>0x00006392a43bc320 JavaThread "main"                              [_thread_in_native, id=22387, stack(0x00007ffd005fd000,0x00007ffd006fd000) (1024K)]
  0x00006392a4c1ba40 JavaThread "Reference Handler"          daemon [_thread_blocked, id=22422, stack(0x000079eb352fc000,0x000079eb353fc000) (1024K)]
  0x00006392a4c1d2f0 JavaThread "Finalizer"                  daemon [_thread_blocked, id=22423, stack(0x000079eb351fb000,0x000079eb352fb000) (1024K)]
  0x00006392a4c1edc0 JavaThread "Signal Dispatcher"          daemon [_thread_blocked, id=22424, stack(0x000079eb350fa000,0x000079eb351fa000) (1024K)]
  0x00006392a4c20760 JavaThread "Service Thread"             daemon [_thread_blocked, id=22425, stack(0x000079eb34ff9000,0x000079eb350f9000) (1024K)]
  0x00006392a4c22060 JavaThread "Monitor Deflation Thread"   daemon [_thread_blocked, id=22426, stack(0x000079eb34ef8000,0x000079eb34ff8000) (1024K)]
  0x00006392a4c23e30 JavaThread "C2 CompilerThread0"         daemon [_thread_blocked, id=22427, stack(0x000079eb34df7000,0x000079eb34ef7000) (1024K)]
  0x00006392a4c258a0 JavaThread "C1 CompilerThread0"         daemon [_thread_blocked, id=22428, stack(0x000079eb34cf6000,0x000079eb34df6000) (1024K)]
  0x00006392a4c39750 JavaThread "Notification Thread"        daemon [_thread_blocked, id=22429, stack(0x000079eb34bf5000,0x000079eb34cf5000) (1024K)]
  0x00006392a4c3b890 JavaThread "Common-Cleaner"             daemon [_thread_blocked, id=22430, stack(0x000079eb34af4000,0x000079eb34bf4000) (1024K)]
  0x000079eb04001030 JavaThread "SIGTERM handler"            daemon [_thread_blocked, id=22445, stack(0x000079eb347f1000,0x000079eb348f1000) (1024K)]
Total: 11

Other Threads:
  0x00006392a4c10da0 VMThread "VM Thread"                           [id=22421, stack(0x000079eb353fd000,0x000079eb354fd000) (1024K)]
  0x00006392a4c01fe0 WatcherThread "VM Periodic Task Thread"        [id=22420, stack(0x000079eb354fe000,0x000079eb355fe000) (1024K)]
  0x00006392a44282f0 WorkerThread "GC Thread#0"                     [id=22414, stack(0x000079eb37b00000,0x000079eb37c00000) (1024K)]
  0x000079eb1c000fc0 WorkerThread "GC Thread#1"                     [id=22444, stack(0x000079eb348f2000,0x000079eb349f2000) (1024K)]
  0x00006392a4535250 ConcurrentGCThread "G1 Main Marker"            [id=22415, stack(0x000079eb379ff000,0x000079eb37aff000) (1024K)]
  0x00006392a45356f0 WorkerThread "G1 Conc#0"                       [id=22416, stack(0x000079eb378fe000,0x000079eb379fe000) (1024K)]
  0x00006392a4ad30c0 ConcurrentGCThread "G1 Refine#0"               [id=22417, stack(0x000079eb35700000,0x000079eb35800000) (1024K)]
  0x00006392a4ad4260 ConcurrentGCThread "G1 Service"                [id=22418, stack(0x000079eb355ff000,0x000079eb356ff000) (1024K)]
Total: 8

Threads with active compile tasks:
Total: 0

VM state: not at safepoint (normal execution)

VM Mutex/Monitor currently owned by a thread: None

Heap address: 0x00000000c0000000, size: 1024 MB, Compressed Oops mode: 32-bit

CDS archive(s) mapped at: [0x0000000015000000-0x0000000015d8c000-0x0000000015d8c000), size 14204928, SharedBaseAddress: 0x0000000015000000, ArchiveRelocationMode: 1.
Compressed class space mapped at: 0x0000000016000000-0x0000000056000000, reserved size: 1073741824
UseCompressedClassPointers 1, UseCompactObjectHeaders 0
Narrow klass pointer bits 32, Max shift 3
Narrow klass base: 0x0000000015000000, Narrow klass shift: 0
Encoding Range: [0x0000000015000000 - 0x0000000115000000), (4294967296 bytes)
Klass Range:    [0x0000000015001000 - 0x0000000056000000), (1090514944 bytes)
Klass ID Range:  [4096 - 1090519033) (1090514937)
Protection zone: [0x0000000015000000 - 0x0000000015001000), (4096 bytes)

GC Precious Log:
 CardTable entry size: 512
 Card Set container configuration: InlinePtr #cards 5 size 8 Array Of Cards #cards 10 size 36 Howl #buckets 4 coarsen threshold 1843 Howl Bitmap #cards 512 size 80 coarsen threshold 460 Card regions per heap region 1 cards per card region 2048
 CPUs: 2 total, 2 available
 Memory: 7944M
 Large Page Support: Disabled
 NUMA Support: Disabled
 Compressed Oops: Enabled (32-bit)
 Heap Region Size: 1M
 Heap Min Capacity: 8M
 Heap Initial Capacity: 126M
 Heap Max Capacity: 1G
 Pre-touch: Disabled
 Parallel Workers: 2
 Concurrent Workers: 1
 Concurrent Refinement Workers: 2
 Periodic GC: Disabled
 G1 Time-Based Heap Sizing enabled (uncommit-only)
 Evaluation Interval: 60s, Uncommit Delay: 300s, Min Regions To Uncommit: 10

Heap:
 garbage-first heap   total reserved 1048576K, committed 10240K, used 2113K [0x00000000c0000000, 0x0000000100000000)
  region size 1024K, 1 young (1024K), 0 survivors (0K)

Heap Regions: E=young(eden), S=young(survivor), O=old, HS=humongous(starts), HC=humongous(continues), CS=collection set, F=free, TAMS=top-at-mark-start, PB=parsable bottom
|   0|0x00000000c0000000, 0x00000000c0084258, 0x00000000c0100000| 51%| O|  |TAMS 0x00000000c0000000| PB 0x00000000c0000000| Untracked |  0
|   1|0x00000000c0100000, 0x00000000c018c1a8, 0x00000000c0200000| 54%| O|  |TAMS 0x00000000c0100000| PB 0x00000000c0100000| Untracked |  0
|   2|0x00000000c0200000, 0x00000000c0200000, 0x00000000c0300000|  0%| F|  |TAMS 0x00000000c0200000| PB 0x00000000c0200000| Untracked |  0
|   3|0x00000000c0300000, 0x00000000c0300000, 0x00000000c0400000|  0%| F|  |TAMS 0x00000000c0300000| PB 0x00000000c0300000| Untracked |  0
|   4|0x00000000c0400000, 0x00000000c0400000, 0x00000000c0500000|  0%| F|  |TAMS 0x00000000c0400000| PB 0x00000000c0400000| Untracked |  0
|   5|0x00000000c0500000, 0x00000000c0500000, 0x00000000c0600000|  0%| F|  |TAMS 0x00000000c0500000| PB 0x00000000c0500000| Untracked |  0
|   6|0x00000000c0600000, 0x00000000c0600000, 0x00000000c0700000|  0%| F|  |TAMS 0x00000000c0600000| PB 0x00000000c0600000| Untracked |  0
|   7|0x00000000c0700000, 0x00000000c0700000, 0x00000000c0800000|  0%| F|  |TAMS 0x00000000c0700000| PB 0x00000000c0700000| Untracked |  0
|   8|0x00000000c0800000, 0x00000000c08e6820, 0x00000000c0900000| 90%| E|  |TAMS 0x00000000c0800000| PB 0x00000000c0800000| Complete |  0
|1022|0x00000000ffe00000, 0x00000000fff00000, 0x00000000fff00000|100%| O|  |TAMS 0x00000000ffe00000| PB 0x00000000ffe00000| Untracked |  0

Card table byte_map: [0x000079eb38c00000,0x000079eb38e00000] _byte_map_base: 0x000079eb38600000

Marking Bits: (CMBitMap*) 0x00006392a43a1880
 Bits: [0x000079eb37c00000, 0x000079eb38c00000)

Polling page: 0x000079eb59623000

Metaspace:
Metaspace        used 1798K, committed 1920K, reserved 1114112K
 class space     used 134K, committed 192K, reserved 1048576K

Usage:
  Non-class:      1.63 MB used.
      Class:    134.28 KB used.
       Both:      1.76 MB used.

Virtual space:
  Non-class space:       64.00 MB reserved,       1.69 MB (  3%) committed,  1 nodes.
      Class space:        1.00 GB reserved,     192.00 KB ( <1%) committed,  1 nodes.
             Both:        1.06 GB reserved,       1.88 MB ( <1%) committed. 

Chunk freelists:
   Non-Class:  11.83 MB
       Class:  15.70 MB
        Both:  27.53 MB

MaxMetaspaceSize: unlimited
CompressedClassSpaceSize: 1.00 GB
Initial GC threshold: 21.00 MB
Current GC threshold: 21.00 MB
CDS: on
 - commit_granule_bytes: 65536.
 - commit_granule_words: 8192.
 - virtual_space_node_default_size: 8388608.
 - enlarge_chunks_in_place: 1.
UseCompressedClassPointers 1, UseCompactObjectHeaders 0
Narrow klass pointer bits 32, Max shift 3
Narrow klass base: 0x0000000015000000, Narrow klass shift: 0
Encoding Range: [0x0000000015000000 - 0x0000000115000000), (4294967296 bytes)
Klass Range:    [0x0000000015001000 - 0x0000000056000000), (1090514944 bytes)
Klass ID Range:  [4096 - 1090519033) (1090514937)
Protection zone: [0x0000000015000000 - 0x0000000015001000), (4096 bytes)


Internal statistics:

num_allocs_failed_limit: 0.
num_arena_births: 46.
num_arena_deaths: 0.
num_vsnodes_births: 2.
num_vsnodes_deaths: 0.
num_space_committed: 30.
num_space_uncommitted: 0.
num_chunks_returned_to_freelist: 0.
num_chunks_taken_from_freelist: 69.
num_chunk_merges: 0.
num_chunk_splits: 41.
num_chunks_enlarged: 17.
num_inconsistent_stats: 0.

CodeHeap 'non-profiled nmethods': size=120040Kb used=133Kb max_used=133Kb free=119906Kb
 bounds [0x000079eb40cc6000, 0x000079eb40f36000, 0x000079eb48200000]
CodeHeap 'profiled nmethods': size=120032Kb used=815Kb max_used=815Kb free=119216Kb
 bounds [0x000079eb39200000, 0x000079eb39470000, 0x000079eb40738000]
CodeHeap 'non-nmethods': size=5688Kb used=1325Kb max_used=1338Kb free=4362Kb
 bounds [0x000079eb40738000, 0x000079eb409a8000, 0x000079eb40cc6000]
CodeCache: size=245760Kb, used=2273Kb, max_used=2286Kb, free=243484Kb
 total_blobs=1051, nmethods=641, adapters=315, full_count=0
Compilation: enabled, stopped_count=0, restarted_count=0

Compilation events (20 events):
Event: 0.391 Thread 0x00006392a4c258a0  772       3       java.util.stream.Collectors$$Lambda/0x800000043::apply (8 bytes)
Event: 0.391 Thread 0x00006392a4c258a0 nmethod 772 0x000079eb392c6988 code [0x000079eb392c6a80, 0x000079eb392c6d08]
Event: 0.391 Thread 0x00006392a4c258a0  778   !   3       java.lang.reflect.Executable::sharedToString (138 bytes)
Event: 0.392 Thread 0x00006392a4c258a0 nmethod 778 0x000079eb392c6d88 code [0x000079eb392c6e80, 0x000079eb392c8c58]
Event: 0.392 Thread 0x00006392a4c258a0  779       3       java.lang.reflect.Executable::printModifiersIfNonzero (101 bytes)
Event: 0.392 Thread 0x00006392a4c258a0 nmethod 779 0x000079eb392c8c88 code [0x000079eb392c8d80, 0x000079eb392c98e0]
Event: 0.392 Thread 0x00006392a4c258a0  780       3       java.lang.reflect.Modifier::toString (185 bytes)
Event: 0.392 Thread 0x00006392a4c258a0 nmethod 780 0x000079eb392c9908 code [0x000079eb392c9a00, 0x000079eb392ca760]
Event: 0.392 Thread 0x00006392a4c258a0  781       3       java.util.StringJoiner::<init> (10 bytes)
Event: 0.392 Thread 0x00006392a4c258a0 nmethod 781 0x000079eb392ca788 code [0x000079eb392ca880, 0x000079eb392ca9c8]
Event: 0.401 Thread 0x00006392a4c258a0  784       3       java.util.ImmutableCollections$List12::get (35 bytes)
Event: 0.401 Thread 0x00006392a4c258a0 nmethod 784 0x000079eb392caa88 code [0x000079eb392cab80, 0x000079eb392cadf8]
Event: 0.401 Thread 0x00006392a4c258a0  786   !   3       java.nio.DirectIntBufferU::get (34 bytes)
Event: 0.404 Thread 0x00006392a4c258a0 nmethod 786 0x000079eb392cae08 code [0x000079eb392caf00, 0x000079eb392cb950]
Event: 0.404 Thread 0x00006392a4c258a0  787       1       java.nio.Buffer::limit (5 bytes)
Event: 0.404 Thread 0x00006392a4c258a0 nmethod 787 0x000079eb40ce6f08 code [0x000079eb40ce7000, 0x000079eb40ce70c0]
Event: 0.404 Thread 0x00006392a4c258a0  785       1       jdk.internal.jimage.ImageHeader::getTableLength (5 bytes)
Event: 0.404 Thread 0x00006392a4c258a0 nmethod 785 0x000079eb40ce7208 code [0x000079eb40ce7300, 0x000079eb40ce73c0]
Event: 0.436 Thread 0x00006392a4c258a0  788       3       java.util.HashMap$HashIterator::hasNext (13 bytes)
Event: 0.436 Thread 0x00006392a4c258a0 nmethod 788 0x000079eb392cb988 code [0x000079eb392cba80, 0x000079eb392cbbd0]

GC Heap Usage History (2 events):
Event: 0.333 {heap Before GC invocations=0 (full 0):
 garbage-first heap   total reserved 1048576K, committed 131072K, used 6275K [0x00000000c0000000, 0x0000000100000000)
  region size 1024K, 6 young (6144K), 0 survivors (0K)
}
Event: 0.359 {heap After GC invocations=1 (full 1):
 garbage-first heap   total reserved 1048576K, committed 10240K, used 2113K [0x00000000c0000000, 0x0000000100000000)
  region size 1024K, 0 young (0K), 0 survivors (0K)
}

Metaspace Usage History (2 events):
Event: 0.333 {metaspace Before GC invocations=0 (full 0):
 Metaspace       used 1665K, committed 1792K, reserved 1114112K
  class space    used 120K, committed 192K, reserved 1048576K
}
Event: 0.359 {metaspace After GC invocations=1 (full 1):
 Metaspace       used 1665K, committed 1792K, reserved 1114112K
  class space    used 120K, committed 192K, reserved 1048576K
}

Dll operation events (6 events):
Event: 0.003 Loaded shared library /usr/local/sdkman/candidates/java/25.0.1-ms/lib/libjava.so
Event: 0.018 Loaded shared library /usr/local/sdkman/candidates/java/25.0.1-ms/lib/libsimdsort.so
Event: 0.029 Loaded shared library /usr/local/sdkman/candidates/java/25.0.1-ms/lib/libnio.so
Event: 0.033 Loaded shared library /usr/local/sdkman/candidates/java/25.0.1-ms/lib/libzip.so
Event: 0.085 Loaded shared library /usr/local/python/3.12.1/lib/python3.12/site-packages/_jpype.cpython-312-x86_64-linux-gnu.so
Event: 0.141 Loaded shared library /usr/local/sdkman/candidates/java/25.0.1-ms/lib/libjimage.so

Deoptimization events (8 events):
Event: 0.051 Thread 0x00006392a43bc320 Uncommon trap: trap_request=0xffffff45 fr.pc=0x000079eb40cc8ff8 relative=0x0000000000000078
Event: 0.051 Thread 0x00006392a43bc320 Uncommon trap: reason=unstable_if action=reinterpret pc=0x000079eb40cc8ff8 method=jdk.internal.misc.Unsafe.convEndian(ZS)S @ 4 c2
Event: 0.051 Thread 0x00006392a43bc320 DEOPT PACKING pc=0x000079eb40cc8ff8 sp=0x00007ffd006f7230
Event: 0.051 Thread 0x00006392a43bc320 DEOPT UNPACKING pc=0x000079eb408572f9 sp=0x00007ffd006f7180 mode 2
Event: 0.079 Thread 0x00006392a43bc320 Uncommon trap: trap_request=0xffffff45 fr.pc=0x000079eb40cc95f8 relative=0x0000000000000078
Event: 0.079 Thread 0x00006392a43bc320 Uncommon trap: reason=unstable_if action=reinterpret pc=0x000079eb40cc95f8 method=jdk.internal.misc.Unsafe.convEndian(ZI)I @ 4 c2
Event: 0.079 Thread 0x00006392a43bc320 DEOPT PACKING pc=0x000079eb40cc95f8 sp=0x00007ffd006f6b90
Event: 0.079 Thread 0x00006392a43bc320 DEOPT UNPACKING pc=0x000079eb408572f9 sp=0x00007ffd006f6ae0 mode 2

Classes loaded (20 events):
Event: 0.403 Loading class java/lang/System$Logger$Level
Event: 0.403 Loading class java/lang/System$Logger$Level done
Event: 0.403 Loading class jdk/internal/logger/SurrogateLogger
Event: 0.403 Loading class jdk/internal/logger/SimpleConsoleLogger
Event: 0.403 Loading class sun/util/logging/PlatformLogger$ConfigurableBridge$LoggerConfiguration
Event: 0.403 Loading class sun/util/logging/PlatformLogger$ConfigurableBridge$LoggerConfiguration done
Event: 0.403 Loading class jdk/internal/logger/SimpleConsoleLogger done
Event: 0.403 Loading class jdk/internal/logger/SurrogateLogger done
Event: 0.404 Loading class sun/util/logging/PlatformLogger
Event: 0.404 Loading class sun/util/logging/PlatformLogger done
Event: 0.404 Loading class sun/util/logging/PlatformLogger$Level
Event: 0.404 Loading class sun/util/logging/PlatformLogger$Level done
Event: 0.405 Loading class jdk/internal/event/ThreadSleepEvent
Event: 0.405 Loading class jdk/internal/event/Event
Event: 0.405 Loading class jdk/internal/event/Event done
Event: 0.405 Loading class jdk/internal/event/ThreadSleepEvent done
Event: 0.436 Loading class java/util/WeakHashMap$KeyIterator
Event: 0.436 Loading class java/util/WeakHashMap$HashIterator
Event: 0.436 Loading class java/util/WeakHashMap$HashIterator done
Event: 0.436 Loading class java/util/WeakHashMap$KeyIterator done

Classes unloaded (0 events):
No events

Classes redefined (0 events):
No events

Internal exceptions (13 events):
Event: 0.067 Thread 0x00006392a43bc320 Exception <a 'java/lang/NoSuchMethodError'{0x00000000c7c83670}: 'void java.lang.invoke.DirectMethodHandle$Holder.invokeSpecial(java.lang.Object, java.lang.Object, java.lang.Object)'> (0x00000000c7c83670) 
thrown [src/hotspot/share/interpreter/linkResolver.cpp, line 803]
Event: 0.088 Thread 0x00006392a43bc320 Exception <a 'java/lang/NoSuchMethodError'{0x00000000c7b06850}: 'int java.lang.invoke.DirectMethodHandle$Holder.invokeStaticInit(java.lang.Object, java.lang.Object)'> (0x00000000c7b06850) 
thrown [src/hotspot/share/interpreter/linkResolver.cpp, line 803]
Event: 0.089 Thread 0x00006392a43bc320 Exception <a 'java/lang/NoSuchMethodError'{0x00000000c7b163f0}: 'java.lang.Object java.lang.invoke.DirectMethodHandle$Holder.invokeStaticInit(java.lang.Object, int)'> (0x00000000c7b163f0) 
thrown [src/hotspot/share/interpreter/linkResolver.cpp, line 803]
Event: 0.094 Thread 0x00006392a43bc320 Exception <a 'java/lang/NoSuchMethodError'{0x00000000c7b3cb30}: 'java.lang.Object java.lang.invoke.DirectMethodHandle$Holder.newInvokeSpecial(java.lang.Object, java.lang.Object, java.lang.Object, java.lang.Object, java.lang.Object)'> (0x00000000c7b3cb30) 
thrown [src/hotspot/share/interpreter/linkResolver.cpp, line 803]
Event: 0.095 Thread 0x00006392a43bc320 Exception <a 'java/lang/NoSuchMethodError'{0x00000000c7b94458}: 'void java.lang.invoke.DirectMethodHandle$Holder.invokeStatic(java.lang.Object, java.lang.Object, java.lang.Object, java.lang.Object)'> (0x00000000c7b94458) 
thrown [src/hotspot/share/interpreter/linkResolver.cpp, line 803]
Event: 0.098 Thread 0x00006392a43bc320 Exception <a 'java/lang/NoSuchMethodError'{0x00000000c7bada68}: 'void java.lang.invoke.DirectMethodHandle$Holder.invokeStatic(java.lang.Object, java.lang.Object, java.lang.Object)'> (0x00000000c7bada68) 
thrown [src/hotspot/share/interpreter/linkResolver.cpp, line 803]
Event: 0.103 Thread 0x00006392a43bc320 Exception <a 'java/lang/NoSuchMethodError'{0x00000000c7bd7708}: 'java.lang.Object java.lang.invoke.DirectMethodHandle$Holder.invokeInterface(java.lang.Object, java.lang.Object)'> (0x00000000c7bd7708) 
thrown [src/hotspot/share/interpreter/linkResolver.cpp, line 803]
Event: 0.104 Thread 0x00006392a43bc320 Exception <a 'java/lang/IncompatibleClassChangeError'{0x00000000c7bdfb88}: Found class java.lang.Object, but interface was expected> (0x00000000c7bdfb88) 
thrown [src/hotspot/share/interpreter/linkResolver.cpp, line 871]
Event: 0.105 Thread 0x00006392a43bc320 Exception <a 'java/lang/NoSuchMethodError'{0x00000000c7be7d80}: 'void java.lang.invoke.DirectMethodHandle$Holder.invokeStatic(java.lang.Object, java.lang.Object)'> (0x00000000c7be7d80) 
thrown [src/hotspot/share/interpreter/linkResolver.cpp, line 803]
Event: 0.108 Thread 0x00006392a43bc320 Exception <a 'java/lang/NoSuchMethodError'{0x00000000c7bfb7d0}: 'java.lang.Object java.lang.invoke.Invokers$Holder.invokeExact_MT(java.lang.Object, java.lang.Object, java.lang.Object, java.lang.Object, java.lang.Object)'> (0x00000000c7bfb7d0) 
thrown [src/hotspot/share/interpreter/linkResolver.cpp, line 803]
Event: 0.114 Thread 0x00006392a43bc320 Exception <a 'java/lang/NoSuchMethodError'{0x00000000c7a17a38}: 'int java.lang.invoke.Invokers$Holder.invokeExact_MT(java.lang.Object, java.lang.Object, java.lang.Object)'> (0x00000000c7a17a38) 
thrown [src/hotspot/share/interpreter/linkResolver.cpp, line 803]
Event: 0.149 Thread 0x00006392a43bc320 Exception <a 'java/lang/NoSuchMethodError'{0x00000000c7a8dbd8}: 'java.lang.Object java.lang.invoke.DirectMethodHandle$Holder.invokeStaticInit(java.lang.Object)'> (0x00000000c7a8dbd8) 
thrown [src/hotspot/share/interpreter/linkResolver.cpp, line 803]
Event: 0.209 Thread 0x00006392a43bc320 Exception <a 'java/lang/IncompatibleClassChangeError'{0x00000000c7914170}: Found class java.lang.Object, but interface was expected> (0x00000000c7914170) 
thrown [src/hotspot/share/interpreter/linkResolver.cpp, line 871]

VM Operations (4 events):
Event: 0.333 Executing safepoint VM operation: G1CollectFull (System.gc())
Event: 0.359 Executing safepoint VM operation: G1CollectFull (System.gc()) done
Event: 0.414 Executing safepoint VM operation: ThreadDump
Event: 0.414 Executing safepoint VM operation: ThreadDump done

Memory protections (15 events):
Event: 0.002 Protecting memory [0x00007ffd005fd000,0x00007ffd00601000] with protection modes 0
Event: 0.010 Protecting memory [0x0000000015000000,0x0000000015001000] with protection modes 0
Event: 0.017 Protecting memory [0x000079eb352fc000,0x000079eb35300000] with protection modes 0
Event: 0.017 Protecting memory [0x000079eb351fb000,0x000079eb351ff000] with protection modes 0
Event: 0.017 Protecting memory [0x000079eb350fa000,0x000079eb350fe000] with protection modes 0
Event: 0.017 Protecting memory [0x000079eb34ff9000,0x000079eb34ffd000] with protection modes 0
Event: 0.017 Protecting memory [0x000079eb34ef8000,0x000079eb34efc000] with protection modes 0
Event: 0.017 Protecting memory [0x000079eb34df7000,0x000079eb34dfb000] with protection modes 0
Event: 0.018 Protecting memory [0x000079eb34cf6000,0x000079eb34cfa000] with protection modes 0
Event: 0.026 Protecting memory [0x000079eb34bf5000,0x000079eb34bf9000] with protection modes 0
Event: 0.028 Protecting memory [0x000079eb34af4000,0x000079eb34af8000] with protection modes 0
Event: 0.111 Protecting memory [0x000079eb58193000,0x000079eb58194000] with protection modes 1
Event: 0.136 Protecting memory [0x000079eb349f3000,0x000079eb349f7000] with protection modes 0
Event: 0.400 Protecting memory [0x000079eb347f1000,0x000079eb347f5000] with protection modes 0
Event: 0.404 Protecting memory [0x000079eb346f0000,0x000079eb346f4000] with protection modes 0

Nmethod flushes (0 events):
No events

Events (13 events):
Event: 0.011 Thread 0x00006392a43bc320 Thread added: 0x00006392a43bc320
Event: 0.016 Thread 0x00006392a43bc320 Thread added: 0x00006392a4c1ba40
Event: 0.017 Thread 0x00006392a43bc320 Thread added: 0x00006392a4c1d2f0
Event: 0.017 Thread 0x00006392a43bc320 Thread added: 0x00006392a4c1edc0
Event: 0.017 Thread 0x00006392a43bc320 Thread added: 0x00006392a4c20760
Event: 0.017 Thread 0x00006392a43bc320 Thread added: 0x00006392a4c22060
Event: 0.017 Thread 0x00006392a43bc320 Thread added: 0x00006392a4c23e30
Event: 0.018 Thread 0x00006392a43bc320 Thread added: 0x00006392a4c258a0
Event: 0.026 Thread 0x00006392a43bc320 Thread added: 0x00006392a4c39750
Event: 0.028 Thread 0x00006392a43bc320 Thread added: 0x00006392a4c3b890
Event: 0.135 Thread 0x00006392a43bc320 Thread added: 0x00006392a4e22ff0
Event: 0.400 Thread 0x00006392a4c1edc0 Thread added: 0x000079eb04001030
Event: 0.404 Thread 0x000079eb04001030 Thread added: 0x000079eb00185290


Dynamic libraries:
15000000-15001000 ---p 00000000 00:00 0 
15001000-154ab000 rw-p 00001000 00:2d 681584                             /usr/local/sdkman/candidates/java/25.0.1-ms/lib/server/classes.jsa
154ab000-15d8c000 rw-p 004ab000 00:2d 681584                             /usr/local/sdkman/candidates/java/25.0.1-ms/lib/server/classes.jsa
15d8c000-16000000 ---p 00000000 00:00 0 
16000000-16020000 rw-p 00000000 00:00 0 
16020000-16040000 ---p 00000000 00:00 0 
16040000-16050000 rw-p 00000000 00:00 0 
16050000-56000000 ---p 00000000 00:00 0 
c0000000-c0900000 rw-p 00000000 00:00 0 
c0900000-ffe00000 ---p 00000000 00:00 0 
ffe00000-fff00000 rw-p 00dbf000 00:2d 681584                             /usr/local/sdkman/candidates/java/25.0.1-ms/lib/server/classes.jsa
fff00000-100000000 ---p 00000000 00:00 0 
63928c580000-63928c67e000 r--p 00000000 00:2d 828064                     /usr/local/python/3.12.1/bin/python3.12
63928c67e000-63928c91b000 r-xp 000fe000 00:2d 828064                     /usr/local/python/3.12.1/bin/python3.12
63928c91b000-63928ca6d000 r--p 0039b000 00:2d 828064                     /usr/local/python/3.12.1/bin/python3.12
63928ca6d000-63928cae4000 r--p 004ed000 00:2d 828064                     /usr/local/python/3.12.1/bin/python3.12
63928cae4000-63928cc51000 rw-p 00564000 00:2d 828064                     /usr/local/python/3.12.1/bin/python3.12
63928cc51000-63928cc53000 rw-p 00000000 00:00 0 
6392a2a77000-6392a4ed5000 rw-p 00000000 00:00 0                          [heap]
79eaf4000000-79eaf44f8000 rw-p 00000000 00:00 0 
79eaf44f8000-79eaf8000000 ---p 00000000 00:00 0 
79eaf8000000-79eaf8021000 rw-p 00000000 00:00 0 
79eaf8021000-79eafc000000 ---p 00000000 00:00 0 
79eafc000000-79eafc021000 rw-p 00000000 00:00 0 
79eafc021000-79eb00000000 ---p 00000000 00:00 0 
79eb00000000-79eb00290000 rw-p 00000000 00:00 0 
79eb00290000-79eb04000000 ---p 00000000 00:00 0 
79eb04000000-79eb04021000 rw-p 00000000 00:00 0 
79eb04021000-79eb08000000 ---p 00000000 00:00 0 
79eb08000000-79eb08021000 rw-p 00000000 00:00 0 
79eb08021000-79eb0c000000 ---p 00000000 00:00 0 
79eb0c000000-79eb0c021000 rw-p 00000000 00:00 0 
79eb0c021000-79eb10000000 ---p 00000000 00:00 0 
79eb10000000-79eb10021000 rw-p 00000000 00:00 0 
79eb10021000-79eb14000000 ---p 00000000 00:00 0 
79eb14000000-79eb14180000 rw-p 00000000 00:00 0 
79eb14180000-79eb14400000 ---p 00000000 00:00 0 
79eb14400000-79eb14430000 rw-p 00000000 00:00 0 
79eb14430000-79eb18000000 ---p 00000000 00:00 0 
79eb18000000-79eb18021000 rw-p 00000000 00:00 0 
79eb18021000-79eb1c000000 ---p 00000000 00:00 0 
79eb1c000000-79eb1c619000 rw-p 00000000 00:00 0 
79eb1c619000-79eb20000000 ---p 00000000 00:00 0 
79eb20000000-79eb20021000 rw-p 00000000 00:00 0 
79eb20021000-79eb24000000 ---p 00000000 00:00 0 
79eb24000000-79eb24021000 rw-p 00000000 00:00 0 
79eb24021000-79eb28000000 ---p 00000000 00:00 0 
79eb28000000-79eb28021000 rw-p 00000000 00:00 0 
79eb28021000-79eb2c000000 ---p 00000000 00:00 0 
79eb2c000000-79eb2c021000 rw-p 00000000 00:00 0 
79eb2c021000-79eb30000000 ---p 00000000 00:00 0 
79eb30000000-79eb30021000 rw-p 00000000 00:00 0 
79eb30021000-79eb34000000 ---p 00000000 00:00 0 
79eb346ef000-79eb346f0000 ---p 00000000 00:00 0 
79eb346f0000-79eb346f4000 ---p 00000000 00:00 0 
79eb346f4000-79eb347f0000 rw-p 00000000 00:00 0 
79eb347f0000-79eb347f1000 ---p 00000000 00:00 0 
79eb347f1000-79eb347f5000 ---p 00000000 00:00 0 
79eb347f5000-79eb348f1000 rw-p 00000000 00:00 0 
79eb348f1000-79eb348f2000 ---p 00000000 00:00 0 
79eb348f2000-79eb349f2000 rw-p 00000000 00:00 0 
79eb349f2000-79eb349f3000 ---p 00000000 00:00 0 
79eb349f3000-79eb349f7000 ---p 00000000 00:00 0 
79eb349f7000-79eb34af3000 rw-p 00000000 00:00 0 
79eb34af3000-79eb34af4000 ---p 00000000 00:00 0 
79eb34af4000-79eb34af8000 ---p 00000000 00:00 0 
79eb34af8000-79eb34bf4000 rw-p 00000000 00:00 0 
79eb34bf4000-79eb34bf5000 ---p 00000000 00:00 0 
79eb34bf5000-79eb34bf9000 ---p 00000000 00:00 0 
79eb34bf9000-79eb34cf5000 rw-p 00000000 00:00 0 
79eb34cf5000-79eb34cf6000 ---p 00000000 00:00 0 
79eb34cf6000-79eb34cfa000 ---p 00000000 00:00 0 
79eb34cfa000-79eb34df6000 rw-p 00000000 00:00 0 
79eb34df6000-79eb34df7000 ---p 00000000 00:00 0 
79eb34df7000-79eb34dfb000 ---p 00000000 00:00 0 
79eb34dfb000-79eb34ef7000 rw-p 00000000 00:00 0 
79eb34ef7000-79eb34ef8000 ---p 00000000 00:00 0 
79eb34ef8000-79eb34efc000 ---p 00000000 00:00 0 
79eb34efc000-79eb34ff8000 rw-p 00000000 00:00 0 
79eb34ff8000-79eb34ff9000 ---p 00000000 00:00 0 
79eb34ff9000-79eb34ffd000 ---p 00000000 00:00 0 
79eb34ffd000-79eb350f9000 rw-p 00000000 00:00 0 
79eb350f9000-79eb350fa000 ---p 00000000 00:00 0 
79eb350fa000-79eb350fe000 ---p 00000000 00:00 0 
79eb350fe000-79eb351fa000 rw-p 00000000 00:00 0 
79eb351fa000-79eb351fb000 ---p 00000000 00:00 0 
79eb351fb000-79eb351ff000 ---p 00000000 00:00 0 
79eb351ff000-79eb352fb000 rw-p 00000000 00:00 0 
79eb352fb000-79eb352fc000 ---p 00000000 00:00 0 
79eb352fc000-79eb35300000 ---p 00000000 00:00 0 
79eb35300000-79eb353fc000 rw-p 00000000 00:00 0 
79eb353fc000-79eb353fd000 ---p 00000000 00:00 0 
79eb353fd000-79eb354fd000 rw-p 00000000 00:00 0 
79eb354fd000-79eb354fe000 ---p 00000000 00:00 0 
79eb354fe000-79eb355fe000 rw-p 00000000 00:00 0 
79eb355fe000-79eb355ff000 ---p 00000000 00:00 0 
79eb355ff000-79eb356ff000 rw-p 00000000 00:00 0 
79eb356ff000-79eb35700000 ---p 00000000 00:00 0 
79eb35700000-79eb35800000 rw-p 00000000 00:00 0 
79eb35800000-79eb37800000 rw-p 00000000 00:00 0 
79eb378bd000-79eb378fa000 r-xp 00000000 00:2d 681571                     /usr/local/sdkman/candidates/java/25.0.1-ms/lib/libsimdsort.so
79eb378fa000-79eb378fb000 ---p 0003d000 00:2d 681571                     /usr/local/sdkman/candidates/java/25.0.1-ms/lib/libsimdsort.so
79eb378fb000-79eb378fc000 r--p 0003d000 00:2d 681571                     /usr/local/sdkman/candidates/java/25.0.1-ms/lib/libsimdsort.so
79eb378fc000-79eb378fd000 rw-p 0003e000 00:2d 681571                     /usr/local/sdkman/candidates/java/25.0.1-ms/lib/libsimdsort.so
79eb378fd000-79eb378fe000 ---p 00000000 00:00 0 
79eb378fe000-79eb379fe000 rw-p 00000000 00:00 0 
79eb379fe000-79eb379ff000 ---p 00000000 00:00 0 
79eb379ff000-79eb37aff000 rw-p 00000000 00:00 0 
79eb37aff000-79eb37b00000 ---p 00000000 00:00 0 
79eb37b00000-79eb37c00000 rw-p 00000000 00:00 0 
79eb37c00000-79eb37c24000 rw-p 00000000 00:00 0 
79eb37c24000-79eb38bf8000 ---p 00000000 00:00 0 
79eb38bf8000-79eb38bfc000 rw-p 00000000 00:00 0 
79eb38bfc000-79eb38c00000 ---p 00000000 00:00 0 
79eb38c00000-79eb38c05000 rw-p 00000000 00:00 0 
79eb38c05000-79eb38dff000 ---p 00000000 00:00 0 
79eb38dff000-79eb38e05000 rw-p 00000000 00:00 0 
79eb38e05000-79eb38fff000 ---p 00000000 00:00 0 
79eb38fff000-79eb39000000 rw-p 00000000 00:00 0 
79eb3902a000-79eb3902f000 rw-p 00000000 00:00 0 
79eb3902f000-79eb39115000 ---p 00000000 00:00 0 
79eb39115000-79eb3911a000 rw-p 00000000 00:00 0 
79eb3911a000-79eb39200000 ---p 00000000 00:00 0 
79eb39200000-79eb39470000 rwxp 00000000 00:00 0 
79eb39470000-79eb40738000 ---p 00000000 00:00 0 
79eb40738000-79eb409a8000 rwxp 00000000 00:00 0 
79eb409a8000-79eb40cc6000 ---p 00000000 00:00 0 
79eb40cc6000-79eb40f36000 rwxp 00000000 00:00 0 
79eb40f36000-79eb48200000 ---p 00000000 00:00 0 
79eb4822a000-79eb50d1d000 r--s 00000000 00:2d 681576                     /usr/local/sdkman/candidates/java/25.0.1-ms/lib/modules
79eb50d1d000-79eb522c0000 r-xp 00000000 00:2d 681589                     /usr/local/sdkman/candidates/java/25.0.1-ms/lib/server/libjvm.so
79eb522c0000-79eb522c1000 ---p 015a3000 00:2d 681589                     /usr/local/sdkman/candidates/java/25.0.1-ms/lib/server/libjvm.so
79eb522c1000-79eb523aa000 r--p 015a3000 00:2d 681589                     /usr/local/sdkman/candidates/java/25.0.1-ms/lib/server/libjvm.so
79eb523aa000-79eb523d5000 rw-p 0168c000 00:2d 681589                     /usr/local/sdkman/candidates/java/25.0.1-ms/lib/server/libjvm.so
79eb523d5000-79eb52451000 rw-p 00000000 00:00 0 
79eb52451000-79eb52624000 r--p 00000000 00:2d 1078548                    /usr/local/python/3.12.1/lib/python3.12/site-packages/pymupdf/_mupdf.so
79eb52624000-79eb52acf000 r-xp 001d3000 00:2d 1078548                    /usr/local/python/3.12.1/lib/python3.12/site-packages/pymupdf/_mupdf.so
79eb52acf000-79eb52fa9000 r--p 0067e000 00:2d 1078548                    /usr/local/python/3.12.1/lib/python3.12/site-packages/pymupdf/_mupdf.so
79eb52fa9000-79eb52fad000 r--p 00b57000 00:2d 1078548                    /usr/local/python/3.12.1/lib/python3.12/site-packages/pymupdf/_mupdf.so
79eb52fad000-79eb53041000 rw-p 00b5b000 00:2d 1078548                    /usr/local/python/3.12.1/lib/python3.12/site-packages/pymupdf/_mupdf.so
79eb53041000-79eb53643000 rw-p 00000000 00:00 0 
79eb53664000-79eb53670000 r-xp 00000000 00:2d 681565                     /usr/local/sdkman/candidates/java/25.0.1-ms/lib/libnet.so
79eb53670000-79eb53671000 r--p 0000b000 00:2d 681565                     /usr/local/sdkman/candidates/java/25.0.1-ms/lib/libnet.so
79eb53671000-79eb53672000 rw-p 0000c000 00:2d 681565                     /usr/local/sdkman/candidates/java/25.0.1-ms/lib/libnet.so
79eb53672000-79eb53995000 rw-p 00000000 00:00 0 
79eb53995000-79eb53a8d000 r--p 00000000 00:2d 1078549                    /usr/local/python/3.12.1/lib/python3.12/site-packages/pymupdf/libmupdfcpp.so.27.2
79eb53a8d000-79eb53b38000 r-xp 000f8000 00:2d 1078549                    /usr/local/python/3.12.1/lib/python3.12/site-packages/pymupdf/libmupdfcpp.so.27.2
79eb53b38000-79eb53b8e000 r--p 001a3000 00:2d 1078549                    /usr/local/python/3.12.1/lib/python3.12/site-packages/pymupdf/libmupdfcpp.so.27.2
79eb53b8e000-79eb53b90000 r--p 001f8000 00:2d 1078549                    /usr/local/python/3.12.1/lib/python3.12/site-packages/pymupdf/libmupdfcpp.so.27.2
79eb53b90000-79eb53b9d000 rw-p 001fa000 00:2d 1078549                    /usr/local/python/3.12.1/lib/python3.12/site-packages/pymupdf/libmupdfcpp.so.27.2
79eb53b9d000-79eb53ce0000 r--p 00000000 00:2d 1078550                    /usr/local/python/3.12.1/lib/python3.12/site-packages/pymupdf/libmupdf.so.27.2
79eb53ce0000-79eb5467c000 r-xp 00143000 00:2d 1078550                    /usr/local/python/3.12.1/lib/python3.12/site-packages/pymupdf/libmupdf.so.27.2
79eb5467c000-79eb54b43000 r--p 00adf000 00:2d 1078550                    /usr/local/python/3.12.1/lib/python3.12/site-packages/pymupdf/libmupdf.so.27.2
79eb54b43000-79eb54b62000 r--p 00fa6000 00:2d 1078550                    /usr/local/python/3.12.1/lib/python3.12/site-packages/pymupdf/libmupdf.so.27.2
79eb54b62000-79eb55d04000 rw-p 00fc5000 00:2d 1078550                    /usr/local/python/3.12.1/lib/python3.12/site-packages/pymupdf/libmupdf.so.27.2
79eb55d04000-79eb55f11000 rw-p 00000000 00:00 0 
79eb55f18000-79eb561ee000 rw-p 00000000 00:00 0 
79eb561ee000-79eb5623c000 r--p 00000000 00:2d 1065088                    /usr/local/python/3.12.1/lib/python3.12/site-packages/lxml/etree.cpython-312-x86_64-linux-gnu.so
79eb5623c000-79eb56561000 r-xp 0004e000 00:2d 1065088                    /usr/local/python/3.12.1/lib/python3.12/site-packages/lxml/etree.cpython-312-x86_64-linux-gnu.so
79eb56561000-79eb566e8000 r--p 00373000 00:2d 1065088                    /usr/local/python/3.12.1/lib/python3.12/site-packages/lxml/etree.cpython-312-x86_64-linux-gnu.so
79eb566e8000-79eb566f7000 r--p 004fa000 00:2d 1065088                    /usr/local/python/3.12.1/lib/python3.12/site-packages/lxml/etree.cpython-312-x86_64-linux-gnu.so
79eb566f7000-79eb56713000 rw-p 00509000 00:2d 1065088                    /usr/local/python/3.12.1/lib/python3.12/site-packages/lxml/etree.cpython-312-x86_64-linux-gnu.so
79eb56713000-79eb5691c000 rw-p 00000000 00:00 0 
79eb5691c000-79eb5691f000 r--p 00000000 00:2d 830487                     /usr/local/python/3.12.1/lib/python3.12/lib-dynload/_multibytecodec.cpython-312-x86_64-linux-gnu.so
79eb5691f000-79eb56925000 r-xp 00003000 00:2d 830487                     /usr/local/python/3.12.1/lib/python3.12/lib-dynload/_multibytecodec.cpython-312-x86_64-linux-gnu.so
79eb56925000-79eb56927000 r--p 00009000 00:2d 830487                     /usr/local/python/3.12.1/lib/python3.12/lib-dynload/_multibytecodec.cpython-312-x86_64-linux-gnu.so
79eb56927000-79eb56928000 r--p 0000a000 00:2d 830487                     /usr/local/python/3.12.1/lib/python3.12/lib-dynload/_multibytecodec.cpython-312-x86_64-linux-gnu.so
79eb56928000-79eb56929000 rw-p 0000b000 00:2d 830487                     /usr/local/python/3.12.1/lib/python3.12/lib-dynload/_multibytecodec.cpython-312-x86_64-linux-gnu.so
79eb56929000-79eb56937000 r--p 00000000 00:2d 795733                     /home/codespace/.local/lib/python3.12/site-packages/charset_normalizer/md__mypyc.cpython-312-x86_64-linux-gnu.so
79eb56937000-79eb56957000 r-xp 0000e000 00:2d 795733                     /home/codespace/.local/lib/python3.12/site-packages/charset_normalizer/md__mypyc.cpython-312-x86_64-linux-gnu.so
79eb56957000-79eb56961000 r--p 0002e000 00:2d 795733                     /home/codespace/.local/lib/python3.12/site-packages/charset_normalizer/md__mypyc.cpython-312-x86_64-linux-gnu.so
79eb56961000-79eb56962000 r--p 00037000 00:2d 795733                     /home/codespace/.local/lib/python3.12/site-packages/charset_normalizer/md__mypyc.cpython-312-x86_64-linux-gnu.so
79eb56962000-79eb56966000 rw-p 00038000 00:2d 795733                     /home/codespace/.local/lib/python3.12/site-packages/charset_normalizer/md__mypyc.cpython-312-x86_64-linux-gnu.so
79eb56966000-79eb56a67000 rw-p 00000000 00:00 0 
79eb56a67000-79eb56a6d000 r--p 00000000 00:2d 830525                     /usr/local/python/3.12.1/lib/python3.12/lib-dynload/pyexpat.cpython-312-x86_64-linux-gnu.so
79eb56a6d000-79eb56a92000 r-xp 00006000 00:2d 830525                     /usr/local/python/3.12.1/lib/python3.12/lib-dynload/pyexpat.cpython-312-x86_64-linux-gnu.so
79eb56a92000-79eb56a9d000 r--p 0002b000 00:2d 830525                     /usr/local/python/3.12.1/lib/python3.12/lib-dynload/pyexpat.cpython-312-x86_64-linux-gnu.so
79eb56a9d000-79eb56aa0000 r--p 00035000 00:2d 830525                     /usr/local/python/3.12.1/lib/python3.12/lib-dynload/pyexpat.cpython-312-x86_64-linux-gnu.so
79eb56aa0000-79eb56aa2000 rw-p 00038000 00:2d 830525                     /usr/local/python/3.12.1/lib/python3.12/lib-dynload/pyexpat.cpython-312-x86_64-linux-gnu.so
79eb56aa2000-79eb56aa6000 r--p 00000000 00:2d 830479                     /usr/local/python/3.12.1/lib/python3.12/lib-dynload/_elementtree.cpython-312-x86_64-linux-gnu.so
79eb56aa6000-79eb56ab2000 r-xp 00004000 00:2d 830479                     /usr/local/python/3.12.1/lib/python3.12/lib-dynload/_elementtree.cpython-312-x86_64-linux-gnu.so
79eb56ab2000-79eb56ab5000 r--p 00010000 00:2d 830479                     /usr/local/python/3.12.1/lib/python3.12/lib-dynload/_elementtree.cpython-312-x86_64-linux-gnu.so
79eb56ab5000-79eb56ab6000 r--p 00012000 00:2d 830479                     /usr/local/python/3.12.1/lib/python3.12/lib-dynload/_elementtree.cpython-312-x86_64-linux-gnu.so
79eb56ab6000-79eb56ab8000 rw-p 00013000 00:2d 830479                     /usr/local/python/3.12.1/lib/python3.12/lib-dynload/_elementtree.cpython-312-x86_64-linux-gnu.so
79eb56ab8000-79eb56eb8000 rw-p 00000000 00:00 0 
79eb56eb8000-79eb56eba000 r--p 00000000 00:2d 394126                     /usr/lib/x86_64-linux-gnu/libffi.so.8.1.4
79eb56eba000-79eb56ec1000 r-xp 00002000 00:2d 394126                     /usr/lib/x86_64-linux-gnu/libffi.so.8.1.4
79eb56ec1000-79eb56ec2000 r--p 00009000 00:2d 394126                     /usr/lib/x86_64-linux-gnu/libffi.so.8.1.4
79eb56ec2000-79eb56ec3000 r--p 0000a000 00:2d 394126                     /usr/lib/x86_64-linux-gnu/libffi.so.8.1.4
79eb56ec3000-79eb56ec4000 rw-p 0000b000 00:2d 394126                     /usr/lib/x86_64-linux-gnu/libffi.so.8.1.4
79eb56ec4000-79eb56eca000 r--p 00000000 00:2d 830473                     /usr/local/python/3.12.1/lib/python3.12/lib-dynload/_ctypes.cpython-312-x86_64-linux-gnu.so
79eb56eca000-79eb56edc000 r-xp 00006000 00:2d 830473                     /usr/local/python/3.12.1/lib/python3.12/lib-dynload/_ctypes.cpython-312-x86_64-linux-gnu.so
79eb56edc000-79eb56ee2000 r--p 00018000 00:2d 830473                     /usr/local/python/3.12.1/lib/python3.12/lib-dynload/_ctypes.cpython-312-x86_64-linux-gnu.so
79eb56ee2000-79eb56ee3000 r--p 0001d000 00:2d 830473                     /usr/local/python/3.12.1/lib/python3.12/lib-dynload/_ctypes.cpython-312-x86_64-linux-gnu.so
79eb56ee3000-79eb56ee7000 rw-p 0001e000 00:2d 830473                     /usr/local/python/3.12.1/lib/python3.12/lib-dynload/_ctypes.cpython-312-x86_64-linux-gnu.so
79eb56ee7000-79eb56fe7000 rw-p 00000000 00:00 0 
79eb56fe7000-79eb57022000 r--p 00000000 00:2d 1065257                    /usr/local/python/3.12.1/lib/python3.12/site-packages/_jpype.cpython-312-x86_64-linux-gnu.so
79eb57022000-79eb57076000 r-xp 0003b000 00:2d 1065257                    /usr/local/python/3.12.1/lib/python3.12/site-packages/_jpype.cpython-312-x86_64-linux-gnu.so
79eb57076000-79eb5709e000 r--p 0008f000 00:2d 1065257                    /usr/local/python/3.12.1/lib/python3.12/site-packages/_jpype.cpython-312-x86_64-linux-gnu.so
79eb5709e000-79eb5709f000 ---p 000b7000 00:2d 1065257                    /usr/local/python/3.12.1/lib/python3.12/site-packages/_jpype.cpython-312-x86_64-linux-gnu.so
79eb5709f000-79eb570a3000 r--p 000b7000 00:2d 1065257                    /usr/local/python/3.12.1/lib/python3.12/site-packages/_jpype.cpython-312-x86_64-linux-gnu.so
79eb570a3000-79eb570a7000 rw-p 000bb000 00:2d 1065257                    /usr/local/python/3.12.1/lib/python3.12/site-packages/_jpype.cpython-312-x86_64-linux-gnu.so
79eb570a7000-79eb571a7000 rw-p 00000000 00:00 0 
79eb571a7000-79eb571ac000 r--p 00000000 00:2d 1062218                    /usr/local/python/3.12.1/lib/python3.12/site-packages/frozenlist/_frozenlist.cpython-312-x86_64-linux-gnu.so
79eb571ac000-79eb571b9000 r-xp 00005000 00:2d 1062218                    /usr/local/python/3.12.1/lib/python3.12/site-packages/frozenlist/_frozenlist.cpython-312-x86_64-linux-gnu.so
79eb571b9000-79eb571bd000 r--p 00012000 00:2d 1062218                    /usr/local/python/3.12.1/lib/python3.12/site-packages/frozenlist/_frozenlist.cpython-312-x86_64-linux-gnu.so
79eb571bd000-79eb571be000 r--p 00015000 00:2d 1062218                    /usr/local/python/3.12.1/lib/python3.12/site-packages/frozenlist/_frozenlist.cpython-312-x86_64-linux-gnu.so
79eb571be000-79eb571c0000 rw-p 00016000 00:2d 1062218                    /usr/local/python/3.12.1/lib/python3.12/site-packages/frozenlist/_frozenlist.cpython-312-x86_64-linux-gnu.so
79eb571c0000-79eb572c0000 rw-p 00000000 00:00 0 
79eb572c0000-79eb572c6000 r--p 00000000 00:2d 1062364                    /usr/local/python/3.12.1/lib/python3.12/site-packages/aiohttp/_websocket/reader_c.cpython-312-x86_64-linux-gnu.so
79eb572c6000-79eb572e9000 r-xp 00006000 00:2d 1062364                    /usr/local/python/3.12.1/lib/python3.12/site-packages/aiohttp/_websocket/reader_c.cpython-312-x86_64-linux-gnu.so
79eb572e9000-79eb572f0000 r--p 00029000 00:2d 1062364                    /usr/local/python/3.12.1/lib/python3.12/site-packages/aiohttp/_websocket/reader_c.cpython-312-x86_64-linux-gnu.so
79eb572f0000-79eb572f2000 r--p 0002f000 00:2d 1062364                    /usr/local/python/3.12.1/lib/python3.12/site-packages/aiohttp/_websocket/reader_c.cpython-312-x86_64-linux-gnu.so
79eb572f2000-79eb572f4000 rw-p 00031000 00:2d 1062364                    /usr/local/python/3.12.1/lib/python3.12/site-packages/aiohttp/_websocket/reader_c.cpython-312-x86_64-linux-gnu.so
79eb572f4000-79eb572f5000 rw-p 00000000 00:00 0 
79eb572f5000-79eb572f8000 r--p 00000000 00:2d 1062359                    /usr/local/python/3.12.1/lib/python3.12/site-packages/aiohttp/_websocket/mask.cpython-312-x86_64-linux-gnu.so
79eb572f8000-79eb572fd000 r-xp 00003000 00:2d 1062359                    /usr/local/python/3.12.1/lib/python3.12/site-packages/aiohttp/_websocket/mask.cpython-312-x86_64-linux-gnu.so
79eb572fd000-79eb572ff000 r--p 00008000 00:2d 1062359                    /usr/local/python/3.12.1/lib/python3.12/site-packages/aiohttp/_websocket/mask.cpython-312-x86_64-linux-gnu.so
79eb572ff000-79eb57300000 r--p 00009000 00:2d 1062359                    /usr/local/python/3.12.1/lib/python3.12/site-packages/aiohttp/_websocket/mask.cpython-312-x86_64-linux-gnu.so
79eb57300000-79eb57301000 rw-p 0000a000 00:2d 1062359                    /usr/local/python/3.12.1/lib/python3.12/site-packages/aiohttp/_websocket/mask.cpython-312-x86_64-linux-gnu.so
79eb57301000-79eb5730b000 r--p 00000000 00:2d 1062299                    /usr/local/python/3.12.1/lib/python3.12/site-packages/aiohttp/_http_parser.cpython-312-x86_64-linux-gnu.so
79eb5730b000-79eb57361000 r-xp 0000a000 00:2d 1062299                    /usr/local/python/3.12.1/lib/python3.12/site-packages/aiohttp/_http_parser.cpython-312-x86_64-linux-gnu.so
79eb57361000-79eb5736d000 r--p 00060000 00:2d 1062299                    /usr/local/python/3.12.1/lib/python3.12/site-packages/aiohttp/_http_parser.cpython-312-x86_64-linux-gnu.so
79eb5736d000-79eb5736f000 r--p 0006c000 00:2d 1062299                    /usr/local/python/3.12.1/lib/python3.12/site-packages/aiohttp/_http_parser.cpython-312-x86_64-linux-gnu.so
79eb5736f000-79eb57372000 rw-p 0006e000 00:2d 1062299                    /usr/local/python/3.12.1/lib/python3.12/site-packages/aiohttp/_http_parser.cpython-312-x86_64-linux-gnu.so
79eb57372000-79eb57374000 rw-p 00000000 00:00 0 
79eb57374000-79eb57377000 r--p 00000000 00:2d 1062301                    /usr/local/python/3.12.1/lib/python3.12/site-packages/aiohttp/_http_writer.cpython-312-x86_64-linux-gnu.so
79eb57377000-79eb5737f000 r-xp 00003000 00:2d 1062301                    /usr/local/python/3.12.1/lib/python3.12/site-packages/aiohttp/_http_writer.cpython-312-x86_64-linux-gnu.so
79eb5737f000-79eb57381000 r--p 0000b000 00:2d 1062301                    /usr/local/python/3.12.1/lib/python3.12/site-packages/aiohttp/_http_writer.cpython-312-x86_64-linux-gnu.so
79eb57381000-79eb57382000 r--p 0000c000 00:2d 1062301                    /usr/local/python/3.12.1/lib/python3.12/site-packages/aiohttp/_http_writer.cpython-312-x86_64-linux-gnu.so
79eb57382000-79eb57383000 rw-p 0000d000 00:2d 1062301                    /usr/local/python/3.12.1/lib/python3.12/site-packages/aiohttp/_http_writer.cpython-312-x86_64-linux-gnu.so
79eb57383000-79eb57483000 rw-p 00000000 00:00 0 
79eb57483000-79eb57487000 r--p 00000000 00:2d 1062176                    /usr/local/python/3.12.1/lib/python3.12/site-packages/propcache/_helpers_c.cpython-312-x86_64-linux-gnu.so
79eb57487000-79eb57493000 r-xp 00004000 00:2d 1062176                    /usr/local/python/3.12.1/lib/python3.12/site-packages/propcache/_helpers_c.cpython-312-x86_64-linux-gnu.so
79eb57493000-79eb57497000 r--p 00010000 00:2d 1062176                    /usr/local/python/3.12.1/lib/python3.12/site-packages/propcache/_helpers_c.cpython-312-x86_64-linux-gnu.so
79eb57497000-79eb57498000 r--p 00013000 00:2d 1062176                    /usr/local/python/3.12.1/lib/python3.12/site-packages/propcache/_helpers_c.cpython-312-x86_64-linux-gnu.so
79eb57498000-79eb57499000 rw-p 00014000 00:2d 1062176                    /usr/local/python/3.12.1/lib/python3.12/site-packages/propcache/_helpers_c.cpython-312-x86_64-linux-gnu.so
79eb57499000-79eb5749a000 rw-p 00000000 00:00 0 
79eb5749a000-79eb5749d000 r--p 00000000 00:2d 830532                     /usr/local/python/3.12.1/lib/python3.12/lib-dynload/unicodedata.cpython-312-x86_64-linux-gnu.so
79eb5749d000-79eb574a2000 r-xp 00003000 00:2d 830532                     /usr/local/python/3.12.1/lib/python3.12/lib-dynload/unicodedata.cpython-312-x86_64-linux-gnu.so
79eb574a2000-79eb575ae000 r--p 00008000 00:2d 830532                     /usr/local/python/3.12.1/lib/python3.12/lib-dynload/unicodedata.cpython-312-x86_64-linux-gnu.so
79eb575ae000-79eb575af000 r--p 00113000 00:2d 830532                     /usr/local/python/3.12.1/lib/python3.12/lib-dynload/unicodedata.cpython-312-x86_64-linux-gnu.so
79eb575af000-79eb575b0000 rw-p 00114000 00:2d 830532                     /usr/local/python/3.12.1/lib/python3.12/lib-dynload/unicodedata.cpython-312-x86_64-linux-gnu.so
79eb575b0000-79eb577b0000 rw-p 00000000 00:00 0 
79eb577b0000-79eb577d0000 r--p 00000000 00:2d 412047                     /usr/lib/x86_64-linux-gnu/libsqlite3.so.0.8.6
79eb577d0000-79eb578db000 r-xp 00020000 00:2d 412047                     /usr/lib/x86_64-linux-gnu/libsqlite3.so.0.8.6
79eb578db000-79eb5790f000 r--p 0012b000 00:2d 412047                     /usr/lib/x86_64-linux-gnu/libsqlite3.so.0.8.6
79eb5790f000-79eb57913000 r--p 0015e000 00:2d 412047                     /usr/lib/x86_64-linux-gnu/libsqlite3.so.0.8.6
79eb57913000-79eb57917000 rw-p 00162000 00:2d 412047                     /usr/lib/x86_64-linux-gnu/libsqlite3.so.0.8.6
79eb57917000-79eb58118000 rw-p 00000000 00:00 0 
79eb58118000-79eb5811f000 r-xp 00000000 00:2d 681575                     /usr/local/sdkman/candidates/java/25.0.1-ms/lib/libzip.so
79eb5811f000-79eb58120000 ---p 00007000 00:2d 681575                     /usr/local/sdkman/candidates/java/25.0.1-ms/lib/libzip.so
79eb58120000-79eb58121000 r--p 00007000 00:2d 681575                     /usr/local/sdkman/candidates/java/25.0.1-ms/lib/libzip.so
79eb58121000-79eb58122000 rw-p 00008000 00:2d 681575                     /usr/local/sdkman/candidates/java/25.0.1-ms/lib/libzip.so
79eb58122000-79eb58136000 r-xp 00000000 00:2d 681566                     /usr/local/sdkman/candidates/java/25.0.1-ms/lib/libnio.so
79eb58136000-79eb58137000 r--p 00013000 00:2d 681566                     /usr/local/sdkman/candidates/java/25.0.1-ms/lib/libnio.so
79eb58137000-79eb58138000 rw-p 00014000 00:2d 681566                     /usr/local/sdkman/candidates/java/25.0.1-ms/lib/libnio.so
79eb58138000-79eb5813d000 rw-p 00000000 00:00 0 
79eb5813d000-79eb58144000 ---p 00000000 00:00 0 
79eb58144000-79eb58164000 r-xp 00000000 00:2d 681551                     /usr/local/sdkman/candidates/java/25.0.1-ms/lib/libjava.so
79eb58164000-79eb58165000 r--p 0001f000 00:2d 681551                     /usr/local/sdkman/candidates/java/25.0.1-ms/lib/libjava.so
79eb58165000-79eb58166000 rw-p 00020000 00:2d 681551                     /usr/local/sdkman/candidates/java/25.0.1-ms/lib/libjava.so
79eb58166000-79eb58167000 rw-p 00000000 00:00 0 
79eb58167000-79eb5816f000 rw-s 00000000 08:11 917569                     /tmp/hsperfdata_codespace/22387
79eb5816f000-79eb5818a000 r-xp 00000000 00:2d 681555                     /usr/local/sdkman/candidates/java/25.0.1-ms/lib/libjimage.so
79eb5818a000-79eb5818b000 ---p 0001b000 00:2d 681555                     /usr/local/sdkman/candidates/java/25.0.1-ms/lib/libjimage.so
79eb5818b000-79eb5818d000 r--p 0001b000 00:2d 681555                     /usr/local/sdkman/candidates/java/25.0.1-ms/lib/libjimage.so
79eb5818d000-79eb5818e000 rw-p 0001d000 00:2d 681555                     /usr/local/sdkman/candidates/java/25.0.1-ms/lib/libjimage.so
79eb5818e000-79eb5818f000 r--p 00000000 00:2d 394211                     /usr/lib/x86_64-linux-gnu/libutil.so.1
79eb5818f000-79eb58190000 r-xp 00001000 00:2d 394211                     /usr/lib/x86_64-linux-gnu/libutil.so.1
79eb58190000-79eb58191000 r--p 00002000 00:2d 394211                     /usr/lib/x86_64-linux-gnu/libutil.so.1
79eb58191000-79eb58192000 r--p 00002000 00:2d 394211                     /usr/lib/x86_64-linux-gnu/libutil.so.1
79eb58192000-79eb58193000 rw-p 00003000 00:2d 394211                     /usr/lib/x86_64-linux-gnu/libutil.so.1
79eb58193000-79eb58194000 r--p 00000000 00:00 0 
79eb58194000-79eb58195000 r--p 00000000 00:2d 393777                     /usr/lib/locale/C.utf8/LC_NUMERIC
79eb58195000-79eb58196000 r--p 00000000 00:2d 393780                     /usr/lib/locale/C.utf8/LC_TIME
79eb58196000-79eb58197000 r--p 00000000 00:2d 393769                     /usr/lib/locale/C.utf8/LC_COLLATE
79eb58197000-79eb58198000 r--p 00000000 00:2d 393775                     /usr/lib/locale/C.utf8/LC_MONETARY
79eb58198000-79eb58199000 r--p 00000000 00:2d 393774                     /usr/lib/locale/C.utf8/LC_MESSAGES/SYS_LC_MESSAGES
79eb58199000-79eb5819a000 r--p 00000000 00:2d 393778                     /usr/lib/locale/C.utf8/LC_PAPER
79eb5819a000-79eb581a5000 r--p 00000000 00:2d 1078542                    /usr/local/python/3.12.1/lib/python3.12/site-packages/pymupdf/_extra.so
79eb581a5000-79eb581be000 r-xp 0000b000 00:2d 1078542                    /usr/local/python/3.12.1/lib/python3.12/site-packages/pymupdf/_extra.so
79eb581be000-79eb581c9000 r--p 00024000 00:2d 1078542                    /usr/local/python/3.12.1/lib/python3.12/site-packages/pymupdf/_extra.so
79eb581c9000-79eb581ca000 r--p 0002e000 00:2d 1078542                    /usr/local/python/3.12.1/lib/python3.12/site-packages/pymupdf/_extra.so
79eb581ca000-79eb581cd000 rw-p 0002f000 00:2d 1078542                    /usr/local/python/3.12.1/lib/python3.12/site-packages/pymupdf/_extra.so
79eb581cd000-79eb581d3000 r--p 00000000 00:2d 1065076                    /usr/local/python/3.12.1/lib/python3.12/site-packages/lxml/_elementpath.cpython-312-x86_64-linux-gnu.so
79eb581d3000-79eb581f7000 r-xp 00006000 00:2d 1065076                    /usr/local/python/3.12.1/lib/python3.12/site-packages/lxml/_elementpath.cpython-312-x86_64-linux-gnu.so
79eb581f7000-79eb581fe000 r--p 0002a000 00:2d 1065076                    /usr/local/python/3.12.1/lib/python3.12/site-packages/lxml/_elementpath.cpython-312-x86_64-linux-gnu.so
79eb581fe000-79eb581ff000 r--p 00031000 00:2d 1065076                    /usr/local/python/3.12.1/lib/python3.12/site-packages/lxml/_elementpath.cpython-312-x86_64-linux-gnu.so
79eb581ff000-79eb58202000 rw-p 00032000 00:2d 1065076                    /usr/local/python/3.12.1/lib/python3.12/site-packages/lxml/_elementpath.cpython-312-x86_64-linux-gnu.so
79eb58202000-79eb58303000 rw-p 00000000 00:00 0 
79eb58303000-79eb583a0000 r--p 00000000 00:2d 394197                     /usr/lib/x86_64-linux-gnu/libstdc++.so.6.0.33
79eb583a0000-79eb584e8000 r-xp 0009d000 00:2d 394197                     /usr/lib/x86_64-linux-gnu/libstdc++.so.6.0.33
79eb584e8000-79eb5856f000 r--p 001e5000 00:2d 394197                     /usr/lib/x86_64-linux-gnu/libstdc++.so.6.0.33
79eb5856f000-79eb5857a000 r--p 0026b000 00:2d 394197                     /usr/lib/x86_64-linux-gnu/libstdc++.so.6.0.33
79eb5857a000-79eb5857d000 rw-p 00276000 00:2d 394197                     /usr/lib/x86_64-linux-gnu/libstdc++.so.6.0.33
79eb5857d000-79eb58581000 rw-p 00000000 00:00 0 
79eb58581000-79eb5858a000 r--p 00000000 00:2d 1062870                    /usr/local/python/3.12.1/lib/python3.12/site-packages/greenlet/_greenlet.cpython-312-x86_64-linux-gnu.so
79eb5858a000-79eb5859a000 r-xp 00009000 00:2d 1062870                    /usr/local/python/3.12.1/lib/python3.12/site-packages/greenlet/_greenlet.cpython-312-x86_64-linux-gnu.so
79eb5859a000-79eb585a0000 r--p 00019000 00:2d 1062870                    /usr/local/python/3.12.1/lib/python3.12/site-packages/greenlet/_greenlet.cpython-312-x86_64-linux-gnu.so
79eb585a0000-79eb585a1000 r--p 0001f000 00:2d 1062870                    /usr/local/python/3.12.1/lib/python3.12/site-packages/greenlet/_greenlet.cpython-312-x86_64-linux-gnu.so
79eb585a1000-79eb585a2000 rw-p 00020000 00:2d 1062870                    /usr/local/python/3.12.1/lib/python3.12/site-packages/greenlet/_greenlet.cpython-312-x86_64-linux-gnu.so
79eb585a2000-79eb585a6000 r--p 00000000 00:2d 1065900                    /usr/local/python/3.12.1/lib/python3.12/site-packages/sqlalchemy/cyextension/util.cpython-312-x86_64-linux-gnu.so
79eb585a6000-79eb585b6000 r-xp 00004000 00:2d 1065900                    /usr/local/python/3.12.1/lib/python3.12/site-packages/sqlalchemy/cyextension/util.cpython-312-x86_64-linux-gnu.so
79eb585b6000-79eb585b9000 r--p 00014000 00:2d 1065900                    /usr/local/python/3.12.1/lib/python3.12/site-packages/sqlalchemy/cyextension/util.cpython-312-x86_64-linux-gnu.so
79eb585b9000-79eb585ba000 r--p 00017000 00:2d 1065900                    /usr/local/python/3.12.1/lib/python3.12/site-packages/sqlalchemy/cyextension/util.cpython-312-x86_64-linux-gnu.so
79eb585ba000-79eb585bb000 rw-p 00018000 00:2d 1065900                    /usr/local/python/3.12.1/lib/python3.12/site-packages/sqlalchemy/cyextension/util.cpython-312-x86_64-linux-gnu.so
79eb585bb000-79eb585bc000 rw-p 00000000 00:00 0 
79eb585bc000-79eb585c0000 r--p 00000000 00:2d 1065898                    /usr/local/python/3.12.1/lib/python3.12/site-packages/sqlalchemy/cyextension/resultproxy.cpython-312-x86_64-linux-gnu.so
79eb585c0000-79eb585cb000 r-xp 00004000 00:2d 1065898                    /usr/local/python/3.12.1/lib/python3.12/site-packages/sqlalchemy/cyextension/resultproxy.cpython-312-x86_64-linux-gnu.so
79eb585cb000-79eb585ce000 r--p 0000f000 00:2d 1065898                    /usr/local/python/3.12.1/lib/python3.12/site-packages/sqlalchemy/cyextension/resultproxy.cpython-312-x86_64-linux-gnu.so
79eb585ce000-79eb585cf000 r--p 00011000 00:2d 1065898                    /usr/local/python/3.12.1/lib/python3.12/site-packages/sqlalchemy/cyextension/resultproxy.cpython-312-x86_64-linux-gnu.so
79eb585cf000-79eb585d0000 rw-p 00012000 00:2d 1065898                    /usr/local/python/3.12.1/lib/python3.12/site-packages/sqlalchemy/cyextension/resultproxy.cpython-312-x86_64-linux-gnu.so
79eb585d0000-79eb585d1000 rw-p 00000000 00:00 0 
79eb585d1000-79eb585d5000 r--p 00000000 00:2d 1065896                    /usr/local/python/3.12.1/lib/python3.12/site-packages/sqlalchemy/cyextension/processors.cpython-312-x86_64-linux-gnu.so
79eb585d5000-79eb585e0000 r-xp 00004000 00:2d 1065896                    /usr/local/python/3.12.1/lib/python3.12/site-packages/sqlalchemy/cyextension/processors.cpython-312-x86_64-linux-gnu.so
79eb585e0000-79eb585e3000 r--p 0000f000 00:2d 1065896                    /usr/local/python/3.12.1/lib/python3.12/site-packages/sqlalchemy/cyextension/processors.cpython-312-x86_64-linux-gnu.so
79eb585e3000-79eb585e4000 r--p 00011000 00:2d 1065896                    /usr/local/python/3.12.1/lib/python3.12/site-packages/sqlalchemy/cyextension/processors.cpython-312-x86_64-linux-gnu.so
79eb585e4000-79eb585e5000 rw-p 00012000 00:2d 1065896                    /usr/local/python/3.12.1/lib/python3.12/site-packages/sqlalchemy/cyextension/processors.cpython-312-x86_64-linux-gnu.so
79eb585e5000-79eb585e6000 rw-p 00000000 00:00 0 
79eb585e6000-79eb585ea000 r--p 00000000 00:2d 1065893                    /usr/local/python/3.12.1/lib/python3.12/site-packages/sqlalchemy/cyextension/immutabledict.cpython-312-x86_64-linux-gnu.so
79eb585ea000-79eb585f9000 r-xp 00004000 00:2d 1065893                    /usr/local/python/3.12.1/lib/python3.12/site-packages/sqlalchemy/cyextension/immutabledict.cpython-312-x86_64-linux-gnu.so
79eb585f9000-79eb585fc000 r--p 00013000 00:2d 1065893                    /usr/local/python/3.12.1/lib/python3.12/site-packages/sqlalchemy/cyextension/immutabledict.cpython-312-x86_64-linux-gnu.so
79eb585fc000-79eb585fd000 r--p 00015000 00:2d 1065893                    /usr/local/python/3.12.1/lib/python3.12/site-packages/sqlalchemy/cyextension/immutabledict.cpython-312-x86_64-linux-gnu.so
79eb585fd000-79eb585ff000 rw-p 00016000 00:2d 1065893                    /usr/local/python/3.12.1/lib/python3.12/site-packages/sqlalchemy/cyextension/immutabledict.cpython-312-x86_64-linux-gnu.so
79eb585ff000-79eb58605000 r--p 00000000 00:2d 1065891                    /usr/local/python/3.12.1/lib/python3.12/site-packages/sqlalchemy/cyextension/collections.cpython-312-x86_64-linux-gnu.so
79eb58605000-79eb5862b000 r-xp 00006000 00:2d 1065891                    /usr/local/python/3.12.1/lib/python3.12/site-packages/sqlalchemy/cyextension/collections.cpython-312-x86_64-linux-gnu.so
79eb5862b000-79eb58633000 r--p 0002c000 00:2d 1065891                    /usr/local/python/3.12.1/lib/python3.12/site-packages/sqlalchemy/cyextension/collections.cpython-312-x86_64-linux-gnu.so
79eb58633000-79eb58634000 r--p 00033000 00:2d 1065891                    /usr/local/python/3.12.1/lib/python3.12/site-packages/sqlalchemy/cyextension/collections.cpython-312-x86_64-linux-gnu.so
79eb58634000-79eb58637000 rw-p 00034000 00:2d 1065891                    /usr/local/python/3.12.1/lib/python3.12/site-packages/sqlalchemy/cyextension/collections.cpython-312-x86_64-linux-gnu.so
79eb58637000-79eb58837000 rw-p 00000000 00:00 0 
79eb58837000-79eb58839000 r--p 00000000 00:2d 830462                     /usr/local/python/3.12.1/lib/python3.12/lib-dynload/_blake2.cpython-312-x86_64-linux-gnu.so
79eb58839000-79eb58840000 r-xp 00002000 00:2d 830462                     /usr/local/python/3.12.1/lib/python3.12/lib-dynload/_blake2.cpython-312-x86_64-linux-gnu.so
79eb58840000-79eb58842000 r--p 00009000 00:2d 830462                     /usr/local/python/3.12.1/lib/python3.12/lib-dynload/_blake2.cpython-312-x86_64-linux-gnu.so
79eb58842000-79eb58843000 r--p 0000a000 00:2d 830462                     /usr/local/python/3.12.1/lib/python3.12/lib-dynload/_blake2.cpython-312-x86_64-linux-gnu.so
79eb58843000-79eb58844000 rw-p 0000b000 00:2d 830462                     /usr/local/python/3.12.1/lib/python3.12/lib-dynload/_blake2.cpython-312-x86_64-linux-gnu.so
79eb58844000-79eb58848000 r--p 00000000 00:2d 830481                     /usr/local/python/3.12.1/lib/python3.12/lib-dynload/_hashlib.cpython-312-x86_64-linux-gnu.so
79eb58848000-79eb5884e000 r-xp 00004000 00:2d 830481                     /usr/local/python/3.12.1/lib/python3.12/lib-dynload/_hashlib.cpython-312-x86_64-linux-gnu.so
79eb5884e000-79eb58852000 r--p 0000a000 00:2d 830481                     /usr/local/python/3.12.1/lib/python3.12/lib-dynload/_hashlib.cpython-312-x86_64-linux-gnu.so
79eb58852000-79eb58853000 r--p 0000d000 00:2d 830481                     /usr/local/python/3.12.1/lib/python3.12/lib-dynload/_hashlib.cpython-312-x86_64-linux-gnu.so
79eb58853000-79eb58855000 rw-p 0000e000 00:2d 830481                     /usr/local/python/3.12.1/lib/python3.12/lib-dynload/_hashlib.cpython-312-x86_64-linux-gnu.so
79eb58855000-79eb58a55000 rw-p 00000000 00:00 0 
79eb58a55000-79eb58a57000 r--p 00000000 00:2d 830472                     /usr/local/python/3.12.1/lib/python3.12/lib-dynload/_csv.cpython-312-x86_64-linux-gnu.so
79eb58a57000-79eb58a5b000 r-xp 00002000 00:2d 830472                     /usr/local/python/3.12.1/lib/python3.12/lib-dynload/_csv.cpython-312-x86_64-linux-gnu.so
79eb58a5b000-79eb58a5e000 r--p 00006000 00:2d 830472                     /usr/local/python/3.12.1/lib/python3.12/lib-dynload/_csv.cpython-312-x86_64-linux-gnu.so
79eb58a5e000-79eb58a5f000 r--p 00008000 00:2d 830472                     /usr/local/python/3.12.1/lib/python3.12/lib-dynload/_csv.cpython-312-x86_64-linux-gnu.so
79eb58a5f000-79eb58a60000 rw-p 00009000 00:2d 830472                     /usr/local/python/3.12.1/lib/python3.12/lib-dynload/_csv.cpython-312-x86_64-linux-gnu.so
79eb58a60000-79eb58b60000 rw-p 00000000 00:00 0 
79eb58b60000-79eb58b62000 r--p 00000000 00:2d 830515                     /usr/local/python/3.12.1/lib/python3.12/lib-dynload/_zoneinfo.cpython-312-x86_64-linux-gnu.so
79eb58b62000-79eb58b67000 r-xp 00002000 00:2d 830515                     /usr/local/python/3.12.1/lib/python3.12/lib-dynload/_zoneinfo.cpython-312-x86_64-linux-gnu.so
79eb58b67000-79eb58b69000 r--p 00007000 00:2d 830515                     /usr/local/python/3.12.1/lib/python3.12/lib-dynload/_zoneinfo.cpython-312-x86_64-linux-gnu.so
79eb58b69000-79eb58b6a000 r--p 00008000 00:2d 830515                     /usr/local/python/3.12.1/lib/python3.12/lib-dynload/_zoneinfo.cpython-312-x86_64-linux-gnu.so
79eb58b6a000-79eb58b6b000 rw-p 00009000 00:2d 830515                     /usr/local/python/3.12.1/lib/python3.12/lib-dynload/_zoneinfo.cpython-312-x86_64-linux-gnu.so
79eb58b6b000-79eb58b6d000 r--p 00000000 00:2d 394213                     /usr/lib/x86_64-linux-gnu/libuuid.so.1.3.0
79eb58b6d000-79eb58b72000 r-xp 00002000 00:2d 394213                     /usr/lib/x86_64-linux-gnu/libuuid.so.1.3.0
79eb58b72000-79eb58b73000 r--p 00007000 00:2d 394213                     /usr/lib/x86_64-linux-gnu/libuuid.so.1.3.0
79eb58b73000-79eb58b74000 r--p 00007000 00:2d 394213                     /usr/lib/x86_64-linux-gnu/libuuid.so.1.3.0
79eb58b74000-79eb58b75000 rw-p 00008000 00:2d 394213                     /usr/lib/x86_64-linux-gnu/libuuid.so.1.3.0
79eb58b75000-79eb58b76000 r--p 00000000 00:2d 393776                     /usr/lib/locale/C.utf8/LC_NAME
79eb58b76000-79eb58b77000 r--p 00000000 00:2d 393768                     /usr/lib/locale/C.utf8/LC_ADDRESS
79eb58b77000-79eb58b78000 r--p 00000000 00:2d 795731                     /home/codespace/.local/lib/python3.12/site-packages/charset_normalizer/md.cpython-312-x86_64-linux-gnu.so
79eb58b78000-79eb58b79000 r-xp 00001000 00:2d 795731                     /home/codespace/.local/lib/python3.12/site-packages/charset_normalizer/md.cpython-312-x86_64-linux-gnu.so
79eb58b79000-79eb58b7a000 r--p 00002000 00:2d 795731                     /home/codespace/.local/lib/python3.12/site-packages/charset_normalizer/md.cpython-312-x86_64-linux-gnu.so
79eb58b7a000-79eb58b7b000 r--p 00002000 00:2d 795731                     /home/codespace/.local/lib/python3.12/site-packages/charset_normalizer/md.cpython-312-x86_64-linux-gnu.so
79eb58b7b000-79eb58b7c000 rw-p 00003000 00:2d 795731                     /home/codespace/.local/lib/python3.12/site-packages/charset_normalizer/md.cpython-312-x86_64-linux-gnu.so
79eb58b7c000-79eb58d7c000 rw-p 00000000 00:00 0 
79eb58d7c000-79eb58d83000 r--p 00000000 00:2d 830478                     /usr/local/python/3.12.1/lib/python3.12/lib-dynload/_decimal.cpython-312-x86_64-linux-gnu.so
79eb58d83000-79eb58dcb000 r-xp 00007000 00:2d 830478                     /usr/local/python/3.12.1/lib/python3.12/lib-dynload/_decimal.cpython-312-x86_64-linux-gnu.so
79eb58dcb000-79eb58ddb000 r--p 0004f000 00:2d 830478                     /usr/local/python/3.12.1/lib/python3.12/lib-dynload/_decimal.cpython-312-x86_64-linux-gnu.so
79eb58ddb000-79eb58ddc000 r--p 0005f000 00:2d 830478                     /usr/local/python/3.12.1/lib/python3.12/lib-dynload/_decimal.cpython-312-x86_64-linux-gnu.so
79eb58ddc000-79eb58ddf000 rw-p 00060000 00:2d 830478                     /usr/local/python/3.12.1/lib/python3.12/lib-dynload/_decimal.cpython-312-x86_64-linux-gnu.so
79eb58ddf000-79eb58de0000 r--p 00000000 00:2d 394118                     /usr/lib/x86_64-linux-gnu/libdl.so.2
79eb58de0000-79eb58de1000 r-xp 00001000 00:2d 394118                     /usr/lib/x86_64-linux-gnu/libdl.so.2
79eb58de1000-79eb58de2000 r--p 00002000 00:2d 394118                     /usr/lib/x86_64-linux-gnu/libdl.so.2
79eb58de2000-79eb58de3000 r--p 00002000 00:2d 394118                     /usr/lib/x86_64-linux-gnu/libdl.so.2
79eb58de3000-79eb58de4000 rw-p 00003000 00:2d 394118                     /usr/lib/x86_64-linux-gnu/libdl.so.2
79eb58de4000-79eb58de5000 r--p 00000000 00:2d 394183                     /usr/lib/x86_64-linux-gnu/libpthread.so.0
79eb58de5000-79eb58de6000 r-xp 00001000 00:2d 394183                     /usr/lib/x86_64-linux-gnu/libpthread.so.0
79eb58de6000-79eb58de7000 r--p 00002000 00:2d 394183                     /usr/lib/x86_64-linux-gnu/libpthread.so.0
79eb58de7000-79eb58de8000 r--p 00002000 00:2d 394183                     /usr/lib/x86_64-linux-gnu/libpthread.so.0
79eb58de8000-79eb58de9000 rw-p 00003000 00:2d 394183                     /usr/lib/x86_64-linux-gnu/libpthread.so.0
79eb58de9000-79eb58ded000 r--p 00000000 00:2d 394129                     /usr/lib/x86_64-linux-gnu/libgcc_s.so.1
79eb58ded000-79eb58e11000 r-xp 00004000 00:2d 394129                     /usr/lib/x86_64-linux-gnu/libgcc_s.so.1
79eb58e11000-79eb58e15000 r--p 00028000 00:2d 394129                     /usr/lib/x86_64-linux-gnu/libgcc_s.so.1
79eb58e15000-79eb58e16000 r--p 0002b000 00:2d 394129                     /usr/lib/x86_64-linux-gnu/libgcc_s.so.1
79eb58e16000-79eb58e17000 rw-p 0002c000 00:2d 394129                     /usr/lib/x86_64-linux-gnu/libgcc_s.so.1
79eb58e17000-79eb58f4e000 r--p 00000000 00:2d 1063037                    /usr/local/python/3.12.1/lib/python3.12/site-packages/pydantic_core/_pydantic_core.cpython-312-x86_64-linux-gnu.so
79eb58f4e000-79eb59288000 r-xp 00136000 00:2d 1063037                    /usr/local/python/3.12.1/lib/python3.12/site-packages/pydantic_core/_pydantic_core.cpython-312-x86_64-linux-gnu.so
79eb59288000-79eb592bc000 r--p 0046f000 00:2d 1063037                    /usr/local/python/3.12.1/lib/python3.12/site-packages/pydantic_core/_pydantic_core.cpython-312-x86_64-linux-gnu.so
79eb592bc000-79eb592c2000 rw-p 004a2000 00:2d 1063037                    /usr/local/python/3.12.1/lib/python3.12/site-packages/pydantic_core/_pydantic_core.cpython-312-x86_64-linux-gnu.so
79eb592c2000-79eb594c2000 rw-p 00000000 00:00 0 
79eb594c2000-79eb594c5000 r--p 00000000 00:2d 394145                     /usr/lib/x86_64-linux-gnu/liblzma.so.5.4.5
79eb594c5000-79eb594e7000 r-xp 00003000 00:2d 394145                     /usr/lib/x86_64-linux-gnu/liblzma.so.5.4.5
79eb594e7000-79eb594f2000 r--p 00025000 00:2d 394145                     /usr/lib/x86_64-linux-gnu/liblzma.so.5.4.5
79eb594f2000-79eb594f3000 r--p 00030000 00:2d 394145                     /usr/lib/x86_64-linux-gnu/liblzma.so.5.4.5
79eb594f3000-79eb594f4000 rw-p 00031000 00:2d 394145                     /usr/lib/x86_64-linux-gnu/liblzma.so.5.4.5
79eb594f4000-79eb594f7000 r--p 00000000 00:2d 830485                     /usr/local/python/3.12.1/lib/python3.12/lib-dynload/_lzma.cpython-312-x86_64-linux-gnu.so
79eb594f7000-79eb594fb000 r-xp 00003000 00:2d 830485                     /usr/local/python/3.12.1/lib/python3.12/lib-dynload/_lzma.cpython-312-x86_64-linux-gnu.so
79eb594fb000-79eb594fe000 r--p 00007000 00:2d 830485                     /usr/local/python/3.12.1/lib/python3.12/lib-dynload/_lzma.cpython-312-x86_64-linux-gnu.so
79eb594fe000-79eb594ff000 r--p 00009000 00:2d 830485                     /usr/local/python/3.12.1/lib/python3.12/lib-dynload/_lzma.cpython-312-x86_64-linux-gnu.so
79eb594ff000-79eb59500000 rw-p 0000a000 00:2d 830485                     /usr/local/python/3.12.1/lib/python3.12/lib-dynload/_lzma.cpython-312-x86_64-linux-gnu.so
79eb59500000-79eb59502000 r--p 00000000 00:2d 394103                     /usr/lib/x86_64-linux-gnu/libbz2.so.1.0.4
79eb59502000-79eb59510000 r-xp 00002000 00:2d 394103                     /usr/lib/x86_64-linux-gnu/libbz2.so.1.0.4
79eb59510000-79eb59512000 r--p 00010000 00:2d 394103                     /usr/lib/x86_64-linux-gnu/libbz2.so.1.0.4
79eb59512000-79eb59513000 r--p 00011000 00:2d 394103                     /usr/lib/x86_64-linux-gnu/libbz2.so.1.0.4
79eb59513000-79eb59514000 rw-p 00012000 00:2d 394103                     /usr/lib/x86_64-linux-gnu/libbz2.so.1.0.4
79eb59514000-79eb59515000 r--p 00000000 00:2d 393779                     /usr/lib/locale/C.utf8/LC_TELEPHONE
79eb59515000-79eb59516000 r--p 00000000 00:2d 393772                     /usr/lib/locale/C.utf8/LC_MEASUREMENT
79eb59516000-79eb59517000 r--p 00000000 00:2d 830511                     /usr/local/python/3.12.1/lib/python3.12/lib-dynload/_uuid.cpython-312-x86_64-linux-gnu.so
79eb59517000-79eb59518000 r-xp 00001000 00:2d 830511                     /usr/local/python/3.12.1/lib/python3.12/lib-dynload/_uuid.cpython-312-x86_64-linux-gnu.so
79eb59518000-79eb59519000 r--p 00002000 00:2d 830511                     /usr/local/python/3.12.1/lib/python3.12/lib-dynload/_uuid.cpython-312-x86_64-linux-gnu.so
79eb59519000-79eb5951a000 r--p 00002000 00:2d 830511                     /usr/local/python/3.12.1/lib/python3.12/lib-dynload/_uuid.cpython-312-x86_64-linux-gnu.so
79eb5951a000-79eb5951b000 rw-p 00003000 00:2d 830511                     /usr/local/python/3.12.1/lib/python3.12/lib-dynload/_uuid.cpython-312-x86_64-linux-gnu.so
79eb5951b000-79eb5951d000 r--p 00000000 00:2d 830463                     /usr/local/python/3.12.1/lib/python3.12/lib-dynload/_bz2.cpython-312-x86_64-linux-gnu.so
79eb5951d000-79eb5951f000 r-xp 00002000 00:2d 830463                     /usr/local/python/3.12.1/lib/python3.12/lib-dynload/_bz2.cpython-312-x86_64-linux-gnu.so
79eb5951f000-79eb59520000 r--p 00004000 00:2d 830463                     /usr/local/python/3.12.1/lib/python3.12/lib-dynload/_bz2.cpython-312-x86_64-linux-gnu.so
79eb59520000-79eb59521000 r--p 00005000 00:2d 830463                     /usr/local/python/3.12.1/lib/python3.12/lib-dynload/_bz2.cpython-312-x86_64-linux-gnu.so
79eb59521000-79eb59522000 rw-p 00006000 00:2d 830463                     /usr/local/python/3.12.1/lib/python3.12/lib-dynload/_bz2.cpython-312-x86_64-linux-gnu.so
79eb59522000-79eb59622000 rw-p 00000000 00:00 0 
79eb59622000-79eb59623000 r--p 00000000 00:2d 393771                     /usr/lib/locale/C.utf8/LC_IDENTIFICATION
79eb59623000-79eb59624000 ---p 00000000 00:00 0 
79eb59624000-79eb59625000 r--p 00000000 00:00 0 
79eb59625000-79eb59626000 ---p 00000000 00:00 0 
79eb59626000-79eb59628000 r--p 00000000 00:2d 830521                     /usr/local/python/3.12.1/lib/python3.12/lib-dynload/grp.cpython-312-x86_64-linux-gnu.so
79eb59628000-79eb59629000 r-xp 00002000 00:2d 830521                     /usr/local/python/3.12.1/lib/python3.12/lib-dynload/grp.cpython-312-x86_64-linux-gnu.so
79eb59629000-79eb5962a000 r--p 00003000 00:2d 830521                     /usr/local/python/3.12.1/lib/python3.12/lib-dynload/grp.cpython-312-x86_64-linux-gnu.so
79eb5962a000-79eb5962b000 r--p 00003000 00:2d 830521                     /usr/local/python/3.12.1/lib/python3.12/lib-dynload/grp.cpython-312-x86_64-linux-gnu.so
79eb5962b000-79eb5962c000 rw-p 00004000 00:2d 830521                     /usr/local/python/3.12.1/lib/python3.12/lib-dynload/grp.cpython-312-x86_64-linux-gnu.so
79eb5962c000-79eb59630000 r--p 00000000 00:2d 1062257                    /usr/local/python/3.12.1/lib/python3.12/site-packages/yarl/_quoting_c.cpython-312-x86_64-linux-gnu.so
79eb59630000-79eb59645000 r-xp 00004000 00:2d 1062257                    /usr/local/python/3.12.1/lib/python3.12/site-packages/yarl/_quoting_c.cpython-312-x86_64-linux-gnu.so
79eb59645000-79eb59649000 r--p 00019000 00:2d 1062257                    /usr/local/python/3.12.1/lib/python3.12/site-packages/yarl/_quoting_c.cpython-312-x86_64-linux-gnu.so
79eb59649000-79eb5964a000 r--p 0001c000 00:2d 1062257                    /usr/local/python/3.12.1/lib/python3.12/site-packages/yarl/_quoting_c.cpython-312-x86_64-linux-gnu.so
79eb5964a000-79eb5964b000 rw-p 0001d000 00:2d 1062257                    /usr/local/python/3.12.1/lib/python3.12/site-packages/yarl/_quoting_c.cpython-312-x86_64-linux-gnu.so
79eb5964b000-79eb5964c000 rw-p 00000000 00:00 0 
79eb5964c000-79eb59650000 r--p 00000000 00:2d 1062199                    /usr/local/python/3.12.1/lib/python3.12/site-packages/multidict/_multidict.cpython-312-x86_64-linux-gnu.so
79eb59650000-79eb59661000 r-xp 00004000 00:2d 1062199                    /usr/local/python/3.12.1/lib/python3.12/site-packages/multidict/_multidict.cpython-312-x86_64-linux-gnu.so
79eb59661000-79eb59664000 r--p 00015000 00:2d 1062199                    /usr/local/python/3.12.1/lib/python3.12/site-packages/multidict/_multidict.cpython-312-x86_64-linux-gnu.so
79eb59664000-79eb59665000 r--p 00018000 00:2d 1062199                    /usr/local/python/3.12.1/lib/python3.12/site-packages/multidict/_multidict.cpython-312-x86_64-linux-gnu.so
79eb59665000-79eb59667000 rw-p 00019000 00:2d 1062199                    /usr/local/python/3.12.1/lib/python3.12/site-packages/multidict/_multidict.cpython-312-x86_64-linux-gnu.so
79eb59667000-79eb5966e000 r--p 00000000 00:2d 830499                     /usr/local/python/3.12.1/lib/python3.12/lib-dynload/_sqlite3.cpython-312-x86_64-linux-gnu.so
79eb5966e000-79eb5967e000 r-xp 00007000 00:2d 830499                     /usr/local/python/3.12.1/lib/python3.12/lib-dynload/_sqlite3.cpython-312-x86_64-linux-gnu.so
79eb5967e000-79eb59685000 r--p 00017000 00:2d 830499                     /usr/local/python/3.12.1/lib/python3.12/lib-dynload/_sqlite3.cpython-312-x86_64-linux-gnu.so
79eb59685000-79eb59686000 r--p 0001e000 00:2d 830499                     /usr/local/python/3.12.1/lib/python3.12/lib-dynload/_sqlite3.cpython-312-x86_64-linux-gnu.so
79eb59686000-79eb59688000 rw-p 0001f000 00:2d 830499                     /usr/local/python/3.12.1/lib/python3.12/lib-dynload/_sqlite3.cpython-312-x86_64-linux-gnu.so
79eb59688000-79eb5968d000 r--p 00000000 00:2d 830477                     /usr/local/python/3.12.1/lib/python3.12/lib-dynload/_datetime.cpython-312-x86_64-linux-gnu.so
79eb5968d000-79eb5969e000 r-xp 00005000 00:2d 830477                     /usr/local/python/3.12.1/lib/python3.12/lib-dynload/_datetime.cpython-312-x86_64-linux-gnu.so
79eb5969e000-79eb596a3000 r--p 00016000 00:2d 830477                     /usr/local/python/3.12.1/lib/python3.12/lib-dynload/_datetime.cpython-312-x86_64-linux-gnu.so
79eb596a3000-79eb596a4000 r--p 0001b000 00:2d 830477                     /usr/local/python/3.12.1/lib/python3.12/lib-dynload/_datetime.cpython-312-x86_64-linux-gnu.so
79eb596a4000-79eb596a7000 rw-p 0001c000 00:2d 830477                     /usr/local/python/3.12.1/lib/python3.12/lib-dynload/_datetime.cpython-312-x86_64-linux-gnu.so
79eb596a7000-79eb598a7000 rw-p 00000000 00:00 0 
79eb598a7000-79eb598a9000 r--p 00000000 00:2d 830483                     /usr/local/python/3.12.1/lib/python3.12/lib-dynload/_json.cpython-312-x86_64-linux-gnu.so
79eb598a9000-79eb598af000 r-xp 00002000 00:2d 830483                     /usr/local/python/3.12.1/lib/python3.12/lib-dynload/_json.cpython-312-x86_64-linux-gnu.so
79eb598af000-79eb598b1000 r--p 00008000 00:2d 830483                     /usr/local/python/3.12.1/lib/python3.12/lib-dynload/_json.cpython-312-x86_64-linux-gnu.so
79eb598b1000-79eb598b2000 r--p 00009000 00:2d 830483                     /usr/local/python/3.12.1/lib/python3.12/lib-dynload/_json.cpython-312-x86_64-linux-gnu.so
79eb598b2000-79eb598b3000 rw-p 0000a000 00:2d 830483                     /usr/local/python/3.12.1/lib/python3.12/lib-dynload/_json.cpython-312-x86_64-linux-gnu.so
79eb598b3000-79eb598b7000 r--p 00000000 00:2d 830460                     /usr/local/python/3.12.1/lib/python3.12/lib-dynload/_asyncio.cpython-312-x86_64-linux-gnu.so
79eb598b7000-79eb598c0000 r-xp 00004000 00:2d 830460                     /usr/local/python/3.12.1/lib/python3.12/lib-dynload/_asyncio.cpython-312-x86_64-linux-gnu.so
79eb598c0000-79eb598c4000 r--p 0000d000 00:2d 830460                     /usr/local/python/3.12.1/lib/python3.12/lib-dynload/_asyncio.cpython-312-x86_64-linux-gnu.so
79eb598c4000-79eb598c5000 r--p 00011000 00:2d 830460                     /usr/local/python/3.12.1/lib/python3.12/lib-dynload/_asyncio.cpython-312-x86_64-linux-gnu.so
79eb598c5000-79eb598c7000 rw-p 00012000 00:2d 830460                     /usr/local/python/3.12.1/lib/python3.12/lib-dynload/_asyncio.cpython-312-x86_64-linux-gnu.so
79eb598c7000-79eb599c7000 rw-p 00000000 00:00 0 
79eb599c7000-79eb599c9000 r--p 00000000 00:2d 394217                     /usr/lib/x86_64-linux-gnu/libz.so.1.3
79eb599c9000-79eb599db000 r-xp 00002000 00:2d 394217                     /usr/lib/x86_64-linux-gnu/libz.so.1.3
79eb599db000-79eb599e1000 r--p 00014000 00:2d 394217                     /usr/lib/x86_64-linux-gnu/libz.so.1.3
79eb599e1000-79eb599e2000 r--p 0001a000 00:2d 394217                     /usr/lib/x86_64-linux-gnu/libz.so.1.3
79eb599e2000-79eb599e3000 rw-p 0001b000 00:2d 394217                     /usr/lib/x86_64-linux-gnu/libz.so.1.3
79eb599e3000-79eb59a96000 r--p 00000000 00:2d 394114                     /usr/lib/x86_64-linux-gnu/libcrypto.so.3
79eb59a96000-79eb59dc9000 r-xp 000b3000 00:2d 394114                     /usr/lib/x86_64-linux-gnu/libcrypto.so.3
79eb59dc9000-79eb59e94000 r--p 003e6000 00:2d 394114                     /usr/lib/x86_64-linux-gnu/libcrypto.so.3
79eb59e94000-79eb59ef0000 r--p 004b0000 00:2d 394114                     /usr/lib/x86_64-linux-gnu/libcrypto.so.3
79eb59ef0000-79eb59ef3000 rw-p 0050c000 00:2d 394114                     /usr/lib/x86_64-linux-gnu/libcrypto.so.3
79eb59ef3000-79eb59ef6000 rw-p 00000000 00:00 0 
79eb59ef6000-79eb59f14000 r--p 00000000 00:2d 394195                     /usr/lib/x86_64-linux-gnu/libssl.so.3
79eb59f14000-79eb59f76000 r-xp 0001e000 00:2d 394195                     /usr/lib/x86_64-linux-gnu/libssl.so.3
79eb59f76000-79eb59f92000 r--p 00080000 00:2d 394195                     /usr/lib/x86_64-linux-gnu/libssl.so.3
79eb59f92000-79eb59f9c000 r--p 0009c000 00:2d 394195                     /usr/lib/x86_64-linux-gnu/libssl.so.3
79eb59f9c000-79eb59fa0000 rw-p 000a6000 00:2d 394195                     /usr/lib/x86_64-linux-gnu/libssl.so.3
79eb59fa0000-79eb59fb2000 r--p 00000000 00:2d 830500                     /usr/local/python/3.12.1/lib/python3.12/lib-dynload/_ssl.cpython-312-x86_64-linux-gnu.so
79eb59fb2000-79eb59fc1000 r-xp 00012000 00:2d 830500                     /usr/local/python/3.12.1/lib/python3.12/lib-dynload/_ssl.cpython-312-x86_64-linux-gnu.so
79eb59fc1000-79eb59fcf000 r--p 00021000 00:2d 830500                     /usr/local/python/3.12.1/lib/python3.12/lib-dynload/_ssl.cpython-312-x86_64-linux-gnu.so
79eb59fcf000-79eb59fd0000 r--p 0002e000 00:2d 830500                     /usr/local/python/3.12.1/lib/python3.12/lib-dynload/_ssl.cpython-312-x86_64-linux-gnu.so
79eb59fd0000-79eb59fd9000 rw-p 0002f000 00:2d 830500                     /usr/local/python/3.12.1/lib/python3.12/lib-dynload/_ssl.cpython-312-x86_64-linux-gnu.so
79eb59fd9000-79eb5a1d9000 rw-p 00000000 00:00 0 
79eb5a1d9000-79eb5a1da000 r--p 00000000 00:2d 394185                     /usr/lib/x86_64-linux-gnu/librt.so.1
79eb5a1da000-79eb5a1db000 r-xp 00001000 00:2d 394185                     /usr/lib/x86_64-linux-gnu/librt.so.1
79eb5a1db000-79eb5a1dc000 r--p 00002000 00:2d 394185                     /usr/lib/x86_64-linux-gnu/librt.so.1
79eb5a1dc000-79eb5a1dd000 r--p 00002000 00:2d 394185                     /usr/lib/x86_64-linux-gnu/librt.so.1
79eb5a1dd000-79eb5a1de000 rw-p 00003000 00:2d 394185                     /usr/lib/x86_64-linux-gnu/librt.so.1
79eb5a1de000-79eb5a1e1000 r--p 00000000 00:2d 830536                     /usr/local/python/3.12.1/lib/python3.12/lib-dynload/zlib.cpython-312-x86_64-linux-gnu.so
79eb5a1e1000-79eb5a1e8000 r-xp 00003000 00:2d 830536                     /usr/local/python/3.12.1/lib/python3.12/lib-dynload/zlib.cpython-312-x86_64-linux-gnu.so
79eb5a1e8000-79eb5a1eb000 r--p 0000a000 00:2d 830536                     /usr/local/python/3.12.1/lib/python3.12/lib-dynload/zlib.cpython-312-x86_64-linux-gnu.so
79eb5a1eb000-79eb5a1ec000 r--p 0000c000 00:2d 830536                     /usr/local/python/3.12.1/lib/python3.12/lib-dynload/zlib.cpython-312-x86_64-linux-gnu.so
79eb5a1ec000-79eb5a1ed000 rw-p 0000d000 00:2d 830536                     /usr/local/python/3.12.1/lib/python3.12/lib-dynload/zlib.cpython-312-x86_64-linux-gnu.so
79eb5a1ed000-79eb5a1ef000 r--p 00000000 00:2d 830496                     /usr/local/python/3.12.1/lib/python3.12/lib-dynload/_sha2.cpython-312-x86_64-linux-gnu.so
79eb5a1ef000-79eb5a1fa000 r-xp 00002000 00:2d 830496                     /usr/local/python/3.12.1/lib/python3.12/lib-dynload/_sha2.cpython-312-x86_64-linux-gnu.so
79eb5a1fa000-79eb5a1fc000 r--p 0000d000 00:2d 830496                     /usr/local/python/3.12.1/lib/python3.12/lib-dynload/_sha2.cpython-312-x86_64-linux-gnu.so
79eb5a1fc000-79eb5a1fd000 r--p 0000e000 00:2d 830496                     /usr/local/python/3.12.1/lib/python3.12/lib-dynload/_sha2.cpython-312-x86_64-linux-gnu.so
79eb5a1fd000-79eb5a1fe000 rw-p 0000f000 00:2d 830496                     /usr/local/python/3.12.1/lib/python3.12/lib-dynload/_sha2.cpython-312-x86_64-linux-gnu.so
79eb5a1fe000-79eb5a200000 r--p 00000000 00:2d 830494                     /usr/local/python/3.12.1/lib/python3.12/lib-dynload/_random.cpython-312-x86_64-linux-gnu.so
79eb5a200000-79eb5a202000 r-xp 00002000 00:2d 830494                     /usr/local/python/3.12.1/lib/python3.12/lib-dynload/_random.cpython-312-x86_64-linux-gnu.so
79eb5a202000-79eb5a203000 r--p 00004000 00:2d 830494                     /usr/local/python/3.12.1/lib/python3.12/lib-dynload/_random.cpython-312-x86_64-linux-gnu.so
79eb5a203000-79eb5a204000 r--p 00004000 00:2d 830494                     /usr/local/python/3.12.1/lib/python3.12/lib-dynload/_random.cpython-312-x86_64-linux-gnu.so
79eb5a204000-79eb5a205000 rw-p 00005000 00:2d 830494                     /usr/local/python/3.12.1/lib/python3.12/lib-dynload/_random.cpython-312-x86_64-linux-gnu.so
79eb5a205000-79eb5a207000 r--p 00000000 00:2d 830461                     /usr/local/python/3.12.1/lib/python3.12/lib-dynload/_bisect.cpython-312-x86_64-linux-gnu.so
79eb5a207000-79eb5a20a000 r-xp 00002000 00:2d 830461                     /usr/local/python/3.12.1/lib/python3.12/lib-dynload/_bisect.cpython-312-x86_64-linux-gnu.so
79eb5a20a000-79eb5a20b000 r--p 00005000 00:2d 830461                     /usr/local/python/3.12.1/lib/python3.12/lib-dynload/_bisect.cpython-312-x86_64-linux-gnu.so
79eb5a20b000-79eb5a20c000 r--p 00005000 00:2d 830461                     /usr/local/python/3.12.1/lib/python3.12/lib-dynload/_bisect.cpython-312-x86_64-linux-gnu.so
79eb5a20c000-79eb5a20d000 rw-p 00006000 00:2d 830461                     /usr/local/python/3.12.1/lib/python3.12/lib-dynload/_bisect.cpython-312-x86_64-linux-gnu.so
79eb5a20d000-79eb5a20f000 r--p 00000000 00:2d 830493                     /usr/local/python/3.12.1/lib/python3.12/lib-dynload/_queue.cpython-312-x86_64-linux-gnu.so
79eb5a20f000-79eb5a211000 r-xp 00002000 00:2d 830493                     /usr/local/python/3.12.1/lib/python3.12/lib-dynload/_queue.cpython-312-x86_64-linux-gnu.so
79eb5a211000-79eb5a212000 r--p 00004000 00:2d 830493                     /usr/local/python/3.12.1/lib/python3.12/lib-dynload/_queue.cpython-312-x86_64-linux-gnu.so
79eb5a212000-79eb5a213000 r--p 00004000 00:2d 830493                     /usr/local/python/3.12.1/lib/python3.12/lib-dynload/_queue.cpython-312-x86_64-linux-gnu.so
79eb5a213000-79eb5a214000 rw-p 00005000 00:2d 830493                     /usr/local/python/3.12.1/lib/python3.12/lib-dynload/_queue.cpython-312-x86_64-linux-gnu.so
79eb5a214000-79eb5a215000 r--p 00000000 00:2d 830470                     /usr/local/python/3.12.1/lib/python3.12/lib-dynload/_contextvars.cpython-312-x86_64-linux-gnu.so
79eb5a215000-79eb5a216000 r-xp 00001000 00:2d 830470                     /usr/local/python/3.12.1/lib/python3.12/lib-dynload/_contextvars.cpython-312-x86_64-linux-gnu.so
79eb5a216000-79eb5a217000 r--p 00002000 00:2d 830470                     /usr/local/python/3.12.1/lib/python3.12/lib-dynload/_contextvars.cpython-312-x86_64-linux-gnu.so
79eb5a217000-79eb5a218000 r--p 00002000 00:2d 830470                     /usr/local/python/3.12.1/lib/python3.12/lib-dynload/_contextvars.cpython-312-x86_64-linux-gnu.so
79eb5a218000-79eb5a219000 rw-p 00003000 00:2d 830470                     /usr/local/python/3.12.1/lib/python3.12/lib-dynload/_contextvars.cpython-312-x86_64-linux-gnu.so
79eb5a219000-79eb5a21a000 r--p 00000000 00:2d 830489                     /usr/local/python/3.12.1/lib/python3.12/lib-dynload/_opcode.cpython-312-x86_64-linux-gnu.so
79eb5a21a000-79eb5a21b000 r-xp 00001000 00:2d 830489                     /usr/local/python/3.12.1/lib/python3.12/lib-dynload/_opcode.cpython-312-x86_64-linux-gnu.so
79eb5a21b000-79eb5a21c000 r--p 00002000 00:2d 830489                     /usr/local/python/3.12.1/lib/python3.12/lib-dynload/_opcode.cpython-312-x86_64-linux-gnu.so
79eb5a21c000-79eb5a21d000 r--p 00002000 00:2d 830489                     /usr/local/python/3.12.1/lib/python3.12/lib-dynload/_opcode.cpython-312-x86_64-linux-gnu.so
79eb5a21d000-79eb5a21e000 rw-p 00003000 00:2d 830489                     /usr/local/python/3.12.1/lib/python3.12/lib-dynload/_opcode.cpython-312-x86_64-linux-gnu.so
79eb5a21e000-79eb5a220000 r--p 00000000 00:2d 830518                     /usr/local/python/3.12.1/lib/python3.12/lib-dynload/binascii.cpython-312-x86_64-linux-gnu.so
79eb5a220000-79eb5a223000 r-xp 00002000 00:2d 830518                     /usr/local/python/3.12.1/lib/python3.12/lib-dynload/binascii.cpython-312-x86_64-linux-gnu.so
79eb5a223000-79eb5a225000 r--p 00005000 00:2d 830518                     /usr/local/python/3.12.1/lib/python3.12/lib-dynload/binascii.cpython-312-x86_64-linux-gnu.so
79eb5a225000-79eb5a226000 r--p 00006000 00:2d 830518                     /usr/local/python/3.12.1/lib/python3.12/lib-dynload/binascii.cpython-312-x86_64-linux-gnu.so
79eb5a226000-79eb5a227000 rw-p 00007000 00:2d 830518                     /usr/local/python/3.12.1/lib/python3.12/lib-dynload/binascii.cpython-312-x86_64-linux-gnu.so
79eb5a227000-79eb5a228000 r--p 00000000 00:2d 830482                     /usr/local/python/3.12.1/lib/python3.12/lib-dynload/_heapq.cpython-312-x86_64-linux-gnu.so
79eb5a228000-79eb5a22a000 r-xp 00001000 00:2d 830482                     /usr/local/python/3.12.1/lib/python3.12/lib-dynload/_heapq.cpython-312-x86_64-linux-gnu.so
79eb5a22a000-79eb5a22d000 r--p 00003000 00:2d 830482                     /usr/local/python/3.12.1/lib/python3.12/lib-dynload/_heapq.cpython-312-x86_64-linux-gnu.so
79eb5a22d000-79eb5a22e000 r--p 00005000 00:2d 830482                     /usr/local/python/3.12.1/lib/python3.12/lib-dynload/_heapq.cpython-312-x86_64-linux-gnu.so
79eb5a22e000-79eb5a22f000 rw-p 00006000 00:2d 830482                     /usr/local/python/3.12.1/lib/python3.12/lib-dynload/_heapq.cpython-312-x86_64-linux-gnu.so
79eb5a22f000-79eb5a230000 r--p 00000000 00:2d 830491                     /usr/local/python/3.12.1/lib/python3.12/lib-dynload/_posixshmem.cpython-312-x86_64-linux-gnu.so
79eb5a230000-79eb5a231000 r-xp 00001000 00:2d 830491                     /usr/local/python/3.12.1/lib/python3.12/lib-dynload/_posixshmem.cpython-312-x86_64-linux-gnu.so
79eb5a231000-79eb5a232000 r--p 00002000 00:2d 830491                     /usr/local/python/3.12.1/lib/python3.12/lib-dynload/_posixshmem.cpython-312-x86_64-linux-gnu.so
79eb5a232000-79eb5a233000 r--p 00002000 00:2d 830491                     /usr/local/python/3.12.1/lib/python3.12/lib-dynload/_posixshmem.cpython-312-x86_64-linux-gnu.so
79eb5a233000-79eb5a234000 rw-p 00003000 00:2d 830491                     /usr/local/python/3.12.1/lib/python3.12/lib-dynload/_posixshmem.cpython-312-x86_64-linux-gnu.so
79eb5a234000-79eb5a236000 r--p 00000000 00:2d 830488                     /usr/local/python/3.12.1/lib/python3.12/lib-dynload/_multiprocessing.cpython-312-x86_64-linux-gnu.so
79eb5a236000-79eb5a238000 r-xp 00002000 00:2d 830488                     /usr/local/python/3.12.1/lib/python3.12/lib-dynload/_multiprocessing.cpython-312-x86_64-linux-gnu.so
79eb5a238000-79eb5a239000 r--p 00004000 00:2d 830488                     /usr/local/python/3.12.1/lib/python3.12/lib-dynload/_multiprocessing.cpython-312-x86_64-linux-gnu.so
79eb5a239000-79eb5a23a000 r--p 00004000 00:2d 830488                     /usr/local/python/3.12.1/lib/python3.12/lib-dynload/_multiprocessing.cpython-312-x86_64-linux-gnu.so
79eb5a23a000-79eb5a23b000 rw-p 00005000 00:2d 830488                     /usr/local/python/3.12.1/lib/python3.12/lib-dynload/_multiprocessing.cpython-312-x86_64-linux-gnu.so
79eb5a23b000-79eb5a23d000 r--p 00000000 00:2d 830492                     /usr/local/python/3.12.1/lib/python3.12/lib-dynload/_posixsubprocess.cpython-312-x86_64-linux-gnu.so
79eb5a23d000-79eb5a240000 r-xp 00002000 00:2d 830492                     /usr/local/python/3.12.1/lib/python3.12/lib-dynload/_posixsubprocess.cpython-312-x86_64-linux-gnu.so
79eb5a240000-79eb5a241000 r--p 00005000 00:2d 830492                     /usr/local/python/3.12.1/lib/python3.12/lib-dynload/_posixsubprocess.cpython-312-x86_64-linux-gnu.so
79eb5a241000-79eb5a242000 r--p 00005000 00:2d 830492                     /usr/local/python/3.12.1/lib/python3.12/lib-dynload/_posixsubprocess.cpython-312-x86_64-linux-gnu.so
79eb5a242000-79eb5a243000 rw-p 00006000 00:2d 830492                     /usr/local/python/3.12.1/lib/python3.12/lib-dynload/_posixsubprocess.cpython-312-x86_64-linux-gnu.so
79eb5a243000-79eb5a244000 r--p 00000000 00:2d 830520                     /usr/local/python/3.12.1/lib/python3.12/lib-dynload/fcntl.cpython-312-x86_64-linux-gnu.so
79eb5a244000-79eb5a246000 r-xp 00001000 00:2d 830520                     /usr/local/python/3.12.1/lib/python3.12/lib-dynload/fcntl.cpython-312-x86_64-linux-gnu.so
79eb5a246000-79eb5a248000 r--p 00003000 00:2d 830520                     /usr/local/python/3.12.1/lib/python3.12/lib-dynload/fcntl.cpython-312-x86_64-linux-gnu.so
79eb5a248000-79eb5a249000 r--p 00004000 00:2d 830520                     /usr/local/python/3.12.1/lib/python3.12/lib-dynload/fcntl.cpython-312-x86_64-linux-gnu.so
79eb5a249000-79eb5a24a000 rw-p 00005000 00:2d 830520                     /usr/local/python/3.12.1/lib/python3.12/lib-dynload/fcntl.cpython-312-x86_64-linux-gnu.so
79eb5a24a000-79eb5a24e000 r--p 00000000 00:2d 830516                     /usr/local/python/3.12.1/lib/python3.12/lib-dynload/array.cpython-312-x86_64-linux-gnu.so
79eb5a24e000-79eb5a256000 r-xp 00004000 00:2d 830516                     /usr/local/python/3.12.1/lib/python3.12/lib-dynload/array.cpython-312-x86_64-linux-gnu.so
79eb5a256000-79eb5a25a000 r--p 0000c000 00:2d 830516                     /usr/local/python/3.12.1/lib/python3.12/lib-dynload/array.cpython-312-x86_64-linux-gnu.so
79eb5a25a000-79eb5a25b000 r--p 0000f000 00:2d 830516                     /usr/local/python/3.12.1/lib/python3.12/lib-dynload/array.cpython-312-x86_64-linux-gnu.so
79eb5a25b000-79eb5a25c000 rw-p 00010000 00:2d 830516                     /usr/local/python/3.12.1/lib/python3.12/lib-dynload/array.cpython-312-x86_64-linux-gnu.so
79eb5a25c000-79eb5a25e000 r--p 00000000 00:2d 830528                     /usr/local/python/3.12.1/lib/python3.12/lib-dynload/select.cpython-312-x86_64-linux-gnu.so
79eb5a25e000-79eb5a261000 r-xp 00002000 00:2d 830528                     /usr/local/python/3.12.1/lib/python3.12/lib-dynload/select.cpython-312-x86_64-linux-gnu.so
79eb5a261000-79eb5a263000 r--p 00005000 00:2d 830528                     /usr/local/python/3.12.1/lib/python3.12/lib-dynload/select.cpython-312-x86_64-linux-gnu.so
79eb5a263000-79eb5a264000 r--p 00006000 00:2d 830528                     /usr/local/python/3.12.1/lib/python3.12/lib-dynload/select.cpython-312-x86_64-linux-gnu.so
79eb5a264000-79eb5a265000 rw-p 00007000 00:2d 830528                     /usr/local/python/3.12.1/lib/python3.12/lib-dynload/select.cpython-312-x86_64-linux-gnu.so
79eb5a265000-79eb5a268000 r--p 00000000 00:2d 830522                     /usr/local/python/3.12.1/lib/python3.12/lib-dynload/math.cpython-312-x86_64-linux-gnu.so
79eb5a268000-79eb5a274000 r-xp 00003000 00:2d 830522                     /usr/local/python/3.12.1/lib/python3.12/lib-dynload/math.cpython-312-x86_64-linux-gnu.so
79eb5a274000-79eb5a279000 r--p 0000f000 00:2d 830522                     /usr/local/python/3.12.1/lib/python3.12/lib-dynload/math.cpython-312-x86_64-linux-gnu.so
79eb5a279000-79eb5a27a000 r--p 00013000 00:2d 830522                     /usr/local/python/3.12.1/lib/python3.12/lib-dynload/math.cpython-312-x86_64-linux-gnu.so
79eb5a27a000-79eb5a27b000 rw-p 00014000 00:2d 830522                     /usr/local/python/3.12.1/lib/python3.12/lib-dynload/math.cpython-312-x86_64-linux-gnu.so
79eb5a27b000-79eb5a27f000 r--p 00000000 00:2d 830498                     /usr/local/python/3.12.1/lib/python3.12/lib-dynload/_socket.cpython-312-x86_64-linux-gnu.so
79eb5a27f000-79eb5a28c000 r-xp 00004000 00:2d 830498                     /usr/local/python/3.12.1/lib/python3.12/lib-dynload/_socket.cpython-312-x86_64-linux-gnu.so
79eb5a28c000-79eb5a295000 r--p 00011000 00:2d 830498                     /usr/local/python/3.12.1/lib/python3.12/lib-dynload/_socket.cpython-312-x86_64-linux-gnu.so
79eb5a295000-79eb5a296000 r--p 00019000 00:2d 830498                     /usr/local/python/3.12.1/lib/python3.12/lib-dynload/_socket.cpython-312-x86_64-linux-gnu.so
79eb5a296000-79eb5a297000 rw-p 0001a000 00:2d 830498                     /usr/local/python/3.12.1/lib/python3.12/lib-dynload/_socket.cpython-312-x86_64-linux-gnu.so
79eb5a297000-79eb5a29c000 r--p 00000000 00:2d 830490                     /usr/local/python/3.12.1/lib/python3.12/lib-dynload/_pickle.cpython-312-x86_64-linux-gnu.so
79eb5a29c000-79eb5a2ae000 r-xp 00005000 00:2d 830490                     /usr/local/python/3.12.1/lib/python3.12/lib-dynload/_pickle.cpython-312-x86_64-linux-gnu.so
79eb5a2ae000-79eb5a2b4000 r--p 00017000 00:2d 830490                     /usr/local/python/3.12.1/lib/python3.12/lib-dynload/_pickle.cpython-312-x86_64-linux-gnu.so
79eb5a2b4000-79eb5a2b5000 r--p 0001c000 00:2d 830490                     /usr/local/python/3.12.1/lib/python3.12/lib-dynload/_pickle.cpython-312-x86_64-linux-gnu.so
79eb5a2b5000-79eb5a2b6000 rw-p 0001d000 00:2d 830490                     /usr/local/python/3.12.1/lib/python3.12/lib-dynload/_pickle.cpython-312-x86_64-linux-gnu.so
79eb5a2b6000-79eb5a2b9000 r--p 00000000 00:2d 830502                     /usr/local/python/3.12.1/lib/python3.12/lib-dynload/_struct.cpython-312-x86_64-linux-gnu.so
79eb5a2b9000-79eb5a2bf000 r-xp 00003000 00:2d 830502                     /usr/local/python/3.12.1/lib/python3.12/lib-dynload/_struct.cpython-312-x86_64-linux-gnu.so
79eb5a2bf000-79eb5a2c2000 r--p 00009000 00:2d 830502                     /usr/local/python/3.12.1/lib/python3.12/lib-dynload/_struct.cpython-312-x86_64-linux-gnu.so
79eb5a2c2000-79eb5a2c3000 r--p 0000c000 00:2d 830502                     /usr/local/python/3.12.1/lib/python3.12/lib-dynload/_struct.cpython-312-x86_64-linux-gnu.so
79eb5a2c3000-79eb5a2c4000 rw-p 0000d000 00:2d 830502                     /usr/local/python/3.12.1/lib/python3.12/lib-dynload/_struct.cpython-312-x86_64-linux-gnu.so
79eb5a2c4000-79eb5a62a000 rw-p 00000000 00:00 0 
79eb5a62a000-79eb5a683000 r--p 00000000 00:2d 393770                     /usr/lib/locale/C.utf8/LC_CTYPE
79eb5a683000-79eb5a96e000 r--p 00000000 00:2d 531685                     /usr/lib/locale/locale-archive
79eb5a96e000-79eb5a971000 rw-p 00000000 00:00 0 
79eb5a971000-79eb5a999000 r--p 00000000 00:2d 394104                     /usr/lib/x86_64-linux-gnu/libc.so.6
79eb5a999000-79eb5ab21000 r-xp 00028000 00:2d 394104                     /usr/lib/x86_64-linux-gnu/libc.so.6
79eb5ab21000-79eb5ab70000 r--p 001b0000 00:2d 394104                     /usr/lib/x86_64-linux-gnu/libc.so.6
79eb5ab70000-79eb5ab74000 r--p 001fe000 00:2d 394104                     /usr/lib/x86_64-linux-gnu/libc.so.6
79eb5ab74000-79eb5ab76000 rw-p 00202000 00:2d 394104                     /usr/lib/x86_64-linux-gnu/libc.so.6
79eb5ab76000-79eb5ab83000 rw-p 00000000 00:00 0 
79eb5ab83000-79eb5ab93000 r--p 00000000 00:2d 394146                     /usr/lib/x86_64-linux-gnu/libm.so.6
79eb5ab93000-79eb5ac12000 r-xp 00010000 00:2d 394146                     /usr/lib/x86_64-linux-gnu/libm.so.6
79eb5ac12000-79eb5ac6a000 r--p 0008f000 00:2d 394146                     /usr/lib/x86_64-linux-gnu/libm.so.6
79eb5ac6a000-79eb5ac6b000 r--p 000e7000 00:2d 394146                     /usr/lib/x86_64-linux-gnu/libm.so.6
79eb5ac6b000-79eb5ac6c000 rw-p 000e8000 00:2d 394146                     /usr/lib/x86_64-linux-gnu/libm.so.6
79eb5ac6c000-79eb5ac73000 r--s 00000000 00:2d 394075                     /usr/lib/x86_64-linux-gnu/gconv/gconv-modules.cache
79eb5ac73000-79eb5ac75000 rw-p 00000000 00:00 0 
79eb5ac75000-79eb5ac76000 r--p 00000000 00:2d 394084                     /usr/lib/x86_64-linux-gnu/ld-linux-x86-64.so.2
79eb5ac76000-79eb5aca1000 r-xp 00001000 00:2d 394084                     /usr/lib/x86_64-linux-gnu/ld-linux-x86-64.so.2
79eb5aca1000-79eb5acab000 r--p 0002c000 00:2d 394084                     /usr/lib/x86_64-linux-gnu/ld-linux-x86-64.so.2
79eb5acab000-79eb5acad000 r--p 00036000 00:2d 394084                     /usr/lib/x86_64-linux-gnu/ld-linux-x86-64.so.2
79eb5acad000-79eb5acaf000 rw-p 00038000 00:2d 394084                     /usr/lib/x86_64-linux-gnu/ld-linux-x86-64.so.2
7ffd005fd000-7ffd00601000 ---p 00000000 00:00 0 
7ffd00601000-7ffd006fd000 rw-p 00000000 00:00 0                          [stack]
7ffd007c5000-7ffd007c9000 r--p 00000000 00:00 0                          [vvar]
7ffd007c9000-7ffd007cb000 r-xp 00000000 00:00 0                          [vdso]
ffffffffff600000-ffffffffff601000 --xp 00000000 00:00 0                  [vsyscall]
Total number of mappings: 610

JVMTI agents: none


VM Arguments:
jvm_args: -Dfile.encoding=UTF8 -ea -Xmx1024m 
java_command: <unknown>
java_class_path (initial): /usr/local/python/3.12.1/lib/python3.12/site-packages/konlpy/java:/usr/local/python/3.12.1/lib/python3.12/site-packages/konlpy/java/bin:/usr/local/python/3.12.1/lib/python3.12/site-packages/konlpy/java/open-korean-text-2.1.0.jar:/usr/local/python/3.12.1/lib/python3.12/site-packages/konlpy/java/scala-library-2.12.3.jar:/usr/local/python/3.12.1/lib/python3.12/site-packages/konlpy/java/shineware-ds-1.0.jar:/usr/local/python/3.12.1/lib/python3.12/site-packages/konlpy/java/snakeyaml-1.12.jar:/usr/local/python/3.12.1/lib/python3.12/site-packages/konlpy/java/shineware-common-1.0.jar:/usr/local/python/3.12.1/lib/python3.12/site-packages/konlpy/java/jhannanum-0.8.4.jar:/usr/local/python/3.12.1/lib/python3.12/site-packages/konlpy/java/twitter-text-1.14.7.jar:/usr/local/python/3.12.1/lib/python3.12/site-packages/konlpy/java/aho-corasick.jar:/usr/local/python/3.12.1/lib/python3.12/site-packages/konlpy/java/komoran-3.0.jar:/usr/local/python/3.12.1/lib/python3.12/site-packages/konlpy/java/kkma-2.0.jar:/usr/local/python/3.12.1/lib/python3.12/site-packages/konlpy/java/jhannanum-0.8.4.jar:/usr/local/python/3.12.1/lib/python3.12/site-packages/konlpy/java/kkma-2.0.jar:/usr/local/python/3.12.1/lib/python3.12/site-packages/konlpy/java/aho-corasick.jar:/usr/local/python/3.12.1/lib/python3.12/site-packages/konlpy/java/shineware-common-1.0.jar:/usr/local/python/3.12.1/lib/python3.12/site-packages/konlpy/java/shineware-ds-1.0.jar:/usr/local/python/3.12.1/lib/python3.12/site-packages/konlpy/java/komoran-3.0.jar:/usr/local/python/3.12.1/lib/python3.12/site-packages/konlpy/java/snakeyaml-1.12.jar:/usr/local/python/3.12.1/lib/python3.12/site-packages/konlpy/java/scala-library-2.12.3.jar:/usr/local/python/3.12.1/lib/python3.12/site-packages/konlpy/java/open-korean-text-2.1.0.jar:/usr/local/python/3.12.1/lib/python3.12/site-packages/konlpy/java/twitter-text-1.14.7.jar:/usr/local/python/3.12.1/lib/python3.12/site-packages/konlpy/java/open-korean-text-2.1.0.jar:/usr/local/python/3.12.1/lib/python3.12/site-packages/konlpy/java/scala-library-2.12.3.jar:/usr/local/python/3.12.1/lib/python3.12/site-packages/konlpy/java/shineware-ds-1.0.jar:/usr/local/python/3.12.1/lib/python3.12/site-packages/konlpy/java/snakeyaml-1.12.jar:/usr/local/python/3.12.1/lib/python3.12/site-packages/konlpy/java/shineware-common-1.0.jar:/usr/local/python/3.12.1/lib/python3.12/site-packages/konlpy/java/jhannanum-0.8.4.jar:/usr/local/python/3.12.1/lib/python3.12/site-packages/konlpy/java/twitter-text-1.14.7.jar:/usr/local/python/3.12.1/lib/python3.12/site-packages/konlpy/java/aho-corasick.jar:/usr/local/python/3.12.1/lib/python3.12/site-packages/konlpy/java/komoran-3.0.jar:/usr/local/python/3.12.1/lib/python3.12/site-packages/konlpy/java/kkma-2.0.jar:/usr/local/python/3.12.1/lib/python3.12/site-packages/org.jpype.jar
Launcher Type: generic

[Global flags]
     intx CICompilerCount                          = 2                                         {product} {ergonomic}
     uint ConcGCThreads                            = 1                                         {product} {ergonomic}
     uint G1ConcRefinementThreads                  = 2                                         {product} {ergonomic}
   size_t G1HeapRegionSize                         = 1048576                                   {product} {ergonomic}
   size_t InitialHeapSize                          = 132120576                                 {product} {ergonomic}
   size_t MarkStackSize                            = 4194304                                   {product} {ergonomic}
   size_t MarkStackSizeMax                         = 536870912                                 {product} {ergonomic}
   size_t MaxHeapSize                              = 1073741824                                {product} {command line}
   size_t MaxNewSize                               = 643825664                                 {product} {ergonomic}
   size_t MinHeapDeltaBytes                        = 1048576                                   {product} {ergonomic}
   size_t MinHeapSize                              = 8388608                                   {product} {ergonomic}
    uintx NonNMethodCodeHeapSize                   = 5824512                                {pd product} {ergonomic}
    uintx NonProfiledCodeHeapSize                  = 122920960                              {pd product} {ergonomic}
    uintx ProfiledCodeHeapSize                     = 122912768                              {pd product} {ergonomic}
    uintx ReservedCodeCacheSize                    = 251658240                              {pd product} {ergonomic}
     bool SegmentedCodeCache                       = true                                      {product} {ergonomic}
   size_t SoftMaxHeapSize                          = 1073741824                             {manageable} {ergonomic}
     bool UseCompressedOops                        = true                           {product lp64_product} {ergonomic}
     bool UseG1GC                                  = true                                      {product} {ergonomic}

Logging:
Log output configuration:
 #0: stdout all=warning uptime,level,tags foldmultilines=false
 #1: stderr all=off uptime,level,tags foldmultilines=false

Release file:
IMPLEMENTOR="Microsoft"
IMPLEMENTOR_VERSION="Microsoft-12574222"
JAVA_RUNTIME_VERSION="25.0.1+8-LTS"
JAVA_VERSION="25.0.1"
JAVA_VERSION_DATE="2025-10-21"
LIBC="gnu"
MODULES="java.base java.compiler java.datatransfer java.xml java.prefs java.desktop java.instrument java.logging java.management java.security.sasl java.naming java.rmi java.management.rmi java.net.http java.scripting java.security.jgss java.transaction.xa java.sql java.sql.rowset java.xml.crypto java.se java.smartcardio jdk.accessibility jdk.internal.jvmstat jdk.attach jdk.charsets jdk.internal.opt jdk.zipfs jdk.compiler jdk.crypto.cryptoki jdk.crypto.ec jdk.dynalink jdk.internal.ed jdk.editpad jdk.internal.vm.ci jdk.graal.compiler jdk.graal.compiler.management jdk.hotspot.agent jdk.httpserver jdk.incubator.vector jdk.internal.le jdk.internal.md jdk.jartool jdk.javadoc jdk.jcmd jdk.management jdk.management.agent jdk.jconsole jdk.jdeps jdk.jdwp.agent jdk.jdi jdk.jfr jdk.jlink jdk.jpackage jdk.jshell jdk.jsobject jdk.jstatd jdk.localedata jdk.management.jfr jdk.naming.dns jdk.naming.rmi jdk.net jdk.nio.mapmode jdk.sctp jdk.security.auth jdk.security.jgss jdk.unsupported jdk.unsupported.desktop jdk.xml.dom"
OS_ARCH="x86_64"
OS_NAME="Linux"
SOURCE=".:git:a34d2ff2d503"

Environment Variables:
JAVA_HOME=/usr/local/sdkman/candidates/java/current
PATH=/usr/local/rvm/gems/ruby-3.4.7/bin:/usr/local/rvm/gems/ruby-3.4.7@global/bin:/usr/local/rvm/rubies/ruby-3.4.7/bin:/vscode/bin/linux-x64/41dd792b5e652393e7787322889ed5fdc58bd75b/bin/remote-cli:/home/codespace/.local/bin:/home/codespace/.dotnet:/home/codespace/nvm/current/bin:/home/codespace/.php/current/bin:/home/codespace/.python/current/bin:/home/codespace/java/current/bin:/home/codespace/.ruby/current/bin:/home/codespace/.local/bin:/usr/local/python/current/bin:/usr/local/py-utils/bin:/usr/local/jupyter:/usr/local/oryx:/usr/local/go/bin:/go/bin:/usr/local/sdkman/bin:/usr/local/sdkman/candidates/java/current/bin:/usr/local/sdkman/candidates/gradle/current/bin:/usr/local/sdkman/candidates/maven/current/bin:/usr/local/sdkman/candidates/ant/current/bin:/usr/local/rvm/gems/default/bin:/usr/local/rvm/gems/default@global/bin:/usr/local/rvm/rubies/default/bin:/usr/local/share/rbenv/bin:/usr/local/php/current/bin:/opt/conda/bin:/usr/local/nvs:/usr/local/share/nvm/versions/node/v24.11.1/bin:/usr/local/hugo/bin:/usr/local/sbin:/usr/local/bin:/usr/sbin:/usr/bin:/sbin:/bin:/usr/share/dotnet:/home/codespace/.dotnet/tools:/usr/local/rvm/bin
SHELL=/bin/bash
LANG=C.UTF-8
TERM=xterm-256color

Active Locale:
LC_ALL=C.UTF-8
LC_COLLATE=C.UTF-8
LC_CTYPE=C.UTF-8
LC_MESSAGES=C.UTF-8
LC_MONETARY=C.UTF-8
LC_NUMERIC=C.UTF-8
LC_TIME=C.UTF-8

Signal Handlers:
   SIGSEGV: crash_handler in libjvm.so, mask=11100100010111111101111111111110, flags=SA_RESTART|SA_SIGINFO, unblocked
    SIGBUS: crash_handler in libjvm.so, mask=11100100010111111101111111111110, flags=SA_RESTART|SA_SIGINFO, unblocked
    SIGFPE: crash_handler in libjvm.so, mask=11100100010111111101111111111110, flags=SA_RESTART|SA_SIGINFO, unblocked
   SIGPIPE: javaSignalHandler in libjvm.so, mask=11100100010111111101111111111110, flags=SA_RESTART|SA_SIGINFO, blocked
   SIGXFSZ: javaSignalHandler in libjvm.so, mask=11100100010111111101111111111110, flags=SA_RESTART|SA_SIGINFO, blocked
    SIGILL: crash_handler in libjvm.so, mask=11100100010111111101111111111110, flags=SA_RESTART|SA_SIGINFO, unblocked
   SIGUSR2: SR_handler in libjvm.so, mask=00000000000000000000000000000000, flags=SA_RESTART|SA_SIGINFO, blocked
    SIGHUP: UserHandler in libjvm.so, mask=11100100010111111101111111111110, flags=SA_RESTART|SA_SIGINFO, blocked
    SIGINT: UserHandler in libjvm.so, mask=11100100010111111101111111111110, flags=SA_RESTART|SA_SIGINFO, blocked
   SIGTERM: UserHandler in libjvm.so, mask=11100100010111111101111111111110, flags=SA_RESTART|SA_SIGINFO, blocked
   SIGQUIT: UserHandler in libjvm.so, mask=11100100010111111101111111111110, flags=SA_RESTART|SA_SIGINFO, blocked
   SIGTRAP: crash_handler in libjvm.so, mask=11100100010111111101111111111110, flags=SA_RESTART|SA_SIGINFO, unblocked


Compilation memory statistics disabled.

Periodic native trim disabled

---------------  S Y S T E M  ---------------

OS:
DISTRIB_ID=Ubuntu
DISTRIB_RELEASE=24.04
DISTRIB_CODENAME=noble
DISTRIB_DESCRIPTION="Ubuntu 24.04.3 LTS"
uname: Linux 6.8.0-1044-azure #50~22.04.1-Ubuntu SMP Wed Dec  3 15:13:22 UTC 2025 x86_64
OS uptime: 0 days 1:01 hours
libc: glibc 2.39 NPTL 2.39 
rlimit (soft/hard): STACK 8192k/infinity , CORE infinity/infinity , NPROC infinity/infinity , NOFILE 524288/524288 , AS infinity/infinity , CPU infinity/infinity , DATA infinity/infinity , FSIZE infinity/infinity , MEMLOCK 8192k/8192k
load average: 2.36 2.22 1.64

/proc/meminfo:
MemTotal:        8135224 kB
MemFree:          656436 kB
MemAvailable:    5829852 kB
Buffers:          210104 kB
Cached:          5070212 kB
SwapCached:            0 kB
Active:          3949340 kB
Inactive:        2929416 kB
Active(anon):    1533792 kB
Inactive(anon):   139444 kB
Active(file):    2415548 kB
Inactive(file):  2789972 kB
Unevictable:       30908 kB
Mlocked:           27836 kB
SwapTotal:             0 kB
SwapFree:              0 kB
Zswap:                 0 kB
Zswapped:              0 kB
Dirty:              8452 kB
Writeback:             0 kB
AnonPages:       1606480 kB
Mapped:           747004 kB
Shmem:             65684 kB
KReclaimable:     281524 kB
Slab:             383072 kB
SReclaimable:     281524 kB
SUnreclaim:       101548 kB
KernelStack:       10720 kB
PageTables:        30132 kB
SecPageTables:         0 kB
NFS_Unstable:          0 kB
Bounce:                0 kB
WritebackTmp:          0 kB
CommitLimit:     4067612 kB
Committed_AS:    5277472 kB
VmallocTotal:   34359738367 kB
VmallocUsed:       43712 kB
VmallocChunk:          0 kB
Percpu:             1224 kB
HardwareCorrupted:     0 kB
AnonHugePages:    575488 kB
ShmemHugePages:        0 kB
ShmemPmdMapped:        0 kB
FileHugePages:         0 kB
FilePmdMapped:         0 kB
Unaccepted:            0 kB
HugePages_Total:       0
HugePages_Free:        0
HugePages_Rsvd:        0
HugePages_Surp:        0
Hugepagesize:       2048 kB
Hugetlb:               0 kB
DirectMap4k:      135104 kB
DirectMap2M:     6156288 kB
DirectMap1G:     4194304 kB

/sys/kernel/mm/transparent_hugepage/enabled: [always] madvise never
/sys/kernel/mm/transparent_hugepage/hpage_pmd_size: 2097152
/sys/kernel/mm/transparent_hugepage/shmem_enabled: always within_size advise [never] deny force
/sys/kernel/mm/transparent_hugepage/defrag (defrag/compaction efforts parameter): always defer defer+madvise [madvise] never

Process Memory:
Virtual Size: 3839568K (peak: 3839568K)
Resident Set Size: 181456K (peak: 183712K) (anon: 123252K, file: 58204K, shmem: 0K)
Swapped out: 0K
C-Heap outstanding allocations: 51001K, retained: 9002K
glibc malloc tunables: (default)

/proc/sys/kernel/threads-max (system-wide limit on the number of threads): 63498
/proc/sys/vm/max_map_count (maximum number of memory map areas a process may have): 65530
/proc/sys/vm/swappiness (control to define how aggressively the kernel swaps out anonymous memory): 60
/proc/sys/kernel/pid_max (system-wide limit on number of process identifiers): 4194304

container information not found.
Hyper-V virtualization detected
Steal ticks since vm start: 0
Steal ticks percentage since vm start:  0.000

CPU: total 2 (initial active 2) (16 cores per cpu, 2 threads per core) family 25 model 1 stepping 1 microcode 0xffffffff, cx8, cmov, fxsr, ht, mmx, 3dnowpref, sse, sse2, sse3, ssse3, sse4a, sse4.1, sse4.2, popcnt, lzcnt, tsc, tscinvbit, avx, avx2, aes, erms, clmul, bmi1, bmi2, adx, sha, fma, vzeroupper, clflush, clflushopt, clwb, hv, rdtscp, rdpid, fsrm, f16c, cet_ss
CPU Model and flags from /proc/cpuinfo:
model name	: AMD EPYC 7763 64-Core Processor
flags		: fpu vme de pse tsc msr pae mce cx8 apic sep mtrr pge mca cmov pat pse36 clflush mmx fxsr sse sse2 ht syscall nx mmxext fxsr_opt pdpe1gb rdtscp lm constant_tsc rep_good nopl tsc_reliable nonstop_tsc cpuid extd_apicid aperfmperf tsc_known_freq pni pclmulqdq ssse3 fma cx16 pcid sse4_1 sse4_2 movbe popcnt aes xsave avx f16c rdrand hypervisor lahf_lm cmp_legacy svm cr8_legacy abm sse4a misalignsse 3dnowprefetch osvw topoext vmmcall fsgsbase bmi1 avx2 smep bmi2 erms invpcid rdseed adx smap clflushopt clwb sha_ni xsaveopt xsavec xgetbv1 xsaves user_shstk clzero xsaveerptr rdpru arat npt nrip_save tsc_scale vmcb_clean flushbyasid decodeassists pausefilter pfthreshold v_vmsave_vmload umip vaes vpclmulqdq rdpid fsrm

Online cpus: 0-1
Offline cpus: 
BIOS frequency limitation: <Not Available>
Frequency switch latency (ns): <Not Available>
Available cpu frequencies: <Not Available>
Current governor: <Not Available>
Core performance/turbo boost: <Not Available>

Memory: 4k page, physical 8135224k(5829852k free), swap 0k(0k free)
Page Sizes: 4k

vm_info: OpenJDK 64-Bit Server VM (25.0.1+8-LTS) for linux-amd64 JRE (25.0.1+8-LTS), built on 2025-10-13T21:28:09Z with gcc 11.3.0

END.
