#
# A fatal error has been detected by the Java Runtime Environment:
#
#  SIGSEGV (0xb) at pc=0x00007d1bb9d7b4f3, pid=8865, tid=8865
#
# JRE version: OpenJDK Runtime Environment Microsoft-12574222 (25.0.1+8) (build 25.0.1+8-LTS)
# Java VM: OpenJDK 64-Bit Server VM Microsoft-12574222 (25.0.1+8-LTS, mixed mode, sharing, tiered, compressed oops, compressed class ptrs, g1 gc, linux-amd64)
# Problematic frame:
# C  [_jpype.cpython-312-x86_64-linux-gnu.so+0x424f3]  JPypeException::toJava() [clone .cold]+0x5d
#
# Core dump will be written. Default location: Core dumps may be processed with "/usr/share/apport/apport -p%p -s%s -c%c -d%d -P%P -u%u -g%g -F%F -- %E" (or dumping to /workspaces/korean_reading_practice/myapp/backend/core.8865)
#
# If you would like to submit a bug report, please visit:
#   https://github.com/microsoft/openjdk/issues
# The crash happened outside the Java Virtual Machine in native code.
# See problematic frame for where to report the bug.
#

---------------  S U M M A R Y ------------

Command Line: -Dfile.encoding=UTF8 -ea -Xmx1024m 

Host: AMD EPYC 7763 64-Core Processor, 2 cores, 7G, Ubuntu 24.04.3 LTS
Time: Sun May 10 01:58:25 2026 UTC elapsed time: 0.352097 seconds (0d 0h 0m 0s)

---------------  T H R E A D  ---------------

Current thread (0x0000641a50a07830):  JavaThread "main"             [_thread_in_native, id=8865, stack(0x00007ffd22fdc000,0x00007ffd230dc000) (1024K)]

Stack: [0x00007ffd22fdc000,0x00007ffd230dc000],  sp=0x00007ffd230d7cf0,  free space=1007k
Native frames: (J=compiled Java code, j=interpreted, Vv=VM code, C=native code)
C  [_jpype.cpython-312-x86_64-linux-gnu.so+0x424f3]  JPypeException::toJava() [clone .cold]+0x5d
Java frames: (J=compiled Java code, j=interpreted, Vv=VM code)
j  org.jpype.manager.TypeFactoryNative.newWrapper(JJ)V+0
j  org.jpype.JPypeContext.newWrapper(J)V+16
v  ~StubRoutines::call_stub 0x00007d1ba3338fa6

siginfo: si_signo: 11 (SIGSEGV), si_code: 1 (SEGV_MAPERR), si_addr: 0x0000000000000000

Registers:
RAX=0x00007d1bbb2cf7d8, RBX=0x0000641a51485bd0, RCX=0x00007d1bbb2c68d0, RDX=0x0000000641a509c3
RSP=0x00007ffd230d7cf0, RBP=0x0000000000000000, RSI=0x0000000000000000, RDI=0x00007ffd230d7c78
R8 =0x0000641a4f132010, R9 =0x0000000000000007, R10=0x0000641a509c3040, R11=0x5bbe65d01afa823b
R12=0x00007ffd230d7d00, R13=0x0000641a51485dc8, R14=0x00007ffd230d7cf8, R15=0x0000641a50a07830
RIP=0x00007d1bb9d7b4f3, EFLAGS=0x0000000000010206, CSGSFS=0x002b000000000033, ERR=0x0000000000000006
  TRAPNO=0x000000000000000e

XMM[0]=0x0000000000000000 0x00007d1bbd8cc563
XMM[1]=0x00007d1bbd8cc563 0x00007d1bbd8cc563
XMM[2]=0xffffffffffffffff 0xffffffffffffffff
XMM[3]=0xffffffffffffffff 0xffffffffffffffff
XMM[4]=0x0000000000000000 0x00007d1bbd8cbb20
XMM[5]=0xffffffffffffffff 0xffffffffffffffff
XMM[6]=0xffffffffffffffff 0xffffffffffffffff
XMM[7]=0xffffffffffffffff 0xffffffffffffffff
XMM[8]=0x0000000000f700f3 0x0000000000f600f2
XMM[9]=0x00000000000000f3 0x00000000000000f2
XMM[10]=0x000000000000000c 0x000000000000000c
XMM[11]=0x000000000000000a 0x000000000000000a
XMM[12]=0x0000000000000008 0x0000000000000008
XMM[13]=0x0000000000000006 0x0000000000000006
XMM[14]=0x0000000000000004 0x0000000000000004
XMM[15]=0x0000000000000002 0x0000000000000002
  MXCSR=0x00001fa2


Register to memory mapping:

RAX=0x00007d1bbb2cf7d8: <offset 0x000000000027a7d8> in /lib/x86_64-linux-gnu/libstdc++.so.6 at 0x00007d1bbb055000
RBX=0x0000641a51485bd0 points into unknown readable memory: 0x00007d1bb9df1a38 | 38 1a df b9 1b 7d 00 00
RCX=0x00007d1bbb2c68d0: <offset 0x00000000002718d0> in /lib/x86_64-linux-gnu/libstdc++.so.6 at 0x00007d1bbb055000
RDX=0x0000000641a509c3 is an unknown value
RSP=0x00007ffd230d7cf0 is pointing into the stack for thread: 0x0000641a50a07830
RBP=0x0 is null
RSI=0x0 is null
RDI=0x00007ffd230d7c78 is pointing into the stack for thread: 0x0000641a50a07830
R8 =0x0000641a4f132010 points into unknown readable memory: 0x0001000300020005 | 05 00 02 00 03 00 01 00
R9 =0x0000000000000007 is an unknown value
R10=0x0000641a509c3040 points into unknown readable memory: 0x0000000641a509c3 | c3 09 a5 41 06 00 00 00
R11=0x5bbe65d01afa823b is an unknown value
R12=0x00007ffd230d7d00 is pointing into the stack for thread: 0x0000641a50a07830
R13=0x0000641a51485dc8 points into unknown readable memory: 0x00000000656e6f4e | 4e 6f 6e 65 00 00 00 00
R14=0x00007ffd230d7cf8 is pointing into the stack for thread: 0x0000641a50a07830
R15=0x0000641a50a07830 is a thread

Top of Stack: (sp=0x00007ffd230d7cf0)
0x00007ffd230d7cf0:   0000003100000001 00007d1bb9dca7a0   ....1........}..
0x00007ffd230d7d00:   00007d1bb9dca763 00007ffd230d0000   c....}.....#....
0x00007ffd230d7d10:   00007ffd230d7e58 00007d1bbb10f0f4   X~.#.........}..
0x00007ffd230d7d20:   00007d1b7840ac08 00007ffd230d7d70   ..@x.}..p}.#....
0x00007ffd230d7d30:   0000641a51523e70 00007ffd230d7d68   p>RQ.d..h}.#....
0x00007ffd230d7d40:   00007ffd230d7e58 00007d1bb9d7e9e8   X~.#.........}..
0x00007ffd230d7d50:   00007ffd230d7d70 00007d1bb9d7ea4b   p}.#....K....}..
0x00007ffd230d7d60:   00007ffd00001fa2 0000000000000001   ................
0x00007ffd230d7d70:   0000641a50a07cd0 00007ffd230d0000   .|.P.d.....#....
0x00007ffd230d7d80:   00007ffd230d7e18 0000000000000000   .~.#............
0x00007ffd230d7d90:   00007d1b7840ac08 00007d1ba3344f85   ..@x.}...O4..}..
0x00007ffd230d7da0:   00007ffd0000000b 00007ffd230d8000   ...........#....
0x00007ffd230d7db0:   00007ffd230d8008 00000000ffffffff   ...#............
0x00007ffd230d7dc0:   0000641a50a07830 00007ffd230d7e00   0x.P.d...~.#....
0x00007ffd230d7dd0:   fffffffffffffff7 0000000000000000   ................
0x00007ffd230d7de0:   0000000000000008 00007d1b7840b288   ..........@x.}..
0x00007ffd230d7df0:   0000000000000000 00000000c0065368   ........hS......
0x00007ffd230d7e00:   00007d1b7840ac08 0000000000000000   ..@x.}..........
0x00007ffd230d7e10:   00007ffd230d7e38 00007ffd230d7eb8   8~.#.....~.#....
0x00007ffd230d7e20:   00007d1ba3340936 0000000000000000   6.4..}..........
0x00007ffd230d7e30:   00007d1ba3342437 0000641a5137c210   7$4..}....7Q.d..
0x00007ffd230d7e40:   0000000000000000 0000641a504ef9a0   ..........NP.d..
0x00007ffd230d7e50:   0000000000000000 00000000c0065430   ........0T......
0x00007ffd230d7e60:   00000000c0065430 00000000c0065430   0T......0T......
0x00007ffd230d7e70:   fffffffffffffff5 00007d1b7840eaa0   ..........@x.}..
0x00007ffd230d7e80:   0000000000000006 00007d1b7840a968   ........h.@x.}..
0x00007ffd230d7e90:   0000000000000000 00000000c00645d0   .........E......
0x00007ffd230d7ea0:   00007d1b7840eac8 fffffffffffffff0   ..@x.}..........
0x00007ffd230d7eb0:   00007ffd230d7ed8 00007ffd230d7f50   .~.#....P..#....
0x00007ffd230d7ec0:   00007d1ba3338fa6 0000000000000000   ..3..}..........
0x00007ffd230d7ed0:   00000000c0065430 0000641a5137c210   0T........7Q.d..
0x00007ffd230d7ee0:   0000641a512cd460 00000000c0064c38   `.,Q.d..8L......

Instructions: (pc=0x00007d1bb9d7b4f3)
  0x00007d1bb9d7b3f3:   ff ff 48 8b 54 24 30 48 8b 4c 24 38 49 89 c7 48
  0x00007d1bb9d7b403:   89 94 24 90 00 00 00 48 8b 52 e8 48 89 8c 14 90
  0x00007d1bb9d7b413:   00 00 00 48 c7 84 24 98 00 00 00 00 00 00 00 e9
  0x00007d1bb9d7b423:   56 fe ff ff 4c 89 ff e8 21 9c ff ff e9 46 fd ff
  0x00007d1bb9d7b433:   ff 4c 89 f7 48 89 c3 48 89 d5 e8 fe a6 ff ff eb
  0x00007d1bb9d7b443:   a1 ff d0 48 8d 3d 65 ee 04 00 48 89 c6 e8 fb 90
  0x00007d1bb9d7b453:   ff ff e9 27 ff ff ff 48 89 c7 48 89 d0 e9 ab fe
  0x00007d1bb9d7b463:   ff ff 48 8b 7c 24 60 e8 71 00 02 00 49 8d 74 24
  0x00007d1bb9d7b473:   08 4c 89 f7 e8 94 af ff ff e9 fc fd ff ff e8 ca
  0x00007d1bb9d7b483:   b8 ff ff 48 89 c5 e8 f2 b3 ff ff 48 89 ef e8 ba
  0x00007d1bb9d7b493:   b8 ff ff 4c 89 f7 e8 f2 a1 ff ff 4c 89 e7 e8 4a
  0x00007d1bb9d7b4a3:   a7 ff ff 48 89 df 48 83 ed 01 75 59 e8 2c b6 ff
  0x00007d1bb9d7b4b3:   ff 48 8d 3d 9d ee 04 00 48 89 c3 e8 5d 98 ff ff
  0x00007d1bb9d7b4c3:   48 8b 43 20 48 8d 74 24 10 48 8d 7c 24 08 48 8b
  0x00007d1bb9d7b4d3:   50 08 48 8b 08 8b 40 10 48 89 54 24 08 48 8d 54
  0x00007d1bb9d7b4e3:   24 04 89 44 24 04 48 89 4c 24 10 e8 ed 98 ff ff
=>0x00007d1bb9d7b4f3:   c7 04 25 00 00 00 00 00 00 00 00 e8 7d b3 ff ff
  0x00007d1bb9d7b503:   e9 b9 fe 01 00 e8 d3 b5 ff ff 48 8d 3d 44 ee 04
  0x00007d1bb9d7b513:   00 e8 07 98 ff ff c7 04 25 00 00 00 00 00 00 00
  0x00007d1bb9d7b523:   00 e8 57 b3 ff ff e9 93 fe 01 00 4c 89 f7 e8 5a
  0x00007d1bb9d7b533:   a1 ff ff e9 63 ff ff ff 48 89 c3 48 89 d5 e8 3a
  0x00007d1bb9d7b543:   b3 ff ff 48 89 df 48 89 e8 48 83 e8 01 75 52 e8
  0x00007d1bb9d7b553:   89 b5 ff ff 48 8d 74 24 10 c7 44 24 20 b8 01 00
  0x00007d1bb9d7b563:   00 48 89 c7 48 8d 05 75 ed 04 00 48 89 44 24 10
  0x00007d1bb9d7b573:   48 8d 05 be ed 04 00 48 89 44 24 18 e8 5c 94 ff
  0x00007d1bb9d7b583:   ff e8 17 93 ff ff 48 89 c7 48 89 d0 eb bb 48 89
  0x00007d1bb9d7b593:   c3 48 89 d5 e8 e4 b2 ff ff 48 89 df 48 89 e8 eb
  0x00007d1bb9d7b5a3:   a8 e8 a7 b7 ff ff 48 89 c5 e8 cf b2 ff ff 48 89
  0x00007d1bb9d7b5b3:   ef e8 97 b7 ff ff 90 48 8b 73 18 48 85 f6 74 0f
  0x00007d1bb9d7b5c3:   48 8b 05 ee 98 07 00 48 8b 38 e8 0e 93 ff ff 4c
  0x00007d1bb9d7b5d3:   89 f7 e8 76 9a ff ff 48 89 ef e8 6e b7 ff ff 48
  0x00007d1bb9d7b5e3:   89 ef e8 06 a6 ff ff 48 89 df 4c 89 e0 48 83 e8


Stack slot to memory mapping:

stack at sp + 0 slots: 0x0000003100000001 is an unknown value
stack at sp + 1 slots: 0x00007d1bb9dca7a0: <offset 0x00000000000917a0> in /usr/local/python/3.12.1/lib/python3.12/site-packages/_jpype.cpython-312-x86_64-linux-gnu.so at 0x00007d1bb9d39000
stack at sp + 2 slots: 0x00007d1bb9dca763: <offset 0x0000000000091763> in /usr/local/python/3.12.1/lib/python3.12/site-packages/_jpype.cpython-312-x86_64-linux-gnu.so at 0x00007d1bb9d39000
stack at sp + 3 slots: 0x00007ffd230d0000 is pointing into the stack for thread: 0x0000641a50a07830
stack at sp + 4 slots: 0x00007ffd230d7e58 is pointing into the stack for thread: 0x0000641a50a07830
stack at sp + 5 slots: 0x00007d1bbb10f0f4: __cxa_get_globals+0x0000000000000014 in /lib/x86_64-linux-gnu/libstdc++.so.6 at 0x00007d1bbb055000
stack at sp + 6 slots: {method} {0x00007d1b7840ac08} 'newWrapper' '(JJ)V' in 'org/jpype/manager/TypeFactoryNative'
stack at sp + 7 slots: 0x00007ffd230d7d70 is pointing into the stack for thread: 0x0000641a50a07830

Lock stack of current Java thread (top to bottom):
LockStack[0]: org.jpype.manager.TypeFactoryNative 
{0x00000000c0065430} - klass: 'org/jpype/manager/TypeFactoryNative' - flags: 

 - ---- fields (total size 3 words):
 - public 'context' 'J' @16  0 (0x0000000000000000)


---------------  P R O C E S S  ---------------

Threads class SMR info:
_java_thread_list=0x00007d1b80615640, length=11, elements={
0x0000641a50a07830, 0x0000641a512d60e0, 0x0000641a512d7990, 0x0000641a512d9460,
0x0000641a512dae00, 0x0000641a512dc700, 0x0000641a512de4d0, 0x0000641a512dff40,
0x0000641a512f3df0, 0x0000641a512f5f30, 0x00007d1b6c001030
}

Java Threads: ( => current thread )
=>0x0000641a50a07830 JavaThread "main"                              [_thread_in_native, id=8865, stack(0x00007ffd22fdc000,0x00007ffd230dc000) (1024K)]
  0x0000641a512d60e0 JavaThread "Reference Handler"          daemon [_thread_blocked, id=8890, stack(0x00007d1b77f00000,0x00007d1b78000000) (1024K)]
  0x0000641a512d7990 JavaThread "Finalizer"                  daemon [_thread_blocked, id=8891, stack(0x00007d1b77dff000,0x00007d1b77eff000) (1024K)]
  0x0000641a512d9460 JavaThread "Signal Dispatcher"          daemon [_thread_blocked, id=8892, stack(0x00007d1b77cfe000,0x00007d1b77dfe000) (1024K)]
  0x0000641a512dae00 JavaThread "Service Thread"             daemon [_thread_blocked, id=8893, stack(0x00007d1b77bfd000,0x00007d1b77cfd000) (1024K)]
  0x0000641a512dc700 JavaThread "Monitor Deflation Thread"   daemon [_thread_blocked, id=8894, stack(0x00007d1b77afc000,0x00007d1b77bfc000) (1024K)]
  0x0000641a512de4d0 JavaThread "C2 CompilerThread0"         daemon [_thread_blocked, id=8895, stack(0x00007d1b779fb000,0x00007d1b77afb000) (1024K)]
  0x0000641a512dff40 JavaThread "C1 CompilerThread0"         daemon [_thread_blocked, id=8896, stack(0x00007d1b778fa000,0x00007d1b779fa000) (1024K)]
  0x0000641a512f3df0 JavaThread "Notification Thread"        daemon [_thread_blocked, id=8897, stack(0x00007d1b777f9000,0x00007d1b778f9000) (1024K)]
  0x0000641a512f5f30 JavaThread "Common-Cleaner"             daemon [_thread_blocked, id=8898, stack(0x00007d1b776f8000,0x00007d1b777f8000) (1024K)]
  0x00007d1b6c001030 JavaThread "SIGTERM handler"            daemon [_thread_blocked, id=8900, stack(0x00007d1b774f6000,0x00007d1b775f6000) (1024K)]
Total: 11

Other Threads:
  0x0000641a512cb250 VMThread "VM Thread"                           [id=8888, stack(0x00007d1b980fe000,0x00007d1b981fe000) (1024K)]
  0x0000641a512bc490 WatcherThread "VM Periodic Task Thread"        [id=8887, stack(0x00007d1b981ff000,0x00007d1b982ff000) (1024K)]
  0x0000641a50ae0870 WorkerThread "GC Thread#0"                     [id=8881, stack(0x00007d1b9bc15000,0x00007d1b9bd15000) (1024K)]
  0x00007d1b80000fc0 WorkerThread "GC Thread#1"                     [id=8901, stack(0x00007d1b773f5000,0x00007d1b774f5000) (1024K)]
  0x0000641a50bed510 ConcurrentGCThread "G1 Main Marker"            [id=8882, stack(0x00007d1b9a700000,0x00007d1b9a800000) (1024K)]
  0x0000641a50bed9b0 WorkerThread "G1 Conc#0"                       [id=8883, stack(0x00007d1b9a5ff000,0x00007d1b9a6ff000) (1024K)]
  0x0000641a5118d340 ConcurrentGCThread "G1 Refine#0"               [id=8884, stack(0x00007d1b9a4fe000,0x00007d1b9a5fe000) (1024K)]
  0x0000641a5118e330 ConcurrentGCThread "G1 Service"                [id=8885, stack(0x00007d1b98300000,0x00007d1b98400000) (1024K)]
Total: 8

Threads with active compile tasks:
Total: 0

VM state: not at safepoint (normal execution)

VM Mutex/Monitor currently owned by a thread: None

Heap address: 0x00000000c0000000, size: 1024 MB, Compressed Oops mode: 32-bit

CDS archive(s) mapped at: [0x000000002c000000-0x000000002cd8c000-0x000000002cd8c000), size 14204928, SharedBaseAddress: 0x000000002c000000, ArchiveRelocationMode: 1.
Compressed class space mapped at: 0x000000002d000000-0x000000006d000000, reserved size: 1073741824
UseCompressedClassPointers 1, UseCompactObjectHeaders 0
Narrow klass pointer bits 32, Max shift 3
Narrow klass base: 0x000000002c000000, Narrow klass shift: 0
Encoding Range: [0x000000002c000000 - 0x000000012c000000), (4294967296 bytes)
Klass Range:    [0x000000002c001000 - 0x000000006d000000), (1090514944 bytes)
Klass ID Range:  [4096 - 1090519033) (1090514937)
Protection zone: [0x000000002c000000 - 0x000000002c001000), (4096 bytes)

GC Precious Log:
 CardTable entry size: 512
 Card Set container configuration: InlinePtr #cards 5 size 8 Array Of Cards #cards 10 size 36 Howl #buckets 4 coarsen threshold 1843 Howl Bitmap #cards 512 size 80 coarsen threshold 460 Card regions per heap region 1 cards per card region 2048
 CPUs: 2 total, 2 available
 Memory: 7944M
 Large Page Support: Disabled
 NUMA Support: Disabled
 Compressed Oops: Enabled (32-bit)
 Heap Region Size: 1M
 Heap Min Capacity: 8M
 Heap Initial Capacity: 126M
 Heap Max Capacity: 1G
 Pre-touch: Disabled
 Parallel Workers: 2
 Concurrent Workers: 1
 Concurrent Refinement Workers: 2
 Periodic GC: Disabled
 G1 Time-Based Heap Sizing enabled (uncommit-only)
 Evaluation Interval: 60s, Uncommit Delay: 300s, Min Regions To Uncommit: 10

Heap:
 garbage-first heap   total reserved 1048576K, committed 10240K, used 2125K [0x00000000c0000000, 0x0000000100000000)
  region size 1024K, 1 young (1024K), 0 survivors (0K)

Heap Regions: E=young(eden), S=young(survivor), O=old, HS=humongous(starts), HC=humongous(continues), CS=collection set, F=free, TAMS=top-at-mark-start, PB=parsable bottom
|   0|0x00000000c0000000, 0x00000000c00873f8, 0x00000000c0100000| 52%| O|  |TAMS 0x00000000c0000000| PB 0x00000000c0000000| Untracked |  0
|   1|0x00000000c0100000, 0x00000000c018c1a8, 0x00000000c0200000| 54%| O|  |TAMS 0x00000000c0100000| PB 0x00000000c0100000| Untracked |  0
|   2|0x00000000c0200000, 0x00000000c0200000, 0x00000000c0300000|  0%| F|  |TAMS 0x00000000c0200000| PB 0x00000000c0200000| Untracked |  0
|   3|0x00000000c0300000, 0x00000000c0300000, 0x00000000c0400000|  0%| F|  |TAMS 0x00000000c0300000| PB 0x00000000c0300000| Untracked |  0
|   4|0x00000000c0400000, 0x00000000c0400000, 0x00000000c0500000|  0%| F|  |TAMS 0x00000000c0400000| PB 0x00000000c0400000| Untracked |  0
|   5|0x00000000c0500000, 0x00000000c0500000, 0x00000000c0600000|  0%| F|  |TAMS 0x00000000c0500000| PB 0x00000000c0500000| Untracked |  0
|   6|0x00000000c0600000, 0x00000000c0600000, 0x00000000c0700000|  0%| F|  |TAMS 0x00000000c0600000| PB 0x00000000c0600000| Untracked |  0
|   7|0x00000000c0700000, 0x00000000c0700000, 0x00000000c0800000|  0%| F|  |TAMS 0x00000000c0700000| PB 0x00000000c0700000| Untracked |  0
|   8|0x00000000c0800000, 0x00000000c08dc410, 0x00000000c0900000| 86%| E|  |TAMS 0x00000000c0800000| PB 0x00000000c0800000| Complete |  0
|1022|0x00000000ffe00000, 0x00000000fff00000, 0x00000000fff00000|100%| O|  |TAMS 0x00000000ffe00000| PB 0x00000000ffe00000| Untracked |  0

Card table byte_map: [0x00007d1b9b800000,0x00007d1b9ba00000] _byte_map_base: 0x00007d1b9b200000

Marking Bits: (CMBitMap*) 0x0000641a50becdd0
 Bits: [0x00007d1b9a800000, 0x00007d1b9b800000)

Polling page: 0x00007d1bbce32000

Metaspace:
Metaspace        used 1830K, committed 1984K, reserved 1114112K
 class space     used 134K, committed 192K, reserved 1048576K

Usage:
  Non-class:      1.66 MB used.
      Class:    134.28 KB used.
       Both:      1.79 MB used.

Virtual space:
  Non-class space:       64.00 MB reserved,       1.75 MB (  3%) committed,  1 nodes.
      Class space:        1.00 GB reserved,     192.00 KB ( <1%) committed,  1 nodes.
             Both:        1.06 GB reserved,       1.94 MB ( <1%) committed. 

Chunk freelists:
   Non-Class:  11.83 MB
       Class:  15.70 MB
        Both:  27.53 MB

MaxMetaspaceSize: unlimited
CompressedClassSpaceSize: 1.00 GB
Initial GC threshold: 21.00 MB
Current GC threshold: 21.00 MB
CDS: on
 - commit_granule_bytes: 65536.
 - commit_granule_words: 8192.
 - virtual_space_node_default_size: 8388608.
 - enlarge_chunks_in_place: 1.
UseCompressedClassPointers 1, UseCompactObjectHeaders 0
Narrow klass pointer bits 32, Max shift 3
Narrow klass base: 0x000000002c000000, Narrow klass shift: 0
Encoding Range: [0x000000002c000000 - 0x000000012c000000), (4294967296 bytes)
Klass Range:    [0x000000002c001000 - 0x000000006d000000), (1090514944 bytes)
Klass ID Range:  [4096 - 1090519033) (1090514937)
Protection zone: [0x000000002c000000 - 0x000000002c001000), (4096 bytes)


Internal statistics:

num_allocs_failed_limit: 0.
num_arena_births: 46.
num_arena_deaths: 0.
num_vsnodes_births: 2.
num_vsnodes_deaths: 0.
num_space_committed: 31.
num_space_uncommitted: 0.
num_chunks_returned_to_freelist: 0.
num_chunks_taken_from_freelist: 69.
num_chunk_merges: 0.
num_chunk_splits: 41.
num_chunks_enlarged: 17.
num_inconsistent_stats: 0.

CodeHeap 'non-profiled nmethods': size=120040Kb used=144Kb max_used=144Kb free=119895Kb
 bounds [0x00007d1ba38c6000, 0x00007d1ba3b36000, 0x00007d1baae00000]
CodeHeap 'profiled nmethods': size=120032Kb used=908Kb max_used=908Kb free=119123Kb
 bounds [0x00007d1b9be00000, 0x00007d1b9c070000, 0x00007d1ba3338000]
CodeHeap 'non-nmethods': size=5688Kb used=1326Kb max_used=1339Kb free=4361Kb
 bounds [0x00007d1ba3338000, 0x00007d1ba35a8000, 0x00007d1ba38c6000]
CodeCache: size=245760Kb, used=2378Kb, max_used=2391Kb, free=243379Kb
 total_blobs=1112, nmethods=702, adapters=315, full_count=0
Compilation: enabled, stopped_count=0, restarted_count=0

Compilation events (20 events):
Event: 0.334 Thread 0x0000641a512dff40  432       1       java.lang.invoke.MethodTypeForm::parameterSlotCount (5 bytes)
Event: 0.334 Thread 0x0000641a512dff40 nmethod 432 0x00007d1ba38e8288 code [0x00007d1ba38e8380, 0x00007d1ba38e8440]
Event: 0.334 Thread 0x0000641a512dff40  568       1       jdk.internal.classfile.impl.BufWriterImpl::thisClass (5 bytes)
Event: 0.334 Thread 0x0000641a512dff40 nmethod 568 0x00007d1ba38e8588 code [0x00007d1ba38e8680, 0x00007d1ba38e8740]
Event: 0.334 Thread 0x0000641a512dff40  569       1       jdk.internal.classfile.impl.DirectMethodBuilder::methodName (5 bytes)
Event: 0.334 Thread 0x0000641a512dff40 nmethod 569 0x00007d1ba38e8888 code [0x00007d1ba38e8980, 0x00007d1ba38e8a40]
Event: 0.334 Thread 0x0000641a512dff40  647       1       jdk.internal.classfile.impl.StackMapDecoder$StackMapFrameImpl::locals (5 bytes)
Event: 0.334 Thread 0x0000641a512dff40 nmethod 647 0x00007d1ba38e8b88 code [0x00007d1ba38e8c80, 0x00007d1ba38e8d40]
Event: 0.334 Thread 0x0000641a512dff40  648       1       jdk.internal.classfile.impl.StackMapDecoder$StackMapFrameImpl::target (5 bytes)
Event: 0.334 Thread 0x0000641a512dff40 nmethod 648 0x00007d1ba38e8e88 code [0x00007d1ba38e8f80, 0x00007d1ba38e9040]
Event: 0.334 Thread 0x0000641a512dff40  445       1       jdk.internal.constant.PrimitiveClassDescImpl::descriptorString (5 bytes)
Event: 0.334 Thread 0x0000641a512dff40 nmethod 445 0x00007d1ba38e9188 code [0x00007d1ba38e9280, 0x00007d1ba38e9340]
Event: 0.334 Thread 0x0000641a512dff40  646       1       jdk.internal.classfile.impl.AbstractPseudoInstruction$ExceptionCatchImpl::catchTypeEntry (5 bytes)
Event: 0.334 Thread 0x0000641a512dff40 nmethod 646 0x00007d1ba38e9488 code [0x00007d1ba38e9580, 0x00007d1ba38e9640]
Event: 0.334 Thread 0x0000641a512dff40  652       1       java.lang.classfile.TypeKind::slotSize (5 bytes)
Event: 0.334 Thread 0x0000641a512dff40 nmethod 652 0x00007d1ba38e9788 code [0x00007d1ba38e9880, 0x00007d1ba38e9940]
Event: 0.334 Thread 0x0000641a512dff40  649       1       jdk.internal.classfile.impl.BufWriterImpl::constantPool (5 bytes)
Event: 0.334 Thread 0x0000641a512dff40 nmethod 649 0x00007d1ba38e9a88 code [0x00007d1ba38e9b80, 0x00007d1ba38e9c40]
Event: 0.334 Thread 0x0000641a512dff40  650       1       jdk.internal.classfile.impl.AbstractAttributeMapper::name (5 bytes)
Event: 0.334 Thread 0x0000641a512dff40 nmethod 650 0x00007d1ba38e9d88 code [0x00007d1ba38e9e80, 0x00007d1ba38e9f40]

GC Heap Usage History (2 events):
Event: 0.295 {heap Before GC invocations=0 (full 0):
 garbage-first heap   total reserved 1048576K, committed 131072K, used 6275K [0x00000000c0000000, 0x0000000100000000)
  region size 1024K, 6 young (6144K), 0 survivors (0K)
}
Event: 0.301 {heap After GC invocations=1 (full 1):
 garbage-first heap   total reserved 1048576K, committed 10240K, used 2125K [0x00000000c0000000, 0x0000000100000000)
  region size 1024K, 0 young (0K), 0 survivors (0K)
}

Metaspace Usage History (2 events):
Event: 0.295 {metaspace Before GC invocations=0 (full 0):
 Metaspace       used 1746K, committed 1920K, reserved 1114112K
  class space    used 129K, committed 192K, reserved 1048576K
}
Event: 0.301 {metaspace After GC invocations=1 (full 1):
 Metaspace       used 1746K, committed 1920K, reserved 1114112K
  class space    used 129K, committed 192K, reserved 1048576K
}

Dll operation events (6 events):
Event: 0.003 Loaded shared library /usr/local/sdkman/candidates/java/25.0.1-ms/lib/libjava.so
Event: 0.021 Loaded shared library /usr/local/sdkman/candidates/java/25.0.1-ms/lib/libsimdsort.so
Event: 0.033 Loaded shared library /usr/local/sdkman/candidates/java/25.0.1-ms/lib/libnio.so
Event: 0.040 Loaded shared library /usr/local/sdkman/candidates/java/25.0.1-ms/lib/libzip.so
Event: 0.100 Loaded shared library /usr/local/python/3.12.1/lib/python3.12/site-packages/_jpype.cpython-312-x86_64-linux-gnu.so
Event: 0.142 Loaded shared library /usr/local/sdkman/candidates/java/25.0.1-ms/lib/libjimage.so

Deoptimization events (8 events):
Event: 0.062 Thread 0x0000641a50a07830 Uncommon trap: trap_request=0xffffff45 fr.pc=0x00007d1ba38c98f8 relative=0x0000000000000078
Event: 0.062 Thread 0x0000641a50a07830 Uncommon trap: reason=unstable_if action=reinterpret pc=0x00007d1ba38c98f8 method=jdk.internal.misc.Unsafe.convEndian(ZS)S @ 4 c2
Event: 0.062 Thread 0x0000641a50a07830 DEOPT PACKING pc=0x00007d1ba38c98f8 sp=0x00007ffd230d71e0
Event: 0.062 Thread 0x0000641a50a07830 DEOPT UNPACKING pc=0x00007d1ba3456079 sp=0x00007ffd230d7130 mode 2
Event: 0.094 Thread 0x0000641a50a07830 Uncommon trap: trap_request=0xffffff45 fr.pc=0x00007d1ba38c95f8 relative=0x0000000000000078
Event: 0.094 Thread 0x0000641a50a07830 Uncommon trap: reason=unstable_if action=reinterpret pc=0x00007d1ba38c95f8 method=jdk.internal.misc.Unsafe.convEndian(ZI)I @ 4 c2
Event: 0.094 Thread 0x0000641a50a07830 DEOPT PACKING pc=0x00007d1ba38c95f8 sp=0x00007ffd230d6b40
Event: 0.094 Thread 0x0000641a50a07830 DEOPT UNPACKING pc=0x00007d1ba3456079 sp=0x00007ffd230d6a90 mode 2

Classes loaded (20 events):
Event: 0.292 Loading class java/lang/System$Logger$Level
Event: 0.292 Loading class java/lang/System$Logger$Level done
Event: 0.292 Loading class jdk/internal/logger/SurrogateLogger
Event: 0.292 Loading class jdk/internal/logger/SimpleConsoleLogger
Event: 0.292 Loading class sun/util/logging/PlatformLogger$ConfigurableBridge$LoggerConfiguration
Event: 0.292 Loading class sun/util/logging/PlatformLogger$ConfigurableBridge$LoggerConfiguration done
Event: 0.292 Loading class jdk/internal/logger/SimpleConsoleLogger done
Event: 0.292 Loading class jdk/internal/logger/SurrogateLogger done
Event: 0.293 Loading class sun/util/logging/PlatformLogger
Event: 0.293 Loading class sun/util/logging/PlatformLogger done
Event: 0.301 Loading class sun/util/logging/PlatformLogger$Level
Event: 0.302 Loading class sun/util/logging/PlatformLogger$Level done
Event: 0.303 Loading class jdk/internal/event/ThreadSleepEvent
Event: 0.303 Loading class jdk/internal/event/Event
Event: 0.303 Loading class jdk/internal/event/Event done
Event: 0.303 Loading class jdk/internal/event/ThreadSleepEvent done
Event: 0.350 Loading class java/util/WeakHashMap$KeyIterator
Event: 0.350 Loading class java/util/WeakHashMap$HashIterator
Event: 0.351 Loading class java/util/WeakHashMap$HashIterator done
Event: 0.351 Loading class java/util/WeakHashMap$KeyIterator done

Classes unloaded (0 events):
No events

Classes redefined (0 events):
No events

Internal exceptions (13 events):
Event: 0.079 Thread 0x0000641a50a07830 Exception <a 'java/lang/NoSuchMethodError'{0x00000000c7c83670}: 'void java.lang.invoke.DirectMethodHandle$Holder.invokeSpecial(java.lang.Object, java.lang.Object, java.lang.Object)'> (0x00000000c7c83670) 
thrown [src/hotspot/share/interpreter/linkResolver.cpp, line 803]
Event: 0.104 Thread 0x0000641a50a07830 Exception <a 'java/lang/NoSuchMethodError'{0x00000000c7b06850}: 'int java.lang.invoke.DirectMethodHandle$Holder.invokeStaticInit(java.lang.Object, java.lang.Object)'> (0x00000000c7b06850) 
thrown [src/hotspot/share/interpreter/linkResolver.cpp, line 803]
Event: 0.105 Thread 0x0000641a50a07830 Exception <a 'java/lang/NoSuchMethodError'{0x00000000c7b163f0}: 'java.lang.Object java.lang.invoke.DirectMethodHandle$Holder.invokeStaticInit(java.lang.Object, int)'> (0x00000000c7b163f0) 
thrown [src/hotspot/share/interpreter/linkResolver.cpp, line 803]
Event: 0.110 Thread 0x0000641a50a07830 Exception <a 'java/lang/NoSuchMethodError'{0x00000000c7b3cb30}: 'java.lang.Object java.lang.invoke.DirectMethodHandle$Holder.newInvokeSpecial(java.lang.Object, java.lang.Object, java.lang.Object, java.lang.Object, java.lang.Object)'> (0x00000000c7b3cb30) 
thrown [src/hotspot/share/interpreter/linkResolver.cpp, line 803]
Event: 0.111 Thread 0x0000641a50a07830 Exception <a 'java/lang/NoSuchMethodError'{0x00000000c7b94458}: 'void java.lang.invoke.DirectMethodHandle$Holder.invokeStatic(java.lang.Object, java.lang.Object, java.lang.Object, java.lang.Object)'> (0x00000000c7b94458) 
thrown [src/hotspot/share/interpreter/linkResolver.cpp, line 803]
Event: 0.113 Thread 0x0000641a50a07830 Exception <a 'java/lang/NoSuchMethodError'{0x00000000c7bada68}: 'void java.lang.invoke.DirectMethodHandle$Holder.invokeStatic(java.lang.Object, java.lang.Object, java.lang.Object)'> (0x00000000c7bada68) 
thrown [src/hotspot/share/interpreter/linkResolver.cpp, line 803]
Event: 0.120 Thread 0x0000641a50a07830 Exception <a 'java/lang/NoSuchMethodError'{0x00000000c7bd7708}: 'java.lang.Object java.lang.invoke.DirectMethodHandle$Holder.invokeInterface(java.lang.Object, java.lang.Object)'> (0x00000000c7bd7708) 
thrown [src/hotspot/share/interpreter/linkResolver.cpp, line 803]
Event: 0.120 Thread 0x0000641a50a07830 Exception <a 'java/lang/IncompatibleClassChangeError'{0x00000000c7bdfb88}: Found class java.lang.Object, but interface was expected> (0x00000000c7bdfb88) 
thrown [src/hotspot/share/interpreter/linkResolver.cpp, line 871]
Event: 0.121 Thread 0x0000641a50a07830 Exception <a 'java/lang/NoSuchMethodError'{0x00000000c7be7d80}: 'void java.lang.invoke.DirectMethodHandle$Holder.invokeStatic(java.lang.Object, java.lang.Object)'> (0x00000000c7be7d80) 
thrown [src/hotspot/share/interpreter/linkResolver.cpp, line 803]
Event: 0.124 Thread 0x0000641a50a07830 Exception <a 'java/lang/NoSuchMethodError'{0x00000000c7bfb7d0}: 'java.lang.Object java.lang.invoke.Invokers$Holder.invokeExact_MT(java.lang.Object, java.lang.Object, java.lang.Object, java.lang.Object, java.lang.Object)'> (0x00000000c7bfb7d0) 
thrown [src/hotspot/share/interpreter/linkResolver.cpp, line 803]
Event: 0.127 Thread 0x0000641a50a07830 Exception <a 'java/lang/NoSuchMethodError'{0x00000000c7a17a38}: 'int java.lang.invoke.Invokers$Holder.invokeExact_MT(java.lang.Object, java.lang.Object, java.lang.Object)'> (0x00000000c7a17a38) 
thrown [src/hotspot/share/interpreter/linkResolver.cpp, line 803]
Event: 0.147 Thread 0x0000641a50a07830 Exception <a 'java/lang/NoSuchMethodError'{0x00000000c7a8dbd8}: 'java.lang.Object java.lang.invoke.DirectMethodHandle$Holder.invokeStaticInit(java.lang.Object)'> (0x00000000c7a8dbd8) 
thrown [src/hotspot/share/interpreter/linkResolver.cpp, line 803]
Event: 0.199 Thread 0x0000641a50a07830 Exception <a 'java/lang/IncompatibleClassChangeError'{0x00000000c7914170}: Found class java.lang.Object, but interface was expected> (0x00000000c7914170) 
thrown [src/hotspot/share/interpreter/linkResolver.cpp, line 871]

VM Operations (4 events):
Event: 0.293 Executing safepoint VM operation: G1CollectFull (System.gc())
Event: 0.301 Executing safepoint VM operation: G1CollectFull (System.gc()) done
Event: 0.310 Executing safepoint VM operation: ThreadDump
Event: 0.310 Executing safepoint VM operation: ThreadDump done

Memory protections (15 events):
Event: 0.002 Protecting memory [0x00007ffd22fdc000,0x00007ffd22fe0000] with protection modes 0
Event: 0.010 Protecting memory [0x000000002c000000,0x000000002c001000] with protection modes 0
Event: 0.019 Protecting memory [0x00007d1b77f00000,0x00007d1b77f04000] with protection modes 0
Event: 0.019 Protecting memory [0x00007d1b77dff000,0x00007d1b77e03000] with protection modes 0
Event: 0.020 Protecting memory [0x00007d1b77cfe000,0x00007d1b77d02000] with protection modes 0
Event: 0.020 Protecting memory [0x00007d1b77bfd000,0x00007d1b77c01000] with protection modes 0
Event: 0.020 Protecting memory [0x00007d1b77afc000,0x00007d1b77b00000] with protection modes 0
Event: 0.020 Protecting memory [0x00007d1b779fb000,0x00007d1b779ff000] with protection modes 0
Event: 0.021 Protecting memory [0x00007d1b778fa000,0x00007d1b778fe000] with protection modes 0
Event: 0.031 Protecting memory [0x00007d1b777f9000,0x00007d1b777fd000] with protection modes 0
Event: 0.032 Protecting memory [0x00007d1b776f8000,0x00007d1b776fc000] with protection modes 0
Event: 0.125 Protecting memory [0x00007d1bbaeea000,0x00007d1bbaeeb000] with protection modes 1
Event: 0.140 Protecting memory [0x00007d1b775f7000,0x00007d1b775fb000] with protection modes 0
Event: 0.288 Protecting memory [0x00007d1b774f6000,0x00007d1b774fa000] with protection modes 0
Event: 0.303 Protecting memory [0x00007d1b772f4000,0x00007d1b772f8000] with protection modes 0

Nmethod flushes (0 events):
No events

Events (14 events):
Event: 0.011 Thread 0x0000641a50a07830 Thread added: 0x0000641a50a07830
Event: 0.019 Thread 0x0000641a50a07830 Thread added: 0x0000641a512d60e0
Event: 0.019 Thread 0x0000641a50a07830 Thread added: 0x0000641a512d7990
Event: 0.020 Thread 0x0000641a50a07830 Thread added: 0x0000641a512d9460
Event: 0.020 Thread 0x0000641a50a07830 Thread added: 0x0000641a512dae00
Event: 0.020 Thread 0x0000641a50a07830 Thread added: 0x0000641a512dc700
Event: 0.020 Thread 0x0000641a50a07830 Thread added: 0x0000641a512de4d0
Event: 0.021 Thread 0x0000641a50a07830 Thread added: 0x0000641a512dff40
Event: 0.029 Thread 0x0000641a50a07830 Thread added: 0x0000641a512f3df0
Event: 0.032 Thread 0x0000641a50a07830 Thread added: 0x0000641a512f5f30
Event: 0.139 Thread 0x0000641a50a07830 Thread added: 0x0000641a5148dea0
Event: 0.288 Thread 0x0000641a512d9460 Thread added: 0x00007d1b6c001030
Event: 0.303 Thread 0x00007d1b6c001030 Thread added: 0x00007d1b5c237c10
Event: 0.350 Thread 0x0000641a5148dea0 Thread exited: 0x0000641a5148dea0


Dynamic libraries:
2c000000-2c001000 ---p 00000000 00:00 0 
2c001000-2c4ab000 rw-p 00001000 00:2d 681584                             /usr/local/sdkman/candidates/java/25.0.1-ms/lib/server/classes.jsa
2c4ab000-2cd8c000 rw-p 004ab000 00:2d 681584                             /usr/local/sdkman/candidates/java/25.0.1-ms/lib/server/classes.jsa
2cd8c000-2d000000 ---p 00000000 00:00 0 
2d000000-2d020000 rw-p 00000000 00:00 0 
2d020000-2d040000 ---p 00000000 00:00 0 
2d040000-2d050000 rw-p 00000000 00:00 0 
2d050000-6d000000 ---p 00000000 00:00 0 
c0000000-c0900000 rw-p 00000000 00:00 0 
c0900000-ffe00000 ---p 00000000 00:00 0 
ffe00000-fff00000 rw-p 00dbf000 00:2d 681584                             /usr/local/sdkman/candidates/java/25.0.1-ms/lib/server/classes.jsa
fff00000-100000000 ---p 00000000 00:00 0 
641a4b424000-641a4b522000 r--p 00000000 00:2d 828064                     /usr/local/python/3.12.1/bin/python3.12
641a4b522000-641a4b7bf000 r-xp 000fe000 00:2d 828064                     /usr/local/python/3.12.1/bin/python3.12
641a4b7bf000-641a4b911000 r--p 0039b000 00:2d 828064                     /usr/local/python/3.12.1/bin/python3.12
641a4b911000-641a4b988000 r--p 004ed000 00:2d 828064                     /usr/local/python/3.12.1/bin/python3.12
641a4b988000-641a4baf5000 rw-p 00564000 00:2d 828064                     /usr/local/python/3.12.1/bin/python3.12
641a4baf5000-641a4baf7000 rw-p 00000000 00:00 0 
641a4f132000-641a515a0000 rw-p 00000000 00:00 0                          [heap]
7d1b50000000-7d1b50021000 rw-p 00000000 00:00 0 
7d1b50021000-7d1b54000000 ---p 00000000 00:00 0 
7d1b58000000-7d1b58226000 rw-p 00000000 00:00 0 
7d1b58226000-7d1b5c000000 ---p 00000000 00:00 0 
7d1b5c000000-7d1b5c550000 rw-p 00000000 00:00 0 
7d1b5c550000-7d1b60000000 ---p 00000000 00:00 0 
7d1b60000000-7d1b60021000 rw-p 00000000 00:00 0 
7d1b60021000-7d1b64000000 ---p 00000000 00:00 0 
7d1b64000000-7d1b64021000 rw-p 00000000 00:00 0 
7d1b64021000-7d1b68000000 ---p 00000000 00:00 0 
7d1b68000000-7d1b68021000 rw-p 00000000 00:00 0 
7d1b68021000-7d1b6c000000 ---p 00000000 00:00 0 
7d1b6c000000-7d1b6c021000 rw-p 00000000 00:00 0 
7d1b6c021000-7d1b70000000 ---p 00000000 00:00 0 
7d1b70000000-7d1b70021000 rw-p 00000000 00:00 0 
7d1b70021000-7d1b74000000 ---p 00000000 00:00 0 
7d1b772f3000-7d1b772f4000 ---p 00000000 00:00 0 
7d1b772f4000-7d1b772f8000 ---p 00000000 00:00 0 
7d1b772f8000-7d1b773f4000 rw-p 00000000 00:00 0 
7d1b773f4000-7d1b773f5000 ---p 00000000 00:00 0 
7d1b773f5000-7d1b774f5000 rw-p 00000000 00:00 0 
7d1b774f5000-7d1b774f6000 ---p 00000000 00:00 0 
7d1b774f6000-7d1b774fa000 ---p 00000000 00:00 0 
7d1b774fa000-7d1b775f6000 rw-p 00000000 00:00 0 
7d1b775f6000-7d1b775f7000 ---p 00000000 00:00 0 
7d1b775f7000-7d1b775fb000 ---p 00000000 00:00 0 
7d1b775fb000-7d1b776f7000 rw-p 00000000 00:00 0 
7d1b776f7000-7d1b776f8000 ---p 00000000 00:00 0 
7d1b776f8000-7d1b776fc000 ---p 00000000 00:00 0 
7d1b776fc000-7d1b777f8000 rw-p 00000000 00:00 0 
7d1b777f8000-7d1b777f9000 ---p 00000000 00:00 0 
7d1b777f9000-7d1b777fd000 ---p 00000000 00:00 0 
7d1b777fd000-7d1b778f9000 rw-p 00000000 00:00 0 
7d1b778f9000-7d1b778fa000 ---p 00000000 00:00 0 
7d1b778fa000-7d1b778fe000 ---p 00000000 00:00 0 
7d1b778fe000-7d1b779fa000 rw-p 00000000 00:00 0 
7d1b779fa000-7d1b779fb000 ---p 00000000 00:00 0 
7d1b779fb000-7d1b779ff000 ---p 00000000 00:00 0 
7d1b779ff000-7d1b77afb000 rw-p 00000000 00:00 0 
7d1b77afb000-7d1b77afc000 ---p 00000000 00:00 0 
7d1b77afc000-7d1b77b00000 ---p 00000000 00:00 0 
7d1b77b00000-7d1b77bfc000 rw-p 00000000 00:00 0 
7d1b77bfc000-7d1b77bfd000 ---p 00000000 00:00 0 
7d1b77bfd000-7d1b77c01000 ---p 00000000 00:00 0 
7d1b77c01000-7d1b77cfd000 rw-p 00000000 00:00 0 
7d1b77cfd000-7d1b77cfe000 ---p 00000000 00:00 0 
7d1b77cfe000-7d1b77d02000 ---p 00000000 00:00 0 
7d1b77d02000-7d1b77dfe000 rw-p 00000000 00:00 0 
7d1b77dfe000-7d1b77dff000 ---p 00000000 00:00 0 
7d1b77dff000-7d1b77e03000 ---p 00000000 00:00 0 
7d1b77e03000-7d1b77eff000 rw-p 00000000 00:00 0 
7d1b77eff000-7d1b77f00000 ---p 00000000 00:00 0 
7d1b77f00000-7d1b77f04000 ---p 00000000 00:00 0 
7d1b77f04000-7d1b78000000 rw-p 00000000 00:00 0 
7d1b78000000-7d1b78190000 rw-p 00000000 00:00 0 
7d1b78190000-7d1b78400000 ---p 00000000 00:00 0 
7d1b78400000-7d1b78430000 rw-p 00000000 00:00 0 
7d1b78430000-7d1b7c000000 ---p 00000000 00:00 0 
7d1b7c000000-7d1b7c021000 rw-p 00000000 00:00 0 
7d1b7c021000-7d1b80000000 ---p 00000000 00:00 0 
7d1b80000000-7d1b80619000 rw-p 00000000 00:00 0 
7d1b80619000-7d1b84000000 ---p 00000000 00:00 0 
7d1b84000000-7d1b84021000 rw-p 00000000 00:00 0 
7d1b84021000-7d1b88000000 ---p 00000000 00:00 0 
7d1b88000000-7d1b88021000 rw-p 00000000 00:00 0 
7d1b88021000-7d1b8c000000 ---p 00000000 00:00 0 
7d1b8c000000-7d1b8c021000 rw-p 00000000 00:00 0 
7d1b8c021000-7d1b90000000 ---p 00000000 00:00 0 
7d1b90000000-7d1b90021000 rw-p 00000000 00:00 0 
7d1b90021000-7d1b94000000 ---p 00000000 00:00 0 
7d1b94000000-7d1b94021000 rw-p 00000000 00:00 0 
7d1b94021000-7d1b98000000 ---p 00000000 00:00 0 
7d1b980fd000-7d1b980fe000 ---p 00000000 00:00 0 
7d1b980fe000-7d1b981fe000 rw-p 00000000 00:00 0 
7d1b981fe000-7d1b981ff000 ---p 00000000 00:00 0 
7d1b981ff000-7d1b982ff000 rw-p 00000000 00:00 0 
7d1b982ff000-7d1b98300000 ---p 00000000 00:00 0 
7d1b98300000-7d1b98400000 rw-p 00000000 00:00 0 
7d1b98400000-7d1b9a400000 rw-p 00000000 00:00 0 
7d1b9a4fd000-7d1b9a4fe000 ---p 00000000 00:00 0 
7d1b9a4fe000-7d1b9a5fe000 rw-p 00000000 00:00 0 
7d1b9a5fe000-7d1b9a5ff000 ---p 00000000 00:00 0 
7d1b9a5ff000-7d1b9a6ff000 rw-p 00000000 00:00 0 
7d1b9a6ff000-7d1b9a700000 ---p 00000000 00:00 0 
7d1b9a700000-7d1b9a800000 rw-p 00000000 00:00 0 
7d1b9a800000-7d1b9a824000 rw-p 00000000 00:00 0 
7d1b9a824000-7d1b9b7f8000 ---p 00000000 00:00 0 
7d1b9b7f8000-7d1b9b7fc000 rw-p 00000000 00:00 0 
7d1b9b7fc000-7d1b9b800000 ---p 00000000 00:00 0 
7d1b9b800000-7d1b9b805000 rw-p 00000000 00:00 0 
7d1b9b805000-7d1b9b9ff000 ---p 00000000 00:00 0 
7d1b9b9ff000-7d1b9ba05000 rw-p 00000000 00:00 0 
7d1b9ba05000-7d1b9bbff000 ---p 00000000 00:00 0 
7d1b9bbff000-7d1b9bc00000 rw-p 00000000 00:00 0 
7d1b9bc14000-7d1b9bc15000 ---p 00000000 00:00 0 
7d1b9bc15000-7d1b9bd15000 rw-p 00000000 00:00 0 
7d1b9bd15000-7d1b9bd1a000 rw-p 00000000 00:00 0 
7d1b9bd1a000-7d1b9be00000 ---p 00000000 00:00 0 
7d1b9be00000-7d1b9c070000 rwxp 00000000 00:00 0 
7d1b9c070000-7d1ba3338000 ---p 00000000 00:00 0 
7d1ba3338000-7d1ba35a8000 rwxp 00000000 00:00 0 
7d1ba35a8000-7d1ba38c6000 ---p 00000000 00:00 0 
7d1ba38c6000-7d1ba3b36000 rwxp 00000000 00:00 0 
7d1ba3b36000-7d1baae00000 ---p 00000000 00:00 0 
7d1baae51000-7d1baae8e000 r-xp 00000000 00:2d 681571                     /usr/local/sdkman/candidates/java/25.0.1-ms/lib/libsimdsort.so
7d1baae8e000-7d1baae8f000 ---p 0003d000 00:2d 681571                     /usr/local/sdkman/candidates/java/25.0.1-ms/lib/libsimdsort.so
7d1baae8f000-7d1baae90000 r--p 0003d000 00:2d 681571                     /usr/local/sdkman/candidates/java/25.0.1-ms/lib/libsimdsort.so
7d1baae90000-7d1baae91000 rw-p 0003e000 00:2d 681571                     /usr/local/sdkman/candidates/java/25.0.1-ms/lib/libsimdsort.so
7d1baae91000-7d1baae96000 rw-p 00000000 00:00 0 
7d1baae96000-7d1baaf7c000 ---p 00000000 00:00 0 
7d1baaf7c000-7d1bb3a6f000 r--s 00000000 00:2d 681576                     /usr/local/sdkman/candidates/java/25.0.1-ms/lib/modules
7d1bb3a6f000-7d1bb5012000 r-xp 00000000 00:2d 681589                     /usr/local/sdkman/candidates/java/25.0.1-ms/lib/server/libjvm.so
7d1bb5012000-7d1bb5013000 ---p 015a3000 00:2d 681589                     /usr/local/sdkman/candidates/java/25.0.1-ms/lib/server/libjvm.so
7d1bb5013000-7d1bb50fc000 r--p 015a3000 00:2d 681589                     /usr/local/sdkman/candidates/java/25.0.1-ms/lib/server/libjvm.so
7d1bb50fc000-7d1bb5127000 rw-p 0168c000 00:2d 681589                     /usr/local/sdkman/candidates/java/25.0.1-ms/lib/server/libjvm.so
7d1bb5127000-7d1bb51a3000 rw-p 00000000 00:00 0 
7d1bb51a3000-7d1bb5376000 r--p 00000000 00:2d 1078548                    /usr/local/python/3.12.1/lib/python3.12/site-packages/pymupdf/_mupdf.so
7d1bb5376000-7d1bb5821000 r-xp 001d3000 00:2d 1078548                    /usr/local/python/3.12.1/lib/python3.12/site-packages/pymupdf/_mupdf.so
7d1bb5821000-7d1bb5cfb000 r--p 0067e000 00:2d 1078548                    /usr/local/python/3.12.1/lib/python3.12/site-packages/pymupdf/_mupdf.so
7d1bb5cfb000-7d1bb5cff000 r--p 00b57000 00:2d 1078548                    /usr/local/python/3.12.1/lib/python3.12/site-packages/pymupdf/_mupdf.so
7d1bb5cff000-7d1bb5d93000 rw-p 00b5b000 00:2d 1078548                    /usr/local/python/3.12.1/lib/python3.12/site-packages/pymupdf/_mupdf.so
7d1bb5d93000-7d1bb6395000 rw-p 00000000 00:00 0 
7d1bb63b6000-7d1bb63c2000 r-xp 00000000 00:2d 681565                     /usr/local/sdkman/candidates/java/25.0.1-ms/lib/libnet.so
7d1bb63c2000-7d1bb63c3000 r--p 0000b000 00:2d 681565                     /usr/local/sdkman/candidates/java/25.0.1-ms/lib/libnet.so
7d1bb63c3000-7d1bb63c4000 rw-p 0000c000 00:2d 681565                     /usr/local/sdkman/candidates/java/25.0.1-ms/lib/libnet.so
7d1bb63c4000-7d1bb66e7000 rw-p 00000000 00:00 0 
7d1bb66e7000-7d1bb67df000 r--p 00000000 00:2d 1078549                    /usr/local/python/3.12.1/lib/python3.12/site-packages/pymupdf/libmupdfcpp.so.27.2
7d1bb67df000-7d1bb688a000 r-xp 000f8000 00:2d 1078549                    /usr/local/python/3.12.1/lib/python3.12/site-packages/pymupdf/libmupdfcpp.so.27.2
7d1bb688a000-7d1bb68e0000 r--p 001a3000 00:2d 1078549                    /usr/local/python/3.12.1/lib/python3.12/site-packages/pymupdf/libmupdfcpp.so.27.2
7d1bb68e0000-7d1bb68e2000 r--p 001f8000 00:2d 1078549                    /usr/local/python/3.12.1/lib/python3.12/site-packages/pymupdf/libmupdfcpp.so.27.2
7d1bb68e2000-7d1bb68ef000 rw-p 001fa000 00:2d 1078549                    /usr/local/python/3.12.1/lib/python3.12/site-packages/pymupdf/libmupdfcpp.so.27.2
7d1bb68ef000-7d1bb6a32000 r--p 00000000 00:2d 1078550                    /usr/local/python/3.12.1/lib/python3.12/site-packages/pymupdf/libmupdf.so.27.2
7d1bb6a32000-7d1bb73ce000 r-xp 00143000 00:2d 1078550                    /usr/local/python/3.12.1/lib/python3.12/site-packages/pymupdf/libmupdf.so.27.2
7d1bb73ce000-7d1bb7895000 r--p 00adf000 00:2d 1078550                    /usr/local/python/3.12.1/lib/python3.12/site-packages/pymupdf/libmupdf.so.27.2
7d1bb7895000-7d1bb78b4000 r--p 00fa6000 00:2d 1078550                    /usr/local/python/3.12.1/lib/python3.12/site-packages/pymupdf/libmupdf.so.27.2
7d1bb78b4000-7d1bb8a56000 rw-p 00fc5000 00:2d 1078550                    /usr/local/python/3.12.1/lib/python3.12/site-packages/pymupdf/libmupdf.so.27.2
7d1bb8a56000-7d1bb8c63000 rw-p 00000000 00:00 0 
7d1bb8c6a000-7d1bb8f40000 rw-p 00000000 00:00 0 
7d1bb8f40000-7d1bb8f8e000 r--p 00000000 00:2d 1065088                    /usr/local/python/3.12.1/lib/python3.12/site-packages/lxml/etree.cpython-312-x86_64-linux-gnu.so
7d1bb8f8e000-7d1bb92b3000 r-xp 0004e000 00:2d 1065088                    /usr/local/python/3.12.1/lib/python3.12/site-packages/lxml/etree.cpython-312-x86_64-linux-gnu.so
7d1bb92b3000-7d1bb943a000 r--p 00373000 00:2d 1065088                    /usr/local/python/3.12.1/lib/python3.12/site-packages/lxml/etree.cpython-312-x86_64-linux-gnu.so
7d1bb943a000-7d1bb9449000 r--p 004fa000 00:2d 1065088                    /usr/local/python/3.12.1/lib/python3.12/site-packages/lxml/etree.cpython-312-x86_64-linux-gnu.so
7d1bb9449000-7d1bb9465000 rw-p 00509000 00:2d 1065088                    /usr/local/python/3.12.1/lib/python3.12/site-packages/lxml/etree.cpython-312-x86_64-linux-gnu.so
7d1bb9465000-7d1bb966e000 rw-p 00000000 00:00 0 
7d1bb966e000-7d1bb9671000 r--p 00000000 00:2d 830487                     /usr/local/python/3.12.1/lib/python3.12/lib-dynload/_multibytecodec.cpython-312-x86_64-linux-gnu.so
7d1bb9671000-7d1bb9677000 r-xp 00003000 00:2d 830487                     /usr/local/python/3.12.1/lib/python3.12/lib-dynload/_multibytecodec.cpython-312-x86_64-linux-gnu.so
7d1bb9677000-7d1bb9679000 r--p 00009000 00:2d 830487                     /usr/local/python/3.12.1/lib/python3.12/lib-dynload/_multibytecodec.cpython-312-x86_64-linux-gnu.so
7d1bb9679000-7d1bb967a000 r--p 0000a000 00:2d 830487                     /usr/local/python/3.12.1/lib/python3.12/lib-dynload/_multibytecodec.cpython-312-x86_64-linux-gnu.so
7d1bb967a000-7d1bb967b000 rw-p 0000b000 00:2d 830487                     /usr/local/python/3.12.1/lib/python3.12/lib-dynload/_multibytecodec.cpython-312-x86_64-linux-gnu.so
7d1bb967b000-7d1bb9689000 r--p 00000000 00:2d 795733                     /home/codespace/.local/lib/python3.12/site-packages/charset_normalizer/md__mypyc.cpython-312-x86_64-linux-gnu.so
7d1bb9689000-7d1bb96a9000 r-xp 0000e000 00:2d 795733                     /home/codespace/.local/lib/python3.12/site-packages/charset_normalizer/md__mypyc.cpython-312-x86_64-linux-gnu.so
7d1bb96a9000-7d1bb96b3000 r--p 0002e000 00:2d 795733                     /home/codespace/.local/lib/python3.12/site-packages/charset_normalizer/md__mypyc.cpython-312-x86_64-linux-gnu.so
7d1bb96b3000-7d1bb96b4000 r--p 00037000 00:2d 795733                     /home/codespace/.local/lib/python3.12/site-packages/charset_normalizer/md__mypyc.cpython-312-x86_64-linux-gnu.so
7d1bb96b4000-7d1bb96b8000 rw-p 00038000 00:2d 795733                     /home/codespace/.local/lib/python3.12/site-packages/charset_normalizer/md__mypyc.cpython-312-x86_64-linux-gnu.so
7d1bb96b8000-7d1bb97b9000 rw-p 00000000 00:00 0 
7d1bb97b9000-7d1bb97bf000 r--p 00000000 00:2d 830525                     /usr/local/python/3.12.1/lib/python3.12/lib-dynload/pyexpat.cpython-312-x86_64-linux-gnu.so
7d1bb97bf000-7d1bb97e4000 r-xp 00006000 00:2d 830525                     /usr/local/python/3.12.1/lib/python3.12/lib-dynload/pyexpat.cpython-312-x86_64-linux-gnu.so
7d1bb97e4000-7d1bb97ef000 r--p 0002b000 00:2d 830525                     /usr/local/python/3.12.1/lib/python3.12/lib-dynload/pyexpat.cpython-312-x86_64-linux-gnu.so
7d1bb97ef000-7d1bb97f2000 r--p 00035000 00:2d 830525                     /usr/local/python/3.12.1/lib/python3.12/lib-dynload/pyexpat.cpython-312-x86_64-linux-gnu.so
7d1bb97f2000-7d1bb97f4000 rw-p 00038000 00:2d 830525                     /usr/local/python/3.12.1/lib/python3.12/lib-dynload/pyexpat.cpython-312-x86_64-linux-gnu.so
7d1bb97f4000-7d1bb97f8000 r--p 00000000 00:2d 830479                     /usr/local/python/3.12.1/lib/python3.12/lib-dynload/_elementtree.cpython-312-x86_64-linux-gnu.so
7d1bb97f8000-7d1bb9804000 r-xp 00004000 00:2d 830479                     /usr/local/python/3.12.1/lib/python3.12/lib-dynload/_elementtree.cpython-312-x86_64-linux-gnu.so
7d1bb9804000-7d1bb9807000 r--p 00010000 00:2d 830479                     /usr/local/python/3.12.1/lib/python3.12/lib-dynload/_elementtree.cpython-312-x86_64-linux-gnu.so
7d1bb9807000-7d1bb9808000 r--p 00012000 00:2d 830479                     /usr/local/python/3.12.1/lib/python3.12/lib-dynload/_elementtree.cpython-312-x86_64-linux-gnu.so
7d1bb9808000-7d1bb980a000 rw-p 00013000 00:2d 830479                     /usr/local/python/3.12.1/lib/python3.12/lib-dynload/_elementtree.cpython-312-x86_64-linux-gnu.so
7d1bb980a000-7d1bb9c0a000 rw-p 00000000 00:00 0 
7d1bb9c0a000-7d1bb9c0c000 r--p 00000000 00:2d 394126                     /usr/lib/x86_64-linux-gnu/libffi.so.8.1.4
7d1bb9c0c000-7d1bb9c13000 r-xp 00002000 00:2d 394126                     /usr/lib/x86_64-linux-gnu/libffi.so.8.1.4
7d1bb9c13000-7d1bb9c14000 r--p 00009000 00:2d 394126                     /usr/lib/x86_64-linux-gnu/libffi.so.8.1.4
7d1bb9c14000-7d1bb9c15000 r--p 0000a000 00:2d 394126                     /usr/lib/x86_64-linux-gnu/libffi.so.8.1.4
7d1bb9c15000-7d1bb9c16000 rw-p 0000b000 00:2d 394126                     /usr/lib/x86_64-linux-gnu/libffi.so.8.1.4
7d1bb9c16000-7d1bb9c1c000 r--p 00000000 00:2d 830473                     /usr/local/python/3.12.1/lib/python3.12/lib-dynload/_ctypes.cpython-312-x86_64-linux-gnu.so
7d1bb9c1c000-7d1bb9c2e000 r-xp 00006000 00:2d 830473                     /usr/local/python/3.12.1/lib/python3.12/lib-dynload/_ctypes.cpython-312-x86_64-linux-gnu.so
7d1bb9c2e000-7d1bb9c34000 r--p 00018000 00:2d 830473                     /usr/local/python/3.12.1/lib/python3.12/lib-dynload/_ctypes.cpython-312-x86_64-linux-gnu.so
7d1bb9c34000-7d1bb9c35000 r--p 0001d000 00:2d 830473                     /usr/local/python/3.12.1/lib/python3.12/lib-dynload/_ctypes.cpython-312-x86_64-linux-gnu.so
7d1bb9c35000-7d1bb9c39000 rw-p 0001e000 00:2d 830473                     /usr/local/python/3.12.1/lib/python3.12/lib-dynload/_ctypes.cpython-312-x86_64-linux-gnu.so
7d1bb9c39000-7d1bb9d39000 rw-p 00000000 00:00 0 
7d1bb9d39000-7d1bb9d74000 r--p 00000000 00:2d 1065257                    /usr/local/python/3.12.1/lib/python3.12/site-packages/_jpype.cpython-312-x86_64-linux-gnu.so
7d1bb9d74000-7d1bb9dc8000 r-xp 0003b000 00:2d 1065257                    /usr/local/python/3.12.1/lib/python3.12/site-packages/_jpype.cpython-312-x86_64-linux-gnu.so
7d1bb9dc8000-7d1bb9df0000 r--p 0008f000 00:2d 1065257                    /usr/local/python/3.12.1/lib/python3.12/site-packages/_jpype.cpython-312-x86_64-linux-gnu.so
7d1bb9df0000-7d1bb9df1000 ---p 000b7000 00:2d 1065257                    /usr/local/python/3.12.1/lib/python3.12/site-packages/_jpype.cpython-312-x86_64-linux-gnu.so
7d1bb9df1000-7d1bb9df5000 r--p 000b7000 00:2d 1065257                    /usr/local/python/3.12.1/lib/python3.12/site-packages/_jpype.cpython-312-x86_64-linux-gnu.so
7d1bb9df5000-7d1bb9df9000 rw-p 000bb000 00:2d 1065257                    /usr/local/python/3.12.1/lib/python3.12/site-packages/_jpype.cpython-312-x86_64-linux-gnu.so
7d1bb9df9000-7d1bb9ef9000 rw-p 00000000 00:00 0 
7d1bb9ef9000-7d1bb9efe000 r--p 00000000 00:2d 1062218                    /usr/local/python/3.12.1/lib/python3.12/site-packages/frozenlist/_frozenlist.cpython-312-x86_64-linux-gnu.so
7d1bb9efe000-7d1bb9f0b000 r-xp 00005000 00:2d 1062218                    /usr/local/python/3.12.1/lib/python3.12/site-packages/frozenlist/_frozenlist.cpython-312-x86_64-linux-gnu.so
7d1bb9f0b000-7d1bb9f0f000 r--p 00012000 00:2d 1062218                    /usr/local/python/3.12.1/lib/python3.12/site-packages/frozenlist/_frozenlist.cpython-312-x86_64-linux-gnu.so
7d1bb9f0f000-7d1bb9f10000 r--p 00015000 00:2d 1062218                    /usr/local/python/3.12.1/lib/python3.12/site-packages/frozenlist/_frozenlist.cpython-312-x86_64-linux-gnu.so
7d1bb9f10000-7d1bb9f12000 rw-p 00016000 00:2d 1062218                    /usr/local/python/3.12.1/lib/python3.12/site-packages/frozenlist/_frozenlist.cpython-312-x86_64-linux-gnu.so
7d1bb9f12000-7d1bba012000 rw-p 00000000 00:00 0 
7d1bba012000-7d1bba018000 r--p 00000000 00:2d 1062364                    /usr/local/python/3.12.1/lib/python3.12/site-packages/aiohttp/_websocket/reader_c.cpython-312-x86_64-linux-gnu.so
7d1bba018000-7d1bba03b000 r-xp 00006000 00:2d 1062364                    /usr/local/python/3.12.1/lib/python3.12/site-packages/aiohttp/_websocket/reader_c.cpython-312-x86_64-linux-gnu.so
7d1bba03b000-7d1bba042000 r--p 00029000 00:2d 1062364                    /usr/local/python/3.12.1/lib/python3.12/site-packages/aiohttp/_websocket/reader_c.cpython-312-x86_64-linux-gnu.so
7d1bba042000-7d1bba044000 r--p 0002f000 00:2d 1062364                    /usr/local/python/3.12.1/lib/python3.12/site-packages/aiohttp/_websocket/reader_c.cpython-312-x86_64-linux-gnu.so
7d1bba044000-7d1bba046000 rw-p 00031000 00:2d 1062364                    /usr/local/python/3.12.1/lib/python3.12/site-packages/aiohttp/_websocket/reader_c.cpython-312-x86_64-linux-gnu.so
7d1bba046000-7d1bba047000 rw-p 00000000 00:00 0 
7d1bba047000-7d1bba04a000 r--p 00000000 00:2d 1062359                    /usr/local/python/3.12.1/lib/python3.12/site-packages/aiohttp/_websocket/mask.cpython-312-x86_64-linux-gnu.so
7d1bba04a000-7d1bba04f000 r-xp 00003000 00:2d 1062359                    /usr/local/python/3.12.1/lib/python3.12/site-packages/aiohttp/_websocket/mask.cpython-312-x86_64-linux-gnu.so
7d1bba04f000-7d1bba051000 r--p 00008000 00:2d 1062359                    /usr/local/python/3.12.1/lib/python3.12/site-packages/aiohttp/_websocket/mask.cpython-312-x86_64-linux-gnu.so
7d1bba051000-7d1bba052000 r--p 00009000 00:2d 1062359                    /usr/local/python/3.12.1/lib/python3.12/site-packages/aiohttp/_websocket/mask.cpython-312-x86_64-linux-gnu.so
7d1bba052000-7d1bba053000 rw-p 0000a000 00:2d 1062359                    /usr/local/python/3.12.1/lib/python3.12/site-packages/aiohttp/_websocket/mask.cpython-312-x86_64-linux-gnu.so
7d1bba053000-7d1bba05d000 r--p 00000000 00:2d 1062299                    /usr/local/python/3.12.1/lib/python3.12/site-packages/aiohttp/_http_parser.cpython-312-x86_64-linux-gnu.so
7d1bba05d000-7d1bba0b3000 r-xp 0000a000 00:2d 1062299                    /usr/local/python/3.12.1/lib/python3.12/site-packages/aiohttp/_http_parser.cpython-312-x86_64-linux-gnu.so
7d1bba0b3000-7d1bba0bf000 r--p 00060000 00:2d 1062299                    /usr/local/python/3.12.1/lib/python3.12/site-packages/aiohttp/_http_parser.cpython-312-x86_64-linux-gnu.so
7d1bba0bf000-7d1bba0c1000 r--p 0006c000 00:2d 1062299                    /usr/local/python/3.12.1/lib/python3.12/site-packages/aiohttp/_http_parser.cpython-312-x86_64-linux-gnu.so
7d1bba0c1000-7d1bba0c4000 rw-p 0006e000 00:2d 1062299                    /usr/local/python/3.12.1/lib/python3.12/site-packages/aiohttp/_http_parser.cpython-312-x86_64-linux-gnu.so
7d1bba0c4000-7d1bba0c6000 rw-p 00000000 00:00 0 
7d1bba0c6000-7d1bba0c9000 r--p 00000000 00:2d 1062301                    /usr/local/python/3.12.1/lib/python3.12/site-packages/aiohttp/_http_writer.cpython-312-x86_64-linux-gnu.so
7d1bba0c9000-7d1bba0d1000 r-xp 00003000 00:2d 1062301                    /usr/local/python/3.12.1/lib/python3.12/site-packages/aiohttp/_http_writer.cpython-312-x86_64-linux-gnu.so
7d1bba0d1000-7d1bba0d3000 r--p 0000b000 00:2d 1062301                    /usr/local/python/3.12.1/lib/python3.12/site-packages/aiohttp/_http_writer.cpython-312-x86_64-linux-gnu.so
7d1bba0d3000-7d1bba0d4000 r--p 0000c000 00:2d 1062301                    /usr/local/python/3.12.1/lib/python3.12/site-packages/aiohttp/_http_writer.cpython-312-x86_64-linux-gnu.so
7d1bba0d4000-7d1bba0d5000 rw-p 0000d000 00:2d 1062301                    /usr/local/python/3.12.1/lib/python3.12/site-packages/aiohttp/_http_writer.cpython-312-x86_64-linux-gnu.so
7d1bba0d5000-7d1bba1d5000 rw-p 00000000 00:00 0 
7d1bba1d5000-7d1bba1d9000 r--p 00000000 00:2d 1062176                    /usr/local/python/3.12.1/lib/python3.12/site-packages/propcache/_helpers_c.cpython-312-x86_64-linux-gnu.so
7d1bba1d9000-7d1bba1e5000 r-xp 00004000 00:2d 1062176                    /usr/local/python/3.12.1/lib/python3.12/site-packages/propcache/_helpers_c.cpython-312-x86_64-linux-gnu.so
7d1bba1e5000-7d1bba1e9000 r--p 00010000 00:2d 1062176                    /usr/local/python/3.12.1/lib/python3.12/site-packages/propcache/_helpers_c.cpython-312-x86_64-linux-gnu.so
7d1bba1e9000-7d1bba1ea000 r--p 00013000 00:2d 1062176                    /usr/local/python/3.12.1/lib/python3.12/site-packages/propcache/_helpers_c.cpython-312-x86_64-linux-gnu.so
7d1bba1ea000-7d1bba1eb000 rw-p 00014000 00:2d 1062176                    /usr/local/python/3.12.1/lib/python3.12/site-packages/propcache/_helpers_c.cpython-312-x86_64-linux-gnu.so
7d1bba1eb000-7d1bba1ec000 rw-p 00000000 00:00 0 
7d1bba1ec000-7d1bba1ef000 r--p 00000000 00:2d 830532                     /usr/local/python/3.12.1/lib/python3.12/lib-dynload/unicodedata.cpython-312-x86_64-linux-gnu.so
7d1bba1ef000-7d1bba1f4000 r-xp 00003000 00:2d 830532                     /usr/local/python/3.12.1/lib/python3.12/lib-dynload/unicodedata.cpython-312-x86_64-linux-gnu.so
7d1bba1f4000-7d1bba300000 r--p 00008000 00:2d 830532                     /usr/local/python/3.12.1/lib/python3.12/lib-dynload/unicodedata.cpython-312-x86_64-linux-gnu.so
7d1bba300000-7d1bba301000 r--p 00113000 00:2d 830532                     /usr/local/python/3.12.1/lib/python3.12/lib-dynload/unicodedata.cpython-312-x86_64-linux-gnu.so
7d1bba301000-7d1bba302000 rw-p 00114000 00:2d 830532                     /usr/local/python/3.12.1/lib/python3.12/lib-dynload/unicodedata.cpython-312-x86_64-linux-gnu.so
7d1bba302000-7d1bba402000 rw-p 00000000 00:00 0 
7d1bba402000-7d1bba422000 r--p 00000000 00:2d 412047                     /usr/lib/x86_64-linux-gnu/libsqlite3.so.0.8.6
7d1bba422000-7d1bba52d000 r-xp 00020000 00:2d 412047                     /usr/lib/x86_64-linux-gnu/libsqlite3.so.0.8.6
7d1bba52d000-7d1bba561000 r--p 0012b000 00:2d 412047                     /usr/lib/x86_64-linux-gnu/libsqlite3.so.0.8.6
7d1bba561000-7d1bba565000 r--p 0015e000 00:2d 412047                     /usr/lib/x86_64-linux-gnu/libsqlite3.so.0.8.6
7d1bba565000-7d1bba569000 rw-p 00162000 00:2d 412047                     /usr/lib/x86_64-linux-gnu/libsqlite3.so.0.8.6
7d1bba569000-7d1bbae6a000 rw-p 00000000 00:00 0 
7d1bbae6a000-7d1bbae71000 r-xp 00000000 00:2d 681575                     /usr/local/sdkman/candidates/java/25.0.1-ms/lib/libzip.so
7d1bbae71000-7d1bbae72000 ---p 00007000 00:2d 681575                     /usr/local/sdkman/candidates/java/25.0.1-ms/lib/libzip.so
7d1bbae72000-7d1bbae73000 r--p 00007000 00:2d 681575                     /usr/local/sdkman/candidates/java/25.0.1-ms/lib/libzip.so
7d1bbae73000-7d1bbae74000 rw-p 00008000 00:2d 681575                     /usr/local/sdkman/candidates/java/25.0.1-ms/lib/libzip.so
7d1bbae74000-7d1bbae88000 r-xp 00000000 00:2d 681566                     /usr/local/sdkman/candidates/java/25.0.1-ms/lib/libnio.so
7d1bbae88000-7d1bbae89000 r--p 00013000 00:2d 681566                     /usr/local/sdkman/candidates/java/25.0.1-ms/lib/libnio.so
7d1bbae89000-7d1bbae8a000 rw-p 00014000 00:2d 681566                     /usr/local/sdkman/candidates/java/25.0.1-ms/lib/libnio.so
7d1bbae8a000-7d1bbae8f000 rw-p 00000000 00:00 0 
7d1bbae8f000-7d1bbae96000 ---p 00000000 00:00 0 
7d1bbae96000-7d1bbaeb6000 r-xp 00000000 00:2d 681551                     /usr/local/sdkman/candidates/java/25.0.1-ms/lib/libjava.so
7d1bbaeb6000-7d1bbaeb7000 r--p 0001f000 00:2d 681551                     /usr/local/sdkman/candidates/java/25.0.1-ms/lib/libjava.so
7d1bbaeb7000-7d1bbaeb8000 rw-p 00020000 00:2d 681551                     /usr/local/sdkman/candidates/java/25.0.1-ms/lib/libjava.so
7d1bbaeb8000-7d1bbaeb9000 rw-p 00000000 00:00 0 
7d1bbaeb9000-7d1bbaec1000 rw-s 00000000 08:11 655371                     /tmp/hsperfdata_codespace/8865
7d1bbaec1000-7d1bbaedc000 r-xp 00000000 00:2d 681555                     /usr/local/sdkman/candidates/java/25.0.1-ms/lib/libjimage.so
7d1bbaedc000-7d1bbaedd000 ---p 0001b000 00:2d 681555                     /usr/local/sdkman/candidates/java/25.0.1-ms/lib/libjimage.so
7d1bbaedd000-7d1bbaedf000 r--p 0001b000 00:2d 681555                     /usr/local/sdkman/candidates/java/25.0.1-ms/lib/libjimage.so
7d1bbaedf000-7d1bbaee0000 rw-p 0001d000 00:2d 681555                     /usr/local/sdkman/candidates/java/25.0.1-ms/lib/libjimage.so
7d1bbaee0000-7d1bbaee1000 r--p 00000000 00:2d 394211                     /usr/lib/x86_64-linux-gnu/libutil.so.1
7d1bbaee1000-7d1bbaee2000 r-xp 00001000 00:2d 394211                     /usr/lib/x86_64-linux-gnu/libutil.so.1
7d1bbaee2000-7d1bbaee3000 r--p 00002000 00:2d 394211                     /usr/lib/x86_64-linux-gnu/libutil.so.1
7d1bbaee3000-7d1bbaee4000 r--p 00002000 00:2d 394211                     /usr/lib/x86_64-linux-gnu/libutil.so.1
7d1bbaee4000-7d1bbaee5000 rw-p 00003000 00:2d 394211                     /usr/lib/x86_64-linux-gnu/libutil.so.1
7d1bbaeea000-7d1bbaeeb000 r--p 00000000 00:00 0 
7d1bbaeeb000-7d1bbaeec000 r--p 00000000 00:2d 393777                     /usr/lib/locale/C.utf8/LC_NUMERIC
7d1bbaeec000-7d1bbaef7000 r--p 00000000 00:2d 1078542                    /usr/local/python/3.12.1/lib/python3.12/site-packages/pymupdf/_extra.so
7d1bbaef7000-7d1bbaf10000 r-xp 0000b000 00:2d 1078542                    /usr/local/python/3.12.1/lib/python3.12/site-packages/pymupdf/_extra.so
7d1bbaf10000-7d1bbaf1b000 r--p 00024000 00:2d 1078542                    /usr/local/python/3.12.1/lib/python3.12/site-packages/pymupdf/_extra.so
7d1bbaf1b000-7d1bbaf1c000 r--p 0002e000 00:2d 1078542                    /usr/local/python/3.12.1/lib/python3.12/site-packages/pymupdf/_extra.so
7d1bbaf1c000-7d1bbaf1f000 rw-p 0002f000 00:2d 1078542                    /usr/local/python/3.12.1/lib/python3.12/site-packages/pymupdf/_extra.so
7d1bbaf1f000-7d1bbaf25000 r--p 00000000 00:2d 1065076                    /usr/local/python/3.12.1/lib/python3.12/site-packages/lxml/_elementpath.cpython-312-x86_64-linux-gnu.so
7d1bbaf25000-7d1bbaf49000 r-xp 00006000 00:2d 1065076                    /usr/local/python/3.12.1/lib/python3.12/site-packages/lxml/_elementpath.cpython-312-x86_64-linux-gnu.so
7d1bbaf49000-7d1bbaf50000 r--p 0002a000 00:2d 1065076                    /usr/local/python/3.12.1/lib/python3.12/site-packages/lxml/_elementpath.cpython-312-x86_64-linux-gnu.so
7d1bbaf50000-7d1bbaf51000 r--p 00031000 00:2d 1065076                    /usr/local/python/3.12.1/lib/python3.12/site-packages/lxml/_elementpath.cpython-312-x86_64-linux-gnu.so
7d1bbaf51000-7d1bbaf54000 rw-p 00032000 00:2d 1065076                    /usr/local/python/3.12.1/lib/python3.12/site-packages/lxml/_elementpath.cpython-312-x86_64-linux-gnu.so
7d1bbaf54000-7d1bbb055000 rw-p 00000000 00:00 0 
7d1bbb055000-7d1bbb0f2000 r--p 00000000 00:2d 394197                     /usr/lib/x86_64-linux-gnu/libstdc++.so.6.0.33
7d1bbb0f2000-7d1bbb23a000 r-xp 0009d000 00:2d 394197                     /usr/lib/x86_64-linux-gnu/libstdc++.so.6.0.33
7d1bbb23a000-7d1bbb2c1000 r--p 001e5000 00:2d 394197                     /usr/lib/x86_64-linux-gnu/libstdc++.so.6.0.33
7d1bbb2c1000-7d1bbb2cc000 r--p 0026b000 00:2d 394197                     /usr/lib/x86_64-linux-gnu/libstdc++.so.6.0.33
7d1bbb2cc000-7d1bbb2cf000 rw-p 00276000 00:2d 394197                     /usr/lib/x86_64-linux-gnu/libstdc++.so.6.0.33
7d1bbb2cf000-7d1bbb2d3000 rw-p 00000000 00:00 0 
7d1bbb2d3000-7d1bbb2dc000 r--p 00000000 00:2d 1062870                    /usr/local/python/3.12.1/lib/python3.12/site-packages/greenlet/_greenlet.cpython-312-x86_64-linux-gnu.so
7d1bbb2dc000-7d1bbb2ec000 r-xp 00009000 00:2d 1062870                    /usr/local/python/3.12.1/lib/python3.12/site-packages/greenlet/_greenlet.cpython-312-x86_64-linux-gnu.so
7d1bbb2ec000-7d1bbb2f2000 r--p 00019000 00:2d 1062870                    /usr/local/python/3.12.1/lib/python3.12/site-packages/greenlet/_greenlet.cpython-312-x86_64-linux-gnu.so
7d1bbb2f2000-7d1bbb2f3000 r--p 0001f000 00:2d 1062870                    /usr/local/python/3.12.1/lib/python3.12/site-packages/greenlet/_greenlet.cpython-312-x86_64-linux-gnu.so
7d1bbb2f3000-7d1bbb2f4000 rw-p 00020000 00:2d 1062870                    /usr/local/python/3.12.1/lib/python3.12/site-packages/greenlet/_greenlet.cpython-312-x86_64-linux-gnu.so
7d1bbb2f4000-7d1bbb2f8000 r--p 00000000 00:2d 1065900                    /usr/local/python/3.12.1/lib/python3.12/site-packages/sqlalchemy/cyextension/util.cpython-312-x86_64-linux-gnu.so
7d1bbb2f8000-7d1bbb308000 r-xp 00004000 00:2d 1065900                    /usr/local/python/3.12.1/lib/python3.12/site-packages/sqlalchemy/cyextension/util.cpython-312-x86_64-linux-gnu.so
7d1bbb308000-7d1bbb30b000 r--p 00014000 00:2d 1065900                    /usr/local/python/3.12.1/lib/python3.12/site-packages/sqlalchemy/cyextension/util.cpython-312-x86_64-linux-gnu.so
7d1bbb30b000-7d1bbb30c000 r--p 00017000 00:2d 1065900                    /usr/local/python/3.12.1/lib/python3.12/site-packages/sqlalchemy/cyextension/util.cpython-312-x86_64-linux-gnu.so
7d1bbb30c000-7d1bbb30d000 rw-p 00018000 00:2d 1065900                    /usr/local/python/3.12.1/lib/python3.12/site-packages/sqlalchemy/cyextension/util.cpython-312-x86_64-linux-gnu.so
7d1bbb30d000-7d1bbb30e000 rw-p 00000000 00:00 0 
7d1bbb30e000-7d1bbb312000 r--p 00000000 00:2d 1065898                    /usr/local/python/3.12.1/lib/python3.12/site-packages/sqlalchemy/cyextension/resultproxy.cpython-312-x86_64-linux-gnu.so
7d1bbb312000-7d1bbb31d000 r-xp 00004000 00:2d 1065898                    /usr/local/python/3.12.1/lib/python3.12/site-packages/sqlalchemy/cyextension/resultproxy.cpython-312-x86_64-linux-gnu.so
7d1bbb31d000-7d1bbb320000 r--p 0000f000 00:2d 1065898                    /usr/local/python/3.12.1/lib/python3.12/site-packages/sqlalchemy/cyextension/resultproxy.cpython-312-x86_64-linux-gnu.so
7d1bbb320000-7d1bbb321000 r--p 00011000 00:2d 1065898                    /usr/local/python/3.12.1/lib/python3.12/site-packages/sqlalchemy/cyextension/resultproxy.cpython-312-x86_64-linux-gnu.so
7d1bbb321000-7d1bbb322000 rw-p 00012000 00:2d 1065898                    /usr/local/python/3.12.1/lib/python3.12/site-packages/sqlalchemy/cyextension/resultproxy.cpython-312-x86_64-linux-gnu.so
7d1bbb322000-7d1bbb323000 rw-p 00000000 00:00 0 
7d1bbb323000-7d1bbb327000 r--p 00000000 00:2d 1065896                    /usr/local/python/3.12.1/lib/python3.12/site-packages/sqlalchemy/cyextension/processors.cpython-312-x86_64-linux-gnu.so
7d1bbb327000-7d1bbb332000 r-xp 00004000 00:2d 1065896                    /usr/local/python/3.12.1/lib/python3.12/site-packages/sqlalchemy/cyextension/processors.cpython-312-x86_64-linux-gnu.so
7d1bbb332000-7d1bbb335000 r--p 0000f000 00:2d 1065896                    /usr/local/python/3.12.1/lib/python3.12/site-packages/sqlalchemy/cyextension/processors.cpython-312-x86_64-linux-gnu.so
7d1bbb335000-7d1bbb336000 r--p 00011000 00:2d 1065896                    /usr/local/python/3.12.1/lib/python3.12/site-packages/sqlalchemy/cyextension/processors.cpython-312-x86_64-linux-gnu.so
7d1bbb336000-7d1bbb337000 rw-p 00012000 00:2d 1065896                    /usr/local/python/3.12.1/lib/python3.12/site-packages/sqlalchemy/cyextension/processors.cpython-312-x86_64-linux-gnu.so
7d1bbb337000-7d1bbb338000 rw-p 00000000 00:00 0 
7d1bbb338000-7d1bbb33c000 r--p 00000000 00:2d 1065893                    /usr/local/python/3.12.1/lib/python3.12/site-packages/sqlalchemy/cyextension/immutabledict.cpython-312-x86_64-linux-gnu.so
7d1bbb33c000-7d1bbb34b000 r-xp 00004000 00:2d 1065893                    /usr/local/python/3.12.1/lib/python3.12/site-packages/sqlalchemy/cyextension/immutabledict.cpython-312-x86_64-linux-gnu.so
7d1bbb34b000-7d1bbb34e000 r--p 00013000 00:2d 1065893                    /usr/local/python/3.12.1/lib/python3.12/site-packages/sqlalchemy/cyextension/immutabledict.cpython-312-x86_64-linux-gnu.so
7d1bbb34e000-7d1bbb34f000 r--p 00015000 00:2d 1065893                    /usr/local/python/3.12.1/lib/python3.12/site-packages/sqlalchemy/cyextension/immutabledict.cpython-312-x86_64-linux-gnu.so
7d1bbb34f000-7d1bbb351000 rw-p 00016000 00:2d 1065893                    /usr/local/python/3.12.1/lib/python3.12/site-packages/sqlalchemy/cyextension/immutabledict.cpython-312-x86_64-linux-gnu.so
7d1bbb351000-7d1bbb357000 r--p 00000000 00:2d 1065891                    /usr/local/python/3.12.1/lib/python3.12/site-packages/sqlalchemy/cyextension/collections.cpython-312-x86_64-linux-gnu.so
7d1bbb357000-7d1bbb37d000 r-xp 00006000 00:2d 1065891                    /usr/local/python/3.12.1/lib/python3.12/site-packages/sqlalchemy/cyextension/collections.cpython-312-x86_64-linux-gnu.so
7d1bbb37d000-7d1bbb385000 r--p 0002c000 00:2d 1065891                    /usr/local/python/3.12.1/lib/python3.12/site-packages/sqlalchemy/cyextension/collections.cpython-312-x86_64-linux-gnu.so
7d1bbb385000-7d1bbb386000 r--p 00033000 00:2d 1065891                    /usr/local/python/3.12.1/lib/python3.12/site-packages/sqlalchemy/cyextension/collections.cpython-312-x86_64-linux-gnu.so
7d1bbb386000-7d1bbb389000 rw-p 00034000 00:2d 1065891                    /usr/local/python/3.12.1/lib/python3.12/site-packages/sqlalchemy/cyextension/collections.cpython-312-x86_64-linux-gnu.so
7d1bbb389000-7d1bbb589000 rw-p 00000000 00:00 0 
7d1bbb589000-7d1bbb58b000 r--p 00000000 00:2d 830462                     /usr/local/python/3.12.1/lib/python3.12/lib-dynload/_blake2.cpython-312-x86_64-linux-gnu.so
7d1bbb58b000-7d1bbb592000 r-xp 00002000 00:2d 830462                     /usr/local/python/3.12.1/lib/python3.12/lib-dynload/_blake2.cpython-312-x86_64-linux-gnu.so
7d1bbb592000-7d1bbb594000 r--p 00009000 00:2d 830462                     /usr/local/python/3.12.1/lib/python3.12/lib-dynload/_blake2.cpython-312-x86_64-linux-gnu.so
7d1bbb594000-7d1bbb595000 r--p 0000a000 00:2d 830462                     /usr/local/python/3.12.1/lib/python3.12/lib-dynload/_blake2.cpython-312-x86_64-linux-gnu.so
7d1bbb595000-7d1bbb596000 rw-p 0000b000 00:2d 830462                     /usr/local/python/3.12.1/lib/python3.12/lib-dynload/_blake2.cpython-312-x86_64-linux-gnu.so
7d1bbb596000-7d1bbb59a000 r--p 00000000 00:2d 830481                     /usr/local/python/3.12.1/lib/python3.12/lib-dynload/_hashlib.cpython-312-x86_64-linux-gnu.so
7d1bbb59a000-7d1bbb5a0000 r-xp 00004000 00:2d 830481                     /usr/local/python/3.12.1/lib/python3.12/lib-dynload/_hashlib.cpython-312-x86_64-linux-gnu.so
7d1bbb5a0000-7d1bbb5a4000 r--p 0000a000 00:2d 830481                     /usr/local/python/3.12.1/lib/python3.12/lib-dynload/_hashlib.cpython-312-x86_64-linux-gnu.so
7d1bbb5a4000-7d1bbb5a5000 r--p 0000d000 00:2d 830481                     /usr/local/python/3.12.1/lib/python3.12/lib-dynload/_hashlib.cpython-312-x86_64-linux-gnu.so
7d1bbb5a5000-7d1bbb5a7000 rw-p 0000e000 00:2d 830481                     /usr/local/python/3.12.1/lib/python3.12/lib-dynload/_hashlib.cpython-312-x86_64-linux-gnu.so
7d1bbb5a7000-7d1bbb7a7000 rw-p 00000000 00:00 0 
7d1bbb7a7000-7d1bbb7a9000 r--p 00000000 00:2d 830472                     /usr/local/python/3.12.1/lib/python3.12/lib-dynload/_csv.cpython-312-x86_64-linux-gnu.so
7d1bbb7a9000-7d1bbb7ad000 r-xp 00002000 00:2d 830472                     /usr/local/python/3.12.1/lib/python3.12/lib-dynload/_csv.cpython-312-x86_64-linux-gnu.so
7d1bbb7ad000-7d1bbb7b0000 r--p 00006000 00:2d 830472                     /usr/local/python/3.12.1/lib/python3.12/lib-dynload/_csv.cpython-312-x86_64-linux-gnu.so
7d1bbb7b0000-7d1bbb7b1000 r--p 00008000 00:2d 830472                     /usr/local/python/3.12.1/lib/python3.12/lib-dynload/_csv.cpython-312-x86_64-linux-gnu.so
7d1bbb7b1000-7d1bbb7b2000 rw-p 00009000 00:2d 830472                     /usr/local/python/3.12.1/lib/python3.12/lib-dynload/_csv.cpython-312-x86_64-linux-gnu.so
7d1bbb7b2000-7d1bbb8b2000 rw-p 00000000 00:00 0 
7d1bbb8b2000-7d1bbb8b4000 r--p 00000000 00:2d 830515                     /usr/local/python/3.12.1/lib/python3.12/lib-dynload/_zoneinfo.cpython-312-x86_64-linux-gnu.so
7d1bbb8b4000-7d1bbb8b9000 r-xp 00002000 00:2d 830515                     /usr/local/python/3.12.1/lib/python3.12/lib-dynload/_zoneinfo.cpython-312-x86_64-linux-gnu.so
7d1bbb8b9000-7d1bbb8bb000 r--p 00007000 00:2d 830515                     /usr/local/python/3.12.1/lib/python3.12/lib-dynload/_zoneinfo.cpython-312-x86_64-linux-gnu.so
7d1bbb8bb000-7d1bbb8bc000 r--p 00008000 00:2d 830515                     /usr/local/python/3.12.1/lib/python3.12/lib-dynload/_zoneinfo.cpython-312-x86_64-linux-gnu.so
7d1bbb8bc000-7d1bbb8bd000 rw-p 00009000 00:2d 830515                     /usr/local/python/3.12.1/lib/python3.12/lib-dynload/_zoneinfo.cpython-312-x86_64-linux-gnu.so
7d1bbb8bd000-7d1bbb8bf000 r--p 00000000 00:2d 394213                     /usr/lib/x86_64-linux-gnu/libuuid.so.1.3.0
7d1bbb8bf000-7d1bbb8c4000 r-xp 00002000 00:2d 394213                     /usr/lib/x86_64-linux-gnu/libuuid.so.1.3.0
7d1bbb8c4000-7d1bbb8c5000 r--p 00007000 00:2d 394213                     /usr/lib/x86_64-linux-gnu/libuuid.so.1.3.0
7d1bbb8c5000-7d1bbb8c6000 r--p 00007000 00:2d 394213                     /usr/lib/x86_64-linux-gnu/libuuid.so.1.3.0
7d1bbb8c6000-7d1bbb8c7000 rw-p 00008000 00:2d 394213                     /usr/lib/x86_64-linux-gnu/libuuid.so.1.3.0
7d1bbb8c7000-7d1bbb8c8000 r--p 00000000 00:2d 393780                     /usr/lib/locale/C.utf8/LC_TIME
7d1bbb8c8000-7d1bbb8c9000 r--p 00000000 00:2d 393769                     /usr/lib/locale/C.utf8/LC_COLLATE
7d1bbb8c9000-7d1bbb8ca000 r--p 00000000 00:2d 795731                     /home/codespace/.local/lib/python3.12/site-packages/charset_normalizer/md.cpython-312-x86_64-linux-gnu.so
7d1bbb8ca000-7d1bbb8cb000 r-xp 00001000 00:2d 795731                     /home/codespace/.local/lib/python3.12/site-packages/charset_normalizer/md.cpython-312-x86_64-linux-gnu.so
7d1bbb8cb000-7d1bbb8cc000 r--p 00002000 00:2d 795731                     /home/codespace/.local/lib/python3.12/site-packages/charset_normalizer/md.cpython-312-x86_64-linux-gnu.so
7d1bbb8cc000-7d1bbb8cd000 r--p 00002000 00:2d 795731                     /home/codespace/.local/lib/python3.12/site-packages/charset_normalizer/md.cpython-312-x86_64-linux-gnu.so
7d1bbb8cd000-7d1bbb8ce000 rw-p 00003000 00:2d 795731                     /home/codespace/.local/lib/python3.12/site-packages/charset_normalizer/md.cpython-312-x86_64-linux-gnu.so
7d1bbb8ce000-7d1bbbace000 rw-p 00000000 00:00 0 
7d1bbbace000-7d1bbbad5000 r--p 00000000 00:2d 830478                     /usr/local/python/3.12.1/lib/python3.12/lib-dynload/_decimal.cpython-312-x86_64-linux-gnu.so
7d1bbbad5000-7d1bbbb1d000 r-xp 00007000 00:2d 830478                     /usr/local/python/3.12.1/lib/python3.12/lib-dynload/_decimal.cpython-312-x86_64-linux-gnu.so
7d1bbbb1d000-7d1bbbb2d000 r--p 0004f000 00:2d 830478                     /usr/local/python/3.12.1/lib/python3.12/lib-dynload/_decimal.cpython-312-x86_64-linux-gnu.so
7d1bbbb2d000-7d1bbbb2e000 r--p 0005f000 00:2d 830478                     /usr/local/python/3.12.1/lib/python3.12/lib-dynload/_decimal.cpython-312-x86_64-linux-gnu.so
7d1bbbb2e000-7d1bbbb31000 rw-p 00060000 00:2d 830478                     /usr/local/python/3.12.1/lib/python3.12/lib-dynload/_decimal.cpython-312-x86_64-linux-gnu.so
7d1bbbb31000-7d1bbbb32000 r--p 00000000 00:2d 394118                     /usr/lib/x86_64-linux-gnu/libdl.so.2
7d1bbbb32000-7d1bbbb33000 r-xp 00001000 00:2d 394118                     /usr/lib/x86_64-linux-gnu/libdl.so.2
7d1bbbb33000-7d1bbbb34000 r--p 00002000 00:2d 394118                     /usr/lib/x86_64-linux-gnu/libdl.so.2
7d1bbbb34000-7d1bbbb35000 r--p 00002000 00:2d 394118                     /usr/lib/x86_64-linux-gnu/libdl.so.2
7d1bbbb35000-7d1bbbb36000 rw-p 00003000 00:2d 394118                     /usr/lib/x86_64-linux-gnu/libdl.so.2
7d1bbbb36000-7d1bbbb37000 r--p 00000000 00:2d 394183                     /usr/lib/x86_64-linux-gnu/libpthread.so.0
7d1bbbb37000-7d1bbbb38000 r-xp 00001000 00:2d 394183                     /usr/lib/x86_64-linux-gnu/libpthread.so.0
7d1bbbb38000-7d1bbbb39000 r--p 00002000 00:2d 394183                     /usr/lib/x86_64-linux-gnu/libpthread.so.0
7d1bbbb39000-7d1bbbb3a000 r--p 00002000 00:2d 394183                     /usr/lib/x86_64-linux-gnu/libpthread.so.0
7d1bbbb3a000-7d1bbbb3b000 rw-p 00003000 00:2d 394183                     /usr/lib/x86_64-linux-gnu/libpthread.so.0
7d1bbbb3b000-7d1bbbb3c000 r--p 00000000 00:2d 394185                     /usr/lib/x86_64-linux-gnu/librt.so.1
7d1bbbb3c000-7d1bbbb3d000 r-xp 00001000 00:2d 394185                     /usr/lib/x86_64-linux-gnu/librt.so.1
7d1bbbb3d000-7d1bbbb3e000 r--p 00002000 00:2d 394185                     /usr/lib/x86_64-linux-gnu/librt.so.1
7d1bbbb3e000-7d1bbbb3f000 r--p 00002000 00:2d 394185                     /usr/lib/x86_64-linux-gnu/librt.so.1
7d1bbbb3f000-7d1bbbb40000 rw-p 00003000 00:2d 394185                     /usr/lib/x86_64-linux-gnu/librt.so.1
7d1bbbb40000-7d1bbbb44000 r--p 00000000 00:2d 394129                     /usr/lib/x86_64-linux-gnu/libgcc_s.so.1
7d1bbbb44000-7d1bbbb68000 r-xp 00004000 00:2d 394129                     /usr/lib/x86_64-linux-gnu/libgcc_s.so.1
7d1bbbb68000-7d1bbbb6c000 r--p 00028000 00:2d 394129                     /usr/lib/x86_64-linux-gnu/libgcc_s.so.1
7d1bbbb6c000-7d1bbbb6d000 r--p 0002b000 00:2d 394129                     /usr/lib/x86_64-linux-gnu/libgcc_s.so.1
7d1bbbb6d000-7d1bbbb6e000 rw-p 0002c000 00:2d 394129                     /usr/lib/x86_64-linux-gnu/libgcc_s.so.1
7d1bbbb6e000-7d1bbbca5000 r--p 00000000 00:2d 1063037                    /usr/local/python/3.12.1/lib/python3.12/site-packages/pydantic_core/_pydantic_core.cpython-312-x86_64-linux-gnu.so
7d1bbbca5000-7d1bbbfdf000 r-xp 00136000 00:2d 1063037                    /usr/local/python/3.12.1/lib/python3.12/site-packages/pydantic_core/_pydantic_core.cpython-312-x86_64-linux-gnu.so
7d1bbbfdf000-7d1bbc013000 r--p 0046f000 00:2d 1063037                    /usr/local/python/3.12.1/lib/python3.12/site-packages/pydantic_core/_pydantic_core.cpython-312-x86_64-linux-gnu.so
7d1bbc013000-7d1bbc019000 rw-p 004a2000 00:2d 1063037                    /usr/local/python/3.12.1/lib/python3.12/site-packages/pydantic_core/_pydantic_core.cpython-312-x86_64-linux-gnu.so
7d1bbc019000-7d1bbc219000 rw-p 00000000 00:00 0 
7d1bbc219000-7d1bbc21c000 r--p 00000000 00:2d 394145                     /usr/lib/x86_64-linux-gnu/liblzma.so.5.4.5
7d1bbc21c000-7d1bbc23e000 r-xp 00003000 00:2d 394145                     /usr/lib/x86_64-linux-gnu/liblzma.so.5.4.5
7d1bbc23e000-7d1bbc249000 r--p 00025000 00:2d 394145                     /usr/lib/x86_64-linux-gnu/liblzma.so.5.4.5
7d1bbc249000-7d1bbc24a000 r--p 00030000 00:2d 394145                     /usr/lib/x86_64-linux-gnu/liblzma.so.5.4.5
7d1bbc24a000-7d1bbc24b000 rw-p 00031000 00:2d 394145                     /usr/lib/x86_64-linux-gnu/liblzma.so.5.4.5
7d1bbc24b000-7d1bbc24e000 r--p 00000000 00:2d 830485                     /usr/local/python/3.12.1/lib/python3.12/lib-dynload/_lzma.cpython-312-x86_64-linux-gnu.so
7d1bbc24e000-7d1bbc252000 r-xp 00003000 00:2d 830485                     /usr/local/python/3.12.1/lib/python3.12/lib-dynload/_lzma.cpython-312-x86_64-linux-gnu.so
7d1bbc252000-7d1bbc255000 r--p 00007000 00:2d 830485                     /usr/local/python/3.12.1/lib/python3.12/lib-dynload/_lzma.cpython-312-x86_64-linux-gnu.so
7d1bbc255000-7d1bbc256000 r--p 00009000 00:2d 830485                     /usr/local/python/3.12.1/lib/python3.12/lib-dynload/_lzma.cpython-312-x86_64-linux-gnu.so
7d1bbc256000-7d1bbc257000 rw-p 0000a000 00:2d 830485                     /usr/local/python/3.12.1/lib/python3.12/lib-dynload/_lzma.cpython-312-x86_64-linux-gnu.so
7d1bbc257000-7d1bbc259000 r--p 00000000 00:2d 394103                     /usr/lib/x86_64-linux-gnu/libbz2.so.1.0.4
7d1bbc259000-7d1bbc267000 r-xp 00002000 00:2d 394103                     /usr/lib/x86_64-linux-gnu/libbz2.so.1.0.4
7d1bbc267000-7d1bbc269000 r--p 00010000 00:2d 394103                     /usr/lib/x86_64-linux-gnu/libbz2.so.1.0.4
7d1bbc269000-7d1bbc26a000 r--p 00011000 00:2d 394103                     /usr/lib/x86_64-linux-gnu/libbz2.so.1.0.4
7d1bbc26a000-7d1bbc26b000 rw-p 00012000 00:2d 394103                     /usr/lib/x86_64-linux-gnu/libbz2.so.1.0.4
7d1bbc26b000-7d1bbc26c000 r--p 00000000 00:2d 393775                     /usr/lib/locale/C.utf8/LC_MONETARY
7d1bbc26c000-7d1bbc26d000 r--p 00000000 00:2d 393774                     /usr/lib/locale/C.utf8/LC_MESSAGES/SYS_LC_MESSAGES
7d1bbc26d000-7d1bbc26e000 r--p 00000000 00:2d 830511                     /usr/local/python/3.12.1/lib/python3.12/lib-dynload/_uuid.cpython-312-x86_64-linux-gnu.so
7d1bbc26e000-7d1bbc26f000 r-xp 00001000 00:2d 830511                     /usr/local/python/3.12.1/lib/python3.12/lib-dynload/_uuid.cpython-312-x86_64-linux-gnu.so
7d1bbc26f000-7d1bbc270000 r--p 00002000 00:2d 830511                     /usr/local/python/3.12.1/lib/python3.12/lib-dynload/_uuid.cpython-312-x86_64-linux-gnu.so
7d1bbc270000-7d1bbc271000 r--p 00002000 00:2d 830511                     /usr/local/python/3.12.1/lib/python3.12/lib-dynload/_uuid.cpython-312-x86_64-linux-gnu.so
7d1bbc271000-7d1bbc272000 rw-p 00003000 00:2d 830511                     /usr/local/python/3.12.1/lib/python3.12/lib-dynload/_uuid.cpython-312-x86_64-linux-gnu.so
7d1bbc272000-7d1bbc274000 r--p 00000000 00:2d 830463                     /usr/local/python/3.12.1/lib/python3.12/lib-dynload/_bz2.cpython-312-x86_64-linux-gnu.so
7d1bbc274000-7d1bbc276000 r-xp 00002000 00:2d 830463                     /usr/local/python/3.12.1/lib/python3.12/lib-dynload/_bz2.cpython-312-x86_64-linux-gnu.so
7d1bbc276000-7d1bbc277000 r--p 00004000 00:2d 830463                     /usr/local/python/3.12.1/lib/python3.12/lib-dynload/_bz2.cpython-312-x86_64-linux-gnu.so
7d1bbc277000-7d1bbc278000 r--p 00005000 00:2d 830463                     /usr/local/python/3.12.1/lib/python3.12/lib-dynload/_bz2.cpython-312-x86_64-linux-gnu.so
7d1bbc278000-7d1bbc279000 rw-p 00006000 00:2d 830463                     /usr/local/python/3.12.1/lib/python3.12/lib-dynload/_bz2.cpython-312-x86_64-linux-gnu.so
7d1bbc279000-7d1bbc379000 rw-p 00000000 00:00 0 
7d1bbc379000-7d1bbc37a000 r--p 00000000 00:2d 393778                     /usr/lib/locale/C.utf8/LC_PAPER
7d1bbc37a000-7d1bbc37b000 r--p 00000000 00:2d 393776                     /usr/lib/locale/C.utf8/LC_NAME
7d1bbc37b000-7d1bbc37c000 r--p 00000000 00:2d 393768                     /usr/lib/locale/C.utf8/LC_ADDRESS
7d1bbc37c000-7d1bbc37d000 r--p 00000000 00:2d 393779                     /usr/lib/locale/C.utf8/LC_TELEPHONE
7d1bbc37d000-7d1bbc37f000 r--p 00000000 00:2d 830521                     /usr/local/python/3.12.1/lib/python3.12/lib-dynload/grp.cpython-312-x86_64-linux-gnu.so
7d1bbc37f000-7d1bbc380000 r-xp 00002000 00:2d 830521                     /usr/local/python/3.12.1/lib/python3.12/lib-dynload/grp.cpython-312-x86_64-linux-gnu.so
7d1bbc380000-7d1bbc381000 r--p 00003000 00:2d 830521                     /usr/local/python/3.12.1/lib/python3.12/lib-dynload/grp.cpython-312-x86_64-linux-gnu.so
7d1bbc381000-7d1bbc382000 r--p 00003000 00:2d 830521                     /usr/local/python/3.12.1/lib/python3.12/lib-dynload/grp.cpython-312-x86_64-linux-gnu.so
7d1bbc382000-7d1bbc383000 rw-p 00004000 00:2d 830521                     /usr/local/python/3.12.1/lib/python3.12/lib-dynload/grp.cpython-312-x86_64-linux-gnu.so
7d1bbc383000-7d1bbc387000 r--p 00000000 00:2d 1062257                    /usr/local/python/3.12.1/lib/python3.12/site-packages/yarl/_quoting_c.cpython-312-x86_64-linux-gnu.so
7d1bbc387000-7d1bbc39c000 r-xp 00004000 00:2d 1062257                    /usr/local/python/3.12.1/lib/python3.12/site-packages/yarl/_quoting_c.cpython-312-x86_64-linux-gnu.so
7d1bbc39c000-7d1bbc3a0000 r--p 00019000 00:2d 1062257                    /usr/local/python/3.12.1/lib/python3.12/site-packages/yarl/_quoting_c.cpython-312-x86_64-linux-gnu.so
7d1bbc3a0000-7d1bbc3a1000 r--p 0001c000 00:2d 1062257                    /usr/local/python/3.12.1/lib/python3.12/site-packages/yarl/_quoting_c.cpython-312-x86_64-linux-gnu.so
7d1bbc3a1000-7d1bbc3a2000 rw-p 0001d000 00:2d 1062257                    /usr/local/python/3.12.1/lib/python3.12/site-packages/yarl/_quoting_c.cpython-312-x86_64-linux-gnu.so
7d1bbc3a2000-7d1bbc3a3000 rw-p 00000000 00:00 0 
7d1bbc3a3000-7d1bbc3a7000 r--p 00000000 00:2d 1062199                    /usr/local/python/3.12.1/lib/python3.12/site-packages/multidict/_multidict.cpython-312-x86_64-linux-gnu.so
7d1bbc3a7000-7d1bbc3b8000 r-xp 00004000 00:2d 1062199                    /usr/local/python/3.12.1/lib/python3.12/site-packages/multidict/_multidict.cpython-312-x86_64-linux-gnu.so
7d1bbc3b8000-7d1bbc3bb000 r--p 00015000 00:2d 1062199                    /usr/local/python/3.12.1/lib/python3.12/site-packages/multidict/_multidict.cpython-312-x86_64-linux-gnu.so
7d1bbc3bb000-7d1bbc3bc000 r--p 00018000 00:2d 1062199                    /usr/local/python/3.12.1/lib/python3.12/site-packages/multidict/_multidict.cpython-312-x86_64-linux-gnu.so
7d1bbc3bc000-7d1bbc3be000 rw-p 00019000 00:2d 1062199                    /usr/local/python/3.12.1/lib/python3.12/site-packages/multidict/_multidict.cpython-312-x86_64-linux-gnu.so
7d1bbc3be000-7d1bbc3c5000 r--p 00000000 00:2d 830499                     /usr/local/python/3.12.1/lib/python3.12/lib-dynload/_sqlite3.cpython-312-x86_64-linux-gnu.so
7d1bbc3c5000-7d1bbc3d5000 r-xp 00007000 00:2d 830499                     /usr/local/python/3.12.1/lib/python3.12/lib-dynload/_sqlite3.cpython-312-x86_64-linux-gnu.so
7d1bbc3d5000-7d1bbc3dc000 r--p 00017000 00:2d 830499                     /usr/local/python/3.12.1/lib/python3.12/lib-dynload/_sqlite3.cpython-312-x86_64-linux-gnu.so
7d1bbc3dc000-7d1bbc3dd000 r--p 0001e000 00:2d 830499                     /usr/local/python/3.12.1/lib/python3.12/lib-dynload/_sqlite3.cpython-312-x86_64-linux-gnu.so
7d1bbc3dd000-7d1bbc3df000 rw-p 0001f000 00:2d 830499                     /usr/local/python/3.12.1/lib/python3.12/lib-dynload/_sqlite3.cpython-312-x86_64-linux-gnu.so
7d1bbc3df000-7d1bbc3e4000 r--p 00000000 00:2d 830477                     /usr/local/python/3.12.1/lib/python3.12/lib-dynload/_datetime.cpython-312-x86_64-linux-gnu.so
7d1bbc3e4000-7d1bbc3f5000 r-xp 00005000 00:2d 830477                     /usr/local/python/3.12.1/lib/python3.12/lib-dynload/_datetime.cpython-312-x86_64-linux-gnu.so
7d1bbc3f5000-7d1bbc3fa000 r--p 00016000 00:2d 830477                     /usr/local/python/3.12.1/lib/python3.12/lib-dynload/_datetime.cpython-312-x86_64-linux-gnu.so
7d1bbc3fa000-7d1bbc3fb000 r--p 0001b000 00:2d 830477                     /usr/local/python/3.12.1/lib/python3.12/lib-dynload/_datetime.cpython-312-x86_64-linux-gnu.so
7d1bbc3fb000-7d1bbc3fe000 rw-p 0001c000 00:2d 830477                     /usr/local/python/3.12.1/lib/python3.12/lib-dynload/_datetime.cpython-312-x86_64-linux-gnu.so
7d1bbc3fe000-7d1bbc5fe000 rw-p 00000000 00:00 0 
7d1bbc5fe000-7d1bbc600000 r--p 00000000 00:2d 830483                     /usr/local/python/3.12.1/lib/python3.12/lib-dynload/_json.cpython-312-x86_64-linux-gnu.so
7d1bbc600000-7d1bbc606000 r-xp 00002000 00:2d 830483                     /usr/local/python/3.12.1/lib/python3.12/lib-dynload/_json.cpython-312-x86_64-linux-gnu.so
7d1bbc606000-7d1bbc608000 r--p 00008000 00:2d 830483                     /usr/local/python/3.12.1/lib/python3.12/lib-dynload/_json.cpython-312-x86_64-linux-gnu.so
7d1bbc608000-7d1bbc609000 r--p 00009000 00:2d 830483                     /usr/local/python/3.12.1/lib/python3.12/lib-dynload/_json.cpython-312-x86_64-linux-gnu.so
7d1bbc609000-7d1bbc60a000 rw-p 0000a000 00:2d 830483                     /usr/local/python/3.12.1/lib/python3.12/lib-dynload/_json.cpython-312-x86_64-linux-gnu.so
7d1bbc60a000-7d1bbc60e000 r--p 00000000 00:2d 830460                     /usr/local/python/3.12.1/lib/python3.12/lib-dynload/_asyncio.cpython-312-x86_64-linux-gnu.so
7d1bbc60e000-7d1bbc617000 r-xp 00004000 00:2d 830460                     /usr/local/python/3.12.1/lib/python3.12/lib-dynload/_asyncio.cpython-312-x86_64-linux-gnu.so
7d1bbc617000-7d1bbc61b000 r--p 0000d000 00:2d 830460                     /usr/local/python/3.12.1/lib/python3.12/lib-dynload/_asyncio.cpython-312-x86_64-linux-gnu.so
7d1bbc61b000-7d1bbc61c000 r--p 00011000 00:2d 830460                     /usr/local/python/3.12.1/lib/python3.12/lib-dynload/_asyncio.cpython-312-x86_64-linux-gnu.so
7d1bbc61c000-7d1bbc61e000 rw-p 00012000 00:2d 830460                     /usr/local/python/3.12.1/lib/python3.12/lib-dynload/_asyncio.cpython-312-x86_64-linux-gnu.so
7d1bbc61e000-7d1bbc71e000 rw-p 00000000 00:00 0 
7d1bbc71e000-7d1bbc720000 r--p 00000000 00:2d 394217                     /usr/lib/x86_64-linux-gnu/libz.so.1.3
7d1bbc720000-7d1bbc732000 r-xp 00002000 00:2d 394217                     /usr/lib/x86_64-linux-gnu/libz.so.1.3
7d1bbc732000-7d1bbc738000 r--p 00014000 00:2d 394217                     /usr/lib/x86_64-linux-gnu/libz.so.1.3
7d1bbc738000-7d1bbc739000 r--p 0001a000 00:2d 394217                     /usr/lib/x86_64-linux-gnu/libz.so.1.3
7d1bbc739000-7d1bbc73a000 rw-p 0001b000 00:2d 394217                     /usr/lib/x86_64-linux-gnu/libz.so.1.3
7d1bbc73a000-7d1bbc7ed000 r--p 00000000 00:2d 394114                     /usr/lib/x86_64-linux-gnu/libcrypto.so.3
7d1bbc7ed000-7d1bbcb20000 r-xp 000b3000 00:2d 394114                     /usr/lib/x86_64-linux-gnu/libcrypto.so.3
7d1bbcb20000-7d1bbcbeb000 r--p 003e6000 00:2d 394114                     /usr/lib/x86_64-linux-gnu/libcrypto.so.3
7d1bbcbeb000-7d1bbcc47000 r--p 004b0000 00:2d 394114                     /usr/lib/x86_64-linux-gnu/libcrypto.so.3
7d1bbcc47000-7d1bbcc4a000 rw-p 0050c000 00:2d 394114                     /usr/lib/x86_64-linux-gnu/libcrypto.so.3
7d1bbcc4a000-7d1bbcc4d000 rw-p 00000000 00:00 0 
7d1bbcc4d000-7d1bbcc6b000 r--p 00000000 00:2d 394195                     /usr/lib/x86_64-linux-gnu/libssl.so.3
7d1bbcc6b000-7d1bbcccd000 r-xp 0001e000 00:2d 394195                     /usr/lib/x86_64-linux-gnu/libssl.so.3
7d1bbcccd000-7d1bbcce9000 r--p 00080000 00:2d 394195                     /usr/lib/x86_64-linux-gnu/libssl.so.3
7d1bbcce9000-7d1bbccf3000 r--p 0009c000 00:2d 394195                     /usr/lib/x86_64-linux-gnu/libssl.so.3
7d1bbccf3000-7d1bbccf7000 rw-p 000a6000 00:2d 394195                     /usr/lib/x86_64-linux-gnu/libssl.so.3
7d1bbccf7000-7d1bbcd09000 r--p 00000000 00:2d 830500                     /usr/local/python/3.12.1/lib/python3.12/lib-dynload/_ssl.cpython-312-x86_64-linux-gnu.so
7d1bbcd09000-7d1bbcd18000 r-xp 00012000 00:2d 830500                     /usr/local/python/3.12.1/lib/python3.12/lib-dynload/_ssl.cpython-312-x86_64-linux-gnu.so
7d1bbcd18000-7d1bbcd26000 r--p 00021000 00:2d 830500                     /usr/local/python/3.12.1/lib/python3.12/lib-dynload/_ssl.cpython-312-x86_64-linux-gnu.so
7d1bbcd26000-7d1bbcd27000 r--p 0002e000 00:2d 830500                     /usr/local/python/3.12.1/lib/python3.12/lib-dynload/_ssl.cpython-312-x86_64-linux-gnu.so
7d1bbcd27000-7d1bbcd30000 rw-p 0002f000 00:2d 830500                     /usr/local/python/3.12.1/lib/python3.12/lib-dynload/_ssl.cpython-312-x86_64-linux-gnu.so
7d1bbcd30000-7d1bbce30000 rw-p 00000000 00:00 0 
7d1bbce30000-7d1bbce31000 r--p 00000000 00:2d 393772                     /usr/lib/locale/C.utf8/LC_MEASUREMENT
7d1bbce31000-7d1bbce32000 r--p 00000000 00:2d 393771                     /usr/lib/locale/C.utf8/LC_IDENTIFICATION
7d1bbce32000-7d1bbce33000 ---p 00000000 00:00 0 
7d1bbce33000-7d1bbce34000 r--p 00000000 00:00 0 
7d1bbce34000-7d1bbce37000 r--p 00000000 00:2d 830536                     /usr/local/python/3.12.1/lib/python3.12/lib-dynload/zlib.cpython-312-x86_64-linux-gnu.so
7d1bbce37000-7d1bbce3e000 r-xp 00003000 00:2d 830536                     /usr/local/python/3.12.1/lib/python3.12/lib-dynload/zlib.cpython-312-x86_64-linux-gnu.so
7d1bbce3e000-7d1bbce41000 r--p 0000a000 00:2d 830536                     /usr/local/python/3.12.1/lib/python3.12/lib-dynload/zlib.cpython-312-x86_64-linux-gnu.so
7d1bbce41000-7d1bbce42000 r--p 0000c000 00:2d 830536                     /usr/local/python/3.12.1/lib/python3.12/lib-dynload/zlib.cpython-312-x86_64-linux-gnu.so
7d1bbce42000-7d1bbce43000 rw-p 0000d000 00:2d 830536                     /usr/local/python/3.12.1/lib/python3.12/lib-dynload/zlib.cpython-312-x86_64-linux-gnu.so
7d1bbce43000-7d1bbce45000 r--p 00000000 00:2d 830496                     /usr/local/python/3.12.1/lib/python3.12/lib-dynload/_sha2.cpython-312-x86_64-linux-gnu.so
7d1bbce45000-7d1bbce50000 r-xp 00002000 00:2d 830496                     /usr/local/python/3.12.1/lib/python3.12/lib-dynload/_sha2.cpython-312-x86_64-linux-gnu.so
7d1bbce50000-7d1bbce52000 r--p 0000d000 00:2d 830496                     /usr/local/python/3.12.1/lib/python3.12/lib-dynload/_sha2.cpython-312-x86_64-linux-gnu.so
7d1bbce52000-7d1bbce53000 r--p 0000e000 00:2d 830496                     /usr/local/python/3.12.1/lib/python3.12/lib-dynload/_sha2.cpython-312-x86_64-linux-gnu.so
7d1bbce53000-7d1bbce54000 rw-p 0000f000 00:2d 830496                     /usr/local/python/3.12.1/lib/python3.12/lib-dynload/_sha2.cpython-312-x86_64-linux-gnu.so
7d1bbce54000-7d1bbce56000 r--p 00000000 00:2d 830494                     /usr/local/python/3.12.1/lib/python3.12/lib-dynload/_random.cpython-312-x86_64-linux-gnu.so
7d1bbce56000-7d1bbce58000 r-xp 00002000 00:2d 830494                     /usr/local/python/3.12.1/lib/python3.12/lib-dynload/_random.cpython-312-x86_64-linux-gnu.so
7d1bbce58000-7d1bbce59000 r--p 00004000 00:2d 830494                     /usr/local/python/3.12.1/lib/python3.12/lib-dynload/_random.cpython-312-x86_64-linux-gnu.so
7d1bbce59000-7d1bbce5a000 r--p 00004000 00:2d 830494                     /usr/local/python/3.12.1/lib/python3.12/lib-dynload/_random.cpython-312-x86_64-linux-gnu.so
7d1bbce5a000-7d1bbce5b000 rw-p 00005000 00:2d 830494                     /usr/local/python/3.12.1/lib/python3.12/lib-dynload/_random.cpython-312-x86_64-linux-gnu.so
7d1bbce5b000-7d1bbce5d000 r--p 00000000 00:2d 830461                     /usr/local/python/3.12.1/lib/python3.12/lib-dynload/_bisect.cpython-312-x86_64-linux-gnu.so
7d1bbce5d000-7d1bbce60000 r-xp 00002000 00:2d 830461                     /usr/local/python/3.12.1/lib/python3.12/lib-dynload/_bisect.cpython-312-x86_64-linux-gnu.so
7d1bbce60000-7d1bbce61000 r--p 00005000 00:2d 830461                     /usr/local/python/3.12.1/lib/python3.12/lib-dynload/_bisect.cpython-312-x86_64-linux-gnu.so
7d1bbce61000-7d1bbce62000 r--p 00005000 00:2d 830461                     /usr/local/python/3.12.1/lib/python3.12/lib-dynload/_bisect.cpython-312-x86_64-linux-gnu.so
7d1bbce62000-7d1bbce63000 rw-p 00006000 00:2d 830461                     /usr/local/python/3.12.1/lib/python3.12/lib-dynload/_bisect.cpython-312-x86_64-linux-gnu.so
7d1bbce63000-7d1bbcf63000 rw-p 00000000 00:00 0 
7d1bbcf63000-7d1bbcf64000 ---p 00000000 00:00 0 
7d1bbcf64000-7d1bbcf66000 r--p 00000000 00:2d 830493                     /usr/local/python/3.12.1/lib/python3.12/lib-dynload/_queue.cpython-312-x86_64-linux-gnu.so
7d1bbcf66000-7d1bbcf68000 r-xp 00002000 00:2d 830493                     /usr/local/python/3.12.1/lib/python3.12/lib-dynload/_queue.cpython-312-x86_64-linux-gnu.so
7d1bbcf68000-7d1bbcf69000 r--p 00004000 00:2d 830493                     /usr/local/python/3.12.1/lib/python3.12/lib-dynload/_queue.cpython-312-x86_64-linux-gnu.so
7d1bbcf69000-7d1bbcf6a000 r--p 00004000 00:2d 830493                     /usr/local/python/3.12.1/lib/python3.12/lib-dynload/_queue.cpython-312-x86_64-linux-gnu.so
7d1bbcf6a000-7d1bbcf6b000 rw-p 00005000 00:2d 830493                     /usr/local/python/3.12.1/lib/python3.12/lib-dynload/_queue.cpython-312-x86_64-linux-gnu.so
7d1bbcf6b000-7d1bbcf6c000 r--p 00000000 00:2d 830470                     /usr/local/python/3.12.1/lib/python3.12/lib-dynload/_contextvars.cpython-312-x86_64-linux-gnu.so
7d1bbcf6c000-7d1bbcf6d000 r-xp 00001000 00:2d 830470                     /usr/local/python/3.12.1/lib/python3.12/lib-dynload/_contextvars.cpython-312-x86_64-linux-gnu.so
7d1bbcf6d000-7d1bbcf6e000 r--p 00002000 00:2d 830470                     /usr/local/python/3.12.1/lib/python3.12/lib-dynload/_contextvars.cpython-312-x86_64-linux-gnu.so
7d1bbcf6e000-7d1bbcf6f000 r--p 00002000 00:2d 830470                     /usr/local/python/3.12.1/lib/python3.12/lib-dynload/_contextvars.cpython-312-x86_64-linux-gnu.so
7d1bbcf6f000-7d1bbcf70000 rw-p 00003000 00:2d 830470                     /usr/local/python/3.12.1/lib/python3.12/lib-dynload/_contextvars.cpython-312-x86_64-linux-gnu.so
7d1bbcf70000-7d1bbcf71000 r--p 00000000 00:2d 830489                     /usr/local/python/3.12.1/lib/python3.12/lib-dynload/_opcode.cpython-312-x86_64-linux-gnu.so
7d1bbcf71000-7d1bbcf72000 r-xp 00001000 00:2d 830489                     /usr/local/python/3.12.1/lib/python3.12/lib-dynload/_opcode.cpython-312-x86_64-linux-gnu.so
7d1bbcf72000-7d1bbcf73000 r--p 00002000 00:2d 830489                     /usr/local/python/3.12.1/lib/python3.12/lib-dynload/_opcode.cpython-312-x86_64-linux-gnu.so
7d1bbcf73000-7d1bbcf74000 r--p 00002000 00:2d 830489                     /usr/local/python/3.12.1/lib/python3.12/lib-dynload/_opcode.cpython-312-x86_64-linux-gnu.so
7d1bbcf74000-7d1bbcf75000 rw-p 00003000 00:2d 830489                     /usr/local/python/3.12.1/lib/python3.12/lib-dynload/_opcode.cpython-312-x86_64-linux-gnu.so
7d1bbcf75000-7d1bbcf77000 r--p 00000000 00:2d 830518                     /usr/local/python/3.12.1/lib/python3.12/lib-dynload/binascii.cpython-312-x86_64-linux-gnu.so
7d1bbcf77000-7d1bbcf7a000 r-xp 00002000 00:2d 830518                     /usr/local/python/3.12.1/lib/python3.12/lib-dynload/binascii.cpython-312-x86_64-linux-gnu.so
7d1bbcf7a000-7d1bbcf7c000 r--p 00005000 00:2d 830518                     /usr/local/python/3.12.1/lib/python3.12/lib-dynload/binascii.cpython-312-x86_64-linux-gnu.so
7d1bbcf7c000-7d1bbcf7d000 r--p 00006000 00:2d 830518                     /usr/local/python/3.12.1/lib/python3.12/lib-dynload/binascii.cpython-312-x86_64-linux-gnu.so
7d1bbcf7d000-7d1bbcf7e000 rw-p 00007000 00:2d 830518                     /usr/local/python/3.12.1/lib/python3.12/lib-dynload/binascii.cpython-312-x86_64-linux-gnu.so
7d1bbcf7e000-7d1bbcf7f000 r--p 00000000 00:2d 830482                     /usr/local/python/3.12.1/lib/python3.12/lib-dynload/_heapq.cpython-312-x86_64-linux-gnu.so
7d1bbcf7f000-7d1bbcf81000 r-xp 00001000 00:2d 830482                     /usr/local/python/3.12.1/lib/python3.12/lib-dynload/_heapq.cpython-312-x86_64-linux-gnu.so
7d1bbcf81000-7d1bbcf84000 r--p 00003000 00:2d 830482                     /usr/local/python/3.12.1/lib/python3.12/lib-dynload/_heapq.cpython-312-x86_64-linux-gnu.so
7d1bbcf84000-7d1bbcf85000 r--p 00005000 00:2d 830482                     /usr/local/python/3.12.1/lib/python3.12/lib-dynload/_heapq.cpython-312-x86_64-linux-gnu.so
7d1bbcf85000-7d1bbcf86000 rw-p 00006000 00:2d 830482                     /usr/local/python/3.12.1/lib/python3.12/lib-dynload/_heapq.cpython-312-x86_64-linux-gnu.so
7d1bbcf86000-7d1bbcf87000 r--p 00000000 00:2d 830491                     /usr/local/python/3.12.1/lib/python3.12/lib-dynload/_posixshmem.cpython-312-x86_64-linux-gnu.so
7d1bbcf87000-7d1bbcf88000 r-xp 00001000 00:2d 830491                     /usr/local/python/3.12.1/lib/python3.12/lib-dynload/_posixshmem.cpython-312-x86_64-linux-gnu.so
7d1bbcf88000-7d1bbcf89000 r--p 00002000 00:2d 830491                     /usr/local/python/3.12.1/lib/python3.12/lib-dynload/_posixshmem.cpython-312-x86_64-linux-gnu.so
7d1bbcf89000-7d1bbcf8a000 r--p 00002000 00:2d 830491                     /usr/local/python/3.12.1/lib/python3.12/lib-dynload/_posixshmem.cpython-312-x86_64-linux-gnu.so
7d1bbcf8a000-7d1bbcf8b000 rw-p 00003000 00:2d 830491                     /usr/local/python/3.12.1/lib/python3.12/lib-dynload/_posixshmem.cpython-312-x86_64-linux-gnu.so
7d1bbcf8b000-7d1bbcf8d000 r--p 00000000 00:2d 830488                     /usr/local/python/3.12.1/lib/python3.12/lib-dynload/_multiprocessing.cpython-312-x86_64-linux-gnu.so
7d1bbcf8d000-7d1bbcf8f000 r-xp 00002000 00:2d 830488                     /usr/local/python/3.12.1/lib/python3.12/lib-dynload/_multiprocessing.cpython-312-x86_64-linux-gnu.so
7d1bbcf8f000-7d1bbcf90000 r--p 00004000 00:2d 830488                     /usr/local/python/3.12.1/lib/python3.12/lib-dynload/_multiprocessing.cpython-312-x86_64-linux-gnu.so
7d1bbcf90000-7d1bbcf91000 r--p 00004000 00:2d 830488                     /usr/local/python/3.12.1/lib/python3.12/lib-dynload/_multiprocessing.cpython-312-x86_64-linux-gnu.so
7d1bbcf91000-7d1bbcf92000 rw-p 00005000 00:2d 830488                     /usr/local/python/3.12.1/lib/python3.12/lib-dynload/_multiprocessing.cpython-312-x86_64-linux-gnu.so
7d1bbcf92000-7d1bbcf94000 r--p 00000000 00:2d 830492                     /usr/local/python/3.12.1/lib/python3.12/lib-dynload/_posixsubprocess.cpython-312-x86_64-linux-gnu.so
7d1bbcf94000-7d1bbcf97000 r-xp 00002000 00:2d 830492                     /usr/local/python/3.12.1/lib/python3.12/lib-dynload/_posixsubprocess.cpython-312-x86_64-linux-gnu.so
7d1bbcf97000-7d1bbcf98000 r--p 00005000 00:2d 830492                     /usr/local/python/3.12.1/lib/python3.12/lib-dynload/_posixsubprocess.cpython-312-x86_64-linux-gnu.so
7d1bbcf98000-7d1bbcf99000 r--p 00005000 00:2d 830492                     /usr/local/python/3.12.1/lib/python3.12/lib-dynload/_posixsubprocess.cpython-312-x86_64-linux-gnu.so
7d1bbcf99000-7d1bbcf9a000 rw-p 00006000 00:2d 830492                     /usr/local/python/3.12.1/lib/python3.12/lib-dynload/_posixsubprocess.cpython-312-x86_64-linux-gnu.so
7d1bbcf9a000-7d1bbcf9b000 r--p 00000000 00:2d 830520                     /usr/local/python/3.12.1/lib/python3.12/lib-dynload/fcntl.cpython-312-x86_64-linux-gnu.so
7d1bbcf9b000-7d1bbcf9d000 r-xp 00001000 00:2d 830520                     /usr/local/python/3.12.1/lib/python3.12/lib-dynload/fcntl.cpython-312-x86_64-linux-gnu.so
7d1bbcf9d000-7d1bbcf9f000 r--p 00003000 00:2d 830520                     /usr/local/python/3.12.1/lib/python3.12/lib-dynload/fcntl.cpython-312-x86_64-linux-gnu.so
7d1bbcf9f000-7d1bbcfa0000 r--p 00004000 00:2d 830520                     /usr/local/python/3.12.1/lib/python3.12/lib-dynload/fcntl.cpython-312-x86_64-linux-gnu.so
7d1bbcfa0000-7d1bbcfa1000 rw-p 00005000 00:2d 830520                     /usr/local/python/3.12.1/lib/python3.12/lib-dynload/fcntl.cpython-312-x86_64-linux-gnu.so
7d1bbcfa1000-7d1bbcfa5000 r--p 00000000 00:2d 830516                     /usr/local/python/3.12.1/lib/python3.12/lib-dynload/array.cpython-312-x86_64-linux-gnu.so
7d1bbcfa5000-7d1bbcfad000 r-xp 00004000 00:2d 830516                     /usr/local/python/3.12.1/lib/python3.12/lib-dynload/array.cpython-312-x86_64-linux-gnu.so
7d1bbcfad000-7d1bbcfb1000 r--p 0000c000 00:2d 830516                     /usr/local/python/3.12.1/lib/python3.12/lib-dynload/array.cpython-312-x86_64-linux-gnu.so
7d1bbcfb1000-7d1bbcfb2000 r--p 0000f000 00:2d 830516                     /usr/local/python/3.12.1/lib/python3.12/lib-dynload/array.cpython-312-x86_64-linux-gnu.so
7d1bbcfb2000-7d1bbcfb3000 rw-p 00010000 00:2d 830516                     /usr/local/python/3.12.1/lib/python3.12/lib-dynload/array.cpython-312-x86_64-linux-gnu.so
7d1bbcfb3000-7d1bbcfb5000 r--p 00000000 00:2d 830528                     /usr/local/python/3.12.1/lib/python3.12/lib-dynload/select.cpython-312-x86_64-linux-gnu.so
7d1bbcfb5000-7d1bbcfb8000 r-xp 00002000 00:2d 830528                     /usr/local/python/3.12.1/lib/python3.12/lib-dynload/select.cpython-312-x86_64-linux-gnu.so
7d1bbcfb8000-7d1bbcfba000 r--p 00005000 00:2d 830528                     /usr/local/python/3.12.1/lib/python3.12/lib-dynload/select.cpython-312-x86_64-linux-gnu.so
7d1bbcfba000-7d1bbcfbb000 r--p 00006000 00:2d 830528                     /usr/local/python/3.12.1/lib/python3.12/lib-dynload/select.cpython-312-x86_64-linux-gnu.so
7d1bbcfbb000-7d1bbcfbc000 rw-p 00007000 00:2d 830528                     /usr/local/python/3.12.1/lib/python3.12/lib-dynload/select.cpython-312-x86_64-linux-gnu.so
7d1bbcfbc000-7d1bbcfbf000 r--p 00000000 00:2d 830522                     /usr/local/python/3.12.1/lib/python3.12/lib-dynload/math.cpython-312-x86_64-linux-gnu.so
7d1bbcfbf000-7d1bbcfcb000 r-xp 00003000 00:2d 830522                     /usr/local/python/3.12.1/lib/python3.12/lib-dynload/math.cpython-312-x86_64-linux-gnu.so
7d1bbcfcb000-7d1bbcfd0000 r--p 0000f000 00:2d 830522                     /usr/local/python/3.12.1/lib/python3.12/lib-dynload/math.cpython-312-x86_64-linux-gnu.so
7d1bbcfd0000-7d1bbcfd1000 r--p 00013000 00:2d 830522                     /usr/local/python/3.12.1/lib/python3.12/lib-dynload/math.cpython-312-x86_64-linux-gnu.so
7d1bbcfd1000-7d1bbcfd2000 rw-p 00014000 00:2d 830522                     /usr/local/python/3.12.1/lib/python3.12/lib-dynload/math.cpython-312-x86_64-linux-gnu.so
7d1bbcfd2000-7d1bbcfd6000 r--p 00000000 00:2d 830498                     /usr/local/python/3.12.1/lib/python3.12/lib-dynload/_socket.cpython-312-x86_64-linux-gnu.so
7d1bbcfd6000-7d1bbcfe3000 r-xp 00004000 00:2d 830498                     /usr/local/python/3.12.1/lib/python3.12/lib-dynload/_socket.cpython-312-x86_64-linux-gnu.so
7d1bbcfe3000-7d1bbcfec000 r--p 00011000 00:2d 830498                     /usr/local/python/3.12.1/lib/python3.12/lib-dynload/_socket.cpython-312-x86_64-linux-gnu.so
7d1bbcfec000-7d1bbcfed000 r--p 00019000 00:2d 830498                     /usr/local/python/3.12.1/lib/python3.12/lib-dynload/_socket.cpython-312-x86_64-linux-gnu.so
7d1bbcfed000-7d1bbcfee000 rw-p 0001a000 00:2d 830498                     /usr/local/python/3.12.1/lib/python3.12/lib-dynload/_socket.cpython-312-x86_64-linux-gnu.so
7d1bbcfee000-7d1bbcff3000 r--p 00000000 00:2d 830490                     /usr/local/python/3.12.1/lib/python3.12/lib-dynload/_pickle.cpython-312-x86_64-linux-gnu.so
7d1bbcff3000-7d1bbd005000 r-xp 00005000 00:2d 830490                     /usr/local/python/3.12.1/lib/python3.12/lib-dynload/_pickle.cpython-312-x86_64-linux-gnu.so
7d1bbd005000-7d1bbd00b000 r--p 00017000 00:2d 830490                     /usr/local/python/3.12.1/lib/python3.12/lib-dynload/_pickle.cpython-312-x86_64-linux-gnu.so
7d1bbd00b000-7d1bbd00c000 r--p 0001c000 00:2d 830490                     /usr/local/python/3.12.1/lib/python3.12/lib-dynload/_pickle.cpython-312-x86_64-linux-gnu.so
7d1bbd00c000-7d1bbd00d000 rw-p 0001d000 00:2d 830490                     /usr/local/python/3.12.1/lib/python3.12/lib-dynload/_pickle.cpython-312-x86_64-linux-gnu.so
7d1bbd00d000-7d1bbd010000 r--p 00000000 00:2d 830502                     /usr/local/python/3.12.1/lib/python3.12/lib-dynload/_struct.cpython-312-x86_64-linux-gnu.so
7d1bbd010000-7d1bbd016000 r-xp 00003000 00:2d 830502                     /usr/local/python/3.12.1/lib/python3.12/lib-dynload/_struct.cpython-312-x86_64-linux-gnu.so
7d1bbd016000-7d1bbd019000 r--p 00009000 00:2d 830502                     /usr/local/python/3.12.1/lib/python3.12/lib-dynload/_struct.cpython-312-x86_64-linux-gnu.so
7d1bbd019000-7d1bbd01a000 r--p 0000c000 00:2d 830502                     /usr/local/python/3.12.1/lib/python3.12/lib-dynload/_struct.cpython-312-x86_64-linux-gnu.so
7d1bbd01a000-7d1bbd01b000 rw-p 0000d000 00:2d 830502                     /usr/local/python/3.12.1/lib/python3.12/lib-dynload/_struct.cpython-312-x86_64-linux-gnu.so
7d1bbd01b000-7d1bbd381000 rw-p 00000000 00:00 0 
7d1bbd381000-7d1bbd3da000 r--p 00000000 00:2d 393770                     /usr/lib/locale/C.utf8/LC_CTYPE
7d1bbd3da000-7d1bbd6c5000 r--p 00000000 00:2d 531685                     /usr/lib/locale/locale-archive
7d1bbd6c5000-7d1bbd6c8000 rw-p 00000000 00:00 0 
7d1bbd6c8000-7d1bbd6f0000 r--p 00000000 00:2d 394104                     /usr/lib/x86_64-linux-gnu/libc.so.6
7d1bbd6f0000-7d1bbd878000 r-xp 00028000 00:2d 394104                     /usr/lib/x86_64-linux-gnu/libc.so.6
7d1bbd878000-7d1bbd8c7000 r--p 001b0000 00:2d 394104                     /usr/lib/x86_64-linux-gnu/libc.so.6
7d1bbd8c7000-7d1bbd8cb000 r--p 001fe000 00:2d 394104                     /usr/lib/x86_64-linux-gnu/libc.so.6
7d1bbd8cb000-7d1bbd8cd000 rw-p 00202000 00:2d 394104                     /usr/lib/x86_64-linux-gnu/libc.so.6
7d1bbd8cd000-7d1bbd8da000 rw-p 00000000 00:00 0 
7d1bbd8da000-7d1bbd8ea000 r--p 00000000 00:2d 394146                     /usr/lib/x86_64-linux-gnu/libm.so.6
7d1bbd8ea000-7d1bbd969000 r-xp 00010000 00:2d 394146                     /usr/lib/x86_64-linux-gnu/libm.so.6
7d1bbd969000-7d1bbd9c1000 r--p 0008f000 00:2d 394146                     /usr/lib/x86_64-linux-gnu/libm.so.6
7d1bbd9c1000-7d1bbd9c2000 r--p 000e7000 00:2d 394146                     /usr/lib/x86_64-linux-gnu/libm.so.6
7d1bbd9c2000-7d1bbd9c3000 rw-p 000e8000 00:2d 394146                     /usr/lib/x86_64-linux-gnu/libm.so.6
7d1bbd9c3000-7d1bbd9ca000 r--s 00000000 00:2d 394075                     /usr/lib/x86_64-linux-gnu/gconv/gconv-modules.cache
7d1bbd9ca000-7d1bbd9cc000 rw-p 00000000 00:00 0 
7d1bbd9cc000-7d1bbd9cd000 r--p 00000000 00:2d 394084                     /usr/lib/x86_64-linux-gnu/ld-linux-x86-64.so.2
7d1bbd9cd000-7d1bbd9f8000 r-xp 00001000 00:2d 394084                     /usr/lib/x86_64-linux-gnu/ld-linux-x86-64.so.2
7d1bbd9f8000-7d1bbda02000 r--p 0002c000 00:2d 394084                     /usr/lib/x86_64-linux-gnu/ld-linux-x86-64.so.2
7d1bbda02000-7d1bbda04000 r--p 00036000 00:2d 394084                     /usr/lib/x86_64-linux-gnu/ld-linux-x86-64.so.2
7d1bbda04000-7d1bbda06000 rw-p 00038000 00:2d 394084                     /usr/lib/x86_64-linux-gnu/ld-linux-x86-64.so.2
7ffd22fdc000-7ffd22fe0000 ---p 00000000 00:00 0 
7ffd22fe0000-7ffd230dc000 rw-p 00000000 00:00 0                          [stack]
7ffd23155000-7ffd23159000 r--p 00000000 00:00 0                          [vvar]
7ffd23159000-7ffd2315b000 r-xp 00000000 00:00 0                          [vdso]
ffffffffff600000-ffffffffff601000 --xp 00000000 00:00 0                  [vsyscall]
Total number of mappings: 611

JVMTI agents: none


VM Arguments:
jvm_args: -Dfile.encoding=UTF8 -ea -Xmx1024m 
java_command: <unknown>
java_class_path (initial): /usr/local/python/3.12.1/lib/python3.12/site-packages/konlpy/java:/usr/local/python/3.12.1/lib/python3.12/site-packages/konlpy/java/bin:/usr/local/python/3.12.1/lib/python3.12/site-packages/konlpy/java/open-korean-text-2.1.0.jar:/usr/local/python/3.12.1/lib/python3.12/site-packages/konlpy/java/scala-library-2.12.3.jar:/usr/local/python/3.12.1/lib/python3.12/site-packages/konlpy/java/shineware-ds-1.0.jar:/usr/local/python/3.12.1/lib/python3.12/site-packages/konlpy/java/snakeyaml-1.12.jar:/usr/local/python/3.12.1/lib/python3.12/site-packages/konlpy/java/shineware-common-1.0.jar:/usr/local/python/3.12.1/lib/python3.12/site-packages/konlpy/java/jhannanum-0.8.4.jar:/usr/local/python/3.12.1/lib/python3.12/site-packages/konlpy/java/twitter-text-1.14.7.jar:/usr/local/python/3.12.1/lib/python3.12/site-packages/konlpy/java/aho-corasick.jar:/usr/local/python/3.12.1/lib/python3.12/site-packages/konlpy/java/komoran-3.0.jar:/usr/local/python/3.12.1/lib/python3.12/site-packages/konlpy/java/kkma-2.0.jar:/usr/local/python/3.12.1/lib/python3.12/site-packages/konlpy/java/jhannanum-0.8.4.jar:/usr/local/python/3.12.1/lib/python3.12/site-packages/konlpy/java/kkma-2.0.jar:/usr/local/python/3.12.1/lib/python3.12/site-packages/konlpy/java/aho-corasick.jar:/usr/local/python/3.12.1/lib/python3.12/site-packages/konlpy/java/shineware-common-1.0.jar:/usr/local/python/3.12.1/lib/python3.12/site-packages/konlpy/java/shineware-ds-1.0.jar:/usr/local/python/3.12.1/lib/python3.12/site-packages/konlpy/java/komoran-3.0.jar:/usr/local/python/3.12.1/lib/python3.12/site-packages/konlpy/java/snakeyaml-1.12.jar:/usr/local/python/3.12.1/lib/python3.12/site-packages/konlpy/java/scala-library-2.12.3.jar:/usr/local/python/3.12.1/lib/python3.12/site-packages/konlpy/java/open-korean-text-2.1.0.jar:/usr/local/python/3.12.1/lib/python3.12/site-packages/konlpy/java/twitter-text-1.14.7.jar:/usr/local/python/3.12.1/lib/python3.12/site-packages/konlpy/java/open-korean-text-2.1.0.jar:/usr/local/python/3.12.1/lib/python3.12/site-packages/konlpy/java/scala-library-2.12.3.jar:/usr/local/python/3.12.1/lib/python3.12/site-packages/konlpy/java/shineware-ds-1.0.jar:/usr/local/python/3.12.1/lib/python3.12/site-packages/konlpy/java/snakeyaml-1.12.jar:/usr/local/python/3.12.1/lib/python3.12/site-packages/konlpy/java/shineware-common-1.0.jar:/usr/local/python/3.12.1/lib/python3.12/site-packages/konlpy/java/jhannanum-0.8.4.jar:/usr/local/python/3.12.1/lib/python3.12/site-packages/konlpy/java/twitter-text-1.14.7.jar:/usr/local/python/3.12.1/lib/python3.12/site-packages/konlpy/java/aho-corasick.jar:/usr/local/python/3.12.1/lib/python3.12/site-packages/konlpy/java/komoran-3.0.jar:/usr/local/python/3.12.1/lib/python3.12/site-packages/konlpy/java/kkma-2.0.jar:/usr/local/python/3.12.1/lib/python3.12/site-packages/org.jpype.jar
Launcher Type: generic

[Global flags]
     intx CICompilerCount                          = 2                                         {product} {ergonomic}
     uint ConcGCThreads                            = 1                                         {product} {ergonomic}
     uint G1ConcRefinementThreads                  = 2                                         {product} {ergonomic}
   size_t G1HeapRegionSize                         = 1048576                                   {product} {ergonomic}
   size_t InitialHeapSize                          = 132120576                                 {product} {ergonomic}
   size_t MarkStackSize                            = 4194304                                   {product} {ergonomic}
   size_t MarkStackSizeMax                         = 536870912                                 {product} {ergonomic}
   size_t MaxHeapSize                              = 1073741824                                {product} {command line}
   size_t MaxNewSize                               = 643825664                                 {product} {ergonomic}
   size_t MinHeapDeltaBytes                        = 1048576                                   {product} {ergonomic}
   size_t MinHeapSize                              = 8388608                                   {product} {ergonomic}
    uintx NonNMethodCodeHeapSize                   = 5824512                                {pd product} {ergonomic}
    uintx NonProfiledCodeHeapSize                  = 122920960                              {pd product} {ergonomic}
    uintx ProfiledCodeHeapSize                     = 122912768                              {pd product} {ergonomic}
    uintx ReservedCodeCacheSize                    = 251658240                              {pd product} {ergonomic}
     bool SegmentedCodeCache                       = true                                      {product} {ergonomic}
   size_t SoftMaxHeapSize                          = 1073741824                             {manageable} {ergonomic}
     bool UseCompressedOops                        = true                           {product lp64_product} {ergonomic}
     bool UseG1GC                                  = true                                      {product} {ergonomic}

Logging:
Log output configuration:
 #0: stdout all=warning uptime,level,tags foldmultilines=false
 #1: stderr all=off uptime,level,tags foldmultilines=false

Release file:
IMPLEMENTOR="Microsoft"
IMPLEMENTOR_VERSION="Microsoft-12574222"
JAVA_RUNTIME_VERSION="25.0.1+8-LTS"
JAVA_VERSION="25.0.1"
JAVA_VERSION_DATE="2025-10-21"
LIBC="gnu"
MODULES="java.base java.compiler java.datatransfer java.xml java.prefs java.desktop java.instrument java.logging java.management java.security.sasl java.naming java.rmi java.management.rmi java.net.http java.scripting java.security.jgss java.transaction.xa java.sql java.sql.rowset java.xml.crypto java.se java.smartcardio jdk.accessibility jdk.internal.jvmstat jdk.attach jdk.charsets jdk.internal.opt jdk.zipfs jdk.compiler jdk.crypto.cryptoki jdk.crypto.ec jdk.dynalink jdk.internal.ed jdk.editpad jdk.internal.vm.ci jdk.graal.compiler jdk.graal.compiler.management jdk.hotspot.agent jdk.httpserver jdk.incubator.vector jdk.internal.le jdk.internal.md jdk.jartool jdk.javadoc jdk.jcmd jdk.management jdk.management.agent jdk.jconsole jdk.jdeps jdk.jdwp.agent jdk.jdi jdk.jfr jdk.jlink jdk.jpackage jdk.jshell jdk.jsobject jdk.jstatd jdk.localedata jdk.management.jfr jdk.naming.dns jdk.naming.rmi jdk.net jdk.nio.mapmode jdk.sctp jdk.security.auth jdk.security.jgss jdk.unsupported jdk.unsupported.desktop jdk.xml.dom"
OS_ARCH="x86_64"
OS_NAME="Linux"
SOURCE=".:git:a34d2ff2d503"

Environment Variables:
JAVA_HOME=/usr/local/sdkman/candidates/java/current
PATH=/usr/local/rvm/gems/ruby-3.4.7/bin:/usr/local/rvm/gems/ruby-3.4.7@global/bin:/usr/local/rvm/rubies/ruby-3.4.7/bin:/vscode/bin/linux-x64/41dd792b5e652393e7787322889ed5fdc58bd75b/bin/remote-cli:/home/codespace/.local/bin:/home/codespace/.dotnet:/home/codespace/nvm/current/bin:/home/codespace/.php/current/bin:/home/codespace/.python/current/bin:/home/codespace/java/current/bin:/home/codespace/.ruby/current/bin:/home/codespace/.local/bin:/usr/local/python/current/bin:/usr/local/py-utils/bin:/usr/local/jupyter:/usr/local/oryx:/usr/local/go/bin:/go/bin:/usr/local/sdkman/bin:/usr/local/sdkman/candidates/java/current/bin:/usr/local/sdkman/candidates/gradle/current/bin:/usr/local/sdkman/candidates/maven/current/bin:/usr/local/sdkman/candidates/ant/current/bin:/usr/local/rvm/gems/default/bin:/usr/local/rvm/gems/default@global/bin:/usr/local/rvm/rubies/default/bin:/usr/local/share/rbenv/bin:/usr/local/php/current/bin:/opt/conda/bin:/usr/local/nvs:/usr/local/share/nvm/versions/node/v24.11.1/bin:/usr/local/hugo/bin:/usr/local/sbin:/usr/local/bin:/usr/sbin:/usr/bin:/sbin:/bin:/usr/share/dotnet:/home/codespace/.dotnet/tools:/usr/local/rvm/bin
SHELL=/bin/bash
LANG=C.UTF-8
TERM=xterm-256color

Active Locale:
LC_ALL=C.UTF-8
LC_COLLATE=C.UTF-8
LC_CTYPE=C.UTF-8
LC_MESSAGES=C.UTF-8
LC_MONETARY=C.UTF-8
LC_NUMERIC=C.UTF-8
LC_TIME=C.UTF-8

Signal Handlers:
   SIGSEGV: crash_handler in libjvm.so, mask=11100100010111111101111111111110, flags=SA_RESTART|SA_SIGINFO, unblocked
    SIGBUS: crash_handler in libjvm.so, mask=11100100010111111101111111111110, flags=SA_RESTART|SA_SIGINFO, unblocked
    SIGFPE: crash_handler in libjvm.so, mask=11100100010111111101111111111110, flags=SA_RESTART|SA_SIGINFO, unblocked
   SIGPIPE: javaSignalHandler in libjvm.so, mask=11100100010111111101111111111110, flags=SA_RESTART|SA_SIGINFO, blocked
   SIGXFSZ: javaSignalHandler in libjvm.so, mask=11100100010111111101111111111110, flags=SA_RESTART|SA_SIGINFO, blocked
    SIGILL: crash_handler in libjvm.so, mask=11100100010111111101111111111110, flags=SA_RESTART|SA_SIGINFO, unblocked
   SIGUSR2: SR_handler in libjvm.so, mask=00000000000000000000000000000000, flags=SA_RESTART|SA_SIGINFO, blocked
    SIGHUP: UserHandler in libjvm.so, mask=11100100010111111101111111111110, flags=SA_RESTART|SA_SIGINFO, blocked
    SIGINT: UserHandler in libjvm.so, mask=11100100010111111101111111111110, flags=SA_RESTART|SA_SIGINFO, blocked
   SIGTERM: UserHandler in libjvm.so, mask=11100100010111111101111111111110, flags=SA_RESTART|SA_SIGINFO, blocked
   SIGQUIT: UserHandler in libjvm.so, mask=11100100010111111101111111111110, flags=SA_RESTART|SA_SIGINFO, blocked
   SIGTRAP: crash_handler in libjvm.so, mask=11100100010111111101111111111110, flags=SA_RESTART|SA_SIGINFO, unblocked


Compilation memory statistics disabled.

Periodic native trim disabled

---------------  S Y S T E M  ---------------

OS:
DISTRIB_ID=Ubuntu
DISTRIB_RELEASE=24.04
DISTRIB_CODENAME=noble
DISTRIB_DESCRIPTION="Ubuntu 24.04.3 LTS"
uname: Linux 6.8.0-1044-azure #50~22.04.1-Ubuntu SMP Wed Dec  3 15:13:22 UTC 2025 x86_64
OS uptime: 0 days 0:23 hours
libc: glibc 2.39 NPTL 2.39 
rlimit (soft/hard): STACK 8192k/infinity , CORE infinity/infinity , NPROC infinity/infinity , NOFILE 524288/524288 , AS infinity/infinity , CPU infinity/infinity , DATA infinity/infinity , FSIZE infinity/infinity , MEMLOCK 8192k/8192k
load average: 1.86 1.44 1.24

/proc/meminfo:
MemTotal:        8135228 kB
MemFree:          217664 kB
MemAvailable:    6182840 kB
Buffers:          174784 kB
Cached:          5885828 kB
SwapCached:            0 kB
Active:          2977912 kB
Inactive:        4397768 kB
Active(anon):    1358872 kB
Inactive(anon):    28772 kB
Active(file):    1619040 kB
Inactive(file):  4368996 kB
Unevictable:       30916 kB
Mlocked:           27844 kB
SwapTotal:             0 kB
SwapFree:              0 kB
Zswap:                 0 kB
Zswapped:              0 kB
Dirty:              8720 kB
Writeback:             0 kB
AnonPages:       1326152 kB
Mapped:           676384 kB
Shmem:             63432 kB
KReclaimable:     290768 kB
Slab:             386844 kB
SReclaimable:     290768 kB
SUnreclaim:        96076 kB
KernelStack:        9120 kB
PageTables:        22048 kB
SecPageTables:         0 kB
NFS_Unstable:          0 kB
Bounce:                0 kB
WritebackTmp:          0 kB
CommitLimit:     4067612 kB
Committed_AS:    4299220 kB
VmallocTotal:   34359738367 kB
VmallocUsed:       42088 kB
VmallocChunk:          0 kB
Percpu:             1216 kB
HardwareCorrupted:     0 kB
AnonHugePages:    569344 kB
ShmemHugePages:        0 kB
ShmemPmdMapped:        0 kB
FileHugePages:         0 kB
FilePmdMapped:         0 kB
Unaccepted:            0 kB
HugePages_Total:       0
HugePages_Free:        0
HugePages_Rsvd:        0
HugePages_Surp:        0
Hugepagesize:       2048 kB
Hugetlb:               0 kB
DirectMap4k:      137152 kB
DirectMap2M:     5105664 kB
DirectMap1G:     5242880 kB

/sys/kernel/mm/transparent_hugepage/enabled: [always] madvise never
/sys/kernel/mm/transparent_hugepage/hpage_pmd_size: 2097152
/sys/kernel/mm/transparent_hugepage/shmem_enabled: always within_size advise [never] deny force
/sys/kernel/mm/transparent_hugepage/defrag (defrag/compaction efforts parameter): always defer defer+madvise [madvise] never

Process Memory:
Virtual Size: 3839632K (peak: 3892176K)
Resident Set Size: 182060K (peak: 185868K) (anon: 123964K, file: 58096K, shmem: 0K)
Swapped out: 0K
C-Heap outstanding allocations: 51059K, retained: 8936K
glibc malloc tunables: (default)

/proc/sys/kernel/threads-max (system-wide limit on the number of threads): 63498
/proc/sys/vm/max_map_count (maximum number of memory map areas a process may have): 65530
/proc/sys/vm/swappiness (control to define how aggressively the kernel swaps out anonymous memory): 60
/proc/sys/kernel/pid_max (system-wide limit on number of process identifiers): 4194304

container information not found.
Hyper-V virtualization detected
Steal ticks since vm start: 0
Steal ticks percentage since vm start:  0.000

CPU: total 2 (initial active 2) (16 cores per cpu, 2 threads per core) family 25 model 1 stepping 1 microcode 0xffffffff, cx8, cmov, fxsr, ht, mmx, 3dnowpref, sse, sse2, sse3, ssse3, sse4a, sse4.1, sse4.2, popcnt, lzcnt, tsc, tscinvbit, avx, avx2, aes, erms, clmul, bmi1, bmi2, adx, sha, fma, vzeroupper, clflush, clflushopt, clwb, hv, rdtscp, rdpid, fsrm, f16c, cet_ss
CPU Model and flags from /proc/cpuinfo:
model name	: AMD EPYC 7763 64-Core Processor
flags		: fpu vme de pse tsc msr pae mce cx8 apic sep mtrr pge mca cmov pat pse36 clflush mmx fxsr sse sse2 ht syscall nx mmxext fxsr_opt pdpe1gb rdtscp lm constant_tsc rep_good nopl tsc_reliable nonstop_tsc cpuid extd_apicid aperfmperf tsc_known_freq pni pclmulqdq ssse3 fma cx16 pcid sse4_1 sse4_2 movbe popcnt aes xsave avx f16c rdrand hypervisor lahf_lm cmp_legacy svm cr8_legacy abm sse4a misalignsse 3dnowprefetch osvw topoext vmmcall fsgsbase bmi1 avx2 smep bmi2 erms invpcid rdseed adx smap clflushopt clwb sha_ni xsaveopt xsavec xgetbv1 xsaves user_shstk clzero xsaveerptr rdpru arat npt nrip_save tsc_scale vmcb_clean flushbyasid decodeassists pausefilter pfthreshold v_vmsave_vmload umip vaes vpclmulqdq rdpid fsrm

Online cpus: 0-1
Offline cpus: 
BIOS frequency limitation: <Not Available>
Frequency switch latency (ns): <Not Available>
Available cpu frequencies: <Not Available>
Current governor: <Not Available>
Core performance/turbo boost: <Not Available>

Memory: 4k page, physical 8135228k(6182956k free), swap 0k(0k free)
Page Sizes: 4k

vm_info: OpenJDK 64-Bit Server VM (25.0.1+8-LTS) for linux-amd64 JRE (25.0.1+8-LTS), built on 2025-10-13T21:28:09Z with gcc 11.3.0

END.
