#
# A fatal error has been detected by the Java Runtime Environment:
#
#  SIGSEGV (0xb) at pc=0x000070251e6834f3, pid=31250, tid=31250
#
# JRE version: OpenJDK Runtime Environment Microsoft-12574222 (25.0.1+8) (build 25.0.1+8-LTS)
# Java VM: OpenJDK 64-Bit Server VM Microsoft-12574222 (25.0.1+8-LTS, mixed mode, sharing, tiered, compressed oops, compressed class ptrs, g1 gc, linux-amd64)
# Problematic frame:
# C  [_jpype.cpython-312-x86_64-linux-gnu.so+0x424f3]  JPypeException::toJava() [clone .cold]+0x5d
#
# Core dump will be written. Default location: Core dumps may be processed with "/usr/share/apport/apport -p%p -s%s -c%c -d%d -P%P -u%u -g%g -F%F -- %E" (or dumping to /workspaces/korean_reading_practice/myapp/backend/core.31250)
#
# If you would like to submit a bug report, please visit:
#   https://github.com/microsoft/openjdk/issues
# The crash happened outside the Java Virtual Machine in native code.
# See problematic frame for where to report the bug.
#

---------------  S U M M A R Y ------------

Command Line: -Dfile.encoding=UTF8 -ea -Xmx1024m 

Host: AMD EPYC 7763 64-Core Processor, 2 cores, 7G, Ubuntu 24.04.3 LTS
Time: Tue May 12 20:57:25 2026 UTC elapsed time: 0.420916 seconds (0d 0h 0m 0s)

---------------  T H R E A D  ---------------

Current thread (0x0000623f7b775e90):  JavaThread "main"             [_thread_in_native, id=31250, stack(0x00007ffe8799c000,0x00007ffe87a9c000) (1024K)]

Stack: [0x00007ffe8799c000,0x00007ffe87a9c000],  sp=0x00007ffe87a95d70,  free space=999k
Native frames: (J=compiled Java code, j=interpreted, Vv=VM code, C=native code)
C  [_jpype.cpython-312-x86_64-linux-gnu.so+0x424f3]  JPypeException::toJava() [clone .cold]+0x5d
Java frames: (J=compiled Java code, j=interpreted, Vv=VM code)
j  org.jpype.manager.TypeFactoryNative.newWrapper(JJ)V+0
j  org.jpype.JPypeContext.newWrapper(J)V+16
v  ~StubRoutines::call_stub 0x0000702507b38fa6
j  org.jpype.manager.TypeFactoryNative.newWrapper(JJ)V+0
j  org.jpype.JPypeContext.newWrapper(J)V+16
v  ~StubRoutines::call_stub 0x0000702507b38fa6

siginfo: si_signo: 11 (SIGSEGV), si_code: 1 (SEGV_MAPERR), si_addr: 0x0000000000000000

Registers:
RAX=0x000070251fbd77d8, RBX=0x0000623f7c313f00, RCX=0x000070251fbce8d0, RDX=0x0000000623f7b78a
RSP=0x00007ffe87a95d70, RBP=0x0000000000000000, RSI=0x0000000000000000, RDI=0x00007ffe87a95cf8
R8 =0x0000623f79ef9010, R9 =0x0000000000000007, R10=0x0000623f7b78a060, R11=0xcd5f6a7ab86baad6
R12=0x00007ffe87a95d80, R13=0x0000623f7c313dd8, R14=0x00007ffe87a95d78, R15=0x0000623f7b775e90
RIP=0x000070251e6834f3, EFLAGS=0x0000000000010202, CSGSFS=0x002b000000000033, ERR=0x0000000000000006
  TRAPNO=0x000000000000000e

XMM[0]=0x0000000000000000 0x00007025221d4563
XMM[1]=0x00007025221d4563 0x00007025221d4563
XMM[2]=0xffffffffffffffff 0xffffffffffffffff
XMM[3]=0xffffffffffffffff 0xffffffffffffffff
XMM[4]=0xffffffffffffffff 0xffffffffffffffff
XMM[5]=0xffffffffffffffff 0xffffffffffffffff
XMM[6]=0xffffffffffffffff 0xffffffffffffffff
XMM[7]=0xffffffffffffffff 0xffffffffffffffff
XMM[8]=0x0000000000f700f3 0x0000000000f600f2
XMM[9]=0x00000000000000f3 0x00000000000000f2
XMM[10]=0x000000000000000c 0x000000000000000c
XMM[11]=0x000000000000000a 0x000000000000000a
XMM[12]=0x0000000000000008 0x0000000000000008
XMM[13]=0x0000000000000006 0x0000000000000006
XMM[14]=0x0000000000000004 0x0000000000000004
XMM[15]=0x0000000000000002 0x0000000000000002
  MXCSR=0x00001fa2


Register to memory mapping:

RAX=0x000070251fbd77d8: <offset 0x000000000027a7d8> in /lib/x86_64-linux-gnu/libstdc++.so.6 at 0x000070251f95d000
RBX=0x0000623f7c313f00 points into unknown readable memory: 0x000070251e6f9a38 | 38 9a 6f 1e 25 70 00 00
RCX=0x000070251fbce8d0: <offset 0x00000000002718d0> in /lib/x86_64-linux-gnu/libstdc++.so.6 at 0x000070251f95d000
RDX=0x0000000623f7b78a is an unknown value
RSP=0x00007ffe87a95d70 is pointing into the stack for thread: 0x0000623f7b775e90
RBP=0x0 is null
RSI=0x0 is null
RDI=0x00007ffe87a95cf8 is pointing into the stack for thread: 0x0000623f7b775e90
R8 =0x0000623f79ef9010 points into unknown readable memory: 0x0001000000020000 | 00 00 02 00 00 00 01 00
R9 =0x0000000000000007 is an unknown value
R10=0x0000623f7b78a060 points into unknown readable memory: 0x0000000623f7b78a | 8a b7 f7 23 06 00 00 00
R11=0xcd5f6a7ab86baad6 is an unknown value
R12=0x00007ffe87a95d80 is pointing into the stack for thread: 0x0000623f7b775e90
R13=0x0000623f7c313dd8 points into unknown readable memory: 0x726956206176614a | 4a 61 76 61 20 56 69 72
R14=0x00007ffe87a95d78 is pointing into the stack for thread: 0x0000623f7b775e90
R15=0x0000623f7b775e90 is a thread

Top of Stack: (sp=0x00007ffe87a95d70)
0x00007ffe87a95d70:   0000003100000001 000070251e6d27a0   ....1....'m.%p..
0x00007ffe87a95d80:   000070251e6d2763 00007ffe87a90000   c'm.%p..........
0x00007ffe87a95d90:   00007ffe87a95ed8 000070251fa170f4   .^.......p..%p..
0x00007ffe87a95da0:   00007024dc40ac08 00007ffe87a95df0   ..@.$p...]......
0x00007ffe87a95db0:   0000623f7c313d50 00007ffe87a95de8   P=1|?b...]......
0x00007ffe87a95dc0:   00007ffe87a95ed8 000070251e6869e8   .^.......ih.%p..
0x00007ffe87a95dd0:   00007ffe87a95df0 000070251e686a4b   .]......Kjh.%p..
0x00007ffe87a95de0:   00000000663e80a0 0000000000000001   ..>f............
0x00007ffe87a95df0:   0000623f7b776330 00007ffe87a90000   0cw{?b..........
0x00007ffe87a95e00:   00007ffe87a95e98 0000000000000000   .^..............
0x00007ffe87a95e10:   00007024dc40ac08 0000702507b44f85   ..@.$p...O..%p..
0x00007ffe87a95e20:   0000000000000000 00000000c0062088   ......... ......
0x00007ffe87a95e30:   00007024dc40ae88 0000000000000000   ..@.$p..........
0x00007ffe87a95e40:   00007ffe87a95e68 00007ffe87a95ef8   h^.......^......
0x00007ffe87a95e50:   fffffffffffffff7 0000000000000000   ................
0x00007ffe87a95e60:   0000000000000008 00007024dc40b288   ..........@.$p..
0x00007ffe87a95e70:   0000000000000000 00000000c0062088   ......... ......
0x00007ffe87a95e80:   00007024dc40ac08 0000000000000000   ..@.$p..........
0x00007ffe87a95e90:   00007ffe87a95eb8 00007ffe87a95f38   .^......8_......
0x00007ffe87a95ea0:   0000702507b40936 0000000000000000   6...%p..........
0x00007ffe87a95eb0:   0000702507b42437 0000623f7c2ad6f0   7$..%p....*|?b..
0x00007ffe87a95ec0:   0000000000000000 0000623f7b2b72b0   .........r+{?b..
0x00007ffe87a95ed0:   0000000000000000 00000000c0062150   ........P!......
0x00007ffe87a95ee0:   00000000c0062150 00000000c0062150   P!......P!......
0x00007ffe87a95ef0:   fffffffffffffff5 00007024dc40eaa0   ..........@.$p..
0x00007ffe87a95f00:   0000000000000006 00007024dc40a968   ........h.@.$p..
0x00007ffe87a95f10:   0000000000000000 00000000c00612f0   ................
0x00007ffe87a95f20:   00007024dc40eac8 fffffffffffffff0   ..@.$p..........
0x00007ffe87a95f30:   00007ffe87a95f58 00007ffe87a95fd0   X_......._......
0x00007ffe87a95f40:   0000702507b38fa6 0000000000000000   ....%p..........
0x00007ffe87a95f50:   00000000c0062150 0000623f7c2ad6f0   P!........*|?b..
0x00007ffe87a95f60:   0000623f7b7eed28 00000000c0061958   (.~{?b..X.......

Instructions: (pc=0x000070251e6834f3)
  0x000070251e6833f3:   ff ff 48 8b 54 24 30 48 8b 4c 24 38 49 89 c7 48
  0x000070251e683403:   89 94 24 90 00 00 00 48 8b 52 e8 48 89 8c 14 90
  0x000070251e683413:   00 00 00 48 c7 84 24 98 00 00 00 00 00 00 00 e9
  0x000070251e683423:   56 fe ff ff 4c 89 ff e8 21 9c ff ff e9 46 fd ff
  0x000070251e683433:   ff 4c 89 f7 48 89 c3 48 89 d5 e8 fe a6 ff ff eb
  0x000070251e683443:   a1 ff d0 48 8d 3d 65 ee 04 00 48 89 c6 e8 fb 90
  0x000070251e683453:   ff ff e9 27 ff ff ff 48 89 c7 48 89 d0 e9 ab fe
  0x000070251e683463:   ff ff 48 8b 7c 24 60 e8 71 00 02 00 49 8d 74 24
  0x000070251e683473:   08 4c 89 f7 e8 94 af ff ff e9 fc fd ff ff e8 ca
  0x000070251e683483:   b8 ff ff 48 89 c5 e8 f2 b3 ff ff 48 89 ef e8 ba
  0x000070251e683493:   b8 ff ff 4c 89 f7 e8 f2 a1 ff ff 4c 89 e7 e8 4a
  0x000070251e6834a3:   a7 ff ff 48 89 df 48 83 ed 01 75 59 e8 2c b6 ff
  0x000070251e6834b3:   ff 48 8d 3d 9d ee 04 00 48 89 c3 e8 5d 98 ff ff
  0x000070251e6834c3:   48 8b 43 20 48 8d 74 24 10 48 8d 7c 24 08 48 8b
  0x000070251e6834d3:   50 08 48 8b 08 8b 40 10 48 89 54 24 08 48 8d 54
  0x000070251e6834e3:   24 04 89 44 24 04 48 89 4c 24 10 e8 ed 98 ff ff
=>0x000070251e6834f3:   c7 04 25 00 00 00 00 00 00 00 00 e8 7d b3 ff ff
  0x000070251e683503:   e9 b9 fe 01 00 e8 d3 b5 ff ff 48 8d 3d 44 ee 04
  0x000070251e683513:   00 e8 07 98 ff ff c7 04 25 00 00 00 00 00 00 00
  0x000070251e683523:   00 e8 57 b3 ff ff e9 93 fe 01 00 4c 89 f7 e8 5a
  0x000070251e683533:   a1 ff ff e9 63 ff ff ff 48 89 c3 48 89 d5 e8 3a
  0x000070251e683543:   b3 ff ff 48 89 df 48 89 e8 48 83 e8 01 75 52 e8
  0x000070251e683553:   89 b5 ff ff 48 8d 74 24 10 c7 44 24 20 b8 01 00
  0x000070251e683563:   00 48 89 c7 48 8d 05 75 ed 04 00 48 89 44 24 10
  0x000070251e683573:   48 8d 05 be ed 04 00 48 89 44 24 18 e8 5c 94 ff
  0x000070251e683583:   ff e8 17 93 ff ff 48 89 c7 48 89 d0 eb bb 48 89
  0x000070251e683593:   c3 48 89 d5 e8 e4 b2 ff ff 48 89 df 48 89 e8 eb
  0x000070251e6835a3:   a8 e8 a7 b7 ff ff 48 89 c5 e8 cf b2 ff ff 48 89
  0x000070251e6835b3:   ef e8 97 b7 ff ff 90 48 8b 73 18 48 85 f6 74 0f
  0x000070251e6835c3:   48 8b 05 ee 98 07 00 48 8b 38 e8 0e 93 ff ff 4c
  0x000070251e6835d3:   89 f7 e8 76 9a ff ff 48 89 ef e8 6e b7 ff ff 48
  0x000070251e6835e3:   89 ef e8 06 a6 ff ff 48 89 df 4c 89 e0 48 83 e8


Stack slot to memory mapping:

stack at sp + 0 slots: 0x0000003100000001 is an unknown value
stack at sp + 1 slots: 0x000070251e6d27a0: <offset 0x00000000000917a0> in /usr/local/python/3.12.1/lib/python3.12/site-packages/_jpype.cpython-312-x86_64-linux-gnu.so at 0x000070251e641000
stack at sp + 2 slots: 0x000070251e6d2763: <offset 0x0000000000091763> in /usr/local/python/3.12.1/lib/python3.12/site-packages/_jpype.cpython-312-x86_64-linux-gnu.so at 0x000070251e641000
stack at sp + 3 slots: 0x00007ffe87a90000 is pointing into the stack for thread: 0x0000623f7b775e90
stack at sp + 4 slots: 0x00007ffe87a95ed8 is pointing into the stack for thread: 0x0000623f7b775e90
stack at sp + 5 slots: 0x000070251fa170f4: __cxa_get_globals+0x0000000000000014 in /lib/x86_64-linux-gnu/libstdc++.so.6 at 0x000070251f95d000
stack at sp + 6 slots: {method} {0x00007024dc40ac08} 'newWrapper' '(JJ)V' in 'org/jpype/manager/TypeFactoryNative'
stack at sp + 7 slots: 0x00007ffe87a95df0 is pointing into the stack for thread: 0x0000623f7b775e90

Lock stack of current Java thread (top to bottom):
LockStack[1]: org.jpype.manager.TypeFactoryNative 
{0x00000000c0062150} - klass: 'org/jpype/manager/TypeFactoryNative' - flags: 

 - ---- fields (total size 3 words):
 - public 'context' 'J' @16  0 (0x0000000000000000)
LockStack[0]: org.jpype.manager.TypeFactoryNative 
{0x00000000c0062150} - klass: 'org/jpype/manager/TypeFactoryNative' - flags: 

 - ---- fields (total size 3 words):
 - public 'context' 'J' @16  0 (0x0000000000000000)


---------------  P R O C E S S  ---------------

Threads class SMR info:
_java_thread_list=0x0000623f7c2dd410, length=10, elements={
0x0000623f7b775e90, 0x0000623f7c09d840, 0x0000623f7c09f0f0, 0x0000623f7c0a2560,
0x0000623f7c0a3e60, 0x0000623f7c0a5c30, 0x0000623f7c0a76a0, 0x0000623f7c0bb8d0,
0x0000623f7c0bda10, 0x00007024cc001030
}

Java Threads: ( => current thread )
=>0x0000623f7b775e90 JavaThread "main"                              [_thread_in_native, id=31250, stack(0x00007ffe8799c000,0x00007ffe87a9c000) (1024K)]
  0x0000623f7c09d840 JavaThread "Reference Handler"          daemon [_thread_blocked, id=31302, stack(0x00007024fc7fd000,0x00007024fc8fd000) (1024K)]
  0x0000623f7c09f0f0 JavaThread "Finalizer"                  daemon [_thread_blocked, id=31303, stack(0x00007024fc6fc000,0x00007024fc7fc000) (1024K)]
  0x0000623f7c0a2560 JavaThread "Service Thread"             daemon [_thread_blocked, id=31305, stack(0x00007024fc4fa000,0x00007024fc5fa000) (1024K)]
  0x0000623f7c0a3e60 JavaThread "Monitor Deflation Thread"   daemon [_thread_blocked, id=31306, stack(0x00007024fc3f9000,0x00007024fc4f9000) (1024K)]
  0x0000623f7c0a5c30 JavaThread "C2 CompilerThread0"         daemon [_thread_blocked, id=31307, stack(0x00007024fc2f8000,0x00007024fc3f8000) (1024K)]
  0x0000623f7c0a76a0 JavaThread "C1 CompilerThread0"         daemon [_thread_blocked, id=31308, stack(0x00007024fc1f7000,0x00007024fc2f7000) (1024K)]
  0x0000623f7c0bb8d0 JavaThread "Notification Thread"        daemon [_thread_blocked, id=31309, stack(0x00007024fc0f6000,0x00007024fc1f6000) (1024K)]
  0x0000623f7c0bda10 JavaThread "Common-Cleaner"             daemon [_thread_blocked, id=31310, stack(0x00007024bbf00000,0x00007024bc000000) (1024K)]
  0x00007024cc001030 JavaThread "SIGTERM handler"            daemon [_thread_blocked, id=31313, stack(0x00007024bbbfd000,0x00007024bbcfd000) (1024K)]
Total: 10

Other Threads:
  0x0000623f7c092880 VMThread "VM Thread"                           [id=31301, stack(0x00007024fc8fe000,0x00007024fc9fe000) (1024K)] _threads_hazard_ptr=0x0000623f7c2dd410
  0x0000623f7b941290 WorkerThread "GC Thread#0"                     [id=31294, stack(0x0000702500415000,0x0000702500515000) (1024K)]
  0x00007024e4000fc0 WorkerThread "GC Thread#1"                     [id=31312, stack(0x00007024bbcfe000,0x00007024bbdfe000) (1024K)]
  0x0000623f7bd3f9a0 ConcurrentGCThread "G1 Main Marker"            terminated
  0x0000623f7bd3fe40 WorkerThread "G1 Conc#0"                       [id=31296, stack(0x00007024fedff000,0x00007024feeff000) (1024K)]
  0x0000623f7bf546e0 ConcurrentGCThread "G1 Refine#0"               terminated
  0x0000623f7bf55880 ConcurrentGCThread "G1 Service"                terminated
Total: 7

Threads with active compile tasks:
Total: 0

VM state: at safepoint (normal execution)

VM Mutex/Monitor currently owned by a thread:  ([mutex/lock_event])
[0x0000702519978f68] Threads_lock - owner thread: 0x0000623f7c092880
[0x0000702519978de8] Heap_lock - owner thread: 0x00007024cc001030

Heap address: 0x00000000c0000000, size: 1024 MB, Compressed Oops mode: 32-bit

CDS archive(s) mapped at: [0x0000000066000000-0x0000000066d8c000-0x0000000066d8c000), size 14204928, SharedBaseAddress: 0x0000000066000000, ArchiveRelocationMode: 1.
Compressed class space mapped at: 0x0000000067000000-0x00000000a7000000, reserved size: 1073741824
UseCompressedClassPointers 1, UseCompactObjectHeaders 0
Narrow klass pointer bits 32, Max shift 3
Narrow klass base: 0x0000000066000000, Narrow klass shift: 0
Encoding Range: [0x0000000066000000 - 0x0000000166000000), (4294967296 bytes)
Klass Range:    [0x0000000066001000 - 0x00000000a7000000), (1090514944 bytes)
Klass ID Range:  [4096 - 1090519033) (1090514937)
Protection zone: [0x0000000066000000 - 0x0000000066001000), (4096 bytes)

GC Precious Log:
 CardTable entry size: 512
 Card Set container configuration: InlinePtr #cards 5 size 8 Array Of Cards #cards 10 size 36 Howl #buckets 4 coarsen threshold 1843 Howl Bitmap #cards 512 size 80 coarsen threshold 460 Card regions per heap region 1 cards per card region 2048
 CPUs: 2 total, 2 available
 Memory: 7944M
 Large Page Support: Disabled
 NUMA Support: Disabled
 Compressed Oops: Enabled (32-bit)
 Heap Region Size: 1M
 Heap Min Capacity: 8M
 Heap Initial Capacity: 126M
 Heap Max Capacity: 1G
 Pre-touch: Disabled
 Parallel Workers: 2
 Concurrent Workers: 1
 Concurrent Refinement Workers: 2
 Periodic GC: Disabled
 G1 Time-Based Heap Sizing enabled (uncommit-only)
 Evaluation Interval: 60s, Uncommit Delay: 300s, Min Regions To Uncommit: 10

Heap:
 garbage-first heap   total reserved 1048576K, committed 10240K, used 2113K [0x00000000c0000000, 0x0000000100000000)
  region size 1024K, 1 young (1024K), 0 survivors (0K)

Heap Regions: E=young(eden), S=young(survivor), O=old, HS=humongous(starts), HC=humongous(continues), CS=collection set, F=free, TAMS=top-at-mark-start, PB=parsable bottom
|   0|0x00000000c0000000, 0x00000000c0084258, 0x00000000c0100000| 51%| O|  |TAMS 0x00000000c0000000| PB 0x00000000c0000000| Untracked |  0
|   1|0x00000000c0100000, 0x00000000c018c1a8, 0x00000000c0200000| 54%| O|  |TAMS 0x00000000c0100000| PB 0x00000000c0100000| Untracked |  0
|   2|0x00000000c0200000, 0x00000000c0200000, 0x00000000c0300000|  0%| F|  |TAMS 0x00000000c0200000| PB 0x00000000c0200000| Untracked |  0
|   3|0x00000000c0300000, 0x00000000c0300000, 0x00000000c0400000|  0%| F|  |TAMS 0x00000000c0300000| PB 0x00000000c0300000| Untracked |  0
|   4|0x00000000c0400000, 0x00000000c0400000, 0x00000000c0500000|  0%| F|  |TAMS 0x00000000c0400000| PB 0x00000000c0400000| Untracked |  0
|   5|0x00000000c0500000, 0x00000000c0500000, 0x00000000c0600000|  0%| F|  |TAMS 0x00000000c0500000| PB 0x00000000c0500000| Untracked |  0
|   6|0x00000000c0600000, 0x00000000c0600000, 0x00000000c0700000|  0%| F|  |TAMS 0x00000000c0600000| PB 0x00000000c0600000| Untracked |  0
|   7|0x00000000c0700000, 0x00000000c0700000, 0x00000000c0800000|  0%| F|  |TAMS 0x00000000c0700000| PB 0x00000000c0700000| Untracked |  0
|   8|0x00000000c0800000, 0x00000000c08e6820, 0x00000000c0900000| 90%| E|  |TAMS 0x00000000c0800000| PB 0x00000000c0800000| Complete |  0
|1022|0x00000000ffe00000, 0x00000000fff00000, 0x00000000fff00000|100%| O|  |TAMS 0x00000000ffe00000| PB 0x00000000ffe00000| Untracked |  0

Card table byte_map: [0x0000702500000000,0x0000702500200000] _byte_map_base: 0x00007024ffa00000

Marking Bits: (CMBitMap*) 0x0000623f7b9b5a10
 Bits: [0x00007024ff000000, 0x0000702500000000)

Polling page: 0x000070252173a000

Metaspace:
Metaspace        used 1854K, committed 1984K, reserved 1114112K
 class space     used 134K, committed 192K, reserved 1048576K

Usage:
  Non-class:      1.68 MB used.
      Class:    134.28 KB used.
       Both:      1.81 MB used.

Virtual space:
  Non-class space:       64.00 MB reserved,       1.75 MB (  3%) committed,  1 nodes.
      Class space:        1.00 GB reserved,     192.00 KB ( <1%) committed,  1 nodes.
             Both:        1.06 GB reserved,       1.94 MB ( <1%) committed. 

Chunk freelists:
   Non-Class:  11.83 MB
       Class:  15.70 MB
        Both:  27.53 MB

MaxMetaspaceSize: unlimited
CompressedClassSpaceSize: 1.00 GB
Initial GC threshold: 21.00 MB
Current GC threshold: 21.00 MB
CDS: on
 - commit_granule_bytes: 65536.
 - commit_granule_words: 8192.
 - virtual_space_node_default_size: 8388608.
 - enlarge_chunks_in_place: 1.
UseCompressedClassPointers 1, UseCompactObjectHeaders 0
Narrow klass pointer bits 32, Max shift 3
Narrow klass base: 0x0000000066000000, Narrow klass shift: 0
Encoding Range: [0x0000000066000000 - 0x0000000166000000), (4294967296 bytes)
Klass Range:    [0x0000000066001000 - 0x00000000a7000000), (1090514944 bytes)
Klass ID Range:  [4096 - 1090519033) (1090514937)
Protection zone: [0x0000000066000000 - 0x0000000066001000), (4096 bytes)


Internal statistics:

num_allocs_failed_limit: 0.
num_arena_births: 46.
num_arena_deaths: 0.
num_vsnodes_births: 2.
num_vsnodes_deaths: 0.
num_space_committed: 31.
num_space_uncommitted: 0.
num_chunks_returned_to_freelist: 0.
num_chunks_taken_from_freelist: 69.
num_chunk_merges: 0.
num_chunk_splits: 41.
num_chunks_enlarged: 17.
num_inconsistent_stats: 0.

CodeHeap 'non-profiled nmethods': size=120040Kb used=143Kb max_used=143Kb free=119896Kb
 bounds [0x00007025080c6000, 0x0000702508336000, 0x000070250f600000]
CodeHeap 'profiled nmethods': size=120032Kb used=972Kb max_used=972Kb free=119059Kb
 bounds [0x0000702500600000, 0x0000702500870000, 0x0000702507b38000]
CodeHeap 'non-nmethods': size=5688Kb used=1325Kb max_used=1339Kb free=4362Kb
 bounds [0x0000702507b38000, 0x0000702507da8000, 0x00007025080c6000]
CodeCache: size=245760Kb, used=2440Kb, max_used=2454Kb, free=243317Kb
 total_blobs=1150, nmethods=740, adapters=315, full_count=0
Compilation: enabled, stopped_count=0, restarted_count=0

Compilation events (20 events):
Event: 0.395 Thread 0x0000623f7c0a76a0 nmethod 358 0x00007025080e7f88 code [0x00007025080e8080, 0x00007025080e8140]
Event: 0.395 Thread 0x0000623f7c0a76a0  359       1       jdk.internal.classfile.impl.AbstractPoolEntry$MethodRefEntryImpl::tag (3 bytes)
Event: 0.395 Thread 0x0000623f7c0a76a0 nmethod 359 0x00007025080e8288 code [0x00007025080e8380, 0x00007025080e8440]
Event: 0.395 Thread 0x0000623f7c0a76a0  410       1       java.lang.invoke.MethodTypeForm::basicType (5 bytes)
Event: 0.396 Thread 0x0000623f7c0a76a0 nmethod 410 0x00007025080e8588 code [0x00007025080e8680, 0x00007025080e8740]
Event: 0.396 Thread 0x0000623f7c0a76a0  436       1       java.lang.invoke.MethodTypeForm::parameterSlotCount (5 bytes)
Event: 0.396 Thread 0x0000623f7c0a76a0 nmethod 436 0x00007025080e8888 code [0x00007025080e8980, 0x00007025080e8a40]
Event: 0.396 Thread 0x0000623f7c0a76a0  574       1       jdk.internal.classfile.impl.BufWriterImpl::thisClass (5 bytes)
Event: 0.396 Thread 0x0000623f7c0a76a0 nmethod 574 0x00007025080e8b88 code [0x00007025080e8c80, 0x00007025080e8d40]
Event: 0.396 Thread 0x0000623f7c0a76a0  575       1       jdk.internal.classfile.impl.DirectMethodBuilder::methodName (5 bytes)
Event: 0.396 Thread 0x0000623f7c0a76a0 nmethod 575 0x00007025080e8e88 code [0x00007025080e8f80, 0x00007025080e9040]
Event: 0.396 Thread 0x0000623f7c0a76a0  656       1       jdk.internal.classfile.impl.AbstractPseudoInstruction$ExceptionCatchImpl::catchTypeEntry (5 bytes)
Event: 0.396 Thread 0x0000623f7c0a76a0 nmethod 656 0x00007025080e9188 code [0x00007025080e9280, 0x00007025080e9340]
Event: 0.396 Thread 0x0000623f7c0a76a0  664       1       java.lang.classfile.TypeKind::slotSize (5 bytes)
Event: 0.396 Thread 0x0000623f7c0a76a0 nmethod 664 0x00007025080e9488 code [0x00007025080e9580, 0x00007025080e9640]
Event: 0.396 Thread 0x0000623f7c0a76a0  660       1       jdk.internal.classfile.impl.BufWriterImpl::constantPool (5 bytes)
Event: 0.396 Thread 0x0000623f7c0a76a0 nmethod 660 0x00007025080e9788 code [0x00007025080e9880, 0x00007025080e9940]
Event: 0.396 Thread 0x0000623f7c0a76a0  661       1       jdk.internal.classfile.impl.AbstractAttributeMapper::name (5 bytes)
Event: 0.396 Thread 0x0000623f7c0a76a0 nmethod 661 0x00007025080e9a88 code [0x00007025080e9b80, 0x00007025080e9c40]
Event: 0.417 Thread 0x0000623f7c0a76a0  805       3       java.util.HashMap$HashIterator::hasNext (13 bytes)

GC Heap Usage History (2 events):
Event: 0.320 {heap Before GC invocations=0 (full 0):
 garbage-first heap   total reserved 1048576K, committed 131072K, used 6275K [0x00000000c0000000, 0x0000000100000000)
  region size 1024K, 6 young (6144K), 0 survivors (0K)
}
Event: 0.333 {heap After GC invocations=1 (full 1):
 garbage-first heap   total reserved 1048576K, committed 10240K, used 2113K [0x00000000c0000000, 0x0000000100000000)
  region size 1024K, 0 young (0K), 0 survivors (0K)
}

Metaspace Usage History (2 events):
Event: 0.320 {metaspace Before GC invocations=0 (full 0):
 Metaspace       used 1669K, committed 1792K, reserved 1114112K
  class space    used 120K, committed 192K, reserved 1048576K
}
Event: 0.333 {metaspace After GC invocations=1 (full 1):
 Metaspace       used 1669K, committed 1792K, reserved 1114112K
  class space    used 120K, committed 192K, reserved 1048576K
}

Dll operation events (6 events):
Event: 0.003 Loaded shared library /usr/local/sdkman/candidates/java/25.0.1-ms/lib/libjava.so
Event: 0.018 Loaded shared library /usr/local/sdkman/candidates/java/25.0.1-ms/lib/libsimdsort.so
Event: 0.027 Loaded shared library /usr/local/sdkman/candidates/java/25.0.1-ms/lib/libnio.so
Event: 0.031 Loaded shared library /usr/local/sdkman/candidates/java/25.0.1-ms/lib/libzip.so
Event: 0.083 Loaded shared library /usr/local/python/3.12.1/lib/python3.12/site-packages/_jpype.cpython-312-x86_64-linux-gnu.so
Event: 0.129 Loaded shared library /usr/local/sdkman/candidates/java/25.0.1-ms/lib/libjimage.so

Deoptimization events (8 events):
Event: 0.050 Thread 0x0000623f7b775e90 Uncommon trap: trap_request=0xffffff45 fr.pc=0x00007025080c95f8 relative=0x0000000000000078
Event: 0.050 Thread 0x0000623f7b775e90 Uncommon trap: reason=unstable_if action=reinterpret pc=0x00007025080c95f8 method=jdk.internal.misc.Unsafe.convEndian(ZS)S @ 4 c2
Event: 0.050 Thread 0x0000623f7b775e90 DEOPT PACKING pc=0x00007025080c95f8 sp=0x00007ffe87a958f0
Event: 0.050 Thread 0x0000623f7b775e90 DEOPT UNPACKING pc=0x0000702507bc61f9 sp=0x00007ffe87a95840 mode 2
Event: 0.077 Thread 0x0000623f7b775e90 Uncommon trap: trap_request=0xffffff45 fr.pc=0x00007025080c92f8 relative=0x0000000000000078
Event: 0.077 Thread 0x0000623f7b775e90 Uncommon trap: reason=unstable_if action=reinterpret pc=0x00007025080c92f8 method=jdk.internal.misc.Unsafe.convEndian(ZI)I @ 4 c2
Event: 0.077 Thread 0x0000623f7b775e90 DEOPT PACKING pc=0x00007025080c92f8 sp=0x00007ffe87a95250
Event: 0.077 Thread 0x0000623f7b775e90 DEOPT UNPACKING pc=0x0000702507bc61f9 sp=0x00007ffe87a951a0 mode 2

Classes loaded (20 events):
Event: 0.338 Loading class java/lang/System$Logger$Level
Event: 0.338 Loading class java/lang/System$Logger$Level done
Event: 0.338 Loading class jdk/internal/logger/SurrogateLogger
Event: 0.340 Loading class jdk/internal/logger/SimpleConsoleLogger
Event: 0.340 Loading class sun/util/logging/PlatformLogger$ConfigurableBridge$LoggerConfiguration
Event: 0.340 Loading class sun/util/logging/PlatformLogger$ConfigurableBridge$LoggerConfiguration done
Event: 0.340 Loading class jdk/internal/logger/SimpleConsoleLogger done
Event: 0.340 Loading class jdk/internal/logger/SurrogateLogger done
Event: 0.340 Loading class sun/util/logging/PlatformLogger
Event: 0.340 Loading class sun/util/logging/PlatformLogger done
Event: 0.341 Loading class sun/util/logging/PlatformLogger$Level
Event: 0.341 Loading class sun/util/logging/PlatformLogger$Level done
Event: 0.342 Loading class jdk/internal/event/ThreadSleepEvent
Event: 0.342 Loading class jdk/internal/event/Event
Event: 0.342 Loading class jdk/internal/event/Event done
Event: 0.342 Loading class jdk/internal/event/ThreadSleepEvent done
Event: 0.417 Loading class java/util/WeakHashMap$KeyIterator
Event: 0.417 Loading class java/util/WeakHashMap$HashIterator
Event: 0.417 Loading class java/util/WeakHashMap$HashIterator done
Event: 0.417 Loading class java/util/WeakHashMap$KeyIterator done

Classes unloaded (0 events):
No events

Classes redefined (0 events):
No events

Internal exceptions (13 events):
Event: 0.066 Thread 0x0000623f7b775e90 Exception <a 'java/lang/NoSuchMethodError'{0x00000000c7c83670}: 'void java.lang.invoke.DirectMethodHandle$Holder.invokeSpecial(java.lang.Object, java.lang.Object, java.lang.Object)'> (0x00000000c7c83670) 
thrown [src/hotspot/share/interpreter/linkResolver.cpp, line 803]
Event: 0.086 Thread 0x0000623f7b775e90 Exception <a 'java/lang/NoSuchMethodError'{0x00000000c7b06850}: 'int java.lang.invoke.DirectMethodHandle$Holder.invokeStaticInit(java.lang.Object, java.lang.Object)'> (0x00000000c7b06850) 
thrown [src/hotspot/share/interpreter/linkResolver.cpp, line 803]
Event: 0.087 Thread 0x0000623f7b775e90 Exception <a 'java/lang/NoSuchMethodError'{0x00000000c7b163f0}: 'java.lang.Object java.lang.invoke.DirectMethodHandle$Holder.invokeStaticInit(java.lang.Object, int)'> (0x00000000c7b163f0) 
thrown [src/hotspot/share/interpreter/linkResolver.cpp, line 803]
Event: 0.093 Thread 0x0000623f7b775e90 Exception <a 'java/lang/NoSuchMethodError'{0x00000000c7b3cb30}: 'java.lang.Object java.lang.invoke.DirectMethodHandle$Holder.newInvokeSpecial(java.lang.Object, java.lang.Object, java.lang.Object, java.lang.Object, java.lang.Object)'> (0x00000000c7b3cb30) 
thrown [src/hotspot/share/interpreter/linkResolver.cpp, line 803]
Event: 0.094 Thread 0x0000623f7b775e90 Exception <a 'java/lang/NoSuchMethodError'{0x00000000c7b94458}: 'void java.lang.invoke.DirectMethodHandle$Holder.invokeStatic(java.lang.Object, java.lang.Object, java.lang.Object, java.lang.Object)'> (0x00000000c7b94458) 
thrown [src/hotspot/share/interpreter/linkResolver.cpp, line 803]
Event: 0.096 Thread 0x0000623f7b775e90 Exception <a 'java/lang/NoSuchMethodError'{0x00000000c7bada68}: 'void java.lang.invoke.DirectMethodHandle$Holder.invokeStatic(java.lang.Object, java.lang.Object, java.lang.Object)'> (0x00000000c7bada68) 
thrown [src/hotspot/share/interpreter/linkResolver.cpp, line 803]
Event: 0.102 Thread 0x0000623f7b775e90 Exception <a 'java/lang/NoSuchMethodError'{0x00000000c7bd7708}: 'java.lang.Object java.lang.invoke.DirectMethodHandle$Holder.invokeInterface(java.lang.Object, java.lang.Object)'> (0x00000000c7bd7708) 
thrown [src/hotspot/share/interpreter/linkResolver.cpp, line 803]
Event: 0.103 Thread 0x0000623f7b775e90 Exception <a 'java/lang/IncompatibleClassChangeError'{0x00000000c7bdfb88}: Found class java.lang.Object, but interface was expected> (0x00000000c7bdfb88) 
thrown [src/hotspot/share/interpreter/linkResolver.cpp, line 871]
Event: 0.103 Thread 0x0000623f7b775e90 Exception <a 'java/lang/NoSuchMethodError'{0x00000000c7be7d80}: 'void java.lang.invoke.DirectMethodHandle$Holder.invokeStatic(java.lang.Object, java.lang.Object)'> (0x00000000c7be7d80) 
thrown [src/hotspot/share/interpreter/linkResolver.cpp, line 803]
Event: 0.106 Thread 0x0000623f7b775e90 Exception <a 'java/lang/NoSuchMethodError'{0x00000000c7bfb7d0}: 'java.lang.Object java.lang.invoke.Invokers$Holder.invokeExact_MT(java.lang.Object, java.lang.Object, java.lang.Object, java.lang.Object, java.lang.Object)'> (0x00000000c7bfb7d0) 
thrown [src/hotspot/share/interpreter/linkResolver.cpp, line 803]
Event: 0.111 Thread 0x0000623f7b775e90 Exception <a 'java/lang/NoSuchMethodError'{0x00000000c7a17a38}: 'int java.lang.invoke.Invokers$Holder.invokeExact_MT(java.lang.Object, java.lang.Object, java.lang.Object)'> (0x00000000c7a17a38) 
thrown [src/hotspot/share/interpreter/linkResolver.cpp, line 803]
Event: 0.143 Thread 0x0000623f7b775e90 Exception <a 'java/lang/NoSuchMethodError'{0x00000000c7a8dbd8}: 'java.lang.Object java.lang.invoke.DirectMethodHandle$Holder.invokeStaticInit(java.lang.Object)'> (0x00000000c7a8dbd8) 
thrown [src/hotspot/share/interpreter/linkResolver.cpp, line 803]
Event: 0.218 Thread 0x0000623f7b775e90 Exception <a 'java/lang/IncompatibleClassChangeError'{0x00000000c7914170}: Found class java.lang.Object, but interface was expected> (0x00000000c7914170) 
thrown [src/hotspot/share/interpreter/linkResolver.cpp, line 871]

VM Operations (4 events):
Event: 0.320 Executing safepoint VM operation: G1CollectFull (System.gc())
Event: 0.333 Executing safepoint VM operation: G1CollectFull (System.gc()) done
Event: 0.350 Executing safepoint VM operation: ThreadDump
Event: 0.350 Executing safepoint VM operation: ThreadDump done

Memory protections (15 events):
Event: 0.002 Protecting memory [0x00007ffe8799c000,0x00007ffe879a0000] with protection modes 0
Event: 0.009 Protecting memory [0x0000000066000000,0x0000000066001000] with protection modes 0
Event: 0.016 Protecting memory [0x00007024fc7fd000,0x00007024fc801000] with protection modes 0
Event: 0.016 Protecting memory [0x00007024fc6fc000,0x00007024fc700000] with protection modes 0
Event: 0.016 Protecting memory [0x00007024fc5fb000,0x00007024fc5ff000] with protection modes 0
Event: 0.016 Protecting memory [0x00007024fc4fa000,0x00007024fc4fe000] with protection modes 0
Event: 0.016 Protecting memory [0x00007024fc3f9000,0x00007024fc3fd000] with protection modes 0
Event: 0.017 Protecting memory [0x00007024fc2f8000,0x00007024fc2fc000] with protection modes 0
Event: 0.018 Protecting memory [0x00007024fc1f7000,0x00007024fc1fb000] with protection modes 0
Event: 0.025 Protecting memory [0x00007024fc0f6000,0x00007024fc0fa000] with protection modes 0
Event: 0.026 Protecting memory [0x00007024bbf00000,0x00007024bbf04000] with protection modes 0
Event: 0.110 Protecting memory [0x000070251f7f2000,0x000070251f7f3000] with protection modes 1
Event: 0.126 Protecting memory [0x00007024bbdff000,0x00007024bbe03000] with protection modes 0
Event: 0.335 Protecting memory [0x00007024bbbfd000,0x00007024bbc01000] with protection modes 0
Event: 0.342 Protecting memory [0x00007024bbafc000,0x00007024bbb00000] with protection modes 0

Nmethod flushes (0 events):
No events

Events (15 events):
Event: 0.010 Thread 0x0000623f7b775e90 Thread added: 0x0000623f7b775e90
Event: 0.016 Thread 0x0000623f7b775e90 Thread added: 0x0000623f7c09d840
Event: 0.016 Thread 0x0000623f7b775e90 Thread added: 0x0000623f7c09f0f0
Event: 0.016 Thread 0x0000623f7b775e90 Thread added: 0x0000623f7c0a0bc0
Event: 0.016 Thread 0x0000623f7b775e90 Thread added: 0x0000623f7c0a2560
Event: 0.016 Thread 0x0000623f7b775e90 Thread added: 0x0000623f7c0a3e60
Event: 0.017 Thread 0x0000623f7b775e90 Thread added: 0x0000623f7c0a5c30
Event: 0.017 Thread 0x0000623f7b775e90 Thread added: 0x0000623f7c0a76a0
Event: 0.025 Thread 0x0000623f7b775e90 Thread added: 0x0000623f7c0bb8d0
Event: 0.026 Thread 0x0000623f7b775e90 Thread added: 0x0000623f7c0bda10
Event: 0.124 Thread 0x0000623f7b775e90 Thread added: 0x0000623f7c2dd4b0
Event: 0.335 Thread 0x0000623f7c0a0bc0 Thread added: 0x00007024cc001030
Event: 0.342 Thread 0x00007024cc001030 Thread added: 0x00007024c81aca70
Event: 0.417 Thread 0x00007024c81aca70 Thread exited: 0x00007024c81aca70
Event: 0.417 Thread 0x00007024cc001030 Before exit entered


Dynamic libraries:
66000000-66001000 ---p 00000000 00:00 0 
66001000-664ab000 rw-p 00001000 00:2d 681584                             /usr/local/sdkman/candidates/java/25.0.1-ms/lib/server/classes.jsa
664ab000-66d8c000 rw-p 004ab000 00:2d 681584                             /usr/local/sdkman/candidates/java/25.0.1-ms/lib/server/classes.jsa
66d8c000-67000000 ---p 00000000 00:00 0 
67000000-67020000 rw-p 00000000 00:00 0 
67020000-67040000 ---p 00000000 00:00 0 
67040000-67050000 rw-p 00000000 00:00 0 
67050000-a7000000 ---p 00000000 00:00 0 
c0000000-c0900000 rw-p 00000000 00:00 0 
c0900000-ffe00000 ---p 00000000 00:00 0 
ffe00000-fff00000 rw-p 00dbf000 00:2d 681584                             /usr/local/sdkman/candidates/java/25.0.1-ms/lib/server/classes.jsa
fff00000-100000000 ---p 00000000 00:00 0 
623f77c60000-623f77d5e000 r--p 00000000 00:2d 828064                     /usr/local/python/3.12.1/bin/python3.12
623f77d5e000-623f77ffb000 r-xp 000fe000 00:2d 828064                     /usr/local/python/3.12.1/bin/python3.12
623f77ffb000-623f7814d000 r--p 0039b000 00:2d 828064                     /usr/local/python/3.12.1/bin/python3.12
623f7814d000-623f781c4000 r--p 004ed000 00:2d 828064                     /usr/local/python/3.12.1/bin/python3.12
623f781c4000-623f78331000 rw-p 00564000 00:2d 828064                     /usr/local/python/3.12.1/bin/python3.12
623f78331000-623f78333000 rw-p 00000000 00:00 0 
623f79ef9000-623f7c390000 rw-p 00000000 00:00 0                          [heap]
7024bbafb000-7024bbafc000 ---p 00000000 00:00 0 
7024bbafc000-7024bbb00000 ---p 00000000 00:00 0 
7024bbb00000-7024bbbfc000 rw-p 00000000 00:00 0 
7024bbbfc000-7024bbbfd000 ---p 00000000 00:00 0 
7024bbbfd000-7024bbc01000 ---p 00000000 00:00 0 
7024bbc01000-7024bbcfd000 rw-p 00000000 00:00 0 
7024bbcfd000-7024bbcfe000 ---p 00000000 00:00 0 
7024bbcfe000-7024bbdfe000 rw-p 00000000 00:00 0 
7024bbdfe000-7024bbdff000 ---p 00000000 00:00 0 
7024bbdff000-7024bbe03000 ---p 00000000 00:00 0 
7024bbe03000-7024bbeff000 rw-p 00000000 00:00 0 
7024bbeff000-7024bbf00000 ---p 00000000 00:00 0 
7024bbf00000-7024bbf04000 ---p 00000000 00:00 0 
7024bbf04000-7024bc000000 rw-p 00000000 00:00 0 
7024bc000000-7024bc4ce000 rw-p 00000000 00:00 0 
7024bc4ce000-7024c0000000 ---p 00000000 00:00 0 
7024c0000000-7024c0021000 rw-p 00000000 00:00 0 
7024c0021000-7024c4000000 ---p 00000000 00:00 0 
7024c4000000-7024c4021000 rw-p 00000000 00:00 0 
7024c4021000-7024c8000000 ---p 00000000 00:00 0 
7024c8000000-7024c82b6000 rw-p 00000000 00:00 0 
7024c82b6000-7024cc000000 ---p 00000000 00:00 0 
7024cc000000-7024cc021000 rw-p 00000000 00:00 0 
7024cc021000-7024d0000000 ---p 00000000 00:00 0 
7024d0000000-7024d0021000 rw-p 00000000 00:00 0 
7024d0021000-7024d4000000 ---p 00000000 00:00 0 
7024d4000000-7024d4021000 rw-p 00000000 00:00 0 
7024d4021000-7024d8000000 ---p 00000000 00:00 0 
7024d8000000-7024d8021000 rw-p 00000000 00:00 0 
7024d8021000-7024dc000000 ---p 00000000 00:00 0 
7024dc000000-7024dc190000 rw-p 00000000 00:00 0 
7024dc190000-7024dc400000 ---p 00000000 00:00 0 
7024dc400000-7024dc430000 rw-p 00000000 00:00 0 
7024dc430000-7024e0000000 ---p 00000000 00:00 0 
7024e0000000-7024e0021000 rw-p 00000000 00:00 0 
7024e0021000-7024e4000000 ---p 00000000 00:00 0 
7024e4000000-7024e4618000 rw-p 00000000 00:00 0 
7024e4618000-7024e8000000 ---p 00000000 00:00 0 
7024e8000000-7024e8021000 rw-p 00000000 00:00 0 
7024e8021000-7024ec000000 ---p 00000000 00:00 0 
7024ec000000-7024ec021000 rw-p 00000000 00:00 0 
7024ec021000-7024f0000000 ---p 00000000 00:00 0 
7024f0000000-7024f0021000 rw-p 00000000 00:00 0 
7024f0021000-7024f4000000 ---p 00000000 00:00 0 
7024f4000000-7024f4021000 rw-p 00000000 00:00 0 
7024f4021000-7024f8000000 ---p 00000000 00:00 0 
7024f8000000-7024f8021000 rw-p 00000000 00:00 0 
7024f8021000-7024fc000000 ---p 00000000 00:00 0 
7024fc0f5000-7024fc0f6000 ---p 00000000 00:00 0 
7024fc0f6000-7024fc0fa000 ---p 00000000 00:00 0 
7024fc0fa000-7024fc1f6000 rw-p 00000000 00:00 0 
7024fc1f6000-7024fc1f7000 ---p 00000000 00:00 0 
7024fc1f7000-7024fc1fb000 ---p 00000000 00:00 0 
7024fc1fb000-7024fc2f7000 rw-p 00000000 00:00 0 
7024fc2f7000-7024fc2f8000 ---p 00000000 00:00 0 
7024fc2f8000-7024fc2fc000 ---p 00000000 00:00 0 
7024fc2fc000-7024fc3f8000 rw-p 00000000 00:00 0 
7024fc3f8000-7024fc3f9000 ---p 00000000 00:00 0 
7024fc3f9000-7024fc3fd000 ---p 00000000 00:00 0 
7024fc3fd000-7024fc4f9000 rw-p 00000000 00:00 0 
7024fc4f9000-7024fc4fa000 ---p 00000000 00:00 0 
7024fc4fa000-7024fc4fe000 ---p 00000000 00:00 0 
7024fc4fe000-7024fc5fa000 rw-p 00000000 00:00 0 
7024fc5fa000-7024fc5fb000 ---p 00000000 00:00 0 
7024fc5fb000-7024fc5ff000 ---p 00000000 00:00 0 
7024fc5ff000-7024fc6fb000 rw-p 00000000 00:00 0 
7024fc6fb000-7024fc6fc000 ---p 00000000 00:00 0 
7024fc6fc000-7024fc700000 ---p 00000000 00:00 0 
7024fc700000-7024fc7fc000 rw-p 00000000 00:00 0 
7024fc7fc000-7024fc7fd000 ---p 00000000 00:00 0 
7024fc7fd000-7024fc801000 ---p 00000000 00:00 0 
7024fc801000-7024fc8fd000 rw-p 00000000 00:00 0 
7024fc8fd000-7024fc8fe000 ---p 00000000 00:00 0 
7024fc8fe000-7024fc9fe000 rw-p 00000000 00:00 0 
7024fc9fe000-7024fc9ff000 ---p 00000000 00:00 0 
7024fc9ff000-7024fcaff000 rw-p 00000000 00:00 0 
7024fcaff000-7024fcb00000 ---p 00000000 00:00 0 
7024fcb00000-7024fcc00000 rw-p 00000000 00:00 0 
7024fcc00000-7024fec00000 rw-p 00000000 00:00 0 
7024fecfd000-7024fecfe000 ---p 00000000 00:00 0 
7024fecfe000-7024fedfe000 rw-p 00000000 00:00 0 
7024fedfe000-7024fedff000 ---p 00000000 00:00 0 
7024fedff000-7024feeff000 rw-p 00000000 00:00 0 
7024feeff000-7024fef00000 ---p 00000000 00:00 0 
7024fef00000-7024ff000000 rw-p 00000000 00:00 0 
7024ff000000-7024ff024000 rw-p 00000000 00:00 0 
7024ff024000-7024ffff8000 ---p 00000000 00:00 0 
7024ffff8000-7024ffffc000 rw-p 00000000 00:00 0 
7024ffffc000-702500000000 ---p 00000000 00:00 0 
702500000000-702500005000 rw-p 00000000 00:00 0 
702500005000-7025001ff000 ---p 00000000 00:00 0 
7025001ff000-702500205000 rw-p 00000000 00:00 0 
702500205000-7025003ff000 ---p 00000000 00:00 0 
7025003ff000-702500400000 rw-p 00000000 00:00 0 
702500414000-702500415000 ---p 00000000 00:00 0 
702500415000-702500515000 rw-p 00000000 00:00 0 
702500515000-70250051a000 rw-p 00000000 00:00 0 
70250051a000-702500600000 ---p 00000000 00:00 0 
702500600000-702500870000 rwxp 00000000 00:00 0 
702500870000-702507b38000 ---p 00000000 00:00 0 
702507b38000-702507da8000 rwxp 00000000 00:00 0 
702507da8000-7025080c6000 ---p 00000000 00:00 0 
7025080c6000-702508336000 rwxp 00000000 00:00 0 
702508336000-70250f600000 ---p 00000000 00:00 0 
70250f659000-70250f696000 r-xp 00000000 00:2d 681571                     /usr/local/sdkman/candidates/java/25.0.1-ms/lib/libsimdsort.so
70250f696000-70250f697000 ---p 0003d000 00:2d 681571                     /usr/local/sdkman/candidates/java/25.0.1-ms/lib/libsimdsort.so
70250f697000-70250f698000 r--p 0003d000 00:2d 681571                     /usr/local/sdkman/candidates/java/25.0.1-ms/lib/libsimdsort.so
70250f698000-70250f699000 rw-p 0003e000 00:2d 681571                     /usr/local/sdkman/candidates/java/25.0.1-ms/lib/libsimdsort.so
70250f699000-70250f69e000 rw-p 00000000 00:00 0 
70250f69e000-70250f784000 ---p 00000000 00:00 0 
70250f784000-702518277000 r--s 00000000 00:2d 681576                     /usr/local/sdkman/candidates/java/25.0.1-ms/lib/modules
702518277000-70251981a000 r-xp 00000000 00:2d 681589                     /usr/local/sdkman/candidates/java/25.0.1-ms/lib/server/libjvm.so
70251981a000-70251981b000 ---p 015a3000 00:2d 681589                     /usr/local/sdkman/candidates/java/25.0.1-ms/lib/server/libjvm.so
70251981b000-702519904000 r--p 015a3000 00:2d 681589                     /usr/local/sdkman/candidates/java/25.0.1-ms/lib/server/libjvm.so
702519904000-70251992f000 rw-p 0168c000 00:2d 681589                     /usr/local/sdkman/candidates/java/25.0.1-ms/lib/server/libjvm.so
70251992f000-702519aab000 rw-p 00000000 00:00 0 
702519aab000-702519c7e000 r--p 00000000 00:2d 1078548                    /usr/local/python/3.12.1/lib/python3.12/site-packages/pymupdf/_mupdf.so
702519c7e000-70251a129000 r-xp 001d3000 00:2d 1078548                    /usr/local/python/3.12.1/lib/python3.12/site-packages/pymupdf/_mupdf.so
70251a129000-70251a603000 r--p 0067e000 00:2d 1078548                    /usr/local/python/3.12.1/lib/python3.12/site-packages/pymupdf/_mupdf.so
70251a603000-70251a607000 r--p 00b57000 00:2d 1078548                    /usr/local/python/3.12.1/lib/python3.12/site-packages/pymupdf/_mupdf.so
70251a607000-70251a69b000 rw-p 00b5b000 00:2d 1078548                    /usr/local/python/3.12.1/lib/python3.12/site-packages/pymupdf/_mupdf.so
70251a69b000-70251ac9d000 rw-p 00000000 00:00 0 
70251acbe000-70251acca000 r-xp 00000000 00:2d 681565                     /usr/local/sdkman/candidates/java/25.0.1-ms/lib/libnet.so
70251acca000-70251accb000 r--p 0000b000 00:2d 681565                     /usr/local/sdkman/candidates/java/25.0.1-ms/lib/libnet.so
70251accb000-70251accc000 rw-p 0000c000 00:2d 681565                     /usr/local/sdkman/candidates/java/25.0.1-ms/lib/libnet.so
70251accc000-70251afef000 rw-p 00000000 00:00 0 
70251afef000-70251b0e7000 r--p 00000000 00:2d 1078549                    /usr/local/python/3.12.1/lib/python3.12/site-packages/pymupdf/libmupdfcpp.so.27.2
70251b0e7000-70251b192000 r-xp 000f8000 00:2d 1078549                    /usr/local/python/3.12.1/lib/python3.12/site-packages/pymupdf/libmupdfcpp.so.27.2
70251b192000-70251b1e8000 r--p 001a3000 00:2d 1078549                    /usr/local/python/3.12.1/lib/python3.12/site-packages/pymupdf/libmupdfcpp.so.27.2
70251b1e8000-70251b1ea000 r--p 001f8000 00:2d 1078549                    /usr/local/python/3.12.1/lib/python3.12/site-packages/pymupdf/libmupdfcpp.so.27.2
70251b1ea000-70251b1f7000 rw-p 001fa000 00:2d 1078549                    /usr/local/python/3.12.1/lib/python3.12/site-packages/pymupdf/libmupdfcpp.so.27.2
70251b1f7000-70251b33a000 r--p 00000000 00:2d 1078550                    /usr/local/python/3.12.1/lib/python3.12/site-packages/pymupdf/libmupdf.so.27.2
70251b33a000-70251bcd6000 r-xp 00143000 00:2d 1078550                    /usr/local/python/3.12.1/lib/python3.12/site-packages/pymupdf/libmupdf.so.27.2
70251bcd6000-70251c19d000 r--p 00adf000 00:2d 1078550                    /usr/local/python/3.12.1/lib/python3.12/site-packages/pymupdf/libmupdf.so.27.2
70251c19d000-70251c1bc000 r--p 00fa6000 00:2d 1078550                    /usr/local/python/3.12.1/lib/python3.12/site-packages/pymupdf/libmupdf.so.27.2
70251c1bc000-70251d35e000 rw-p 00fc5000 00:2d 1078550                    /usr/local/python/3.12.1/lib/python3.12/site-packages/pymupdf/libmupdf.so.27.2
70251d35e000-70251d46b000 rw-p 00000000 00:00 0 
70251d472000-70251d748000 rw-p 00000000 00:00 0 
70251d748000-70251d796000 r--p 00000000 00:2d 1065088                    /usr/local/python/3.12.1/lib/python3.12/site-packages/lxml/etree.cpython-312-x86_64-linux-gnu.so
70251d796000-70251dabb000 r-xp 0004e000 00:2d 1065088                    /usr/local/python/3.12.1/lib/python3.12/site-packages/lxml/etree.cpython-312-x86_64-linux-gnu.so
70251dabb000-70251dc42000 r--p 00373000 00:2d 1065088                    /usr/local/python/3.12.1/lib/python3.12/site-packages/lxml/etree.cpython-312-x86_64-linux-gnu.so
70251dc42000-70251dc51000 r--p 004fa000 00:2d 1065088                    /usr/local/python/3.12.1/lib/python3.12/site-packages/lxml/etree.cpython-312-x86_64-linux-gnu.so
70251dc51000-70251dc6d000 rw-p 00509000 00:2d 1065088                    /usr/local/python/3.12.1/lib/python3.12/site-packages/lxml/etree.cpython-312-x86_64-linux-gnu.so
70251dc6d000-70251df76000 rw-p 00000000 00:00 0 
70251df76000-70251df79000 r--p 00000000 00:2d 830487                     /usr/local/python/3.12.1/lib/python3.12/lib-dynload/_multibytecodec.cpython-312-x86_64-linux-gnu.so
70251df79000-70251df7f000 r-xp 00003000 00:2d 830487                     /usr/local/python/3.12.1/lib/python3.12/lib-dynload/_multibytecodec.cpython-312-x86_64-linux-gnu.so
70251df7f000-70251df81000 r--p 00009000 00:2d 830487                     /usr/local/python/3.12.1/lib/python3.12/lib-dynload/_multibytecodec.cpython-312-x86_64-linux-gnu.so
70251df81000-70251df82000 r--p 0000a000 00:2d 830487                     /usr/local/python/3.12.1/lib/python3.12/lib-dynload/_multibytecodec.cpython-312-x86_64-linux-gnu.so
70251df82000-70251df83000 rw-p 0000b000 00:2d 830487                     /usr/local/python/3.12.1/lib/python3.12/lib-dynload/_multibytecodec.cpython-312-x86_64-linux-gnu.so
70251df83000-70251df91000 r--p 00000000 00:2d 795733                     /home/codespace/.local/lib/python3.12/site-packages/charset_normalizer/md__mypyc.cpython-312-x86_64-linux-gnu.so
70251df91000-70251dfb1000 r-xp 0000e000 00:2d 795733                     /home/codespace/.local/lib/python3.12/site-packages/charset_normalizer/md__mypyc.cpython-312-x86_64-linux-gnu.so
70251dfb1000-70251dfbb000 r--p 0002e000 00:2d 795733                     /home/codespace/.local/lib/python3.12/site-packages/charset_normalizer/md__mypyc.cpython-312-x86_64-linux-gnu.so
70251dfbb000-70251dfbc000 r--p 00037000 00:2d 795733                     /home/codespace/.local/lib/python3.12/site-packages/charset_normalizer/md__mypyc.cpython-312-x86_64-linux-gnu.so
70251dfbc000-70251dfc0000 rw-p 00038000 00:2d 795733                     /home/codespace/.local/lib/python3.12/site-packages/charset_normalizer/md__mypyc.cpython-312-x86_64-linux-gnu.so
70251dfc0000-70251e0c1000 rw-p 00000000 00:00 0 
70251e0c1000-70251e0c7000 r--p 00000000 00:2d 830525                     /usr/local/python/3.12.1/lib/python3.12/lib-dynload/pyexpat.cpython-312-x86_64-linux-gnu.so
70251e0c7000-70251e0ec000 r-xp 00006000 00:2d 830525                     /usr/local/python/3.12.1/lib/python3.12/lib-dynload/pyexpat.cpython-312-x86_64-linux-gnu.so
70251e0ec000-70251e0f7000 r--p 0002b000 00:2d 830525                     /usr/local/python/3.12.1/lib/python3.12/lib-dynload/pyexpat.cpython-312-x86_64-linux-gnu.so
70251e0f7000-70251e0fa000 r--p 00035000 00:2d 830525                     /usr/local/python/3.12.1/lib/python3.12/lib-dynload/pyexpat.cpython-312-x86_64-linux-gnu.so
70251e0fa000-70251e0fc000 rw-p 00038000 00:2d 830525                     /usr/local/python/3.12.1/lib/python3.12/lib-dynload/pyexpat.cpython-312-x86_64-linux-gnu.so
70251e0fc000-70251e100000 r--p 00000000 00:2d 830479                     /usr/local/python/3.12.1/lib/python3.12/lib-dynload/_elementtree.cpython-312-x86_64-linux-gnu.so
70251e100000-70251e10c000 r-xp 00004000 00:2d 830479                     /usr/local/python/3.12.1/lib/python3.12/lib-dynload/_elementtree.cpython-312-x86_64-linux-gnu.so
70251e10c000-70251e10f000 r--p 00010000 00:2d 830479                     /usr/local/python/3.12.1/lib/python3.12/lib-dynload/_elementtree.cpython-312-x86_64-linux-gnu.so
70251e10f000-70251e110000 r--p 00012000 00:2d 830479                     /usr/local/python/3.12.1/lib/python3.12/lib-dynload/_elementtree.cpython-312-x86_64-linux-gnu.so
70251e110000-70251e112000 rw-p 00013000 00:2d 830479                     /usr/local/python/3.12.1/lib/python3.12/lib-dynload/_elementtree.cpython-312-x86_64-linux-gnu.so
70251e112000-70251e512000 rw-p 00000000 00:00 0 
70251e512000-70251e514000 r--p 00000000 00:2d 394126                     /usr/lib/x86_64-linux-gnu/libffi.so.8.1.4
70251e514000-70251e51b000 r-xp 00002000 00:2d 394126                     /usr/lib/x86_64-linux-gnu/libffi.so.8.1.4
70251e51b000-70251e51c000 r--p 00009000 00:2d 394126                     /usr/lib/x86_64-linux-gnu/libffi.so.8.1.4
70251e51c000-70251e51d000 r--p 0000a000 00:2d 394126                     /usr/lib/x86_64-linux-gnu/libffi.so.8.1.4
70251e51d000-70251e51e000 rw-p 0000b000 00:2d 394126                     /usr/lib/x86_64-linux-gnu/libffi.so.8.1.4
70251e51e000-70251e524000 r--p 00000000 00:2d 830473                     /usr/local/python/3.12.1/lib/python3.12/lib-dynload/_ctypes.cpython-312-x86_64-linux-gnu.so
70251e524000-70251e536000 r-xp 00006000 00:2d 830473                     /usr/local/python/3.12.1/lib/python3.12/lib-dynload/_ctypes.cpython-312-x86_64-linux-gnu.so
70251e536000-70251e53c000 r--p 00018000 00:2d 830473                     /usr/local/python/3.12.1/lib/python3.12/lib-dynload/_ctypes.cpython-312-x86_64-linux-gnu.so
70251e53c000-70251e53d000 r--p 0001d000 00:2d 830473                     /usr/local/python/3.12.1/lib/python3.12/lib-dynload/_ctypes.cpython-312-x86_64-linux-gnu.so
70251e53d000-70251e541000 rw-p 0001e000 00:2d 830473                     /usr/local/python/3.12.1/lib/python3.12/lib-dynload/_ctypes.cpython-312-x86_64-linux-gnu.so
70251e541000-70251e641000 rw-p 00000000 00:00 0 
70251e641000-70251e67c000 r--p 00000000 00:2d 1065257                    /usr/local/python/3.12.1/lib/python3.12/site-packages/_jpype.cpython-312-x86_64-linux-gnu.so
70251e67c000-70251e6d0000 r-xp 0003b000 00:2d 1065257                    /usr/local/python/3.12.1/lib/python3.12/site-packages/_jpype.cpython-312-x86_64-linux-gnu.so
70251e6d0000-70251e6f8000 r--p 0008f000 00:2d 1065257                    /usr/local/python/3.12.1/lib/python3.12/site-packages/_jpype.cpython-312-x86_64-linux-gnu.so
70251e6f8000-70251e6f9000 ---p 000b7000 00:2d 1065257                    /usr/local/python/3.12.1/lib/python3.12/site-packages/_jpype.cpython-312-x86_64-linux-gnu.so
70251e6f9000-70251e6fd000 r--p 000b7000 00:2d 1065257                    /usr/local/python/3.12.1/lib/python3.12/site-packages/_jpype.cpython-312-x86_64-linux-gnu.so
70251e6fd000-70251e701000 rw-p 000bb000 00:2d 1065257                    /usr/local/python/3.12.1/lib/python3.12/site-packages/_jpype.cpython-312-x86_64-linux-gnu.so
70251e701000-70251e801000 rw-p 00000000 00:00 0 
70251e801000-70251e806000 r--p 00000000 00:2d 1062218                    /usr/local/python/3.12.1/lib/python3.12/site-packages/frozenlist/_frozenlist.cpython-312-x86_64-linux-gnu.so
70251e806000-70251e813000 r-xp 00005000 00:2d 1062218                    /usr/local/python/3.12.1/lib/python3.12/site-packages/frozenlist/_frozenlist.cpython-312-x86_64-linux-gnu.so
70251e813000-70251e817000 r--p 00012000 00:2d 1062218                    /usr/local/python/3.12.1/lib/python3.12/site-packages/frozenlist/_frozenlist.cpython-312-x86_64-linux-gnu.so
70251e817000-70251e818000 r--p 00015000 00:2d 1062218                    /usr/local/python/3.12.1/lib/python3.12/site-packages/frozenlist/_frozenlist.cpython-312-x86_64-linux-gnu.so
70251e818000-70251e81a000 rw-p 00016000 00:2d 1062218                    /usr/local/python/3.12.1/lib/python3.12/site-packages/frozenlist/_frozenlist.cpython-312-x86_64-linux-gnu.so
70251e81a000-70251e91a000 rw-p 00000000 00:00 0 
70251e91a000-70251e920000 r--p 00000000 00:2d 1062364                    /usr/local/python/3.12.1/lib/python3.12/site-packages/aiohttp/_websocket/reader_c.cpython-312-x86_64-linux-gnu.so
70251e920000-70251e943000 r-xp 00006000 00:2d 1062364                    /usr/local/python/3.12.1/lib/python3.12/site-packages/aiohttp/_websocket/reader_c.cpython-312-x86_64-linux-gnu.so
70251e943000-70251e94a000 r--p 00029000 00:2d 1062364                    /usr/local/python/3.12.1/lib/python3.12/site-packages/aiohttp/_websocket/reader_c.cpython-312-x86_64-linux-gnu.so
70251e94a000-70251e94c000 r--p 0002f000 00:2d 1062364                    /usr/local/python/3.12.1/lib/python3.12/site-packages/aiohttp/_websocket/reader_c.cpython-312-x86_64-linux-gnu.so
70251e94c000-70251e94e000 rw-p 00031000 00:2d 1062364                    /usr/local/python/3.12.1/lib/python3.12/site-packages/aiohttp/_websocket/reader_c.cpython-312-x86_64-linux-gnu.so
70251e94e000-70251e94f000 rw-p 00000000 00:00 0 
70251e94f000-70251e952000 r--p 00000000 00:2d 1062359                    /usr/local/python/3.12.1/lib/python3.12/site-packages/aiohttp/_websocket/mask.cpython-312-x86_64-linux-gnu.so
70251e952000-70251e957000 r-xp 00003000 00:2d 1062359                    /usr/local/python/3.12.1/lib/python3.12/site-packages/aiohttp/_websocket/mask.cpython-312-x86_64-linux-gnu.so
70251e957000-70251e959000 r--p 00008000 00:2d 1062359                    /usr/local/python/3.12.1/lib/python3.12/site-packages/aiohttp/_websocket/mask.cpython-312-x86_64-linux-gnu.so
70251e959000-70251e95a000 r--p 00009000 00:2d 1062359                    /usr/local/python/3.12.1/lib/python3.12/site-packages/aiohttp/_websocket/mask.cpython-312-x86_64-linux-gnu.so
70251e95a000-70251e95b000 rw-p 0000a000 00:2d 1062359                    /usr/local/python/3.12.1/lib/python3.12/site-packages/aiohttp/_websocket/mask.cpython-312-x86_64-linux-gnu.so
70251e95b000-70251e965000 r--p 00000000 00:2d 1062299                    /usr/local/python/3.12.1/lib/python3.12/site-packages/aiohttp/_http_parser.cpython-312-x86_64-linux-gnu.so
70251e965000-70251e9bb000 r-xp 0000a000 00:2d 1062299                    /usr/local/python/3.12.1/lib/python3.12/site-packages/aiohttp/_http_parser.cpython-312-x86_64-linux-gnu.so
70251e9bb000-70251e9c7000 r--p 00060000 00:2d 1062299                    /usr/local/python/3.12.1/lib/python3.12/site-packages/aiohttp/_http_parser.cpython-312-x86_64-linux-gnu.so
70251e9c7000-70251e9c9000 r--p 0006c000 00:2d 1062299                    /usr/local/python/3.12.1/lib/python3.12/site-packages/aiohttp/_http_parser.cpython-312-x86_64-linux-gnu.so
70251e9c9000-70251e9cc000 rw-p 0006e000 00:2d 1062299                    /usr/local/python/3.12.1/lib/python3.12/site-packages/aiohttp/_http_parser.cpython-312-x86_64-linux-gnu.so
70251e9cc000-70251e9ce000 rw-p 00000000 00:00 0 
70251e9ce000-70251e9d1000 r--p 00000000 00:2d 1062301                    /usr/local/python/3.12.1/lib/python3.12/site-packages/aiohttp/_http_writer.cpython-312-x86_64-linux-gnu.so
70251e9d1000-70251e9d9000 r-xp 00003000 00:2d 1062301                    /usr/local/python/3.12.1/lib/python3.12/site-packages/aiohttp/_http_writer.cpython-312-x86_64-linux-gnu.so
70251e9d9000-70251e9db000 r--p 0000b000 00:2d 1062301                    /usr/local/python/3.12.1/lib/python3.12/site-packages/aiohttp/_http_writer.cpython-312-x86_64-linux-gnu.so
70251e9db000-70251e9dc000 r--p 0000c000 00:2d 1062301                    /usr/local/python/3.12.1/lib/python3.12/site-packages/aiohttp/_http_writer.cpython-312-x86_64-linux-gnu.so
70251e9dc000-70251e9dd000 rw-p 0000d000 00:2d 1062301                    /usr/local/python/3.12.1/lib/python3.12/site-packages/aiohttp/_http_writer.cpython-312-x86_64-linux-gnu.so
70251e9dd000-70251eadd000 rw-p 00000000 00:00 0 
70251eadd000-70251eae1000 r--p 00000000 00:2d 1062176                    /usr/local/python/3.12.1/lib/python3.12/site-packages/propcache/_helpers_c.cpython-312-x86_64-linux-gnu.so
70251eae1000-70251eaed000 r-xp 00004000 00:2d 1062176                    /usr/local/python/3.12.1/lib/python3.12/site-packages/propcache/_helpers_c.cpython-312-x86_64-linux-gnu.so
70251eaed000-70251eaf1000 r--p 00010000 00:2d 1062176                    /usr/local/python/3.12.1/lib/python3.12/site-packages/propcache/_helpers_c.cpython-312-x86_64-linux-gnu.so
70251eaf1000-70251eaf2000 r--p 00013000 00:2d 1062176                    /usr/local/python/3.12.1/lib/python3.12/site-packages/propcache/_helpers_c.cpython-312-x86_64-linux-gnu.so
70251eaf2000-70251eaf3000 rw-p 00014000 00:2d 1062176                    /usr/local/python/3.12.1/lib/python3.12/site-packages/propcache/_helpers_c.cpython-312-x86_64-linux-gnu.so
70251eaf3000-70251eaf4000 rw-p 00000000 00:00 0 
70251eaf4000-70251eaf7000 r--p 00000000 00:2d 830532                     /usr/local/python/3.12.1/lib/python3.12/lib-dynload/unicodedata.cpython-312-x86_64-linux-gnu.so
70251eaf7000-70251eafc000 r-xp 00003000 00:2d 830532                     /usr/local/python/3.12.1/lib/python3.12/lib-dynload/unicodedata.cpython-312-x86_64-linux-gnu.so
70251eafc000-70251ec08000 r--p 00008000 00:2d 830532                     /usr/local/python/3.12.1/lib/python3.12/lib-dynload/unicodedata.cpython-312-x86_64-linux-gnu.so
70251ec08000-70251ec09000 r--p 00113000 00:2d 830532                     /usr/local/python/3.12.1/lib/python3.12/lib-dynload/unicodedata.cpython-312-x86_64-linux-gnu.so
70251ec09000-70251ec0a000 rw-p 00114000 00:2d 830532                     /usr/local/python/3.12.1/lib/python3.12/lib-dynload/unicodedata.cpython-312-x86_64-linux-gnu.so
70251ec0a000-70251ed0a000 rw-p 00000000 00:00 0 
70251ed0a000-70251ed2a000 r--p 00000000 00:2d 412047                     /usr/lib/x86_64-linux-gnu/libsqlite3.so.0.8.6
70251ed2a000-70251ee35000 r-xp 00020000 00:2d 412047                     /usr/lib/x86_64-linux-gnu/libsqlite3.so.0.8.6
70251ee35000-70251ee69000 r--p 0012b000 00:2d 412047                     /usr/lib/x86_64-linux-gnu/libsqlite3.so.0.8.6
70251ee69000-70251ee6d000 r--p 0015e000 00:2d 412047                     /usr/lib/x86_64-linux-gnu/libsqlite3.so.0.8.6
70251ee6d000-70251ee71000 rw-p 00162000 00:2d 412047                     /usr/lib/x86_64-linux-gnu/libsqlite3.so.0.8.6
70251ee71000-70251f772000 rw-p 00000000 00:00 0 
70251f772000-70251f779000 r-xp 00000000 00:2d 681575                     /usr/local/sdkman/candidates/java/25.0.1-ms/lib/libzip.so
70251f779000-70251f77a000 ---p 00007000 00:2d 681575                     /usr/local/sdkman/candidates/java/25.0.1-ms/lib/libzip.so
70251f77a000-70251f77b000 r--p 00007000 00:2d 681575                     /usr/local/sdkman/candidates/java/25.0.1-ms/lib/libzip.so
70251f77b000-70251f77c000 rw-p 00008000 00:2d 681575                     /usr/local/sdkman/candidates/java/25.0.1-ms/lib/libzip.so
70251f77c000-70251f790000 r-xp 00000000 00:2d 681566                     /usr/local/sdkman/candidates/java/25.0.1-ms/lib/libnio.so
70251f790000-70251f791000 r--p 00013000 00:2d 681566                     /usr/local/sdkman/candidates/java/25.0.1-ms/lib/libnio.so
70251f791000-70251f792000 rw-p 00014000 00:2d 681566                     /usr/local/sdkman/candidates/java/25.0.1-ms/lib/libnio.so
70251f792000-70251f797000 rw-p 00000000 00:00 0 
70251f797000-70251f79e000 ---p 00000000 00:00 0 
70251f79e000-70251f7be000 r-xp 00000000 00:2d 681551                     /usr/local/sdkman/candidates/java/25.0.1-ms/lib/libjava.so
70251f7be000-70251f7bf000 r--p 0001f000 00:2d 681551                     /usr/local/sdkman/candidates/java/25.0.1-ms/lib/libjava.so
70251f7bf000-70251f7c0000 rw-p 00020000 00:2d 681551                     /usr/local/sdkman/candidates/java/25.0.1-ms/lib/libjava.so
70251f7c0000-70251f7c1000 rw-p 00000000 00:00 0 
70251f7c1000-70251f7c9000 rw-s 00000000 08:11 917569                     /tmp/hsperfdata_codespace/31250
70251f7c9000-70251f7e4000 r-xp 00000000 00:2d 681555                     /usr/local/sdkman/candidates/java/25.0.1-ms/lib/libjimage.so
70251f7e4000-70251f7e5000 ---p 0001b000 00:2d 681555                     /usr/local/sdkman/candidates/java/25.0.1-ms/lib/libjimage.so
70251f7e5000-70251f7e7000 r--p 0001b000 00:2d 681555                     /usr/local/sdkman/candidates/java/25.0.1-ms/lib/libjimage.so
70251f7e7000-70251f7e8000 rw-p 0001d000 00:2d 681555                     /usr/local/sdkman/candidates/java/25.0.1-ms/lib/libjimage.so
70251f7e8000-70251f7e9000 r--p 00000000 00:2d 394211                     /usr/lib/x86_64-linux-gnu/libutil.so.1
70251f7e9000-70251f7ea000 r-xp 00001000 00:2d 394211                     /usr/lib/x86_64-linux-gnu/libutil.so.1
70251f7ea000-70251f7eb000 r--p 00002000 00:2d 394211                     /usr/lib/x86_64-linux-gnu/libutil.so.1
70251f7eb000-70251f7ec000 r--p 00002000 00:2d 394211                     /usr/lib/x86_64-linux-gnu/libutil.so.1
70251f7ec000-70251f7ed000 rw-p 00003000 00:2d 394211                     /usr/lib/x86_64-linux-gnu/libutil.so.1
70251f7f2000-70251f7f3000 r--p 00000000 00:00 0 
70251f7f3000-70251f7f4000 r--p 00000000 00:2d 393777                     /usr/lib/locale/C.utf8/LC_NUMERIC
70251f7f4000-70251f7ff000 r--p 00000000 00:2d 1078542                    /usr/local/python/3.12.1/lib/python3.12/site-packages/pymupdf/_extra.so
70251f7ff000-70251f818000 r-xp 0000b000 00:2d 1078542                    /usr/local/python/3.12.1/lib/python3.12/site-packages/pymupdf/_extra.so
70251f818000-70251f823000 r--p 00024000 00:2d 1078542                    /usr/local/python/3.12.1/lib/python3.12/site-packages/pymupdf/_extra.so
70251f823000-70251f824000 r--p 0002e000 00:2d 1078542                    /usr/local/python/3.12.1/lib/python3.12/site-packages/pymupdf/_extra.so
70251f824000-70251f827000 rw-p 0002f000 00:2d 1078542                    /usr/local/python/3.12.1/lib/python3.12/site-packages/pymupdf/_extra.so
70251f827000-70251f82d000 r--p 00000000 00:2d 1065076                    /usr/local/python/3.12.1/lib/python3.12/site-packages/lxml/_elementpath.cpython-312-x86_64-linux-gnu.so
70251f82d000-70251f851000 r-xp 00006000 00:2d 1065076                    /usr/local/python/3.12.1/lib/python3.12/site-packages/lxml/_elementpath.cpython-312-x86_64-linux-gnu.so
70251f851000-70251f858000 r--p 0002a000 00:2d 1065076                    /usr/local/python/3.12.1/lib/python3.12/site-packages/lxml/_elementpath.cpython-312-x86_64-linux-gnu.so
70251f858000-70251f859000 r--p 00031000 00:2d 1065076                    /usr/local/python/3.12.1/lib/python3.12/site-packages/lxml/_elementpath.cpython-312-x86_64-linux-gnu.so
70251f859000-70251f85c000 rw-p 00032000 00:2d 1065076                    /usr/local/python/3.12.1/lib/python3.12/site-packages/lxml/_elementpath.cpython-312-x86_64-linux-gnu.so
70251f85c000-70251f95d000 rw-p 00000000 00:00 0 
70251f95d000-70251f9fa000 r--p 00000000 00:2d 394197                     /usr/lib/x86_64-linux-gnu/libstdc++.so.6.0.33
70251f9fa000-70251fb42000 r-xp 0009d000 00:2d 394197                     /usr/lib/x86_64-linux-gnu/libstdc++.so.6.0.33
70251fb42000-70251fbc9000 r--p 001e5000 00:2d 394197                     /usr/lib/x86_64-linux-gnu/libstdc++.so.6.0.33
70251fbc9000-70251fbd4000 r--p 0026b000 00:2d 394197                     /usr/lib/x86_64-linux-gnu/libstdc++.so.6.0.33
70251fbd4000-70251fbd7000 rw-p 00276000 00:2d 394197                     /usr/lib/x86_64-linux-gnu/libstdc++.so.6.0.33
70251fbd7000-70251fbdb000 rw-p 00000000 00:00 0 
70251fbdb000-70251fbe4000 r--p 00000000 00:2d 1062870                    /usr/local/python/3.12.1/lib/python3.12/site-packages/greenlet/_greenlet.cpython-312-x86_64-linux-gnu.so
70251fbe4000-70251fbf4000 r-xp 00009000 00:2d 1062870                    /usr/local/python/3.12.1/lib/python3.12/site-packages/greenlet/_greenlet.cpython-312-x86_64-linux-gnu.so
70251fbf4000-70251fbfa000 r--p 00019000 00:2d 1062870                    /usr/local/python/3.12.1/lib/python3.12/site-packages/greenlet/_greenlet.cpython-312-x86_64-linux-gnu.so
70251fbfa000-70251fbfb000 r--p 0001f000 00:2d 1062870                    /usr/local/python/3.12.1/lib/python3.12/site-packages/greenlet/_greenlet.cpython-312-x86_64-linux-gnu.so
70251fbfb000-70251fbfc000 rw-p 00020000 00:2d 1062870                    /usr/local/python/3.12.1/lib/python3.12/site-packages/greenlet/_greenlet.cpython-312-x86_64-linux-gnu.so
70251fbfc000-70251fc00000 r--p 00000000 00:2d 1065900                    /usr/local/python/3.12.1/lib/python3.12/site-packages/sqlalchemy/cyextension/util.cpython-312-x86_64-linux-gnu.so
70251fc00000-70251fc10000 r-xp 00004000 00:2d 1065900                    /usr/local/python/3.12.1/lib/python3.12/site-packages/sqlalchemy/cyextension/util.cpython-312-x86_64-linux-gnu.so
70251fc10000-70251fc13000 r--p 00014000 00:2d 1065900                    /usr/local/python/3.12.1/lib/python3.12/site-packages/sqlalchemy/cyextension/util.cpython-312-x86_64-linux-gnu.so
70251fc13000-70251fc14000 r--p 00017000 00:2d 1065900                    /usr/local/python/3.12.1/lib/python3.12/site-packages/sqlalchemy/cyextension/util.cpython-312-x86_64-linux-gnu.so
70251fc14000-70251fc15000 rw-p 00018000 00:2d 1065900                    /usr/local/python/3.12.1/lib/python3.12/site-packages/sqlalchemy/cyextension/util.cpython-312-x86_64-linux-gnu.so
70251fc15000-70251fc16000 rw-p 00000000 00:00 0 
70251fc16000-70251fc1a000 r--p 00000000 00:2d 1065898                    /usr/local/python/3.12.1/lib/python3.12/site-packages/sqlalchemy/cyextension/resultproxy.cpython-312-x86_64-linux-gnu.so
70251fc1a000-70251fc25000 r-xp 00004000 00:2d 1065898                    /usr/local/python/3.12.1/lib/python3.12/site-packages/sqlalchemy/cyextension/resultproxy.cpython-312-x86_64-linux-gnu.so
70251fc25000-70251fc28000 r--p 0000f000 00:2d 1065898                    /usr/local/python/3.12.1/lib/python3.12/site-packages/sqlalchemy/cyextension/resultproxy.cpython-312-x86_64-linux-gnu.so
70251fc28000-70251fc29000 r--p 00011000 00:2d 1065898                    /usr/local/python/3.12.1/lib/python3.12/site-packages/sqlalchemy/cyextension/resultproxy.cpython-312-x86_64-linux-gnu.so
70251fc29000-70251fc2a000 rw-p 00012000 00:2d 1065898                    /usr/local/python/3.12.1/lib/python3.12/site-packages/sqlalchemy/cyextension/resultproxy.cpython-312-x86_64-linux-gnu.so
70251fc2a000-70251fc2b000 rw-p 00000000 00:00 0 
70251fc2b000-70251fc2f000 r--p 00000000 00:2d 1065896                    /usr/local/python/3.12.1/lib/python3.12/site-packages/sqlalchemy/cyextension/processors.cpython-312-x86_64-linux-gnu.so
70251fc2f000-70251fc3a000 r-xp 00004000 00:2d 1065896                    /usr/local/python/3.12.1/lib/python3.12/site-packages/sqlalchemy/cyextension/processors.cpython-312-x86_64-linux-gnu.so
70251fc3a000-70251fc3d000 r--p 0000f000 00:2d 1065896                    /usr/local/python/3.12.1/lib/python3.12/site-packages/sqlalchemy/cyextension/processors.cpython-312-x86_64-linux-gnu.so
70251fc3d000-70251fc3e000 r--p 00011000 00:2d 1065896                    /usr/local/python/3.12.1/lib/python3.12/site-packages/sqlalchemy/cyextension/processors.cpython-312-x86_64-linux-gnu.so
70251fc3e000-70251fc3f000 rw-p 00012000 00:2d 1065896                    /usr/local/python/3.12.1/lib/python3.12/site-packages/sqlalchemy/cyextension/processors.cpython-312-x86_64-linux-gnu.so
70251fc3f000-70251fc40000 rw-p 00000000 00:00 0 
70251fc40000-70251fc44000 r--p 00000000 00:2d 1065893                    /usr/local/python/3.12.1/lib/python3.12/site-packages/sqlalchemy/cyextension/immutabledict.cpython-312-x86_64-linux-gnu.so
70251fc44000-70251fc53000 r-xp 00004000 00:2d 1065893                    /usr/local/python/3.12.1/lib/python3.12/site-packages/sqlalchemy/cyextension/immutabledict.cpython-312-x86_64-linux-gnu.so
70251fc53000-70251fc56000 r--p 00013000 00:2d 1065893                    /usr/local/python/3.12.1/lib/python3.12/site-packages/sqlalchemy/cyextension/immutabledict.cpython-312-x86_64-linux-gnu.so
70251fc56000-70251fc57000 r--p 00015000 00:2d 1065893                    /usr/local/python/3.12.1/lib/python3.12/site-packages/sqlalchemy/cyextension/immutabledict.cpython-312-x86_64-linux-gnu.so
70251fc57000-70251fc59000 rw-p 00016000 00:2d 1065893                    /usr/local/python/3.12.1/lib/python3.12/site-packages/sqlalchemy/cyextension/immutabledict.cpython-312-x86_64-linux-gnu.so
70251fc59000-70251fc5f000 r--p 00000000 00:2d 1065891                    /usr/local/python/3.12.1/lib/python3.12/site-packages/sqlalchemy/cyextension/collections.cpython-312-x86_64-linux-gnu.so
70251fc5f000-70251fc85000 r-xp 00006000 00:2d 1065891                    /usr/local/python/3.12.1/lib/python3.12/site-packages/sqlalchemy/cyextension/collections.cpython-312-x86_64-linux-gnu.so
70251fc85000-70251fc8d000 r--p 0002c000 00:2d 1065891                    /usr/local/python/3.12.1/lib/python3.12/site-packages/sqlalchemy/cyextension/collections.cpython-312-x86_64-linux-gnu.so
70251fc8d000-70251fc8e000 r--p 00033000 00:2d 1065891                    /usr/local/python/3.12.1/lib/python3.12/site-packages/sqlalchemy/cyextension/collections.cpython-312-x86_64-linux-gnu.so
70251fc8e000-70251fc91000 rw-p 00034000 00:2d 1065891                    /usr/local/python/3.12.1/lib/python3.12/site-packages/sqlalchemy/cyextension/collections.cpython-312-x86_64-linux-gnu.so
70251fc91000-70251fe91000 rw-p 00000000 00:00 0 
70251fe91000-70251fe93000 r--p 00000000 00:2d 830462                     /usr/local/python/3.12.1/lib/python3.12/lib-dynload/_blake2.cpython-312-x86_64-linux-gnu.so
70251fe93000-70251fe9a000 r-xp 00002000 00:2d 830462                     /usr/local/python/3.12.1/lib/python3.12/lib-dynload/_blake2.cpython-312-x86_64-linux-gnu.so
70251fe9a000-70251fe9c000 r--p 00009000 00:2d 830462                     /usr/local/python/3.12.1/lib/python3.12/lib-dynload/_blake2.cpython-312-x86_64-linux-gnu.so
70251fe9c000-70251fe9d000 r--p 0000a000 00:2d 830462                     /usr/local/python/3.12.1/lib/python3.12/lib-dynload/_blake2.cpython-312-x86_64-linux-gnu.so
70251fe9d000-70251fe9e000 rw-p 0000b000 00:2d 830462                     /usr/local/python/3.12.1/lib/python3.12/lib-dynload/_blake2.cpython-312-x86_64-linux-gnu.so
70251fe9e000-70251fea2000 r--p 00000000 00:2d 830481                     /usr/local/python/3.12.1/lib/python3.12/lib-dynload/_hashlib.cpython-312-x86_64-linux-gnu.so
70251fea2000-70251fea8000 r-xp 00004000 00:2d 830481                     /usr/local/python/3.12.1/lib/python3.12/lib-dynload/_hashlib.cpython-312-x86_64-linux-gnu.so
70251fea8000-70251feac000 r--p 0000a000 00:2d 830481                     /usr/local/python/3.12.1/lib/python3.12/lib-dynload/_hashlib.cpython-312-x86_64-linux-gnu.so
70251feac000-70251fead000 r--p 0000d000 00:2d 830481                     /usr/local/python/3.12.1/lib/python3.12/lib-dynload/_hashlib.cpython-312-x86_64-linux-gnu.so
70251fead000-70251feaf000 rw-p 0000e000 00:2d 830481                     /usr/local/python/3.12.1/lib/python3.12/lib-dynload/_hashlib.cpython-312-x86_64-linux-gnu.so
70251feaf000-7025200af000 rw-p 00000000 00:00 0 
7025200af000-7025200b1000 r--p 00000000 00:2d 830472                     /usr/local/python/3.12.1/lib/python3.12/lib-dynload/_csv.cpython-312-x86_64-linux-gnu.so
7025200b1000-7025200b5000 r-xp 00002000 00:2d 830472                     /usr/local/python/3.12.1/lib/python3.12/lib-dynload/_csv.cpython-312-x86_64-linux-gnu.so
7025200b5000-7025200b8000 r--p 00006000 00:2d 830472                     /usr/local/python/3.12.1/lib/python3.12/lib-dynload/_csv.cpython-312-x86_64-linux-gnu.so
7025200b8000-7025200b9000 r--p 00008000 00:2d 830472                     /usr/local/python/3.12.1/lib/python3.12/lib-dynload/_csv.cpython-312-x86_64-linux-gnu.so
7025200b9000-7025200ba000 rw-p 00009000 00:2d 830472                     /usr/local/python/3.12.1/lib/python3.12/lib-dynload/_csv.cpython-312-x86_64-linux-gnu.so
7025200ba000-7025201ba000 rw-p 00000000 00:00 0 
7025201ba000-7025201bc000 r--p 00000000 00:2d 830515                     /usr/local/python/3.12.1/lib/python3.12/lib-dynload/_zoneinfo.cpython-312-x86_64-linux-gnu.so
7025201bc000-7025201c1000 r-xp 00002000 00:2d 830515                     /usr/local/python/3.12.1/lib/python3.12/lib-dynload/_zoneinfo.cpython-312-x86_64-linux-gnu.so
7025201c1000-7025201c3000 r--p 00007000 00:2d 830515                     /usr/local/python/3.12.1/lib/python3.12/lib-dynload/_zoneinfo.cpython-312-x86_64-linux-gnu.so
7025201c3000-7025201c4000 r--p 00008000 00:2d 830515                     /usr/local/python/3.12.1/lib/python3.12/lib-dynload/_zoneinfo.cpython-312-x86_64-linux-gnu.so
7025201c4000-7025201c5000 rw-p 00009000 00:2d 830515                     /usr/local/python/3.12.1/lib/python3.12/lib-dynload/_zoneinfo.cpython-312-x86_64-linux-gnu.so
7025201c5000-7025201c7000 r--p 00000000 00:2d 394213                     /usr/lib/x86_64-linux-gnu/libuuid.so.1.3.0
7025201c7000-7025201cc000 r-xp 00002000 00:2d 394213                     /usr/lib/x86_64-linux-gnu/libuuid.so.1.3.0
7025201cc000-7025201cd000 r--p 00007000 00:2d 394213                     /usr/lib/x86_64-linux-gnu/libuuid.so.1.3.0
7025201cd000-7025201ce000 r--p 00007000 00:2d 394213                     /usr/lib/x86_64-linux-gnu/libuuid.so.1.3.0
7025201ce000-7025201cf000 rw-p 00008000 00:2d 394213                     /usr/lib/x86_64-linux-gnu/libuuid.so.1.3.0
7025201cf000-7025201d0000 r--p 00000000 00:2d 393780                     /usr/lib/locale/C.utf8/LC_TIME
7025201d0000-7025201d1000 r--p 00000000 00:2d 393769                     /usr/lib/locale/C.utf8/LC_COLLATE
7025201d1000-7025201d2000 r--p 00000000 00:2d 795731                     /home/codespace/.local/lib/python3.12/site-packages/charset_normalizer/md.cpython-312-x86_64-linux-gnu.so
7025201d2000-7025201d3000 r-xp 00001000 00:2d 795731                     /home/codespace/.local/lib/python3.12/site-packages/charset_normalizer/md.cpython-312-x86_64-linux-gnu.so
7025201d3000-7025201d4000 r--p 00002000 00:2d 795731                     /home/codespace/.local/lib/python3.12/site-packages/charset_normalizer/md.cpython-312-x86_64-linux-gnu.so
7025201d4000-7025201d5000 r--p 00002000 00:2d 795731                     /home/codespace/.local/lib/python3.12/site-packages/charset_normalizer/md.cpython-312-x86_64-linux-gnu.so
7025201d5000-7025201d6000 rw-p 00003000 00:2d 795731                     /home/codespace/.local/lib/python3.12/site-packages/charset_normalizer/md.cpython-312-x86_64-linux-gnu.so
7025201d6000-7025203d6000 rw-p 00000000 00:00 0 
7025203d6000-7025203dd000 r--p 00000000 00:2d 830478                     /usr/local/python/3.12.1/lib/python3.12/lib-dynload/_decimal.cpython-312-x86_64-linux-gnu.so
7025203dd000-702520425000 r-xp 00007000 00:2d 830478                     /usr/local/python/3.12.1/lib/python3.12/lib-dynload/_decimal.cpython-312-x86_64-linux-gnu.so
702520425000-702520435000 r--p 0004f000 00:2d 830478                     /usr/local/python/3.12.1/lib/python3.12/lib-dynload/_decimal.cpython-312-x86_64-linux-gnu.so
702520435000-702520436000 r--p 0005f000 00:2d 830478                     /usr/local/python/3.12.1/lib/python3.12/lib-dynload/_decimal.cpython-312-x86_64-linux-gnu.so
702520436000-702520439000 rw-p 00060000 00:2d 830478                     /usr/local/python/3.12.1/lib/python3.12/lib-dynload/_decimal.cpython-312-x86_64-linux-gnu.so
702520439000-70252043a000 r--p 00000000 00:2d 394118                     /usr/lib/x86_64-linux-gnu/libdl.so.2
70252043a000-70252043b000 r-xp 00001000 00:2d 394118                     /usr/lib/x86_64-linux-gnu/libdl.so.2
70252043b000-70252043c000 r--p 00002000 00:2d 394118                     /usr/lib/x86_64-linux-gnu/libdl.so.2
70252043c000-70252043d000 r--p 00002000 00:2d 394118                     /usr/lib/x86_64-linux-gnu/libdl.so.2
70252043d000-70252043e000 rw-p 00003000 00:2d 394118                     /usr/lib/x86_64-linux-gnu/libdl.so.2
70252043e000-70252043f000 r--p 00000000 00:2d 394183                     /usr/lib/x86_64-linux-gnu/libpthread.so.0
70252043f000-702520440000 r-xp 00001000 00:2d 394183                     /usr/lib/x86_64-linux-gnu/libpthread.so.0
702520440000-702520441000 r--p 00002000 00:2d 394183                     /usr/lib/x86_64-linux-gnu/libpthread.so.0
702520441000-702520442000 r--p 00002000 00:2d 394183                     /usr/lib/x86_64-linux-gnu/libpthread.so.0
702520442000-702520443000 rw-p 00003000 00:2d 394183                     /usr/lib/x86_64-linux-gnu/libpthread.so.0
702520443000-702520444000 r--p 00000000 00:2d 394185                     /usr/lib/x86_64-linux-gnu/librt.so.1
702520444000-702520445000 r-xp 00001000 00:2d 394185                     /usr/lib/x86_64-linux-gnu/librt.so.1
702520445000-702520446000 r--p 00002000 00:2d 394185                     /usr/lib/x86_64-linux-gnu/librt.so.1
702520446000-702520447000 r--p 00002000 00:2d 394185                     /usr/lib/x86_64-linux-gnu/librt.so.1
702520447000-702520448000 rw-p 00003000 00:2d 394185                     /usr/lib/x86_64-linux-gnu/librt.so.1
702520448000-70252044c000 r--p 00000000 00:2d 394129                     /usr/lib/x86_64-linux-gnu/libgcc_s.so.1
70252044c000-702520470000 r-xp 00004000 00:2d 394129                     /usr/lib/x86_64-linux-gnu/libgcc_s.so.1
702520470000-702520474000 r--p 00028000 00:2d 394129                     /usr/lib/x86_64-linux-gnu/libgcc_s.so.1
702520474000-702520475000 r--p 0002b000 00:2d 394129                     /usr/lib/x86_64-linux-gnu/libgcc_s.so.1
702520475000-702520476000 rw-p 0002c000 00:2d 394129                     /usr/lib/x86_64-linux-gnu/libgcc_s.so.1
702520476000-7025205ad000 r--p 00000000 00:2d 1063037                    /usr/local/python/3.12.1/lib/python3.12/site-packages/pydantic_core/_pydantic_core.cpython-312-x86_64-linux-gnu.so
7025205ad000-7025208e7000 r-xp 00136000 00:2d 1063037                    /usr/local/python/3.12.1/lib/python3.12/site-packages/pydantic_core/_pydantic_core.cpython-312-x86_64-linux-gnu.so
7025208e7000-70252091b000 r--p 0046f000 00:2d 1063037                    /usr/local/python/3.12.1/lib/python3.12/site-packages/pydantic_core/_pydantic_core.cpython-312-x86_64-linux-gnu.so
70252091b000-702520921000 rw-p 004a2000 00:2d 1063037                    /usr/local/python/3.12.1/lib/python3.12/site-packages/pydantic_core/_pydantic_core.cpython-312-x86_64-linux-gnu.so
702520921000-702520b21000 rw-p 00000000 00:00 0 
702520b21000-702520b24000 r--p 00000000 00:2d 394145                     /usr/lib/x86_64-linux-gnu/liblzma.so.5.4.5
702520b24000-702520b46000 r-xp 00003000 00:2d 394145                     /usr/lib/x86_64-linux-gnu/liblzma.so.5.4.5
702520b46000-702520b51000 r--p 00025000 00:2d 394145                     /usr/lib/x86_64-linux-gnu/liblzma.so.5.4.5
702520b51000-702520b52000 r--p 00030000 00:2d 394145                     /usr/lib/x86_64-linux-gnu/liblzma.so.5.4.5
702520b52000-702520b53000 rw-p 00031000 00:2d 394145                     /usr/lib/x86_64-linux-gnu/liblzma.so.5.4.5
702520b53000-702520b56000 r--p 00000000 00:2d 830485                     /usr/local/python/3.12.1/lib/python3.12/lib-dynload/_lzma.cpython-312-x86_64-linux-gnu.so
702520b56000-702520b5a000 r-xp 00003000 00:2d 830485                     /usr/local/python/3.12.1/lib/python3.12/lib-dynload/_lzma.cpython-312-x86_64-linux-gnu.so
702520b5a000-702520b5d000 r--p 00007000 00:2d 830485                     /usr/local/python/3.12.1/lib/python3.12/lib-dynload/_lzma.cpython-312-x86_64-linux-gnu.so
702520b5d000-702520b5e000 r--p 00009000 00:2d 830485                     /usr/local/python/3.12.1/lib/python3.12/lib-dynload/_lzma.cpython-312-x86_64-linux-gnu.so
702520b5e000-702520b5f000 rw-p 0000a000 00:2d 830485                     /usr/local/python/3.12.1/lib/python3.12/lib-dynload/_lzma.cpython-312-x86_64-linux-gnu.so
702520b5f000-702520b61000 r--p 00000000 00:2d 394103                     /usr/lib/x86_64-linux-gnu/libbz2.so.1.0.4
702520b61000-702520b6f000 r-xp 00002000 00:2d 394103                     /usr/lib/x86_64-linux-gnu/libbz2.so.1.0.4
702520b6f000-702520b71000 r--p 00010000 00:2d 394103                     /usr/lib/x86_64-linux-gnu/libbz2.so.1.0.4
702520b71000-702520b72000 r--p 00011000 00:2d 394103                     /usr/lib/x86_64-linux-gnu/libbz2.so.1.0.4
702520b72000-702520b73000 rw-p 00012000 00:2d 394103                     /usr/lib/x86_64-linux-gnu/libbz2.so.1.0.4
702520b73000-702520b74000 r--p 00000000 00:2d 393775                     /usr/lib/locale/C.utf8/LC_MONETARY
702520b74000-702520b75000 r--p 00000000 00:2d 393774                     /usr/lib/locale/C.utf8/LC_MESSAGES/SYS_LC_MESSAGES
702520b75000-702520b76000 r--p 00000000 00:2d 830511                     /usr/local/python/3.12.1/lib/python3.12/lib-dynload/_uuid.cpython-312-x86_64-linux-gnu.so
702520b76000-702520b77000 r-xp 00001000 00:2d 830511                     /usr/local/python/3.12.1/lib/python3.12/lib-dynload/_uuid.cpython-312-x86_64-linux-gnu.so
702520b77000-702520b78000 r--p 00002000 00:2d 830511                     /usr/local/python/3.12.1/lib/python3.12/lib-dynload/_uuid.cpython-312-x86_64-linux-gnu.so
702520b78000-702520b79000 r--p 00002000 00:2d 830511                     /usr/local/python/3.12.1/lib/python3.12/lib-dynload/_uuid.cpython-312-x86_64-linux-gnu.so
702520b79000-702520b7a000 rw-p 00003000 00:2d 830511                     /usr/local/python/3.12.1/lib/python3.12/lib-dynload/_uuid.cpython-312-x86_64-linux-gnu.so
702520b7a000-702520b7c000 r--p 00000000 00:2d 830463                     /usr/local/python/3.12.1/lib/python3.12/lib-dynload/_bz2.cpython-312-x86_64-linux-gnu.so
702520b7c000-702520b7e000 r-xp 00002000 00:2d 830463                     /usr/local/python/3.12.1/lib/python3.12/lib-dynload/_bz2.cpython-312-x86_64-linux-gnu.so
702520b7e000-702520b7f000 r--p 00004000 00:2d 830463                     /usr/local/python/3.12.1/lib/python3.12/lib-dynload/_bz2.cpython-312-x86_64-linux-gnu.so
702520b7f000-702520b80000 r--p 00005000 00:2d 830463                     /usr/local/python/3.12.1/lib/python3.12/lib-dynload/_bz2.cpython-312-x86_64-linux-gnu.so
702520b80000-702520b81000 rw-p 00006000 00:2d 830463                     /usr/local/python/3.12.1/lib/python3.12/lib-dynload/_bz2.cpython-312-x86_64-linux-gnu.so
702520b81000-702520c81000 rw-p 00000000 00:00 0 
702520c81000-702520c82000 r--p 00000000 00:2d 393778                     /usr/lib/locale/C.utf8/LC_PAPER
702520c82000-702520c83000 r--p 00000000 00:2d 393776                     /usr/lib/locale/C.utf8/LC_NAME
702520c83000-702520c84000 r--p 00000000 00:2d 393768                     /usr/lib/locale/C.utf8/LC_ADDRESS
702520c84000-702520c85000 r--p 00000000 00:2d 393779                     /usr/lib/locale/C.utf8/LC_TELEPHONE
702520c85000-702520c87000 r--p 00000000 00:2d 830521                     /usr/local/python/3.12.1/lib/python3.12/lib-dynload/grp.cpython-312-x86_64-linux-gnu.so
702520c87000-702520c88000 r-xp 00002000 00:2d 830521                     /usr/local/python/3.12.1/lib/python3.12/lib-dynload/grp.cpython-312-x86_64-linux-gnu.so
702520c88000-702520c89000 r--p 00003000 00:2d 830521                     /usr/local/python/3.12.1/lib/python3.12/lib-dynload/grp.cpython-312-x86_64-linux-gnu.so
702520c89000-702520c8a000 r--p 00003000 00:2d 830521                     /usr/local/python/3.12.1/lib/python3.12/lib-dynload/grp.cpython-312-x86_64-linux-gnu.so
702520c8a000-702520c8b000 rw-p 00004000 00:2d 830521                     /usr/local/python/3.12.1/lib/python3.12/lib-dynload/grp.cpython-312-x86_64-linux-gnu.so
702520c8b000-702520c8f000 r--p 00000000 00:2d 1062257                    /usr/local/python/3.12.1/lib/python3.12/site-packages/yarl/_quoting_c.cpython-312-x86_64-linux-gnu.so
702520c8f000-702520ca4000 r-xp 00004000 00:2d 1062257                    /usr/local/python/3.12.1/lib/python3.12/site-packages/yarl/_quoting_c.cpython-312-x86_64-linux-gnu.so
702520ca4000-702520ca8000 r--p 00019000 00:2d 1062257                    /usr/local/python/3.12.1/lib/python3.12/site-packages/yarl/_quoting_c.cpython-312-x86_64-linux-gnu.so
702520ca8000-702520ca9000 r--p 0001c000 00:2d 1062257                    /usr/local/python/3.12.1/lib/python3.12/site-packages/yarl/_quoting_c.cpython-312-x86_64-linux-gnu.so
702520ca9000-702520caa000 rw-p 0001d000 00:2d 1062257                    /usr/local/python/3.12.1/lib/python3.12/site-packages/yarl/_quoting_c.cpython-312-x86_64-linux-gnu.so
702520caa000-702520cab000 rw-p 00000000 00:00 0 
702520cab000-702520caf000 r--p 00000000 00:2d 1062199                    /usr/local/python/3.12.1/lib/python3.12/site-packages/multidict/_multidict.cpython-312-x86_64-linux-gnu.so
702520caf000-702520cc0000 r-xp 00004000 00:2d 1062199                    /usr/local/python/3.12.1/lib/python3.12/site-packages/multidict/_multidict.cpython-312-x86_64-linux-gnu.so
702520cc0000-702520cc3000 r--p 00015000 00:2d 1062199                    /usr/local/python/3.12.1/lib/python3.12/site-packages/multidict/_multidict.cpython-312-x86_64-linux-gnu.so
702520cc3000-702520cc4000 r--p 00018000 00:2d 1062199                    /usr/local/python/3.12.1/lib/python3.12/site-packages/multidict/_multidict.cpython-312-x86_64-linux-gnu.so
702520cc4000-702520cc6000 rw-p 00019000 00:2d 1062199                    /usr/local/python/3.12.1/lib/python3.12/site-packages/multidict/_multidict.cpython-312-x86_64-linux-gnu.so
702520cc6000-702520ccd000 r--p 00000000 00:2d 830499                     /usr/local/python/3.12.1/lib/python3.12/lib-dynload/_sqlite3.cpython-312-x86_64-linux-gnu.so
702520ccd000-702520cdd000 r-xp 00007000 00:2d 830499                     /usr/local/python/3.12.1/lib/python3.12/lib-dynload/_sqlite3.cpython-312-x86_64-linux-gnu.so
702520cdd000-702520ce4000 r--p 00017000 00:2d 830499                     /usr/local/python/3.12.1/lib/python3.12/lib-dynload/_sqlite3.cpython-312-x86_64-linux-gnu.so
702520ce4000-702520ce5000 r--p 0001e000 00:2d 830499                     /usr/local/python/3.12.1/lib/python3.12/lib-dynload/_sqlite3.cpython-312-x86_64-linux-gnu.so
702520ce5000-702520ce7000 rw-p 0001f000 00:2d 830499                     /usr/local/python/3.12.1/lib/python3.12/lib-dynload/_sqlite3.cpython-312-x86_64-linux-gnu.so
702520ce7000-702520cec000 r--p 00000000 00:2d 830477                     /usr/local/python/3.12.1/lib/python3.12/lib-dynload/_datetime.cpython-312-x86_64-linux-gnu.so
702520cec000-702520cfd000 r-xp 00005000 00:2d 830477                     /usr/local/python/3.12.1/lib/python3.12/lib-dynload/_datetime.cpython-312-x86_64-linux-gnu.so
702520cfd000-702520d02000 r--p 00016000 00:2d 830477                     /usr/local/python/3.12.1/lib/python3.12/lib-dynload/_datetime.cpython-312-x86_64-linux-gnu.so
702520d02000-702520d03000 r--p 0001b000 00:2d 830477                     /usr/local/python/3.12.1/lib/python3.12/lib-dynload/_datetime.cpython-312-x86_64-linux-gnu.so
702520d03000-702520d06000 rw-p 0001c000 00:2d 830477                     /usr/local/python/3.12.1/lib/python3.12/lib-dynload/_datetime.cpython-312-x86_64-linux-gnu.so
702520d06000-702520f06000 rw-p 00000000 00:00 0 
702520f06000-702520f08000 r--p 00000000 00:2d 830483                     /usr/local/python/3.12.1/lib/python3.12/lib-dynload/_json.cpython-312-x86_64-linux-gnu.so
702520f08000-702520f0e000 r-xp 00002000 00:2d 830483                     /usr/local/python/3.12.1/lib/python3.12/lib-dynload/_json.cpython-312-x86_64-linux-gnu.so
702520f0e000-702520f10000 r--p 00008000 00:2d 830483                     /usr/local/python/3.12.1/lib/python3.12/lib-dynload/_json.cpython-312-x86_64-linux-gnu.so
702520f10000-702520f11000 r--p 00009000 00:2d 830483                     /usr/local/python/3.12.1/lib/python3.12/lib-dynload/_json.cpython-312-x86_64-linux-gnu.so
702520f11000-702520f12000 rw-p 0000a000 00:2d 830483                     /usr/local/python/3.12.1/lib/python3.12/lib-dynload/_json.cpython-312-x86_64-linux-gnu.so
702520f12000-702520f16000 r--p 00000000 00:2d 830460                     /usr/local/python/3.12.1/lib/python3.12/lib-dynload/_asyncio.cpython-312-x86_64-linux-gnu.so
702520f16000-702520f1f000 r-xp 00004000 00:2d 830460                     /usr/local/python/3.12.1/lib/python3.12/lib-dynload/_asyncio.cpython-312-x86_64-linux-gnu.so
702520f1f000-702520f23000 r--p 0000d000 00:2d 830460                     /usr/local/python/3.12.1/lib/python3.12/lib-dynload/_asyncio.cpython-312-x86_64-linux-gnu.so
702520f23000-702520f24000 r--p 00011000 00:2d 830460                     /usr/local/python/3.12.1/lib/python3.12/lib-dynload/_asyncio.cpython-312-x86_64-linux-gnu.so
702520f24000-702520f26000 rw-p 00012000 00:2d 830460                     /usr/local/python/3.12.1/lib/python3.12/lib-dynload/_asyncio.cpython-312-x86_64-linux-gnu.so
702520f26000-702521026000 rw-p 00000000 00:00 0 
702521026000-702521028000 r--p 00000000 00:2d 394217                     /usr/lib/x86_64-linux-gnu/libz.so.1.3
702521028000-70252103a000 r-xp 00002000 00:2d 394217                     /usr/lib/x86_64-linux-gnu/libz.so.1.3
70252103a000-702521040000 r--p 00014000 00:2d 394217                     /usr/lib/x86_64-linux-gnu/libz.so.1.3
702521040000-702521041000 r--p 0001a000 00:2d 394217                     /usr/lib/x86_64-linux-gnu/libz.so.1.3
702521041000-702521042000 rw-p 0001b000 00:2d 394217                     /usr/lib/x86_64-linux-gnu/libz.so.1.3
702521042000-7025210f5000 r--p 00000000 00:2d 394114                     /usr/lib/x86_64-linux-gnu/libcrypto.so.3
7025210f5000-702521428000 r-xp 000b3000 00:2d 394114                     /usr/lib/x86_64-linux-gnu/libcrypto.so.3
702521428000-7025214f3000 r--p 003e6000 00:2d 394114                     /usr/lib/x86_64-linux-gnu/libcrypto.so.3
7025214f3000-70252154f000 r--p 004b0000 00:2d 394114                     /usr/lib/x86_64-linux-gnu/libcrypto.so.3
70252154f000-702521552000 rw-p 0050c000 00:2d 394114                     /usr/lib/x86_64-linux-gnu/libcrypto.so.3
702521552000-702521555000 rw-p 00000000 00:00 0 
702521555000-702521573000 r--p 00000000 00:2d 394195                     /usr/lib/x86_64-linux-gnu/libssl.so.3
702521573000-7025215d5000 r-xp 0001e000 00:2d 394195                     /usr/lib/x86_64-linux-gnu/libssl.so.3
7025215d5000-7025215f1000 r--p 00080000 00:2d 394195                     /usr/lib/x86_64-linux-gnu/libssl.so.3
7025215f1000-7025215fb000 r--p 0009c000 00:2d 394195                     /usr/lib/x86_64-linux-gnu/libssl.so.3
7025215fb000-7025215ff000 rw-p 000a6000 00:2d 394195                     /usr/lib/x86_64-linux-gnu/libssl.so.3
7025215ff000-702521611000 r--p 00000000 00:2d 830500                     /usr/local/python/3.12.1/lib/python3.12/lib-dynload/_ssl.cpython-312-x86_64-linux-gnu.so
702521611000-702521620000 r-xp 00012000 00:2d 830500                     /usr/local/python/3.12.1/lib/python3.12/lib-dynload/_ssl.cpython-312-x86_64-linux-gnu.so
702521620000-70252162e000 r--p 00021000 00:2d 830500                     /usr/local/python/3.12.1/lib/python3.12/lib-dynload/_ssl.cpython-312-x86_64-linux-gnu.so
70252162e000-70252162f000 r--p 0002e000 00:2d 830500                     /usr/local/python/3.12.1/lib/python3.12/lib-dynload/_ssl.cpython-312-x86_64-linux-gnu.so
70252162f000-702521638000 rw-p 0002f000 00:2d 830500                     /usr/local/python/3.12.1/lib/python3.12/lib-dynload/_ssl.cpython-312-x86_64-linux-gnu.so
702521638000-702521738000 rw-p 00000000 00:00 0 
702521738000-702521739000 r--p 00000000 00:2d 393772                     /usr/lib/locale/C.utf8/LC_MEASUREMENT
702521739000-70252173a000 r--p 00000000 00:2d 393771                     /usr/lib/locale/C.utf8/LC_IDENTIFICATION
70252173a000-70252173b000 ---p 00000000 00:00 0 
70252173b000-70252173c000 r--p 00000000 00:00 0 
70252173c000-70252173f000 r--p 00000000 00:2d 830536                     /usr/local/python/3.12.1/lib/python3.12/lib-dynload/zlib.cpython-312-x86_64-linux-gnu.so
70252173f000-702521746000 r-xp 00003000 00:2d 830536                     /usr/local/python/3.12.1/lib/python3.12/lib-dynload/zlib.cpython-312-x86_64-linux-gnu.so
702521746000-702521749000 r--p 0000a000 00:2d 830536                     /usr/local/python/3.12.1/lib/python3.12/lib-dynload/zlib.cpython-312-x86_64-linux-gnu.so
702521749000-70252174a000 r--p 0000c000 00:2d 830536                     /usr/local/python/3.12.1/lib/python3.12/lib-dynload/zlib.cpython-312-x86_64-linux-gnu.so
70252174a000-70252174b000 rw-p 0000d000 00:2d 830536                     /usr/local/python/3.12.1/lib/python3.12/lib-dynload/zlib.cpython-312-x86_64-linux-gnu.so
70252174b000-70252174d000 r--p 00000000 00:2d 830496                     /usr/local/python/3.12.1/lib/python3.12/lib-dynload/_sha2.cpython-312-x86_64-linux-gnu.so
70252174d000-702521758000 r-xp 00002000 00:2d 830496                     /usr/local/python/3.12.1/lib/python3.12/lib-dynload/_sha2.cpython-312-x86_64-linux-gnu.so
702521758000-70252175a000 r--p 0000d000 00:2d 830496                     /usr/local/python/3.12.1/lib/python3.12/lib-dynload/_sha2.cpython-312-x86_64-linux-gnu.so
70252175a000-70252175b000 r--p 0000e000 00:2d 830496                     /usr/local/python/3.12.1/lib/python3.12/lib-dynload/_sha2.cpython-312-x86_64-linux-gnu.so
70252175b000-70252175c000 rw-p 0000f000 00:2d 830496                     /usr/local/python/3.12.1/lib/python3.12/lib-dynload/_sha2.cpython-312-x86_64-linux-gnu.so
70252175c000-70252175e000 r--p 00000000 00:2d 830494                     /usr/local/python/3.12.1/lib/python3.12/lib-dynload/_random.cpython-312-x86_64-linux-gnu.so
70252175e000-702521760000 r-xp 00002000 00:2d 830494                     /usr/local/python/3.12.1/lib/python3.12/lib-dynload/_random.cpython-312-x86_64-linux-gnu.so
702521760000-702521761000 r--p 00004000 00:2d 830494                     /usr/local/python/3.12.1/lib/python3.12/lib-dynload/_random.cpython-312-x86_64-linux-gnu.so
702521761000-702521762000 r--p 00004000 00:2d 830494                     /usr/local/python/3.12.1/lib/python3.12/lib-dynload/_random.cpython-312-x86_64-linux-gnu.so
702521762000-702521763000 rw-p 00005000 00:2d 830494                     /usr/local/python/3.12.1/lib/python3.12/lib-dynload/_random.cpython-312-x86_64-linux-gnu.so
702521763000-702521765000 r--p 00000000 00:2d 830461                     /usr/local/python/3.12.1/lib/python3.12/lib-dynload/_bisect.cpython-312-x86_64-linux-gnu.so
702521765000-702521768000 r-xp 00002000 00:2d 830461                     /usr/local/python/3.12.1/lib/python3.12/lib-dynload/_bisect.cpython-312-x86_64-linux-gnu.so
702521768000-702521769000 r--p 00005000 00:2d 830461                     /usr/local/python/3.12.1/lib/python3.12/lib-dynload/_bisect.cpython-312-x86_64-linux-gnu.so
702521769000-70252176a000 r--p 00005000 00:2d 830461                     /usr/local/python/3.12.1/lib/python3.12/lib-dynload/_bisect.cpython-312-x86_64-linux-gnu.so
70252176a000-70252176b000 rw-p 00006000 00:2d 830461                     /usr/local/python/3.12.1/lib/python3.12/lib-dynload/_bisect.cpython-312-x86_64-linux-gnu.so
70252176b000-70252186b000 rw-p 00000000 00:00 0 
70252186b000-70252186c000 ---p 00000000 00:00 0 
70252186c000-70252186e000 r--p 00000000 00:2d 830493                     /usr/local/python/3.12.1/lib/python3.12/lib-dynload/_queue.cpython-312-x86_64-linux-gnu.so
70252186e000-702521870000 r-xp 00002000 00:2d 830493                     /usr/local/python/3.12.1/lib/python3.12/lib-dynload/_queue.cpython-312-x86_64-linux-gnu.so
702521870000-702521871000 r--p 00004000 00:2d 830493                     /usr/local/python/3.12.1/lib/python3.12/lib-dynload/_queue.cpython-312-x86_64-linux-gnu.so
702521871000-702521872000 r--p 00004000 00:2d 830493                     /usr/local/python/3.12.1/lib/python3.12/lib-dynload/_queue.cpython-312-x86_64-linux-gnu.so
702521872000-702521873000 rw-p 00005000 00:2d 830493                     /usr/local/python/3.12.1/lib/python3.12/lib-dynload/_queue.cpython-312-x86_64-linux-gnu.so
702521873000-702521874000 r--p 00000000 00:2d 830470                     /usr/local/python/3.12.1/lib/python3.12/lib-dynload/_contextvars.cpython-312-x86_64-linux-gnu.so
702521874000-702521875000 r-xp 00001000 00:2d 830470                     /usr/local/python/3.12.1/lib/python3.12/lib-dynload/_contextvars.cpython-312-x86_64-linux-gnu.so
702521875000-702521876000 r--p 00002000 00:2d 830470                     /usr/local/python/3.12.1/lib/python3.12/lib-dynload/_contextvars.cpython-312-x86_64-linux-gnu.so
702521876000-702521877000 r--p 00002000 00:2d 830470                     /usr/local/python/3.12.1/lib/python3.12/lib-dynload/_contextvars.cpython-312-x86_64-linux-gnu.so
702521877000-702521878000 rw-p 00003000 00:2d 830470                     /usr/local/python/3.12.1/lib/python3.12/lib-dynload/_contextvars.cpython-312-x86_64-linux-gnu.so
702521878000-702521879000 r--p 00000000 00:2d 830489                     /usr/local/python/3.12.1/lib/python3.12/lib-dynload/_opcode.cpython-312-x86_64-linux-gnu.so
702521879000-70252187a000 r-xp 00001000 00:2d 830489                     /usr/local/python/3.12.1/lib/python3.12/lib-dynload/_opcode.cpython-312-x86_64-linux-gnu.so
70252187a000-70252187b000 r--p 00002000 00:2d 830489                     /usr/local/python/3.12.1/lib/python3.12/lib-dynload/_opcode.cpython-312-x86_64-linux-gnu.so
70252187b000-70252187c000 r--p 00002000 00:2d 830489                     /usr/local/python/3.12.1/lib/python3.12/lib-dynload/_opcode.cpython-312-x86_64-linux-gnu.so
70252187c000-70252187d000 rw-p 00003000 00:2d 830489                     /usr/local/python/3.12.1/lib/python3.12/lib-dynload/_opcode.cpython-312-x86_64-linux-gnu.so
70252187d000-70252187f000 r--p 00000000 00:2d 830518                     /usr/local/python/3.12.1/lib/python3.12/lib-dynload/binascii.cpython-312-x86_64-linux-gnu.so
70252187f000-702521882000 r-xp 00002000 00:2d 830518                     /usr/local/python/3.12.1/lib/python3.12/lib-dynload/binascii.cpython-312-x86_64-linux-gnu.so
702521882000-702521884000 r--p 00005000 00:2d 830518                     /usr/local/python/3.12.1/lib/python3.12/lib-dynload/binascii.cpython-312-x86_64-linux-gnu.so
702521884000-702521885000 r--p 00006000 00:2d 830518                     /usr/local/python/3.12.1/lib/python3.12/lib-dynload/binascii.cpython-312-x86_64-linux-gnu.so
702521885000-702521886000 rw-p 00007000 00:2d 830518                     /usr/local/python/3.12.1/lib/python3.12/lib-dynload/binascii.cpython-312-x86_64-linux-gnu.so
702521886000-702521887000 r--p 00000000 00:2d 830482                     /usr/local/python/3.12.1/lib/python3.12/lib-dynload/_heapq.cpython-312-x86_64-linux-gnu.so
702521887000-702521889000 r-xp 00001000 00:2d 830482                     /usr/local/python/3.12.1/lib/python3.12/lib-dynload/_heapq.cpython-312-x86_64-linux-gnu.so
702521889000-70252188c000 r--p 00003000 00:2d 830482                     /usr/local/python/3.12.1/lib/python3.12/lib-dynload/_heapq.cpython-312-x86_64-linux-gnu.so
70252188c000-70252188d000 r--p 00005000 00:2d 830482                     /usr/local/python/3.12.1/lib/python3.12/lib-dynload/_heapq.cpython-312-x86_64-linux-gnu.so
70252188d000-70252188e000 rw-p 00006000 00:2d 830482                     /usr/local/python/3.12.1/lib/python3.12/lib-dynload/_heapq.cpython-312-x86_64-linux-gnu.so
70252188e000-70252188f000 r--p 00000000 00:2d 830491                     /usr/local/python/3.12.1/lib/python3.12/lib-dynload/_posixshmem.cpython-312-x86_64-linux-gnu.so
70252188f000-702521890000 r-xp 00001000 00:2d 830491                     /usr/local/python/3.12.1/lib/python3.12/lib-dynload/_posixshmem.cpython-312-x86_64-linux-gnu.so
702521890000-702521891000 r--p 00002000 00:2d 830491                     /usr/local/python/3.12.1/lib/python3.12/lib-dynload/_posixshmem.cpython-312-x86_64-linux-gnu.so
702521891000-702521892000 r--p 00002000 00:2d 830491                     /usr/local/python/3.12.1/lib/python3.12/lib-dynload/_posixshmem.cpython-312-x86_64-linux-gnu.so
702521892000-702521893000 rw-p 00003000 00:2d 830491                     /usr/local/python/3.12.1/lib/python3.12/lib-dynload/_posixshmem.cpython-312-x86_64-linux-gnu.so
702521893000-702521895000 r--p 00000000 00:2d 830488                     /usr/local/python/3.12.1/lib/python3.12/lib-dynload/_multiprocessing.cpython-312-x86_64-linux-gnu.so
702521895000-702521897000 r-xp 00002000 00:2d 830488                     /usr/local/python/3.12.1/lib/python3.12/lib-dynload/_multiprocessing.cpython-312-x86_64-linux-gnu.so
702521897000-702521898000 r--p 00004000 00:2d 830488                     /usr/local/python/3.12.1/lib/python3.12/lib-dynload/_multiprocessing.cpython-312-x86_64-linux-gnu.so
702521898000-702521899000 r--p 00004000 00:2d 830488                     /usr/local/python/3.12.1/lib/python3.12/lib-dynload/_multiprocessing.cpython-312-x86_64-linux-gnu.so
702521899000-70252189a000 rw-p 00005000 00:2d 830488                     /usr/local/python/3.12.1/lib/python3.12/lib-dynload/_multiprocessing.cpython-312-x86_64-linux-gnu.so
70252189a000-70252189c000 r--p 00000000 00:2d 830492                     /usr/local/python/3.12.1/lib/python3.12/lib-dynload/_posixsubprocess.cpython-312-x86_64-linux-gnu.so
70252189c000-70252189f000 r-xp 00002000 00:2d 830492                     /usr/local/python/3.12.1/lib/python3.12/lib-dynload/_posixsubprocess.cpython-312-x86_64-linux-gnu.so
70252189f000-7025218a0000 r--p 00005000 00:2d 830492                     /usr/local/python/3.12.1/lib/python3.12/lib-dynload/_posixsubprocess.cpython-312-x86_64-linux-gnu.so
7025218a0000-7025218a1000 r--p 00005000 00:2d 830492                     /usr/local/python/3.12.1/lib/python3.12/lib-dynload/_posixsubprocess.cpython-312-x86_64-linux-gnu.so
7025218a1000-7025218a2000 rw-p 00006000 00:2d 830492                     /usr/local/python/3.12.1/lib/python3.12/lib-dynload/_posixsubprocess.cpython-312-x86_64-linux-gnu.so
7025218a2000-7025218a3000 r--p 00000000 00:2d 830520                     /usr/local/python/3.12.1/lib/python3.12/lib-dynload/fcntl.cpython-312-x86_64-linux-gnu.so
7025218a3000-7025218a5000 r-xp 00001000 00:2d 830520                     /usr/local/python/3.12.1/lib/python3.12/lib-dynload/fcntl.cpython-312-x86_64-linux-gnu.so
7025218a5000-7025218a7000 r--p 00003000 00:2d 830520                     /usr/local/python/3.12.1/lib/python3.12/lib-dynload/fcntl.cpython-312-x86_64-linux-gnu.so
7025218a7000-7025218a8000 r--p 00004000 00:2d 830520                     /usr/local/python/3.12.1/lib/python3.12/lib-dynload/fcntl.cpython-312-x86_64-linux-gnu.so
7025218a8000-7025218a9000 rw-p 00005000 00:2d 830520                     /usr/local/python/3.12.1/lib/python3.12/lib-dynload/fcntl.cpython-312-x86_64-linux-gnu.so
7025218a9000-7025218ad000 r--p 00000000 00:2d 830516                     /usr/local/python/3.12.1/lib/python3.12/lib-dynload/array.cpython-312-x86_64-linux-gnu.so
7025218ad000-7025218b5000 r-xp 00004000 00:2d 830516                     /usr/local/python/3.12.1/lib/python3.12/lib-dynload/array.cpython-312-x86_64-linux-gnu.so
7025218b5000-7025218b9000 r--p 0000c000 00:2d 830516                     /usr/local/python/3.12.1/lib/python3.12/lib-dynload/array.cpython-312-x86_64-linux-gnu.so
7025218b9000-7025218ba000 r--p 0000f000 00:2d 830516                     /usr/local/python/3.12.1/lib/python3.12/lib-dynload/array.cpython-312-x86_64-linux-gnu.so
7025218ba000-7025218bb000 rw-p 00010000 00:2d 830516                     /usr/local/python/3.12.1/lib/python3.12/lib-dynload/array.cpython-312-x86_64-linux-gnu.so
7025218bb000-7025218bd000 r--p 00000000 00:2d 830528                     /usr/local/python/3.12.1/lib/python3.12/lib-dynload/select.cpython-312-x86_64-linux-gnu.so
7025218bd000-7025218c0000 r-xp 00002000 00:2d 830528                     /usr/local/python/3.12.1/lib/python3.12/lib-dynload/select.cpython-312-x86_64-linux-gnu.so
7025218c0000-7025218c2000 r--p 00005000 00:2d 830528                     /usr/local/python/3.12.1/lib/python3.12/lib-dynload/select.cpython-312-x86_64-linux-gnu.so
7025218c2000-7025218c3000 r--p 00006000 00:2d 830528                     /usr/local/python/3.12.1/lib/python3.12/lib-dynload/select.cpython-312-x86_64-linux-gnu.so
7025218c3000-7025218c4000 rw-p 00007000 00:2d 830528                     /usr/local/python/3.12.1/lib/python3.12/lib-dynload/select.cpython-312-x86_64-linux-gnu.so
7025218c4000-7025218c7000 r--p 00000000 00:2d 830522                     /usr/local/python/3.12.1/lib/python3.12/lib-dynload/math.cpython-312-x86_64-linux-gnu.so
7025218c7000-7025218d3000 r-xp 00003000 00:2d 830522                     /usr/local/python/3.12.1/lib/python3.12/lib-dynload/math.cpython-312-x86_64-linux-gnu.so
7025218d3000-7025218d8000 r--p 0000f000 00:2d 830522                     /usr/local/python/3.12.1/lib/python3.12/lib-dynload/math.cpython-312-x86_64-linux-gnu.so
7025218d8000-7025218d9000 r--p 00013000 00:2d 830522                     /usr/local/python/3.12.1/lib/python3.12/lib-dynload/math.cpython-312-x86_64-linux-gnu.so
7025218d9000-7025218da000 rw-p 00014000 00:2d 830522                     /usr/local/python/3.12.1/lib/python3.12/lib-dynload/math.cpython-312-x86_64-linux-gnu.so
7025218da000-7025218de000 r--p 00000000 00:2d 830498                     /usr/local/python/3.12.1/lib/python3.12/lib-dynload/_socket.cpython-312-x86_64-linux-gnu.so
7025218de000-7025218eb000 r-xp 00004000 00:2d 830498                     /usr/local/python/3.12.1/lib/python3.12/lib-dynload/_socket.cpython-312-x86_64-linux-gnu.so
7025218eb000-7025218f4000 r--p 00011000 00:2d 830498                     /usr/local/python/3.12.1/lib/python3.12/lib-dynload/_socket.cpython-312-x86_64-linux-gnu.so
7025218f4000-7025218f5000 r--p 00019000 00:2d 830498                     /usr/local/python/3.12.1/lib/python3.12/lib-dynload/_socket.cpython-312-x86_64-linux-gnu.so
7025218f5000-7025218f6000 rw-p 0001a000 00:2d 830498                     /usr/local/python/3.12.1/lib/python3.12/lib-dynload/_socket.cpython-312-x86_64-linux-gnu.so
7025218f6000-7025218fb000 r--p 00000000 00:2d 830490                     /usr/local/python/3.12.1/lib/python3.12/lib-dynload/_pickle.cpython-312-x86_64-linux-gnu.so
7025218fb000-70252190d000 r-xp 00005000 00:2d 830490                     /usr/local/python/3.12.1/lib/python3.12/lib-dynload/_pickle.cpython-312-x86_64-linux-gnu.so
70252190d000-702521913000 r--p 00017000 00:2d 830490                     /usr/local/python/3.12.1/lib/python3.12/lib-dynload/_pickle.cpython-312-x86_64-linux-gnu.so
702521913000-702521914000 r--p 0001c000 00:2d 830490                     /usr/local/python/3.12.1/lib/python3.12/lib-dynload/_pickle.cpython-312-x86_64-linux-gnu.so
702521914000-702521915000 rw-p 0001d000 00:2d 830490                     /usr/local/python/3.12.1/lib/python3.12/lib-dynload/_pickle.cpython-312-x86_64-linux-gnu.so
702521915000-702521918000 r--p 00000000 00:2d 830502                     /usr/local/python/3.12.1/lib/python3.12/lib-dynload/_struct.cpython-312-x86_64-linux-gnu.so
702521918000-70252191e000 r-xp 00003000 00:2d 830502                     /usr/local/python/3.12.1/lib/python3.12/lib-dynload/_struct.cpython-312-x86_64-linux-gnu.so
70252191e000-702521921000 r--p 00009000 00:2d 830502                     /usr/local/python/3.12.1/lib/python3.12/lib-dynload/_struct.cpython-312-x86_64-linux-gnu.so
702521921000-702521922000 r--p 0000c000 00:2d 830502                     /usr/local/python/3.12.1/lib/python3.12/lib-dynload/_struct.cpython-312-x86_64-linux-gnu.so
702521922000-702521923000 rw-p 0000d000 00:2d 830502                     /usr/local/python/3.12.1/lib/python3.12/lib-dynload/_struct.cpython-312-x86_64-linux-gnu.so
702521923000-702521c89000 rw-p 00000000 00:00 0 
702521c89000-702521ce2000 r--p 00000000 00:2d 393770                     /usr/lib/locale/C.utf8/LC_CTYPE
702521ce2000-702521fcd000 r--p 00000000 00:2d 531685                     /usr/lib/locale/locale-archive
702521fcd000-702521fd0000 rw-p 00000000 00:00 0 
702521fd0000-702521ff8000 r--p 00000000 00:2d 394104                     /usr/lib/x86_64-linux-gnu/libc.so.6
702521ff8000-702522180000 r-xp 00028000 00:2d 394104                     /usr/lib/x86_64-linux-gnu/libc.so.6
702522180000-7025221cf000 r--p 001b0000 00:2d 394104                     /usr/lib/x86_64-linux-gnu/libc.so.6
7025221cf000-7025221d3000 r--p 001fe000 00:2d 394104                     /usr/lib/x86_64-linux-gnu/libc.so.6
7025221d3000-7025221d5000 rw-p 00202000 00:2d 394104                     /usr/lib/x86_64-linux-gnu/libc.so.6
7025221d5000-7025221e2000 rw-p 00000000 00:00 0 
7025221e2000-7025221f2000 r--p 00000000 00:2d 394146                     /usr/lib/x86_64-linux-gnu/libm.so.6
7025221f2000-702522271000 r-xp 00010000 00:2d 394146                     /usr/lib/x86_64-linux-gnu/libm.so.6
702522271000-7025222c9000 r--p 0008f000 00:2d 394146                     /usr/lib/x86_64-linux-gnu/libm.so.6
7025222c9000-7025222ca000 r--p 000e7000 00:2d 394146                     /usr/lib/x86_64-linux-gnu/libm.so.6
7025222ca000-7025222cb000 rw-p 000e8000 00:2d 394146                     /usr/lib/x86_64-linux-gnu/libm.so.6
7025222cb000-7025222d2000 r--s 00000000 00:2d 394075                     /usr/lib/x86_64-linux-gnu/gconv/gconv-modules.cache
7025222d2000-7025222d4000 rw-p 00000000 00:00 0 
7025222d4000-7025222d5000 r--p 00000000 00:2d 394084                     /usr/lib/x86_64-linux-gnu/ld-linux-x86-64.so.2
7025222d5000-702522300000 r-xp 00001000 00:2d 394084                     /usr/lib/x86_64-linux-gnu/ld-linux-x86-64.so.2
702522300000-70252230a000 r--p 0002c000 00:2d 394084                     /usr/lib/x86_64-linux-gnu/ld-linux-x86-64.so.2
70252230a000-70252230c000 r--p 00036000 00:2d 394084                     /usr/lib/x86_64-linux-gnu/ld-linux-x86-64.so.2
70252230c000-70252230e000 rw-p 00038000 00:2d 394084                     /usr/lib/x86_64-linux-gnu/ld-linux-x86-64.so.2
7ffe8799c000-7ffe879a0000 ---p 00000000 00:00 0 
7ffe879a0000-7ffe87a9c000 rw-p 00000000 00:00 0                          [stack]
7ffe87ad3000-7ffe87ad7000 r--p 00000000 00:00 0                          [vvar]
7ffe87ad7000-7ffe87ad9000 r-xp 00000000 00:00 0                          [vdso]
ffffffffff600000-ffffffffff601000 --xp 00000000 00:00 0                  [vsyscall]
Total number of mappings: 611

JVMTI agents: none


VM Arguments:
jvm_args: -Dfile.encoding=UTF8 -ea -Xmx1024m 
java_command: <unknown>
java_class_path (initial): /usr/local/python/3.12.1/lib/python3.12/site-packages/konlpy/java:/usr/local/python/3.12.1/lib/python3.12/site-packages/konlpy/java/bin:/usr/local/python/3.12.1/lib/python3.12/site-packages/konlpy/java/open-korean-text-2.1.0.jar:/usr/local/python/3.12.1/lib/python3.12/site-packages/konlpy/java/scala-library-2.12.3.jar:/usr/local/python/3.12.1/lib/python3.12/site-packages/konlpy/java/shineware-ds-1.0.jar:/usr/local/python/3.12.1/lib/python3.12/site-packages/konlpy/java/snakeyaml-1.12.jar:/usr/local/python/3.12.1/lib/python3.12/site-packages/konlpy/java/shineware-common-1.0.jar:/usr/local/python/3.12.1/lib/python3.12/site-packages/konlpy/java/jhannanum-0.8.4.jar:/usr/local/python/3.12.1/lib/python3.12/site-packages/konlpy/java/twitter-text-1.14.7.jar:/usr/local/python/3.12.1/lib/python3.12/site-packages/konlpy/java/aho-corasick.jar:/usr/local/python/3.12.1/lib/python3.12/site-packages/konlpy/java/komoran-3.0.jar:/usr/local/python/3.12.1/lib/python3.12/site-packages/konlpy/java/kkma-2.0.jar:/usr/local/python/3.12.1/lib/python3.12/site-packages/konlpy/java/jhannanum-0.8.4.jar:/usr/local/python/3.12.1/lib/python3.12/site-packages/konlpy/java/kkma-2.0.jar:/usr/local/python/3.12.1/lib/python3.12/site-packages/konlpy/java/aho-corasick.jar:/usr/local/python/3.12.1/lib/python3.12/site-packages/konlpy/java/shineware-common-1.0.jar:/usr/local/python/3.12.1/lib/python3.12/site-packages/konlpy/java/shineware-ds-1.0.jar:/usr/local/python/3.12.1/lib/python3.12/site-packages/konlpy/java/komoran-3.0.jar:/usr/local/python/3.12.1/lib/python3.12/site-packages/konlpy/java/snakeyaml-1.12.jar:/usr/local/python/3.12.1/lib/python3.12/site-packages/konlpy/java/scala-library-2.12.3.jar:/usr/local/python/3.12.1/lib/python3.12/site-packages/konlpy/java/open-korean-text-2.1.0.jar:/usr/local/python/3.12.1/lib/python3.12/site-packages/konlpy/java/twitter-text-1.14.7.jar:/usr/local/python/3.12.1/lib/python3.12/site-packages/konlpy/java/open-korean-text-2.1.0.jar:/usr/local/python/3.12.1/lib/python3.12/site-packages/konlpy/java/scala-library-2.12.3.jar:/usr/local/python/3.12.1/lib/python3.12/site-packages/konlpy/java/shineware-ds-1.0.jar:/usr/local/python/3.12.1/lib/python3.12/site-packages/konlpy/java/snakeyaml-1.12.jar:/usr/local/python/3.12.1/lib/python3.12/site-packages/konlpy/java/shineware-common-1.0.jar:/usr/local/python/3.12.1/lib/python3.12/site-packages/konlpy/java/jhannanum-0.8.4.jar:/usr/local/python/3.12.1/lib/python3.12/site-packages/konlpy/java/twitter-text-1.14.7.jar:/usr/local/python/3.12.1/lib/python3.12/site-packages/konlpy/java/aho-corasick.jar:/usr/local/python/3.12.1/lib/python3.12/site-packages/konlpy/java/komoran-3.0.jar:/usr/local/python/3.12.1/lib/python3.12/site-packages/konlpy/java/kkma-2.0.jar:/usr/local/python/3.12.1/lib/python3.12/site-packages/org.jpype.jar
Launcher Type: generic

[Global flags]
     intx CICompilerCount                          = 2                                         {product} {ergonomic}
     uint ConcGCThreads                            = 1                                         {product} {ergonomic}
     uint G1ConcRefinementThreads                  = 2                                         {product} {ergonomic}
   size_t G1HeapRegionSize                         = 1048576                                   {product} {ergonomic}
   size_t InitialHeapSize                          = 132120576                                 {product} {ergonomic}
   size_t MarkStackSize                            = 4194304                                   {product} {ergonomic}
   size_t MarkStackSizeMax                         = 536870912                                 {product} {ergonomic}
   size_t MaxHeapSize                              = 1073741824                                {product} {command line}
   size_t MaxNewSize                               = 643825664                                 {product} {ergonomic}
   size_t MinHeapDeltaBytes                        = 1048576                                   {product} {ergonomic}
   size_t MinHeapSize                              = 8388608                                   {product} {ergonomic}
    uintx NonNMethodCodeHeapSize                   = 5824512                                {pd product} {ergonomic}
    uintx NonProfiledCodeHeapSize                  = 122920960                              {pd product} {ergonomic}
    uintx ProfiledCodeHeapSize                     = 122912768                              {pd product} {ergonomic}
    uintx ReservedCodeCacheSize                    = 251658240                              {pd product} {ergonomic}
     bool SegmentedCodeCache                       = true                                      {product} {ergonomic}
   size_t SoftMaxHeapSize                          = 1073741824                             {manageable} {ergonomic}
     bool UseCompressedOops                        = true                           {product lp64_product} {ergonomic}
     bool UseG1GC                                  = true                                      {product} {ergonomic}

Logging:
Log output configuration:
 #0: stdout all=warning uptime,level,tags foldmultilines=false
 #1: stderr all=off uptime,level,tags foldmultilines=false

Release file:
IMPLEMENTOR="Microsoft"
IMPLEMENTOR_VERSION="Microsoft-12574222"
JAVA_RUNTIME_VERSION="25.0.1+8-LTS"
JAVA_VERSION="25.0.1"
JAVA_VERSION_DATE="2025-10-21"
LIBC="gnu"
MODULES="java.base java.compiler java.datatransfer java.xml java.prefs java.desktop java.instrument java.logging java.management java.security.sasl java.naming java.rmi java.management.rmi java.net.http java.scripting java.security.jgss java.transaction.xa java.sql java.sql.rowset java.xml.crypto java.se java.smartcardio jdk.accessibility jdk.internal.jvmstat jdk.attach jdk.charsets jdk.internal.opt jdk.zipfs jdk.compiler jdk.crypto.cryptoki jdk.crypto.ec jdk.dynalink jdk.internal.ed jdk.editpad jdk.internal.vm.ci jdk.graal.compiler jdk.graal.compiler.management jdk.hotspot.agent jdk.httpserver jdk.incubator.vector jdk.internal.le jdk.internal.md jdk.jartool jdk.javadoc jdk.jcmd jdk.management jdk.management.agent jdk.jconsole jdk.jdeps jdk.jdwp.agent jdk.jdi jdk.jfr jdk.jlink jdk.jpackage jdk.jshell jdk.jsobject jdk.jstatd jdk.localedata jdk.management.jfr jdk.naming.dns jdk.naming.rmi jdk.net jdk.nio.mapmode jdk.sctp jdk.security.auth jdk.security.jgss jdk.unsupported jdk.unsupported.desktop jdk.xml.dom"
OS_ARCH="x86_64"
OS_NAME="Linux"
SOURCE=".:git:a34d2ff2d503"

Environment Variables:
JAVA_HOME=/usr/local/sdkman/candidates/java/current
PATH=/usr/local/rvm/gems/ruby-3.4.7/bin:/usr/local/rvm/gems/ruby-3.4.7@global/bin:/usr/local/rvm/rubies/ruby-3.4.7/bin:/vscode/bin/linux-x64/41dd792b5e652393e7787322889ed5fdc58bd75b/bin/remote-cli:/home/codespace/.local/bin:/home/codespace/.dotnet:/home/codespace/nvm/current/bin:/home/codespace/.php/current/bin:/home/codespace/.python/current/bin:/home/codespace/java/current/bin:/home/codespace/.ruby/current/bin:/home/codespace/.local/bin:/usr/local/python/current/bin:/usr/local/py-utils/bin:/usr/local/jupyter:/usr/local/oryx:/usr/local/go/bin:/go/bin:/usr/local/sdkman/bin:/usr/local/sdkman/candidates/java/current/bin:/usr/local/sdkman/candidates/gradle/current/bin:/usr/local/sdkman/candidates/maven/current/bin:/usr/local/sdkman/candidates/ant/current/bin:/usr/local/rvm/gems/default/bin:/usr/local/rvm/gems/default@global/bin:/usr/local/rvm/rubies/default/bin:/usr/local/share/rbenv/bin:/usr/local/php/current/bin:/opt/conda/bin:/usr/local/nvs:/usr/local/share/nvm/versions/node/v24.11.1/bin:/usr/local/hugo/bin:/usr/local/sbin:/usr/local/bin:/usr/sbin:/usr/bin:/sbin:/bin:/usr/share/dotnet:/home/codespace/.dotnet/tools:/usr/local/rvm/bin
SHELL=/bin/bash
LANG=C.UTF-8
TERM=xterm-256color

Active Locale:
LC_ALL=C.UTF-8
LC_COLLATE=C.UTF-8
LC_CTYPE=C.UTF-8
LC_MESSAGES=C.UTF-8
LC_MONETARY=C.UTF-8
LC_NUMERIC=C.UTF-8
LC_TIME=C.UTF-8

Signal Handlers:
   SIGSEGV: crash_handler in libjvm.so, mask=11100100010111111101111111111110, flags=SA_RESTART|SA_SIGINFO, unblocked
    SIGBUS: crash_handler in libjvm.so, mask=11100100010111111101111111111110, flags=SA_RESTART|SA_SIGINFO, unblocked
    SIGFPE: crash_handler in libjvm.so, mask=11100100010111111101111111111110, flags=SA_RESTART|SA_SIGINFO, unblocked
   SIGPIPE: javaSignalHandler in libjvm.so, mask=11100100010111111101111111111110, flags=SA_RESTART|SA_SIGINFO, blocked
   SIGXFSZ: javaSignalHandler in libjvm.so, mask=11100100010111111101111111111110, flags=SA_RESTART|SA_SIGINFO, blocked
    SIGILL: crash_handler in libjvm.so, mask=11100100010111111101111111111110, flags=SA_RESTART|SA_SIGINFO, unblocked
   SIGUSR2: SR_handler in libjvm.so, mask=00000000000000000000000000000000, flags=SA_RESTART|SA_SIGINFO, blocked
    SIGHUP: UserHandler in libjvm.so, mask=11100100010111111101111111111110, flags=SA_RESTART|SA_SIGINFO, blocked
    SIGINT: UserHandler in libjvm.so, mask=11100100010111111101111111111110, flags=SA_RESTART|SA_SIGINFO, blocked
   SIGTERM: UserHandler in libjvm.so, mask=11100100010111111101111111111110, flags=SA_RESTART|SA_SIGINFO, blocked
   SIGQUIT: UserHandler in libjvm.so, mask=11100100010111111101111111111110, flags=SA_RESTART|SA_SIGINFO, blocked
   SIGTRAP: crash_handler in libjvm.so, mask=11100100010111111101111111111110, flags=SA_RESTART|SA_SIGINFO, unblocked


Compilation memory statistics disabled.

Periodic native trim disabled

---------------  S Y S T E M  ---------------

OS:
DISTRIB_ID=Ubuntu
DISTRIB_RELEASE=24.04
DISTRIB_CODENAME=noble
DISTRIB_DESCRIPTION="Ubuntu 24.04.3 LTS"
uname: Linux 6.8.0-1044-azure #50~22.04.1-Ubuntu SMP Wed Dec  3 15:13:22 UTC 2025 x86_64
OS uptime: 0 days 1:11 hours
libc: glibc 2.39 NPTL 2.39 
rlimit (soft/hard): STACK 8192k/infinity , CORE infinity/infinity , NPROC infinity/infinity , NOFILE 524288/524288 , AS infinity/infinity , CPU infinity/infinity , DATA infinity/infinity , FSIZE infinity/infinity , MEMLOCK 8192k/8192k
load average: 2.07 2.26 1.91

/proc/meminfo:
MemTotal:        8135224 kB
MemFree:          558212 kB
MemAvailable:    5803348 kB
Buffers:          223788 kB
Cached:          5127052 kB
SwapCached:            0 kB
Active:          4020840 kB
Inactive:        2980972 kB
Active(anon):    1603164 kB
Inactive(anon):   123048 kB
Active(file):    2417676 kB
Inactive(file):  2857924 kB
Unevictable:       30908 kB
Mlocked:           27836 kB
SwapTotal:             0 kB
SwapFree:              0 kB
Zswap:                 0 kB
Zswapped:              0 kB
Dirty:              7012 kB
Writeback:             0 kB
AnonPages:       1659784 kB
Mapped:           757220 kB
Shmem:             66028 kB
KReclaimable:     283164 kB
Slab:             384956 kB
SReclaimable:     283164 kB
SUnreclaim:       101792 kB
KernelStack:       10912 kB
PageTables:        30808 kB
SecPageTables:         0 kB
NFS_Unstable:          0 kB
Bounce:                0 kB
WritebackTmp:          0 kB
CommitLimit:     4067612 kB
Committed_AS:    5582560 kB
VmallocTotal:   34359738367 kB
VmallocUsed:       43904 kB
VmallocChunk:          0 kB
Percpu:             1224 kB
HardwareCorrupted:     0 kB
AnonHugePages:    688128 kB
ShmemHugePages:        0 kB
ShmemPmdMapped:        0 kB
FileHugePages:         0 kB
FilePmdMapped:         0 kB
Unaccepted:            0 kB
HugePages_Total:       0
HugePages_Free:        0
HugePages_Rsvd:        0
HugePages_Surp:        0
Hugepagesize:       2048 kB
Hugetlb:               0 kB
DirectMap4k:      135104 kB
DirectMap2M:     6156288 kB
DirectMap1G:     4194304 kB

/sys/kernel/mm/transparent_hugepage/enabled: [always] madvise never
/sys/kernel/mm/transparent_hugepage/hpage_pmd_size: 2097152
/sys/kernel/mm/transparent_hugepage/shmem_enabled: always within_size advise [never] deny force
/sys/kernel/mm/transparent_hugepage/defrag (defrag/compaction efforts parameter): always defer defer+madvise [madvise] never

Process Memory:
Virtual Size: 3840820K (peak: 3840820K)
Resident Set Size: 181868K (peak: 184032K) (anon: 123500K, file: 58368K, shmem: 0K)
Swapped out: 0K
C-Heap outstanding allocations: 51277K, retained: 8934K
glibc malloc tunables: (default)

/proc/sys/kernel/threads-max (system-wide limit on the number of threads): 63498
/proc/sys/vm/max_map_count (maximum number of memory map areas a process may have): 65530
/proc/sys/vm/swappiness (control to define how aggressively the kernel swaps out anonymous memory): 60
/proc/sys/kernel/pid_max (system-wide limit on number of process identifiers): 4194304

container information not found.
Hyper-V virtualization detected
Steal ticks since vm start: 0
Steal ticks percentage since vm start:  0.000

CPU: total 2 (initial active 2) (16 cores per cpu, 2 threads per core) family 25 model 1 stepping 1 microcode 0xffffffff, cx8, cmov, fxsr, ht, mmx, 3dnowpref, sse, sse2, sse3, ssse3, sse4a, sse4.1, sse4.2, popcnt, lzcnt, tsc, tscinvbit, avx, avx2, aes, erms, clmul, bmi1, bmi2, adx, sha, fma, vzeroupper, clflush, clflushopt, clwb, hv, rdtscp, rdpid, fsrm, f16c, cet_ss
CPU Model and flags from /proc/cpuinfo:
model name	: AMD EPYC 7763 64-Core Processor
flags		: fpu vme de pse tsc msr pae mce cx8 apic sep mtrr pge mca cmov pat pse36 clflush mmx fxsr sse sse2 ht syscall nx mmxext fxsr_opt pdpe1gb rdtscp lm constant_tsc rep_good nopl tsc_reliable nonstop_tsc cpuid extd_apicid aperfmperf tsc_known_freq pni pclmulqdq ssse3 fma cx16 pcid sse4_1 sse4_2 movbe popcnt aes xsave avx f16c rdrand hypervisor lahf_lm cmp_legacy svm cr8_legacy abm sse4a misalignsse 3dnowprefetch osvw topoext vmmcall fsgsbase bmi1 avx2 smep bmi2 erms invpcid rdseed adx smap clflushopt clwb sha_ni xsaveopt xsavec xgetbv1 xsaves user_shstk clzero xsaveerptr rdpru arat npt nrip_save tsc_scale vmcb_clean flushbyasid decodeassists pausefilter pfthreshold v_vmsave_vmload umip vaes vpclmulqdq rdpid fsrm

Online cpus: 0-1
Offline cpus: 
BIOS frequency limitation: <Not Available>
Frequency switch latency (ns): <Not Available>
Available cpu frequencies: <Not Available>
Current governor: <Not Available>
Core performance/turbo boost: <Not Available>

Memory: 4k page, physical 8135224k(5803464k free), swap 0k(0k free)
Page Sizes: 4k

vm_info: OpenJDK 64-Bit Server VM (25.0.1+8-LTS) for linux-amd64 JRE (25.0.1+8-LTS), built on 2025-10-13T21:28:09Z with gcc 11.3.0

END.
