#
# A fatal error has been detected by the Java Runtime Environment:
#
#  SIGSEGV (0xb) at pc=0x00007c9526d8e4f3, pid=33092, tid=33092
#
# JRE version: OpenJDK Runtime Environment Microsoft-12574222 (25.0.1+8) (build 25.0.1+8-LTS)
# Java VM: OpenJDK 64-Bit Server VM Microsoft-12574222 (25.0.1+8-LTS, mixed mode, sharing, tiered, compressed oops, compressed class ptrs, g1 gc, linux-amd64)
# Problematic frame:
# C  [_jpype.cpython-312-x86_64-linux-gnu.so+0x424f3]  JPypeException::toJava() [clone .cold]+0x5d
#
# Core dump will be written. Default location: Core dumps may be processed with "/usr/share/apport/apport -p%p -s%s -c%c -d%d -P%P -u%u -g%g -F%F -- %E" (or dumping to /workspaces/korean_reading_practice/myapp/backend/core.33092)
#
# If you would like to submit a bug report, please visit:
#   https://github.com/microsoft/openjdk/issues
# The crash happened outside the Java Virtual Machine in native code.
# See problematic frame for where to report the bug.
#

---------------  S U M M A R Y ------------

Command Line: -Dfile.encoding=UTF8 -ea -Xmx1024m 

Host: AMD EPYC 7763 64-Core Processor, 2 cores, 7G, Ubuntu 24.04.3 LTS
Time: Tue May 12 20:59:15 2026 UTC elapsed time: 0.331412 seconds (0d 0h 0m 0s)

---------------  T H R E A D  ---------------

Current thread (0x000064a267433610):  JavaThread "main"             [_thread_in_native, id=33092, stack(0x00007ffdd944d000,0x00007ffdd954d000) (1024K)]

Stack: [0x00007ffdd944d000,0x00007ffdd954d000],  sp=0x00007ffdd9548890,  free space=1006k
Native frames: (J=compiled Java code, j=interpreted, Vv=VM code, C=native code)
C  [_jpype.cpython-312-x86_64-linux-gnu.so+0x424f3]  JPypeException::toJava() [clone .cold]+0x5d
Java frames: (J=compiled Java code, j=interpreted, Vv=VM code)
j  org.jpype.manager.TypeFactoryNative.newWrapper(JJ)V+0
j  org.jpype.JPypeContext.newWrapper(J)V+16
v  ~StubRoutines::call_stub 0x00007c9510338fa6
j  org.jpype.manager.TypeFactoryNative.newWrapper(JJ)V+0
j  org.jpype.JPypeContext.newWrapper(J)V+16
v  ~StubRoutines::call_stub 0x00007c9510338fa6

siginfo: si_signo: 11 (SIGSEGV), si_code: 1 (SEGV_MAPERR), si_addr: 0x0000000000000000

Registers:
RAX=0x00007c95282e27d8, RBX=0x000064a267f369b0, RCX=0x00007c95282d98d0, RDX=0x000000064a267408
RSP=0x00007ffdd9548890, RBP=0x0000000000000000, RSI=0x0000000000000000, RDI=0x00007ffdd9548818
R8 =0x000064a265b5c010, R9 =0x0000000000000007, R10=0x000064a2674084f0, R11=0x3483da211413f7bd
R12=0x00007ffdd95488a0, R13=0x000064a267f6e668, R14=0x00007ffdd9548898, R15=0x000064a267433610
RIP=0x00007c9526d8e4f3, EFLAGS=0x0000000000010202, CSGSFS=0x002b000000000033, ERR=0x0000000000000006
  TRAPNO=0x000000000000000e

XMM[0]=0x0000000000000000 0x00007c952a8df563
XMM[1]=0x00007c952a8df563 0x00007c952a8df563
XMM[2]=0xffffffffffffffff 0xffffffffffffffff
XMM[3]=0xffffffffffffffff 0xffffffffffffffff
XMM[4]=0xffffffffffffffff 0xffffffffffffffff
XMM[5]=0xffffffffffffffff 0xffffffffffffffff
XMM[6]=0xffffffffffffffff 0xffffffffffffffff
XMM[7]=0xffffffffffffffff 0xffffffffffffffff
XMM[8]=0x0000000000f700f3 0x0000000000f600f2
XMM[9]=0x00000000000000f3 0x00000000000000f2
XMM[10]=0x000000000000000c 0x000000000000000c
XMM[11]=0x000000000000000a 0x000000000000000a
XMM[12]=0x0000000000000008 0x0000000000000008
XMM[13]=0x0000000000000006 0x0000000000000006
XMM[14]=0x0000000000000004 0x0000000000000004
XMM[15]=0x0000000000000002 0x0000000000000002
  MXCSR=0x00001fa2


Register to memory mapping:

RAX=0x00007c95282e27d8: <offset 0x000000000027a7d8> in /lib/x86_64-linux-gnu/libstdc++.so.6 at 0x00007c9528068000
RBX=0x000064a267f369b0 points into unknown readable memory: 0x00007c9526e04a38 | 38 4a e0 26 95 7c 00 00
RCX=0x00007c95282d98d0: <offset 0x00000000002718d0> in /lib/x86_64-linux-gnu/libstdc++.so.6 at 0x00007c9528068000
RDX=0x000000064a267408 is an unknown value
RSP=0x00007ffdd9548890 is pointing into the stack for thread: 0x000064a267433610
RBP=0x0 is null
RSI=0x0 is null
RDI=0x00007ffdd9548818 is pointing into the stack for thread: 0x000064a267433610
R8 =0x000064a265b5c010 points into unknown readable memory: 0x0001000000030000 | 00 00 03 00 00 00 01 00
R9 =0x0000000000000007 is an unknown value
R10=0x000064a2674084f0 points into unknown readable memory: 0x000000064a267408 | 08 74 26 4a 06 00 00 00
R11=0x3483da211413f7bd is an unknown value
R12=0x00007ffdd95488a0 is pointing into the stack for thread: 0x000064a267433610
R13=0x000064a267f6e668 points into unknown readable memory: 0x726956206176614a | 4a 61 76 61 20 56 69 72
R14=0x00007ffdd9548898 is pointing into the stack for thread: 0x000064a267433610
R15=0x000064a267433610 is a thread

Top of Stack: (sp=0x00007ffdd9548890)
0x00007ffdd9548890:   0000003100000001 00007c9526ddd7a0   ....1......&.|..
0x00007ffdd95488a0:   00007c9526ddd763 00007ffdd9540000   c..&.|....T.....
0x00007ffdd95488b0:   00007ffdd95489f8 00007c95281220f4   ..T...... .(.|..
0x00007ffdd95488c0:   00007c94e440ac08 00007ffdd9548910   ..@..|....T.....
0x00007ffdd95488d0:   000064a267f6e5e0 00007ffdd9548908   ...g.d....T.....
0x00007ffdd95488e0:   00007ffdd95489f8 00007c9526d919e8   ..T........&.|..
0x00007ffdd95488f0:   00007ffdd9548910 00007c9526d91a4b   ..T.....K..&.|..
0x00007ffdd9548900:   00000000353e80a0 0000000000000001   ..>5............
0x00007ffdd9548910:   000064a267433ab0 00007ffdd9540000   .:Cg.d....T.....
0x00007ffdd9548920:   00007ffdd95489b8 0000000000000000   ..T.............
0x00007ffdd9548930:   00007c94e440ac08 00007c9510344f85   ..@..|...O4..|..
0x00007ffdd9548940:   0000000000000000 00000000c0062088   ......... ......
0x00007ffdd9548950:   00007c94e440ae88 0000000000000000   ..@..|..........
0x00007ffdd9548960:   00007ffdd9548988 00007ffdd9548a18   ..T.......T.....
0x00007ffdd9548970:   fffffffffffffff7 0000000000000000   ................
0x00007ffdd9548980:   0000000000000008 00007c94e440b288   ..........@..|..
0x00007ffdd9548990:   0000000000000000 00000000c0062088   ......... ......
0x00007ffdd95489a0:   00007c94e440ac08 0000000000000000   ..@..|..........
0x00007ffdd95489b0:   00007ffdd95489d8 00007ffdd9548a58   ..T.....X.T.....
0x00007ffdd95489c0:   00007c9510340936 0000000000000000   6.4..|..........
0x00007ffdd95489d0:   00007c9510342437 000064a267f2f720   7$4..|.. ..g.d..
0x00007ffdd95489e0:   0000000000000000 000064a266f17dc0   .........}.f.d..
0x00007ffdd95489f0:   0000000000000000 00000000c0062150   ........P!......
0x00007ffdd9548a00:   00000000c0062150 00000000c0062150   P!......P!......
0x00007ffdd9548a10:   fffffffffffffff5 00007c94e440eaa0   ..........@..|..
0x00007ffdd9548a20:   0000000000000006 00007c94e440a968   ........h.@..|..
0x00007ffdd9548a30:   0000000000000000 00000000c00612f0   ................
0x00007ffdd9548a40:   00007c94e440eac8 fffffffffffffff0   ..@..|..........
0x00007ffdd9548a50:   00007ffdd9548a78 00007ffdd9548af0   x.T.......T.....
0x00007ffdd9548a60:   00007c9510338fa6 0000000000000000   ..3..|..........
0x00007ffdd9548a70:   00000000c0062150 000064a267f2f720   P!...... ..g.d..
0x00007ffdd9548a80:   000064a267453398 00000000c0061958   .3Eg.d..X.......

Instructions: (pc=0x00007c9526d8e4f3)
  0x00007c9526d8e3f3:   ff ff 48 8b 54 24 30 48 8b 4c 24 38 49 89 c7 48
  0x00007c9526d8e403:   89 94 24 90 00 00 00 48 8b 52 e8 48 89 8c 14 90
  0x00007c9526d8e413:   00 00 00 48 c7 84 24 98 00 00 00 00 00 00 00 e9
  0x00007c9526d8e423:   56 fe ff ff 4c 89 ff e8 21 9c ff ff e9 46 fd ff
  0x00007c9526d8e433:   ff 4c 89 f7 48 89 c3 48 89 d5 e8 fe a6 ff ff eb
  0x00007c9526d8e443:   a1 ff d0 48 8d 3d 65 ee 04 00 48 89 c6 e8 fb 90
  0x00007c9526d8e453:   ff ff e9 27 ff ff ff 48 89 c7 48 89 d0 e9 ab fe
  0x00007c9526d8e463:   ff ff 48 8b 7c 24 60 e8 71 00 02 00 49 8d 74 24
  0x00007c9526d8e473:   08 4c 89 f7 e8 94 af ff ff e9 fc fd ff ff e8 ca
  0x00007c9526d8e483:   b8 ff ff 48 89 c5 e8 f2 b3 ff ff 48 89 ef e8 ba
  0x00007c9526d8e493:   b8 ff ff 4c 89 f7 e8 f2 a1 ff ff 4c 89 e7 e8 4a
  0x00007c9526d8e4a3:   a7 ff ff 48 89 df 48 83 ed 01 75 59 e8 2c b6 ff
  0x00007c9526d8e4b3:   ff 48 8d 3d 9d ee 04 00 48 89 c3 e8 5d 98 ff ff
  0x00007c9526d8e4c3:   48 8b 43 20 48 8d 74 24 10 48 8d 7c 24 08 48 8b
  0x00007c9526d8e4d3:   50 08 48 8b 08 8b 40 10 48 89 54 24 08 48 8d 54
  0x00007c9526d8e4e3:   24 04 89 44 24 04 48 89 4c 24 10 e8 ed 98 ff ff
=>0x00007c9526d8e4f3:   c7 04 25 00 00 00 00 00 00 00 00 e8 7d b3 ff ff
  0x00007c9526d8e503:   e9 b9 fe 01 00 e8 d3 b5 ff ff 48 8d 3d 44 ee 04
  0x00007c9526d8e513:   00 e8 07 98 ff ff c7 04 25 00 00 00 00 00 00 00
  0x00007c9526d8e523:   00 e8 57 b3 ff ff e9 93 fe 01 00 4c 89 f7 e8 5a
  0x00007c9526d8e533:   a1 ff ff e9 63 ff ff ff 48 89 c3 48 89 d5 e8 3a
  0x00007c9526d8e543:   b3 ff ff 48 89 df 48 89 e8 48 83 e8 01 75 52 e8
  0x00007c9526d8e553:   89 b5 ff ff 48 8d 74 24 10 c7 44 24 20 b8 01 00
  0x00007c9526d8e563:   00 48 89 c7 48 8d 05 75 ed 04 00 48 89 44 24 10
  0x00007c9526d8e573:   48 8d 05 be ed 04 00 48 89 44 24 18 e8 5c 94 ff
  0x00007c9526d8e583:   ff e8 17 93 ff ff 48 89 c7 48 89 d0 eb bb 48 89
  0x00007c9526d8e593:   c3 48 89 d5 e8 e4 b2 ff ff 48 89 df 48 89 e8 eb
  0x00007c9526d8e5a3:   a8 e8 a7 b7 ff ff 48 89 c5 e8 cf b2 ff ff 48 89
  0x00007c9526d8e5b3:   ef e8 97 b7 ff ff 90 48 8b 73 18 48 85 f6 74 0f
  0x00007c9526d8e5c3:   48 8b 05 ee 98 07 00 48 8b 38 e8 0e 93 ff ff 4c
  0x00007c9526d8e5d3:   89 f7 e8 76 9a ff ff 48 89 ef e8 6e b7 ff ff 48
  0x00007c9526d8e5e3:   89 ef e8 06 a6 ff ff 48 89 df 4c 89 e0 48 83 e8


Stack slot to memory mapping:

stack at sp + 0 slots: 0x0000003100000001 is an unknown value
stack at sp + 1 slots: 0x00007c9526ddd7a0: <offset 0x00000000000917a0> in /usr/local/python/3.12.1/lib/python3.12/site-packages/_jpype.cpython-312-x86_64-linux-gnu.so at 0x00007c9526d4c000
stack at sp + 2 slots: 0x00007c9526ddd763: <offset 0x0000000000091763> in /usr/local/python/3.12.1/lib/python3.12/site-packages/_jpype.cpython-312-x86_64-linux-gnu.so at 0x00007c9526d4c000
stack at sp + 3 slots: 0x00007ffdd9540000 is pointing into the stack for thread: 0x000064a267433610
stack at sp + 4 slots: 0x00007ffdd95489f8 is pointing into the stack for thread: 0x000064a267433610
stack at sp + 5 slots: 0x00007c95281220f4: __cxa_get_globals+0x0000000000000014 in /lib/x86_64-linux-gnu/libstdc++.so.6 at 0x00007c9528068000
stack at sp + 6 slots: {method} {0x00007c94e440ac08} 'newWrapper' '(JJ)V' in 'org/jpype/manager/TypeFactoryNative'
stack at sp + 7 slots: 0x00007ffdd9548910 is pointing into the stack for thread: 0x000064a267433610

Lock stack of current Java thread (top to bottom):
LockStack[1]: org.jpype.manager.TypeFactoryNative 
{0x00000000c0062150} - klass: 'org/jpype/manager/TypeFactoryNative' - flags: 

 - ---- fields (total size 3 words):
 - public 'context' 'J' @16  0 (0x0000000000000000)
LockStack[0]: org.jpype.manager.TypeFactoryNative 
{0x00000000c0062150} - klass: 'org/jpype/manager/TypeFactoryNative' - flags: 

 - ---- fields (total size 3 words):
 - public 'context' 'J' @16  0 (0x0000000000000000)


---------------  P R O C E S S  ---------------

Threads class SMR info:
_java_thread_list=0x00007c94ec615730, length=11, elements={
0x000064a267433610, 0x000064a267cff910, 0x000064a267d011c0, 0x000064a267d02c90,
0x000064a267d04630, 0x000064a267d05f30, 0x000064a267d07d00, 0x000064a267d09770,
0x000064a267d15440, 0x000064a267d17580, 0x00007c94d4001030
}

Java Threads: ( => current thread )
=>0x000064a267433610 JavaThread "main"                              [_thread_in_native, id=33092, stack(0x00007ffdd944d000,0x00007ffdd954d000) (1024K)]
  0x000064a267cff910 JavaThread "Reference Handler"          daemon [_thread_blocked, id=33157, stack(0x00007c9504ffd000,0x00007c95050fd000) (1024K)]
  0x000064a267d011c0 JavaThread "Finalizer"                  daemon [_thread_blocked, id=33158, stack(0x00007c9504efc000,0x00007c9504ffc000) (1024K)]
  0x000064a267d02c90 JavaThread "Signal Dispatcher"          daemon [_thread_blocked, id=33159, stack(0x00007c9504dfb000,0x00007c9504efb000) (1024K)]
  0x000064a267d04630 JavaThread "Service Thread"             daemon [_thread_blocked, id=33160, stack(0x00007c9504cfa000,0x00007c9504dfa000) (1024K)]
  0x000064a267d05f30 JavaThread "Monitor Deflation Thread"   daemon [_thread_blocked, id=33161, stack(0x00007c9504bf9000,0x00007c9504cf9000) (1024K)]
  0x000064a267d07d00 JavaThread "C2 CompilerThread0"         daemon [_thread_blocked, id=33162, stack(0x00007c9504af8000,0x00007c9504bf8000) (1024K)]
  0x000064a267d09770 JavaThread "C1 CompilerThread0"         daemon [_thread_blocked, id=33163, stack(0x00007c95049f7000,0x00007c9504af7000) (1024K)]
  0x000064a267d15440 JavaThread "Notification Thread"        daemon [_thread_blocked, id=33164, stack(0x00007c95048f6000,0x00007c95049f6000) (1024K)]
  0x000064a267d17580 JavaThread "Common-Cleaner"             daemon [_thread_blocked, id=33165, stack(0x00007c95047f5000,0x00007c95048f5000) (1024K)]
  0x00007c94d4001030 JavaThread "SIGTERM handler"            daemon [_thread_blocked, id=33168, stack(0x00007c95044f2000,0x00007c95045f2000) (1024K)]
Total: 11

Other Threads:
  0x000064a267cf4bb0 VMThread "VM Thread"                           [id=33156, stack(0x00007c95050fe000,0x00007c95051fe000) (1024K)]
  0x000064a267ce5e50 WatcherThread "VM Periodic Task Thread"        [id=33155, stack(0x00007c95051ff000,0x00007c95052ff000) (1024K)]
  0x000064a267485d90 WorkerThread "GC Thread#0"                     [id=33149, stack(0x00007c9508c15000,0x00007c9508d15000) (1024K)]
  0x00007c94ec000fc0 WorkerThread "GC Thread#1"                     [id=33167, stack(0x00007c95045f3000,0x00007c95046f3000) (1024K)]
  0x000064a2679a3830 ConcurrentGCThread "G1 Main Marker"            [id=33150, stack(0x00007c9507700000,0x00007c9507800000) (1024K)]
  0x000064a2679a3cd0 WorkerThread "G1 Conc#0"                       [id=33151, stack(0x00007c95075ff000,0x00007c95076ff000) (1024K)]
  0x000064a267bb6a50 ConcurrentGCThread "G1 Refine#0"               [id=33152, stack(0x00007c95074fe000,0x00007c95075fe000) (1024K)]
  0x000064a267bb7bf0 ConcurrentGCThread "G1 Service"                [id=33153, stack(0x00007c9505300000,0x00007c9505400000) (1024K)]
Total: 8

Threads with active compile tasks:
Total: 0

VM state: not at safepoint (normal execution)

VM Mutex/Monitor currently owned by a thread: None

Heap address: 0x00000000c0000000, size: 1024 MB, Compressed Oops mode: 32-bit

CDS archive(s) mapped at: [0x0000000035000000-0x0000000035d8c000-0x0000000035d8c000), size 14204928, SharedBaseAddress: 0x0000000035000000, ArchiveRelocationMode: 1.
Compressed class space mapped at: 0x0000000036000000-0x0000000076000000, reserved size: 1073741824
UseCompressedClassPointers 1, UseCompactObjectHeaders 0
Narrow klass pointer bits 32, Max shift 3
Narrow klass base: 0x0000000035000000, Narrow klass shift: 0
Encoding Range: [0x0000000035000000 - 0x0000000135000000), (4294967296 bytes)
Klass Range:    [0x0000000035001000 - 0x0000000076000000), (1090514944 bytes)
Klass ID Range:  [4096 - 1090519033) (1090514937)
Protection zone: [0x0000000035000000 - 0x0000000035001000), (4096 bytes)

GC Precious Log:
 CardTable entry size: 512
 Card Set container configuration: InlinePtr #cards 5 size 8 Array Of Cards #cards 10 size 36 Howl #buckets 4 coarsen threshold 1843 Howl Bitmap #cards 512 size 80 coarsen threshold 460 Card regions per heap region 1 cards per card region 2048
 CPUs: 2 total, 2 available
 Memory: 7944M
 Large Page Support: Disabled
 NUMA Support: Disabled
 Compressed Oops: Enabled (32-bit)
 Heap Region Size: 1M
 Heap Min Capacity: 8M
 Heap Initial Capacity: 126M
 Heap Max Capacity: 1G
 Pre-touch: Disabled
 Parallel Workers: 2
 Concurrent Workers: 1
 Concurrent Refinement Workers: 2
 Periodic GC: Disabled
 G1 Time-Based Heap Sizing enabled (uncommit-only)
 Evaluation Interval: 60s, Uncommit Delay: 300s, Min Regions To Uncommit: 10

Heap:
 garbage-first heap   total reserved 1048576K, committed 10240K, used 2113K [0x00000000c0000000, 0x0000000100000000)
  region size 1024K, 1 young (1024K), 0 survivors (0K)

Heap Regions: E=young(eden), S=young(survivor), O=old, HS=humongous(starts), HC=humongous(continues), CS=collection set, F=free, TAMS=top-at-mark-start, PB=parsable bottom
|   0|0x00000000c0000000, 0x00000000c0084258, 0x00000000c0100000| 51%| O|  |TAMS 0x00000000c0000000| PB 0x00000000c0000000| Untracked |  0
|   1|0x00000000c0100000, 0x00000000c018c1a8, 0x00000000c0200000| 54%| O|  |TAMS 0x00000000c0100000| PB 0x00000000c0100000| Untracked |  0
|   2|0x00000000c0200000, 0x00000000c0200000, 0x00000000c0300000|  0%| F|  |TAMS 0x00000000c0200000| PB 0x00000000c0200000| Untracked |  0
|   3|0x00000000c0300000, 0x00000000c0300000, 0x00000000c0400000|  0%| F|  |TAMS 0x00000000c0300000| PB 0x00000000c0300000| Untracked |  0
|   4|0x00000000c0400000, 0x00000000c0400000, 0x00000000c0500000|  0%| F|  |TAMS 0x00000000c0400000| PB 0x00000000c0400000| Untracked |  0
|   5|0x00000000c0500000, 0x00000000c0500000, 0x00000000c0600000|  0%| F|  |TAMS 0x00000000c0500000| PB 0x00000000c0500000| Untracked |  0
|   6|0x00000000c0600000, 0x00000000c0600000, 0x00000000c0700000|  0%| F|  |TAMS 0x00000000c0600000| PB 0x00000000c0600000| Untracked |  0
|   7|0x00000000c0700000, 0x00000000c0700000, 0x00000000c0800000|  0%| F|  |TAMS 0x00000000c0700000| PB 0x00000000c0700000| Untracked |  0
|   8|0x00000000c0800000, 0x00000000c08e6820, 0x00000000c0900000| 90%| E|  |TAMS 0x00000000c0800000| PB 0x00000000c0800000| Complete |  0
|1022|0x00000000ffe00000, 0x00000000fff00000, 0x00000000fff00000|100%| O|  |TAMS 0x00000000ffe00000| PB 0x00000000ffe00000| Untracked |  0

Card table byte_map: [0x00007c9508800000,0x00007c9508a00000] _byte_map_base: 0x00007c9508200000

Marking Bits: (CMBitMap*) 0x000064a2675a0d30
 Bits: [0x00007c9507800000, 0x00007c9508800000)

Polling page: 0x00007c9529e45000

Metaspace:
Metaspace        used 1847K, committed 1984K, reserved 1114112K
 class space     used 134K, committed 192K, reserved 1048576K

Usage:
  Non-class:      1.67 MB used.
      Class:    134.28 KB used.
       Both:      1.80 MB used.

Virtual space:
  Non-class space:       64.00 MB reserved,       1.75 MB (  3%) committed,  1 nodes.
      Class space:        1.00 GB reserved,     192.00 KB ( <1%) committed,  1 nodes.
             Both:        1.06 GB reserved,       1.94 MB ( <1%) committed. 

Chunk freelists:
   Non-Class:  11.83 MB
       Class:  15.70 MB
        Both:  27.53 MB

MaxMetaspaceSize: unlimited
CompressedClassSpaceSize: 1.00 GB
Initial GC threshold: 21.00 MB
Current GC threshold: 21.00 MB
CDS: on
 - commit_granule_bytes: 65536.
 - commit_granule_words: 8192.
 - virtual_space_node_default_size: 8388608.
 - enlarge_chunks_in_place: 1.
UseCompressedClassPointers 1, UseCompactObjectHeaders 0
Narrow klass pointer bits 32, Max shift 3
Narrow klass base: 0x0000000035000000, Narrow klass shift: 0
Encoding Range: [0x0000000035000000 - 0x0000000135000000), (4294967296 bytes)
Klass Range:    [0x0000000035001000 - 0x0000000076000000), (1090514944 bytes)
Klass ID Range:  [4096 - 1090519033) (1090514937)
Protection zone: [0x0000000035000000 - 0x0000000035001000), (4096 bytes)


Internal statistics:

num_allocs_failed_limit: 0.
num_arena_births: 46.
num_arena_deaths: 0.
num_vsnodes_births: 2.
num_vsnodes_deaths: 0.
num_space_committed: 31.
num_space_uncommitted: 0.
num_chunks_returned_to_freelist: 0.
num_chunks_taken_from_freelist: 69.
num_chunk_merges: 0.
num_chunk_splits: 41.
num_chunks_enlarged: 17.
num_inconsistent_stats: 0.

CodeHeap 'non-profiled nmethods': size=120040Kb used=132Kb max_used=132Kb free=119907Kb
 bounds [0x00007c95108c6000, 0x00007c9510b36000, 0x00007c9517e00000]
CodeHeap 'profiled nmethods': size=120032Kb used=951Kb max_used=951Kb free=119080Kb
 bounds [0x00007c9508e00000, 0x00007c9509070000, 0x00007c9510338000]
CodeHeap 'non-nmethods': size=5688Kb used=1326Kb max_used=1339Kb free=4362Kb
 bounds [0x00007c9510338000, 0x00007c95105a8000, 0x00007c95108c6000]
CodeCache: size=245760Kb, used=2409Kb, max_used=2422Kb, free=243349Kb
 total_blobs=1125, nmethods=715, adapters=315, full_count=0
Compilation: enabled, stopped_count=0, restarted_count=0

Compilation events (20 events):
Event: 0.298 Thread 0x000064a267d09770  788       3       java.lang.reflect.Method::toString (20 bytes)
Event: 0.298 Thread 0x000064a267d09770 nmethod 788 0x00007c9508eeae08 code [0x00007c9508eeaf00, 0x00007c9508eeb540]
Event: 0.298 Thread 0x000064a267d09770  789       3       java.lang.reflect.Method::isDefault (28 bytes)
Event: 0.298 Thread 0x000064a267d09770 nmethod 789 0x00007c9508eeb588 code [0x00007c9508eeb680, 0x00007c9508eebab8]
Event: 0.298 Thread 0x000064a267d09770  790       3       java.lang.reflect.Method::specificToStringHeader (44 bytes)
Event: 0.298 Thread 0x000064a267d09770 nmethod 790 0x00007c9508eebb08 code [0x00007c9508eebc00, 0x00007c9508eec5c0]
Event: 0.298 Thread 0x000064a267d09770  400       1       java.lang.reflect.Field::getName (5 bytes)
Event: 0.298 Thread 0x000064a267d09770 nmethod 400 0x00007c95108e6788 code [0x00007c95108e6880, 0x00007c95108e6940]
Event: 0.298 Thread 0x000064a267d09770  551       1       java.lang.Class::getModifiers (5 bytes)
Event: 0.299 Thread 0x000064a267d09770 nmethod 551 0x00007c95108e6a88 code [0x00007c95108e6b80, 0x00007c95108e6c40]
Event: 0.307 Thread 0x000064a267d09770  791       1       jdk.internal.jimage.ImageHeader::getTableLength (5 bytes)
Event: 0.307 Thread 0x000064a267d09770 nmethod 791 0x00007c95108e6d88 code [0x00007c95108e6e80, 0x00007c95108e6f40]
Event: 0.307 Thread 0x000064a267d09770  792   !   3       java.nio.DirectIntBufferU::get (34 bytes)
Event: 0.308 Thread 0x000064a267d09770 nmethod 792 0x00007c9508eec608 code [0x00007c9508eec700, 0x00007c9508eed150]
Event: 0.308 Thread 0x000064a267d09770  793       3       java.nio.DirectIntBufferU::ix (10 bytes)
Event: 0.308 Thread 0x000064a267d09770 nmethod 793 0x00007c9508eed188 code [0x00007c9508eed280, 0x00007c9508eed390]
Event: 0.308 Thread 0x000064a267d09770  794   !   3       jdk.internal.misc.ScopedMemoryAccess::getInt (16 bytes)
Event: 0.308 Thread 0x000064a267d09770 nmethod 794 0x00007c9508eed488 code [0x00007c9508eed580, 0x00007c9508eed958]
Event: 0.329 Thread 0x000064a267d09770  795       3       java.util.HashMap$HashIterator::hasNext (13 bytes)
Event: 0.329 Thread 0x000064a267d09770 nmethod 795 0x00007c9508eed988 code [0x00007c9508eeda80, 0x00007c9508eedbd0]

GC Heap Usage History (2 events):
Event: 0.227 {heap Before GC invocations=0 (full 0):
 garbage-first heap   total reserved 1048576K, committed 131072K, used 6275K [0x00000000c0000000, 0x0000000100000000)
  region size 1024K, 6 young (6144K), 0 survivors (0K)
}
Event: 0.240 {heap After GC invocations=1 (full 1):
 garbage-first heap   total reserved 1048576K, committed 10240K, used 2113K [0x00000000c0000000, 0x0000000100000000)
  region size 1024K, 0 young (0K), 0 survivors (0K)
}

Metaspace Usage History (2 events):
Event: 0.227 {metaspace Before GC invocations=0 (full 0):
 Metaspace       used 1689K, committed 1856K, reserved 1114112K
  class space    used 120K, committed 192K, reserved 1048576K
}
Event: 0.240 {metaspace After GC invocations=1 (full 1):
 Metaspace       used 1689K, committed 1856K, reserved 1114112K
  class space    used 120K, committed 192K, reserved 1048576K
}

Dll operation events (6 events):
Event: 0.002 Loaded shared library /usr/local/sdkman/candidates/java/25.0.1-ms/lib/libjava.so
Event: 0.018 Loaded shared library /usr/local/sdkman/candidates/java/25.0.1-ms/lib/libsimdsort.so
Event: 0.033 Loaded shared library /usr/local/sdkman/candidates/java/25.0.1-ms/lib/libnio.so
Event: 0.037 Loaded shared library /usr/local/sdkman/candidates/java/25.0.1-ms/lib/libzip.so
Event: 0.097 Loaded shared library /usr/local/python/3.12.1/lib/python3.12/site-packages/_jpype.cpython-312-x86_64-linux-gnu.so
Event: 0.144 Loaded shared library /usr/local/sdkman/candidates/java/25.0.1-ms/lib/libjimage.so

Deoptimization events (8 events):
Event: 0.058 Thread 0x000064a267433610 Uncommon trap: trap_request=0xffffff45 fr.pc=0x00007c95108c98f8 relative=0x0000000000000078
Event: 0.058 Thread 0x000064a267433610 Uncommon trap: reason=unstable_if action=reinterpret pc=0x00007c95108c98f8 method=jdk.internal.misc.Unsafe.convEndian(ZS)S @ 4 c2
Event: 0.058 Thread 0x000064a267433610 DEOPT PACKING pc=0x00007c95108c98f8 sp=0x00007ffdd9548410
Event: 0.058 Thread 0x000064a267433610 DEOPT UNPACKING pc=0x00007c95103c3df9 sp=0x00007ffdd9548360 mode 2
Event: 0.089 Thread 0x000064a267433610 Uncommon trap: trap_request=0xffffff45 fr.pc=0x00007c95108c95f8 relative=0x0000000000000078
Event: 0.089 Thread 0x000064a267433610 Uncommon trap: reason=unstable_if action=reinterpret pc=0x00007c95108c95f8 method=jdk.internal.misc.Unsafe.convEndian(ZI)I @ 4 c2
Event: 0.089 Thread 0x000064a267433610 DEOPT PACKING pc=0x00007c95108c95f8 sp=0x00007ffdd9547d70
Event: 0.089 Thread 0x000064a267433610 DEOPT UNPACKING pc=0x00007c95103c3df9 sp=0x00007ffdd9547cc0 mode 2

Classes loaded (20 events):
Event: 0.309 Loading class jdk/internal/logger/LazyLoggers$LoggerAccessor done
Event: 0.309 Loading class jdk/internal/logger/LazyLoggers$LazyLoggerAccessor done
Event: 0.309 Loading class java/lang/System$Logger$Level
Event: 0.309 Loading class java/lang/System$Logger$Level done
Event: 0.309 Loading class jdk/internal/logger/SurrogateLogger
Event: 0.309 Loading class jdk/internal/logger/SimpleConsoleLogger
Event: 0.310 Loading class sun/util/logging/PlatformLogger$ConfigurableBridge$LoggerConfiguration
Event: 0.310 Loading class sun/util/logging/PlatformLogger$ConfigurableBridge$LoggerConfiguration done
Event: 0.310 Loading class jdk/internal/logger/SimpleConsoleLogger done
Event: 0.310 Loading class jdk/internal/logger/SurrogateLogger done
Event: 0.310 Loading class sun/util/logging/PlatformLogger
Event: 0.310 Loading class sun/util/logging/PlatformLogger done
Event: 0.310 Loading class sun/util/logging/PlatformLogger$Level
Event: 0.311 Loading class sun/util/logging/PlatformLogger$Level done
Event: 0.311 Loading class jdk/internal/event/ThreadSleepEvent
Event: 0.311 Loading class jdk/internal/event/Event
Event: 0.311 Loading class jdk/internal/event/Event done
Event: 0.311 Loading class jdk/internal/event/ThreadSleepEvent done
Event: 0.329 Loading class java/util/WeakHashMap$KeyIterator
Event: 0.329 Loading class java/util/WeakHashMap$HashIterator

Classes unloaded (0 events):
No events

Classes redefined (0 events):
No events

Internal exceptions (13 events):
Event: 0.075 Thread 0x000064a267433610 Exception <a 'java/lang/NoSuchMethodError'{0x00000000c7c83670}: 'void java.lang.invoke.DirectMethodHandle$Holder.invokeSpecial(java.lang.Object, java.lang.Object, java.lang.Object)'> (0x00000000c7c83670) 
thrown [src/hotspot/share/interpreter/linkResolver.cpp, line 803]
Event: 0.100 Thread 0x000064a267433610 Exception <a 'java/lang/NoSuchMethodError'{0x00000000c7b06850}: 'int java.lang.invoke.DirectMethodHandle$Holder.invokeStaticInit(java.lang.Object, java.lang.Object)'> (0x00000000c7b06850) 
thrown [src/hotspot/share/interpreter/linkResolver.cpp, line 803]
Event: 0.102 Thread 0x000064a267433610 Exception <a 'java/lang/NoSuchMethodError'{0x00000000c7b163f0}: 'java.lang.Object java.lang.invoke.DirectMethodHandle$Holder.invokeStaticInit(java.lang.Object, int)'> (0x00000000c7b163f0) 
thrown [src/hotspot/share/interpreter/linkResolver.cpp, line 803]
Event: 0.107 Thread 0x000064a267433610 Exception <a 'java/lang/NoSuchMethodError'{0x00000000c7b3cb30}: 'java.lang.Object java.lang.invoke.DirectMethodHandle$Holder.newInvokeSpecial(java.lang.Object, java.lang.Object, java.lang.Object, java.lang.Object, java.lang.Object)'> (0x00000000c7b3cb30) 
thrown [src/hotspot/share/interpreter/linkResolver.cpp, line 803]
Event: 0.108 Thread 0x000064a267433610 Exception <a 'java/lang/NoSuchMethodError'{0x00000000c7b94458}: 'void java.lang.invoke.DirectMethodHandle$Holder.invokeStatic(java.lang.Object, java.lang.Object, java.lang.Object, java.lang.Object)'> (0x00000000c7b94458) 
thrown [src/hotspot/share/interpreter/linkResolver.cpp, line 803]
Event: 0.111 Thread 0x000064a267433610 Exception <a 'java/lang/NoSuchMethodError'{0x00000000c7bada68}: 'void java.lang.invoke.DirectMethodHandle$Holder.invokeStatic(java.lang.Object, java.lang.Object, java.lang.Object)'> (0x00000000c7bada68) 
thrown [src/hotspot/share/interpreter/linkResolver.cpp, line 803]
Event: 0.116 Thread 0x000064a267433610 Exception <a 'java/lang/NoSuchMethodError'{0x00000000c7bd7708}: 'java.lang.Object java.lang.invoke.DirectMethodHandle$Holder.invokeInterface(java.lang.Object, java.lang.Object)'> (0x00000000c7bd7708) 
thrown [src/hotspot/share/interpreter/linkResolver.cpp, line 803]
Event: 0.117 Thread 0x000064a267433610 Exception <a 'java/lang/IncompatibleClassChangeError'{0x00000000c7bdfb88}: Found class java.lang.Object, but interface was expected> (0x00000000c7bdfb88) 
thrown [src/hotspot/share/interpreter/linkResolver.cpp, line 871]
Event: 0.118 Thread 0x000064a267433610 Exception <a 'java/lang/NoSuchMethodError'{0x00000000c7be7d80}: 'void java.lang.invoke.DirectMethodHandle$Holder.invokeStatic(java.lang.Object, java.lang.Object)'> (0x00000000c7be7d80) 
thrown [src/hotspot/share/interpreter/linkResolver.cpp, line 803]
Event: 0.120 Thread 0x000064a267433610 Exception <a 'java/lang/NoSuchMethodError'{0x00000000c7bfb7d0}: 'java.lang.Object java.lang.invoke.Invokers$Holder.invokeExact_MT(java.lang.Object, java.lang.Object, java.lang.Object, java.lang.Object, java.lang.Object)'> (0x00000000c7bfb7d0) 
thrown [src/hotspot/share/interpreter/linkResolver.cpp, line 803]
Event: 0.125 Thread 0x000064a267433610 Exception <a 'java/lang/NoSuchMethodError'{0x00000000c7a17a38}: 'int java.lang.invoke.Invokers$Holder.invokeExact_MT(java.lang.Object, java.lang.Object, java.lang.Object)'> (0x00000000c7a17a38) 
thrown [src/hotspot/share/interpreter/linkResolver.cpp, line 803]
Event: 0.149 Thread 0x000064a267433610 Exception <a 'java/lang/NoSuchMethodError'{0x00000000c7a8dbd8}: 'java.lang.Object java.lang.invoke.DirectMethodHandle$Holder.invokeStaticInit(java.lang.Object)'> (0x00000000c7a8dbd8) 
thrown [src/hotspot/share/interpreter/linkResolver.cpp, line 803]
Event: 0.178 Thread 0x000064a267433610 Exception <a 'java/lang/IncompatibleClassChangeError'{0x00000000c7914170}: Found class java.lang.Object, but interface was expected> (0x00000000c7914170) 
thrown [src/hotspot/share/interpreter/linkResolver.cpp, line 871]

VM Operations (4 events):
Event: 0.227 Executing safepoint VM operation: G1CollectFull (System.gc())
Event: 0.240 Executing safepoint VM operation: G1CollectFull (System.gc()) done
Event: 0.317 Executing safepoint VM operation: ThreadDump
Event: 0.317 Executing safepoint VM operation: ThreadDump done

Memory protections (15 events):
Event: 0.002 Protecting memory [0x00007ffdd944d000,0x00007ffdd9451000] with protection modes 0
Event: 0.009 Protecting memory [0x0000000035000000,0x0000000035001000] with protection modes 0
Event: 0.016 Protecting memory [0x00007c9504ffd000,0x00007c9505001000] with protection modes 0
Event: 0.016 Protecting memory [0x00007c9504efc000,0x00007c9504f00000] with protection modes 0
Event: 0.016 Protecting memory [0x00007c9504dfb000,0x00007c9504dff000] with protection modes 0
Event: 0.016 Protecting memory [0x00007c9504cfa000,0x00007c9504cfe000] with protection modes 0
Event: 0.017 Protecting memory [0x00007c9504bf9000,0x00007c9504bfd000] with protection modes 0
Event: 0.017 Protecting memory [0x00007c9504af8000,0x00007c9504afc000] with protection modes 0
Event: 0.020 Protecting memory [0x00007c95049f7000,0x00007c95049fb000] with protection modes 0
Event: 0.030 Protecting memory [0x00007c95048f6000,0x00007c95048fa000] with protection modes 0
Event: 0.032 Protecting memory [0x00007c95047f5000,0x00007c95047f9000] with protection modes 0
Event: 0.124 Protecting memory [0x00007c9527efd000,0x00007c9527efe000] with protection modes 1
Event: 0.142 Protecting memory [0x00007c95046f4000,0x00007c95046f8000] with protection modes 0
Event: 0.305 Protecting memory [0x00007c95044f2000,0x00007c95044f6000] with protection modes 0
Event: 0.311 Protecting memory [0x00007c95043f1000,0x00007c95043f5000] with protection modes 0

Nmethod flushes (0 events):
No events

Events (14 events):
Event: 0.010 Thread 0x000064a267433610 Thread added: 0x000064a267433610
Event: 0.016 Thread 0x000064a267433610 Thread added: 0x000064a267cff910
Event: 0.016 Thread 0x000064a267433610 Thread added: 0x000064a267d011c0
Event: 0.016 Thread 0x000064a267433610 Thread added: 0x000064a267d02c90
Event: 0.016 Thread 0x000064a267433610 Thread added: 0x000064a267d04630
Event: 0.017 Thread 0x000064a267433610 Thread added: 0x000064a267d05f30
Event: 0.017 Thread 0x000064a267433610 Thread added: 0x000064a267d07d00
Event: 0.019 Thread 0x000064a267433610 Thread added: 0x000064a267d09770
Event: 0.030 Thread 0x000064a267433610 Thread added: 0x000064a267d15440
Event: 0.032 Thread 0x000064a267433610 Thread added: 0x000064a267d17580
Event: 0.141 Thread 0x000064a267433610 Thread added: 0x000064a267f36c80
Event: 0.305 Thread 0x000064a267d02c90 Thread added: 0x00007c94d4001030
Event: 0.311 Thread 0x00007c94d4001030 Thread added: 0x00007c94d01f4db0
Event: 0.329 Thread 0x000064a267f36c80 Thread exited: 0x000064a267f36c80


Dynamic libraries:
35000000-35001000 ---p 00000000 00:00 0 
35001000-354ab000 rw-p 00001000 00:2d 681584                             /usr/local/sdkman/candidates/java/25.0.1-ms/lib/server/classes.jsa
354ab000-35d8c000 rw-p 004ab000 00:2d 681584                             /usr/local/sdkman/candidates/java/25.0.1-ms/lib/server/classes.jsa
35d8c000-36000000 ---p 00000000 00:00 0 
36000000-36020000 rw-p 00000000 00:00 0 
36020000-36040000 ---p 00000000 00:00 0 
36040000-36050000 rw-p 00000000 00:00 0 
36050000-76000000 ---p 00000000 00:00 0 
c0000000-c0900000 rw-p 00000000 00:00 0 
c0900000-ffe00000 ---p 00000000 00:00 0 
ffe00000-fff00000 rw-p 00dbf000 00:2d 681584                             /usr/local/sdkman/candidates/java/25.0.1-ms/lib/server/classes.jsa
fff00000-100000000 ---p 00000000 00:00 0 
64a23af76000-64a23b074000 r--p 00000000 00:2d 828064                     /usr/local/python/3.12.1/bin/python3.12
64a23b074000-64a23b311000 r-xp 000fe000 00:2d 828064                     /usr/local/python/3.12.1/bin/python3.12
64a23b311000-64a23b463000 r--p 0039b000 00:2d 828064                     /usr/local/python/3.12.1/bin/python3.12
64a23b463000-64a23b4da000 r--p 004ed000 00:2d 828064                     /usr/local/python/3.12.1/bin/python3.12
64a23b4da000-64a23b647000 rw-p 00564000 00:2d 828064                     /usr/local/python/3.12.1/bin/python3.12
64a23b647000-64a23b649000 rw-p 00000000 00:00 0 
64a265b5c000-64a267feb000 rw-p 00000000 00:00 0                          [heap]
7c94c4000000-7c94c447a000 rw-p 00000000 00:00 0 
7c94c447a000-7c94c8000000 ---p 00000000 00:00 0 
7c94c8000000-7c94c8021000 rw-p 00000000 00:00 0 
7c94c8021000-7c94cc000000 ---p 00000000 00:00 0 
7c94cc000000-7c94cc021000 rw-p 00000000 00:00 0 
7c94cc021000-7c94d0000000 ---p 00000000 00:00 0 
7c94d0000000-7c94d0332000 rw-p 00000000 00:00 0 
7c94d0332000-7c94d4000000 ---p 00000000 00:00 0 
7c94d4000000-7c94d4021000 rw-p 00000000 00:00 0 
7c94d4021000-7c94d8000000 ---p 00000000 00:00 0 
7c94d8000000-7c94d8021000 rw-p 00000000 00:00 0 
7c94d8021000-7c94dc000000 ---p 00000000 00:00 0 
7c94dc000000-7c94dc021000 rw-p 00000000 00:00 0 
7c94dc021000-7c94e0000000 ---p 00000000 00:00 0 
7c94e0000000-7c94e0021000 rw-p 00000000 00:00 0 
7c94e0021000-7c94e4000000 ---p 00000000 00:00 0 
7c94e4000000-7c94e4190000 rw-p 00000000 00:00 0 
7c94e4190000-7c94e4400000 ---p 00000000 00:00 0 
7c94e4400000-7c94e4430000 rw-p 00000000 00:00 0 
7c94e4430000-7c94e8000000 ---p 00000000 00:00 0 
7c94e8000000-7c94e8021000 rw-p 00000000 00:00 0 
7c94e8021000-7c94ec000000 ---p 00000000 00:00 0 
7c94ec000000-7c94ec619000 rw-p 00000000 00:00 0 
7c94ec619000-7c94f0000000 ---p 00000000 00:00 0 
7c94f0000000-7c94f0021000 rw-p 00000000 00:00 0 
7c94f0021000-7c94f4000000 ---p 00000000 00:00 0 
7c94f4000000-7c94f4021000 rw-p 00000000 00:00 0 
7c94f4021000-7c94f8000000 ---p 00000000 00:00 0 
7c94f8000000-7c94f8021000 rw-p 00000000 00:00 0 
7c94f8021000-7c94fc000000 ---p 00000000 00:00 0 
7c94fc000000-7c94fc021000 rw-p 00000000 00:00 0 
7c94fc021000-7c9500000000 ---p 00000000 00:00 0 
7c9500000000-7c9500021000 rw-p 00000000 00:00 0 
7c9500021000-7c9504000000 ---p 00000000 00:00 0 
7c95043f0000-7c95043f1000 ---p 00000000 00:00 0 
7c95043f1000-7c95043f5000 ---p 00000000 00:00 0 
7c95043f5000-7c95044f1000 rw-p 00000000 00:00 0 
7c95044f1000-7c95044f2000 ---p 00000000 00:00 0 
7c95044f2000-7c95044f6000 ---p 00000000 00:00 0 
7c95044f6000-7c95045f2000 rw-p 00000000 00:00 0 
7c95045f2000-7c95045f3000 ---p 00000000 00:00 0 
7c95045f3000-7c95046f3000 rw-p 00000000 00:00 0 
7c95046f3000-7c95046f4000 ---p 00000000 00:00 0 
7c95046f4000-7c95046f8000 ---p 00000000 00:00 0 
7c95046f8000-7c95047f4000 rw-p 00000000 00:00 0 
7c95047f4000-7c95047f5000 ---p 00000000 00:00 0 
7c95047f5000-7c95047f9000 ---p 00000000 00:00 0 
7c95047f9000-7c95048f5000 rw-p 00000000 00:00 0 
7c95048f5000-7c95048f6000 ---p 00000000 00:00 0 
7c95048f6000-7c95048fa000 ---p 00000000 00:00 0 
7c95048fa000-7c95049f6000 rw-p 00000000 00:00 0 
7c95049f6000-7c95049f7000 ---p 00000000 00:00 0 
7c95049f7000-7c95049fb000 ---p 00000000 00:00 0 
7c95049fb000-7c9504af7000 rw-p 00000000 00:00 0 
7c9504af7000-7c9504af8000 ---p 00000000 00:00 0 
7c9504af8000-7c9504afc000 ---p 00000000 00:00 0 
7c9504afc000-7c9504bf8000 rw-p 00000000 00:00 0 
7c9504bf8000-7c9504bf9000 ---p 00000000 00:00 0 
7c9504bf9000-7c9504bfd000 ---p 00000000 00:00 0 
7c9504bfd000-7c9504cf9000 rw-p 00000000 00:00 0 
7c9504cf9000-7c9504cfa000 ---p 00000000 00:00 0 
7c9504cfa000-7c9504cfe000 ---p 00000000 00:00 0 
7c9504cfe000-7c9504dfa000 rw-p 00000000 00:00 0 
7c9504dfa000-7c9504dfb000 ---p 00000000 00:00 0 
7c9504dfb000-7c9504dff000 ---p 00000000 00:00 0 
7c9504dff000-7c9504efb000 rw-p 00000000 00:00 0 
7c9504efb000-7c9504efc000 ---p 00000000 00:00 0 
7c9504efc000-7c9504f00000 ---p 00000000 00:00 0 
7c9504f00000-7c9504ffc000 rw-p 00000000 00:00 0 
7c9504ffc000-7c9504ffd000 ---p 00000000 00:00 0 
7c9504ffd000-7c9505001000 ---p 00000000 00:00 0 
7c9505001000-7c95050fd000 rw-p 00000000 00:00 0 
7c95050fd000-7c95050fe000 ---p 00000000 00:00 0 
7c95050fe000-7c95051fe000 rw-p 00000000 00:00 0 
7c95051fe000-7c95051ff000 ---p 00000000 00:00 0 
7c95051ff000-7c95052ff000 rw-p 00000000 00:00 0 
7c95052ff000-7c9505300000 ---p 00000000 00:00 0 
7c9505300000-7c9505400000 rw-p 00000000 00:00 0 
7c9505400000-7c9507400000 rw-p 00000000 00:00 0 
7c95074fd000-7c95074fe000 ---p 00000000 00:00 0 
7c95074fe000-7c95075fe000 rw-p 00000000 00:00 0 
7c95075fe000-7c95075ff000 ---p 00000000 00:00 0 
7c95075ff000-7c95076ff000 rw-p 00000000 00:00 0 
7c95076ff000-7c9507700000 ---p 00000000 00:00 0 
7c9507700000-7c9507800000 rw-p 00000000 00:00 0 
7c9507800000-7c9507824000 rw-p 00000000 00:00 0 
7c9507824000-7c95087f8000 ---p 00000000 00:00 0 
7c95087f8000-7c95087fc000 rw-p 00000000 00:00 0 
7c95087fc000-7c9508800000 ---p 00000000 00:00 0 
7c9508800000-7c9508805000 rw-p 00000000 00:00 0 
7c9508805000-7c95089ff000 ---p 00000000 00:00 0 
7c95089ff000-7c9508a05000 rw-p 00000000 00:00 0 
7c9508a05000-7c9508bff000 ---p 00000000 00:00 0 
7c9508bff000-7c9508c00000 rw-p 00000000 00:00 0 
7c9508c14000-7c9508c15000 ---p 00000000 00:00 0 
7c9508c15000-7c9508d15000 rw-p 00000000 00:00 0 
7c9508d15000-7c9508d1a000 rw-p 00000000 00:00 0 
7c9508d1a000-7c9508e00000 ---p 00000000 00:00 0 
7c9508e00000-7c9509070000 rwxp 00000000 00:00 0 
7c9509070000-7c9510338000 ---p 00000000 00:00 0 
7c9510338000-7c95105a8000 rwxp 00000000 00:00 0 
7c95105a8000-7c95108c6000 ---p 00000000 00:00 0 
7c95108c6000-7c9510b36000 rwxp 00000000 00:00 0 
7c9510b36000-7c9517e00000 ---p 00000000 00:00 0 
7c9517e64000-7c9517ea1000 r-xp 00000000 00:2d 681571                     /usr/local/sdkman/candidates/java/25.0.1-ms/lib/libsimdsort.so
7c9517ea1000-7c9517ea2000 ---p 0003d000 00:2d 681571                     /usr/local/sdkman/candidates/java/25.0.1-ms/lib/libsimdsort.so
7c9517ea2000-7c9517ea3000 r--p 0003d000 00:2d 681571                     /usr/local/sdkman/candidates/java/25.0.1-ms/lib/libsimdsort.so
7c9517ea3000-7c9517ea4000 rw-p 0003e000 00:2d 681571                     /usr/local/sdkman/candidates/java/25.0.1-ms/lib/libsimdsort.so
7c9517ea4000-7c9517ea9000 rw-p 00000000 00:00 0 
7c9517ea9000-7c9517f8f000 ---p 00000000 00:00 0 
7c9517f8f000-7c9520a82000 r--s 00000000 00:2d 681576                     /usr/local/sdkman/candidates/java/25.0.1-ms/lib/modules
7c9520a82000-7c9522025000 r-xp 00000000 00:2d 681589                     /usr/local/sdkman/candidates/java/25.0.1-ms/lib/server/libjvm.so
7c9522025000-7c9522026000 ---p 015a3000 00:2d 681589                     /usr/local/sdkman/candidates/java/25.0.1-ms/lib/server/libjvm.so
7c9522026000-7c952210f000 r--p 015a3000 00:2d 681589                     /usr/local/sdkman/candidates/java/25.0.1-ms/lib/server/libjvm.so
7c952210f000-7c952213a000 rw-p 0168c000 00:2d 681589                     /usr/local/sdkman/candidates/java/25.0.1-ms/lib/server/libjvm.so
7c952213a000-7c95221b6000 rw-p 00000000 00:00 0 
7c95221b6000-7c9522389000 r--p 00000000 00:2d 1078548                    /usr/local/python/3.12.1/lib/python3.12/site-packages/pymupdf/_mupdf.so
7c9522389000-7c9522834000 r-xp 001d3000 00:2d 1078548                    /usr/local/python/3.12.1/lib/python3.12/site-packages/pymupdf/_mupdf.so
7c9522834000-7c9522d0e000 r--p 0067e000 00:2d 1078548                    /usr/local/python/3.12.1/lib/python3.12/site-packages/pymupdf/_mupdf.so
7c9522d0e000-7c9522d12000 r--p 00b57000 00:2d 1078548                    /usr/local/python/3.12.1/lib/python3.12/site-packages/pymupdf/_mupdf.so
7c9522d12000-7c9522da6000 rw-p 00b5b000 00:2d 1078548                    /usr/local/python/3.12.1/lib/python3.12/site-packages/pymupdf/_mupdf.so
7c9522da6000-7c95233a8000 rw-p 00000000 00:00 0 
7c95233c9000-7c95233d5000 r-xp 00000000 00:2d 681565                     /usr/local/sdkman/candidates/java/25.0.1-ms/lib/libnet.so
7c95233d5000-7c95233d6000 r--p 0000b000 00:2d 681565                     /usr/local/sdkman/candidates/java/25.0.1-ms/lib/libnet.so
7c95233d6000-7c95233d7000 rw-p 0000c000 00:2d 681565                     /usr/local/sdkman/candidates/java/25.0.1-ms/lib/libnet.so
7c95233d7000-7c95236fa000 rw-p 00000000 00:00 0 
7c95236fa000-7c95237f2000 r--p 00000000 00:2d 1078549                    /usr/local/python/3.12.1/lib/python3.12/site-packages/pymupdf/libmupdfcpp.so.27.2
7c95237f2000-7c952389d000 r-xp 000f8000 00:2d 1078549                    /usr/local/python/3.12.1/lib/python3.12/site-packages/pymupdf/libmupdfcpp.so.27.2
7c952389d000-7c95238f3000 r--p 001a3000 00:2d 1078549                    /usr/local/python/3.12.1/lib/python3.12/site-packages/pymupdf/libmupdfcpp.so.27.2
7c95238f3000-7c95238f5000 r--p 001f8000 00:2d 1078549                    /usr/local/python/3.12.1/lib/python3.12/site-packages/pymupdf/libmupdfcpp.so.27.2
7c95238f5000-7c9523902000 rw-p 001fa000 00:2d 1078549                    /usr/local/python/3.12.1/lib/python3.12/site-packages/pymupdf/libmupdfcpp.so.27.2
7c9523902000-7c9523a45000 r--p 00000000 00:2d 1078550                    /usr/local/python/3.12.1/lib/python3.12/site-packages/pymupdf/libmupdf.so.27.2
7c9523a45000-7c95243e1000 r-xp 00143000 00:2d 1078550                    /usr/local/python/3.12.1/lib/python3.12/site-packages/pymupdf/libmupdf.so.27.2
7c95243e1000-7c95248a8000 r--p 00adf000 00:2d 1078550                    /usr/local/python/3.12.1/lib/python3.12/site-packages/pymupdf/libmupdf.so.27.2
7c95248a8000-7c95248c7000 r--p 00fa6000 00:2d 1078550                    /usr/local/python/3.12.1/lib/python3.12/site-packages/pymupdf/libmupdf.so.27.2
7c95248c7000-7c9525a69000 rw-p 00fc5000 00:2d 1078550                    /usr/local/python/3.12.1/lib/python3.12/site-packages/pymupdf/libmupdf.so.27.2
7c9525a69000-7c9525c76000 rw-p 00000000 00:00 0 
7c9525c7d000-7c9525f53000 rw-p 00000000 00:00 0 
7c9525f53000-7c9525fa1000 r--p 00000000 00:2d 1065088                    /usr/local/python/3.12.1/lib/python3.12/site-packages/lxml/etree.cpython-312-x86_64-linux-gnu.so
7c9525fa1000-7c95262c6000 r-xp 0004e000 00:2d 1065088                    /usr/local/python/3.12.1/lib/python3.12/site-packages/lxml/etree.cpython-312-x86_64-linux-gnu.so
7c95262c6000-7c952644d000 r--p 00373000 00:2d 1065088                    /usr/local/python/3.12.1/lib/python3.12/site-packages/lxml/etree.cpython-312-x86_64-linux-gnu.so
7c952644d000-7c952645c000 r--p 004fa000 00:2d 1065088                    /usr/local/python/3.12.1/lib/python3.12/site-packages/lxml/etree.cpython-312-x86_64-linux-gnu.so
7c952645c000-7c9526478000 rw-p 00509000 00:2d 1065088                    /usr/local/python/3.12.1/lib/python3.12/site-packages/lxml/etree.cpython-312-x86_64-linux-gnu.so
7c9526478000-7c9526681000 rw-p 00000000 00:00 0 
7c9526681000-7c9526684000 r--p 00000000 00:2d 830487                     /usr/local/python/3.12.1/lib/python3.12/lib-dynload/_multibytecodec.cpython-312-x86_64-linux-gnu.so
7c9526684000-7c952668a000 r-xp 00003000 00:2d 830487                     /usr/local/python/3.12.1/lib/python3.12/lib-dynload/_multibytecodec.cpython-312-x86_64-linux-gnu.so
7c952668a000-7c952668c000 r--p 00009000 00:2d 830487                     /usr/local/python/3.12.1/lib/python3.12/lib-dynload/_multibytecodec.cpython-312-x86_64-linux-gnu.so
7c952668c000-7c952668d000 r--p 0000a000 00:2d 830487                     /usr/local/python/3.12.1/lib/python3.12/lib-dynload/_multibytecodec.cpython-312-x86_64-linux-gnu.so
7c952668d000-7c952668e000 rw-p 0000b000 00:2d 830487                     /usr/local/python/3.12.1/lib/python3.12/lib-dynload/_multibytecodec.cpython-312-x86_64-linux-gnu.so
7c952668e000-7c952669c000 r--p 00000000 00:2d 795733                     /home/codespace/.local/lib/python3.12/site-packages/charset_normalizer/md__mypyc.cpython-312-x86_64-linux-gnu.so
7c952669c000-7c95266bc000 r-xp 0000e000 00:2d 795733                     /home/codespace/.local/lib/python3.12/site-packages/charset_normalizer/md__mypyc.cpython-312-x86_64-linux-gnu.so
7c95266bc000-7c95266c6000 r--p 0002e000 00:2d 795733                     /home/codespace/.local/lib/python3.12/site-packages/charset_normalizer/md__mypyc.cpython-312-x86_64-linux-gnu.so
7c95266c6000-7c95266c7000 r--p 00037000 00:2d 795733                     /home/codespace/.local/lib/python3.12/site-packages/charset_normalizer/md__mypyc.cpython-312-x86_64-linux-gnu.so
7c95266c7000-7c95266cb000 rw-p 00038000 00:2d 795733                     /home/codespace/.local/lib/python3.12/site-packages/charset_normalizer/md__mypyc.cpython-312-x86_64-linux-gnu.so
7c95266cb000-7c95267cc000 rw-p 00000000 00:00 0 
7c95267cc000-7c95267d2000 r--p 00000000 00:2d 830525                     /usr/local/python/3.12.1/lib/python3.12/lib-dynload/pyexpat.cpython-312-x86_64-linux-gnu.so
7c95267d2000-7c95267f7000 r-xp 00006000 00:2d 830525                     /usr/local/python/3.12.1/lib/python3.12/lib-dynload/pyexpat.cpython-312-x86_64-linux-gnu.so
7c95267f7000-7c9526802000 r--p 0002b000 00:2d 830525                     /usr/local/python/3.12.1/lib/python3.12/lib-dynload/pyexpat.cpython-312-x86_64-linux-gnu.so
7c9526802000-7c9526805000 r--p 00035000 00:2d 830525                     /usr/local/python/3.12.1/lib/python3.12/lib-dynload/pyexpat.cpython-312-x86_64-linux-gnu.so
7c9526805000-7c9526807000 rw-p 00038000 00:2d 830525                     /usr/local/python/3.12.1/lib/python3.12/lib-dynload/pyexpat.cpython-312-x86_64-linux-gnu.so
7c9526807000-7c952680b000 r--p 00000000 00:2d 830479                     /usr/local/python/3.12.1/lib/python3.12/lib-dynload/_elementtree.cpython-312-x86_64-linux-gnu.so
7c952680b000-7c9526817000 r-xp 00004000 00:2d 830479                     /usr/local/python/3.12.1/lib/python3.12/lib-dynload/_elementtree.cpython-312-x86_64-linux-gnu.so
7c9526817000-7c952681a000 r--p 00010000 00:2d 830479                     /usr/local/python/3.12.1/lib/python3.12/lib-dynload/_elementtree.cpython-312-x86_64-linux-gnu.so
7c952681a000-7c952681b000 r--p 00012000 00:2d 830479                     /usr/local/python/3.12.1/lib/python3.12/lib-dynload/_elementtree.cpython-312-x86_64-linux-gnu.so
7c952681b000-7c952681d000 rw-p 00013000 00:2d 830479                     /usr/local/python/3.12.1/lib/python3.12/lib-dynload/_elementtree.cpython-312-x86_64-linux-gnu.so
7c952681d000-7c9526c1d000 rw-p 00000000 00:00 0 
7c9526c1d000-7c9526c1f000 r--p 00000000 00:2d 394126                     /usr/lib/x86_64-linux-gnu/libffi.so.8.1.4
7c9526c1f000-7c9526c26000 r-xp 00002000 00:2d 394126                     /usr/lib/x86_64-linux-gnu/libffi.so.8.1.4
7c9526c26000-7c9526c27000 r--p 00009000 00:2d 394126                     /usr/lib/x86_64-linux-gnu/libffi.so.8.1.4
7c9526c27000-7c9526c28000 r--p 0000a000 00:2d 394126                     /usr/lib/x86_64-linux-gnu/libffi.so.8.1.4
7c9526c28000-7c9526c29000 rw-p 0000b000 00:2d 394126                     /usr/lib/x86_64-linux-gnu/libffi.so.8.1.4
7c9526c29000-7c9526c2f000 r--p 00000000 00:2d 830473                     /usr/local/python/3.12.1/lib/python3.12/lib-dynload/_ctypes.cpython-312-x86_64-linux-gnu.so
7c9526c2f000-7c9526c41000 r-xp 00006000 00:2d 830473                     /usr/local/python/3.12.1/lib/python3.12/lib-dynload/_ctypes.cpython-312-x86_64-linux-gnu.so
7c9526c41000-7c9526c47000 r--p 00018000 00:2d 830473                     /usr/local/python/3.12.1/lib/python3.12/lib-dynload/_ctypes.cpython-312-x86_64-linux-gnu.so
7c9526c47000-7c9526c48000 r--p 0001d000 00:2d 830473                     /usr/local/python/3.12.1/lib/python3.12/lib-dynload/_ctypes.cpython-312-x86_64-linux-gnu.so
7c9526c48000-7c9526c4c000 rw-p 0001e000 00:2d 830473                     /usr/local/python/3.12.1/lib/python3.12/lib-dynload/_ctypes.cpython-312-x86_64-linux-gnu.so
7c9526c4c000-7c9526d4c000 rw-p 00000000 00:00 0 
7c9526d4c000-7c9526d87000 r--p 00000000 00:2d 1065257                    /usr/local/python/3.12.1/lib/python3.12/site-packages/_jpype.cpython-312-x86_64-linux-gnu.so
7c9526d87000-7c9526ddb000 r-xp 0003b000 00:2d 1065257                    /usr/local/python/3.12.1/lib/python3.12/site-packages/_jpype.cpython-312-x86_64-linux-gnu.so
7c9526ddb000-7c9526e03000 r--p 0008f000 00:2d 1065257                    /usr/local/python/3.12.1/lib/python3.12/site-packages/_jpype.cpython-312-x86_64-linux-gnu.so
7c9526e03000-7c9526e04000 ---p 000b7000 00:2d 1065257                    /usr/local/python/3.12.1/lib/python3.12/site-packages/_jpype.cpython-312-x86_64-linux-gnu.so
7c9526e04000-7c9526e08000 r--p 000b7000 00:2d 1065257                    /usr/local/python/3.12.1/lib/python3.12/site-packages/_jpype.cpython-312-x86_64-linux-gnu.so
7c9526e08000-7c9526e0c000 rw-p 000bb000 00:2d 1065257                    /usr/local/python/3.12.1/lib/python3.12/site-packages/_jpype.cpython-312-x86_64-linux-gnu.so
7c9526e0c000-7c9526f0c000 rw-p 00000000 00:00 0 
7c9526f0c000-7c9526f11000 r--p 00000000 00:2d 1062218                    /usr/local/python/3.12.1/lib/python3.12/site-packages/frozenlist/_frozenlist.cpython-312-x86_64-linux-gnu.so
7c9526f11000-7c9526f1e000 r-xp 00005000 00:2d 1062218                    /usr/local/python/3.12.1/lib/python3.12/site-packages/frozenlist/_frozenlist.cpython-312-x86_64-linux-gnu.so
7c9526f1e000-7c9526f22000 r--p 00012000 00:2d 1062218                    /usr/local/python/3.12.1/lib/python3.12/site-packages/frozenlist/_frozenlist.cpython-312-x86_64-linux-gnu.so
7c9526f22000-7c9526f23000 r--p 00015000 00:2d 1062218                    /usr/local/python/3.12.1/lib/python3.12/site-packages/frozenlist/_frozenlist.cpython-312-x86_64-linux-gnu.so
7c9526f23000-7c9526f25000 rw-p 00016000 00:2d 1062218                    /usr/local/python/3.12.1/lib/python3.12/site-packages/frozenlist/_frozenlist.cpython-312-x86_64-linux-gnu.so
7c9526f25000-7c9527025000 rw-p 00000000 00:00 0 
7c9527025000-7c952702b000 r--p 00000000 00:2d 1062364                    /usr/local/python/3.12.1/lib/python3.12/site-packages/aiohttp/_websocket/reader_c.cpython-312-x86_64-linux-gnu.so
7c952702b000-7c952704e000 r-xp 00006000 00:2d 1062364                    /usr/local/python/3.12.1/lib/python3.12/site-packages/aiohttp/_websocket/reader_c.cpython-312-x86_64-linux-gnu.so
7c952704e000-7c9527055000 r--p 00029000 00:2d 1062364                    /usr/local/python/3.12.1/lib/python3.12/site-packages/aiohttp/_websocket/reader_c.cpython-312-x86_64-linux-gnu.so
7c9527055000-7c9527057000 r--p 0002f000 00:2d 1062364                    /usr/local/python/3.12.1/lib/python3.12/site-packages/aiohttp/_websocket/reader_c.cpython-312-x86_64-linux-gnu.so
7c9527057000-7c9527059000 rw-p 00031000 00:2d 1062364                    /usr/local/python/3.12.1/lib/python3.12/site-packages/aiohttp/_websocket/reader_c.cpython-312-x86_64-linux-gnu.so
7c9527059000-7c952705a000 rw-p 00000000 00:00 0 
7c952705a000-7c952705d000 r--p 00000000 00:2d 1062359                    /usr/local/python/3.12.1/lib/python3.12/site-packages/aiohttp/_websocket/mask.cpython-312-x86_64-linux-gnu.so
7c952705d000-7c9527062000 r-xp 00003000 00:2d 1062359                    /usr/local/python/3.12.1/lib/python3.12/site-packages/aiohttp/_websocket/mask.cpython-312-x86_64-linux-gnu.so
7c9527062000-7c9527064000 r--p 00008000 00:2d 1062359                    /usr/local/python/3.12.1/lib/python3.12/site-packages/aiohttp/_websocket/mask.cpython-312-x86_64-linux-gnu.so
7c9527064000-7c9527065000 r--p 00009000 00:2d 1062359                    /usr/local/python/3.12.1/lib/python3.12/site-packages/aiohttp/_websocket/mask.cpython-312-x86_64-linux-gnu.so
7c9527065000-7c9527066000 rw-p 0000a000 00:2d 1062359                    /usr/local/python/3.12.1/lib/python3.12/site-packages/aiohttp/_websocket/mask.cpython-312-x86_64-linux-gnu.so
7c9527066000-7c9527070000 r--p 00000000 00:2d 1062299                    /usr/local/python/3.12.1/lib/python3.12/site-packages/aiohttp/_http_parser.cpython-312-x86_64-linux-gnu.so
7c9527070000-7c95270c6000 r-xp 0000a000 00:2d 1062299                    /usr/local/python/3.12.1/lib/python3.12/site-packages/aiohttp/_http_parser.cpython-312-x86_64-linux-gnu.so
7c95270c6000-7c95270d2000 r--p 00060000 00:2d 1062299                    /usr/local/python/3.12.1/lib/python3.12/site-packages/aiohttp/_http_parser.cpython-312-x86_64-linux-gnu.so
7c95270d2000-7c95270d4000 r--p 0006c000 00:2d 1062299                    /usr/local/python/3.12.1/lib/python3.12/site-packages/aiohttp/_http_parser.cpython-312-x86_64-linux-gnu.so
7c95270d4000-7c95270d7000 rw-p 0006e000 00:2d 1062299                    /usr/local/python/3.12.1/lib/python3.12/site-packages/aiohttp/_http_parser.cpython-312-x86_64-linux-gnu.so
7c95270d7000-7c95270d9000 rw-p 00000000 00:00 0 
7c95270d9000-7c95270dc000 r--p 00000000 00:2d 1062301                    /usr/local/python/3.12.1/lib/python3.12/site-packages/aiohttp/_http_writer.cpython-312-x86_64-linux-gnu.so
7c95270dc000-7c95270e4000 r-xp 00003000 00:2d 1062301                    /usr/local/python/3.12.1/lib/python3.12/site-packages/aiohttp/_http_writer.cpython-312-x86_64-linux-gnu.so
7c95270e4000-7c95270e6000 r--p 0000b000 00:2d 1062301                    /usr/local/python/3.12.1/lib/python3.12/site-packages/aiohttp/_http_writer.cpython-312-x86_64-linux-gnu.so
7c95270e6000-7c95270e7000 r--p 0000c000 00:2d 1062301                    /usr/local/python/3.12.1/lib/python3.12/site-packages/aiohttp/_http_writer.cpython-312-x86_64-linux-gnu.so
7c95270e7000-7c95270e8000 rw-p 0000d000 00:2d 1062301                    /usr/local/python/3.12.1/lib/python3.12/site-packages/aiohttp/_http_writer.cpython-312-x86_64-linux-gnu.so
7c95270e8000-7c95271e8000 rw-p 00000000 00:00 0 
7c95271e8000-7c95271ec000 r--p 00000000 00:2d 1062176                    /usr/local/python/3.12.1/lib/python3.12/site-packages/propcache/_helpers_c.cpython-312-x86_64-linux-gnu.so
7c95271ec000-7c95271f8000 r-xp 00004000 00:2d 1062176                    /usr/local/python/3.12.1/lib/python3.12/site-packages/propcache/_helpers_c.cpython-312-x86_64-linux-gnu.so
7c95271f8000-7c95271fc000 r--p 00010000 00:2d 1062176                    /usr/local/python/3.12.1/lib/python3.12/site-packages/propcache/_helpers_c.cpython-312-x86_64-linux-gnu.so
7c95271fc000-7c95271fd000 r--p 00013000 00:2d 1062176                    /usr/local/python/3.12.1/lib/python3.12/site-packages/propcache/_helpers_c.cpython-312-x86_64-linux-gnu.so
7c95271fd000-7c95271fe000 rw-p 00014000 00:2d 1062176                    /usr/local/python/3.12.1/lib/python3.12/site-packages/propcache/_helpers_c.cpython-312-x86_64-linux-gnu.so
7c95271fe000-7c95271ff000 rw-p 00000000 00:00 0 
7c95271ff000-7c9527202000 r--p 00000000 00:2d 830532                     /usr/local/python/3.12.1/lib/python3.12/lib-dynload/unicodedata.cpython-312-x86_64-linux-gnu.so
7c9527202000-7c9527207000 r-xp 00003000 00:2d 830532                     /usr/local/python/3.12.1/lib/python3.12/lib-dynload/unicodedata.cpython-312-x86_64-linux-gnu.so
7c9527207000-7c9527313000 r--p 00008000 00:2d 830532                     /usr/local/python/3.12.1/lib/python3.12/lib-dynload/unicodedata.cpython-312-x86_64-linux-gnu.so
7c9527313000-7c9527314000 r--p 00113000 00:2d 830532                     /usr/local/python/3.12.1/lib/python3.12/lib-dynload/unicodedata.cpython-312-x86_64-linux-gnu.so
7c9527314000-7c9527315000 rw-p 00114000 00:2d 830532                     /usr/local/python/3.12.1/lib/python3.12/lib-dynload/unicodedata.cpython-312-x86_64-linux-gnu.so
7c9527315000-7c9527415000 rw-p 00000000 00:00 0 
7c9527415000-7c9527435000 r--p 00000000 00:2d 412047                     /usr/lib/x86_64-linux-gnu/libsqlite3.so.0.8.6
7c9527435000-7c9527540000 r-xp 00020000 00:2d 412047                     /usr/lib/x86_64-linux-gnu/libsqlite3.so.0.8.6
7c9527540000-7c9527574000 r--p 0012b000 00:2d 412047                     /usr/lib/x86_64-linux-gnu/libsqlite3.so.0.8.6
7c9527574000-7c9527578000 r--p 0015e000 00:2d 412047                     /usr/lib/x86_64-linux-gnu/libsqlite3.so.0.8.6
7c9527578000-7c952757c000 rw-p 00162000 00:2d 412047                     /usr/lib/x86_64-linux-gnu/libsqlite3.so.0.8.6
7c952757c000-7c9527e7d000 rw-p 00000000 00:00 0 
7c9527e7d000-7c9527e84000 r-xp 00000000 00:2d 681575                     /usr/local/sdkman/candidates/java/25.0.1-ms/lib/libzip.so
7c9527e84000-7c9527e85000 ---p 00007000 00:2d 681575                     /usr/local/sdkman/candidates/java/25.0.1-ms/lib/libzip.so
7c9527e85000-7c9527e86000 r--p 00007000 00:2d 681575                     /usr/local/sdkman/candidates/java/25.0.1-ms/lib/libzip.so
7c9527e86000-7c9527e87000 rw-p 00008000 00:2d 681575                     /usr/local/sdkman/candidates/java/25.0.1-ms/lib/libzip.so
7c9527e87000-7c9527e9b000 r-xp 00000000 00:2d 681566                     /usr/local/sdkman/candidates/java/25.0.1-ms/lib/libnio.so
7c9527e9b000-7c9527e9c000 r--p 00013000 00:2d 681566                     /usr/local/sdkman/candidates/java/25.0.1-ms/lib/libnio.so
7c9527e9c000-7c9527e9d000 rw-p 00014000 00:2d 681566                     /usr/local/sdkman/candidates/java/25.0.1-ms/lib/libnio.so
7c9527e9d000-7c9527ea2000 rw-p 00000000 00:00 0 
7c9527ea2000-7c9527ea9000 ---p 00000000 00:00 0 
7c9527ea9000-7c9527ec9000 r-xp 00000000 00:2d 681551                     /usr/local/sdkman/candidates/java/25.0.1-ms/lib/libjava.so
7c9527ec9000-7c9527eca000 r--p 0001f000 00:2d 681551                     /usr/local/sdkman/candidates/java/25.0.1-ms/lib/libjava.so
7c9527eca000-7c9527ecb000 rw-p 00020000 00:2d 681551                     /usr/local/sdkman/candidates/java/25.0.1-ms/lib/libjava.so
7c9527ecb000-7c9527ecc000 rw-p 00000000 00:00 0 
7c9527ecc000-7c9527ed4000 rw-s 00000000 08:11 917569                     /tmp/hsperfdata_codespace/33092
7c9527ed4000-7c9527eef000 r-xp 00000000 00:2d 681555                     /usr/local/sdkman/candidates/java/25.0.1-ms/lib/libjimage.so
7c9527eef000-7c9527ef0000 ---p 0001b000 00:2d 681555                     /usr/local/sdkman/candidates/java/25.0.1-ms/lib/libjimage.so
7c9527ef0000-7c9527ef2000 r--p 0001b000 00:2d 681555                     /usr/local/sdkman/candidates/java/25.0.1-ms/lib/libjimage.so
7c9527ef2000-7c9527ef3000 rw-p 0001d000 00:2d 681555                     /usr/local/sdkman/candidates/java/25.0.1-ms/lib/libjimage.so
7c9527ef3000-7c9527ef4000 r--p 00000000 00:2d 394211                     /usr/lib/x86_64-linux-gnu/libutil.so.1
7c9527ef4000-7c9527ef5000 r-xp 00001000 00:2d 394211                     /usr/lib/x86_64-linux-gnu/libutil.so.1
7c9527ef5000-7c9527ef6000 r--p 00002000 00:2d 394211                     /usr/lib/x86_64-linux-gnu/libutil.so.1
7c9527ef6000-7c9527ef7000 r--p 00002000 00:2d 394211                     /usr/lib/x86_64-linux-gnu/libutil.so.1
7c9527ef7000-7c9527ef8000 rw-p 00003000 00:2d 394211                     /usr/lib/x86_64-linux-gnu/libutil.so.1
7c9527efd000-7c9527efe000 r--p 00000000 00:00 0 
7c9527efe000-7c9527eff000 r--p 00000000 00:2d 393777                     /usr/lib/locale/C.utf8/LC_NUMERIC
7c9527eff000-7c9527f0a000 r--p 00000000 00:2d 1078542                    /usr/local/python/3.12.1/lib/python3.12/site-packages/pymupdf/_extra.so
7c9527f0a000-7c9527f23000 r-xp 0000b000 00:2d 1078542                    /usr/local/python/3.12.1/lib/python3.12/site-packages/pymupdf/_extra.so
7c9527f23000-7c9527f2e000 r--p 00024000 00:2d 1078542                    /usr/local/python/3.12.1/lib/python3.12/site-packages/pymupdf/_extra.so
7c9527f2e000-7c9527f2f000 r--p 0002e000 00:2d 1078542                    /usr/local/python/3.12.1/lib/python3.12/site-packages/pymupdf/_extra.so
7c9527f2f000-7c9527f32000 rw-p 0002f000 00:2d 1078542                    /usr/local/python/3.12.1/lib/python3.12/site-packages/pymupdf/_extra.so
7c9527f32000-7c9527f38000 r--p 00000000 00:2d 1065076                    /usr/local/python/3.12.1/lib/python3.12/site-packages/lxml/_elementpath.cpython-312-x86_64-linux-gnu.so
7c9527f38000-7c9527f5c000 r-xp 00006000 00:2d 1065076                    /usr/local/python/3.12.1/lib/python3.12/site-packages/lxml/_elementpath.cpython-312-x86_64-linux-gnu.so
7c9527f5c000-7c9527f63000 r--p 0002a000 00:2d 1065076                    /usr/local/python/3.12.1/lib/python3.12/site-packages/lxml/_elementpath.cpython-312-x86_64-linux-gnu.so
7c9527f63000-7c9527f64000 r--p 00031000 00:2d 1065076                    /usr/local/python/3.12.1/lib/python3.12/site-packages/lxml/_elementpath.cpython-312-x86_64-linux-gnu.so
7c9527f64000-7c9527f67000 rw-p 00032000 00:2d 1065076                    /usr/local/python/3.12.1/lib/python3.12/site-packages/lxml/_elementpath.cpython-312-x86_64-linux-gnu.so
7c9527f67000-7c9528068000 rw-p 00000000 00:00 0 
7c9528068000-7c9528105000 r--p 00000000 00:2d 394197                     /usr/lib/x86_64-linux-gnu/libstdc++.so.6.0.33
7c9528105000-7c952824d000 r-xp 0009d000 00:2d 394197                     /usr/lib/x86_64-linux-gnu/libstdc++.so.6.0.33
7c952824d000-7c95282d4000 r--p 001e5000 00:2d 394197                     /usr/lib/x86_64-linux-gnu/libstdc++.so.6.0.33
7c95282d4000-7c95282df000 r--p 0026b000 00:2d 394197                     /usr/lib/x86_64-linux-gnu/libstdc++.so.6.0.33
7c95282df000-7c95282e2000 rw-p 00276000 00:2d 394197                     /usr/lib/x86_64-linux-gnu/libstdc++.so.6.0.33
7c95282e2000-7c95282e6000 rw-p 00000000 00:00 0 
7c95282e6000-7c95282ef000 r--p 00000000 00:2d 1062870                    /usr/local/python/3.12.1/lib/python3.12/site-packages/greenlet/_greenlet.cpython-312-x86_64-linux-gnu.so
7c95282ef000-7c95282ff000 r-xp 00009000 00:2d 1062870                    /usr/local/python/3.12.1/lib/python3.12/site-packages/greenlet/_greenlet.cpython-312-x86_64-linux-gnu.so
7c95282ff000-7c9528305000 r--p 00019000 00:2d 1062870                    /usr/local/python/3.12.1/lib/python3.12/site-packages/greenlet/_greenlet.cpython-312-x86_64-linux-gnu.so
7c9528305000-7c9528306000 r--p 0001f000 00:2d 1062870                    /usr/local/python/3.12.1/lib/python3.12/site-packages/greenlet/_greenlet.cpython-312-x86_64-linux-gnu.so
7c9528306000-7c9528307000 rw-p 00020000 00:2d 1062870                    /usr/local/python/3.12.1/lib/python3.12/site-packages/greenlet/_greenlet.cpython-312-x86_64-linux-gnu.so
7c9528307000-7c952830b000 r--p 00000000 00:2d 1065900                    /usr/local/python/3.12.1/lib/python3.12/site-packages/sqlalchemy/cyextension/util.cpython-312-x86_64-linux-gnu.so
7c952830b000-7c952831b000 r-xp 00004000 00:2d 1065900                    /usr/local/python/3.12.1/lib/python3.12/site-packages/sqlalchemy/cyextension/util.cpython-312-x86_64-linux-gnu.so
7c952831b000-7c952831e000 r--p 00014000 00:2d 1065900                    /usr/local/python/3.12.1/lib/python3.12/site-packages/sqlalchemy/cyextension/util.cpython-312-x86_64-linux-gnu.so
7c952831e000-7c952831f000 r--p 00017000 00:2d 1065900                    /usr/local/python/3.12.1/lib/python3.12/site-packages/sqlalchemy/cyextension/util.cpython-312-x86_64-linux-gnu.so
7c952831f000-7c9528320000 rw-p 00018000 00:2d 1065900                    /usr/local/python/3.12.1/lib/python3.12/site-packages/sqlalchemy/cyextension/util.cpython-312-x86_64-linux-gnu.so
7c9528320000-7c9528321000 rw-p 00000000 00:00 0 
7c9528321000-7c9528325000 r--p 00000000 00:2d 1065898                    /usr/local/python/3.12.1/lib/python3.12/site-packages/sqlalchemy/cyextension/resultproxy.cpython-312-x86_64-linux-gnu.so
7c9528325000-7c9528330000 r-xp 00004000 00:2d 1065898                    /usr/local/python/3.12.1/lib/python3.12/site-packages/sqlalchemy/cyextension/resultproxy.cpython-312-x86_64-linux-gnu.so
7c9528330000-7c9528333000 r--p 0000f000 00:2d 1065898                    /usr/local/python/3.12.1/lib/python3.12/site-packages/sqlalchemy/cyextension/resultproxy.cpython-312-x86_64-linux-gnu.so
7c9528333000-7c9528334000 r--p 00011000 00:2d 1065898                    /usr/local/python/3.12.1/lib/python3.12/site-packages/sqlalchemy/cyextension/resultproxy.cpython-312-x86_64-linux-gnu.so
7c9528334000-7c9528335000 rw-p 00012000 00:2d 1065898                    /usr/local/python/3.12.1/lib/python3.12/site-packages/sqlalchemy/cyextension/resultproxy.cpython-312-x86_64-linux-gnu.so
7c9528335000-7c9528336000 rw-p 00000000 00:00 0 
7c9528336000-7c952833a000 r--p 00000000 00:2d 1065896                    /usr/local/python/3.12.1/lib/python3.12/site-packages/sqlalchemy/cyextension/processors.cpython-312-x86_64-linux-gnu.so
7c952833a000-7c9528345000 r-xp 00004000 00:2d 1065896                    /usr/local/python/3.12.1/lib/python3.12/site-packages/sqlalchemy/cyextension/processors.cpython-312-x86_64-linux-gnu.so
7c9528345000-7c9528348000 r--p 0000f000 00:2d 1065896                    /usr/local/python/3.12.1/lib/python3.12/site-packages/sqlalchemy/cyextension/processors.cpython-312-x86_64-linux-gnu.so
7c9528348000-7c9528349000 r--p 00011000 00:2d 1065896                    /usr/local/python/3.12.1/lib/python3.12/site-packages/sqlalchemy/cyextension/processors.cpython-312-x86_64-linux-gnu.so
7c9528349000-7c952834a000 rw-p 00012000 00:2d 1065896                    /usr/local/python/3.12.1/lib/python3.12/site-packages/sqlalchemy/cyextension/processors.cpython-312-x86_64-linux-gnu.so
7c952834a000-7c952834b000 rw-p 00000000 00:00 0 
7c952834b000-7c952834f000 r--p 00000000 00:2d 1065893                    /usr/local/python/3.12.1/lib/python3.12/site-packages/sqlalchemy/cyextension/immutabledict.cpython-312-x86_64-linux-gnu.so
7c952834f000-7c952835e000 r-xp 00004000 00:2d 1065893                    /usr/local/python/3.12.1/lib/python3.12/site-packages/sqlalchemy/cyextension/immutabledict.cpython-312-x86_64-linux-gnu.so
7c952835e000-7c9528361000 r--p 00013000 00:2d 1065893                    /usr/local/python/3.12.1/lib/python3.12/site-packages/sqlalchemy/cyextension/immutabledict.cpython-312-x86_64-linux-gnu.so
7c9528361000-7c9528362000 r--p 00015000 00:2d 1065893                    /usr/local/python/3.12.1/lib/python3.12/site-packages/sqlalchemy/cyextension/immutabledict.cpython-312-x86_64-linux-gnu.so
7c9528362000-7c9528364000 rw-p 00016000 00:2d 1065893                    /usr/local/python/3.12.1/lib/python3.12/site-packages/sqlalchemy/cyextension/immutabledict.cpython-312-x86_64-linux-gnu.so
7c9528364000-7c952836a000 r--p 00000000 00:2d 1065891                    /usr/local/python/3.12.1/lib/python3.12/site-packages/sqlalchemy/cyextension/collections.cpython-312-x86_64-linux-gnu.so
7c952836a000-7c9528390000 r-xp 00006000 00:2d 1065891                    /usr/local/python/3.12.1/lib/python3.12/site-packages/sqlalchemy/cyextension/collections.cpython-312-x86_64-linux-gnu.so
7c9528390000-7c9528398000 r--p 0002c000 00:2d 1065891                    /usr/local/python/3.12.1/lib/python3.12/site-packages/sqlalchemy/cyextension/collections.cpython-312-x86_64-linux-gnu.so
7c9528398000-7c9528399000 r--p 00033000 00:2d 1065891                    /usr/local/python/3.12.1/lib/python3.12/site-packages/sqlalchemy/cyextension/collections.cpython-312-x86_64-linux-gnu.so
7c9528399000-7c952839c000 rw-p 00034000 00:2d 1065891                    /usr/local/python/3.12.1/lib/python3.12/site-packages/sqlalchemy/cyextension/collections.cpython-312-x86_64-linux-gnu.so
7c952839c000-7c952859c000 rw-p 00000000 00:00 0 
7c952859c000-7c952859e000 r--p 00000000 00:2d 830462                     /usr/local/python/3.12.1/lib/python3.12/lib-dynload/_blake2.cpython-312-x86_64-linux-gnu.so
7c952859e000-7c95285a5000 r-xp 00002000 00:2d 830462                     /usr/local/python/3.12.1/lib/python3.12/lib-dynload/_blake2.cpython-312-x86_64-linux-gnu.so
7c95285a5000-7c95285a7000 r--p 00009000 00:2d 830462                     /usr/local/python/3.12.1/lib/python3.12/lib-dynload/_blake2.cpython-312-x86_64-linux-gnu.so
7c95285a7000-7c95285a8000 r--p 0000a000 00:2d 830462                     /usr/local/python/3.12.1/lib/python3.12/lib-dynload/_blake2.cpython-312-x86_64-linux-gnu.so
7c95285a8000-7c95285a9000 rw-p 0000b000 00:2d 830462                     /usr/local/python/3.12.1/lib/python3.12/lib-dynload/_blake2.cpython-312-x86_64-linux-gnu.so
7c95285a9000-7c95285ad000 r--p 00000000 00:2d 830481                     /usr/local/python/3.12.1/lib/python3.12/lib-dynload/_hashlib.cpython-312-x86_64-linux-gnu.so
7c95285ad000-7c95285b3000 r-xp 00004000 00:2d 830481                     /usr/local/python/3.12.1/lib/python3.12/lib-dynload/_hashlib.cpython-312-x86_64-linux-gnu.so
7c95285b3000-7c95285b7000 r--p 0000a000 00:2d 830481                     /usr/local/python/3.12.1/lib/python3.12/lib-dynload/_hashlib.cpython-312-x86_64-linux-gnu.so
7c95285b7000-7c95285b8000 r--p 0000d000 00:2d 830481                     /usr/local/python/3.12.1/lib/python3.12/lib-dynload/_hashlib.cpython-312-x86_64-linux-gnu.so
7c95285b8000-7c95285ba000 rw-p 0000e000 00:2d 830481                     /usr/local/python/3.12.1/lib/python3.12/lib-dynload/_hashlib.cpython-312-x86_64-linux-gnu.so
7c95285ba000-7c95287ba000 rw-p 00000000 00:00 0 
7c95287ba000-7c95287bc000 r--p 00000000 00:2d 830472                     /usr/local/python/3.12.1/lib/python3.12/lib-dynload/_csv.cpython-312-x86_64-linux-gnu.so
7c95287bc000-7c95287c0000 r-xp 00002000 00:2d 830472                     /usr/local/python/3.12.1/lib/python3.12/lib-dynload/_csv.cpython-312-x86_64-linux-gnu.so
7c95287c0000-7c95287c3000 r--p 00006000 00:2d 830472                     /usr/local/python/3.12.1/lib/python3.12/lib-dynload/_csv.cpython-312-x86_64-linux-gnu.so
7c95287c3000-7c95287c4000 r--p 00008000 00:2d 830472                     /usr/local/python/3.12.1/lib/python3.12/lib-dynload/_csv.cpython-312-x86_64-linux-gnu.so
7c95287c4000-7c95287c5000 rw-p 00009000 00:2d 830472                     /usr/local/python/3.12.1/lib/python3.12/lib-dynload/_csv.cpython-312-x86_64-linux-gnu.so
7c95287c5000-7c95288c5000 rw-p 00000000 00:00 0 
7c95288c5000-7c95288c7000 r--p 00000000 00:2d 830515                     /usr/local/python/3.12.1/lib/python3.12/lib-dynload/_zoneinfo.cpython-312-x86_64-linux-gnu.so
7c95288c7000-7c95288cc000 r-xp 00002000 00:2d 830515                     /usr/local/python/3.12.1/lib/python3.12/lib-dynload/_zoneinfo.cpython-312-x86_64-linux-gnu.so
7c95288cc000-7c95288ce000 r--p 00007000 00:2d 830515                     /usr/local/python/3.12.1/lib/python3.12/lib-dynload/_zoneinfo.cpython-312-x86_64-linux-gnu.so
7c95288ce000-7c95288cf000 r--p 00008000 00:2d 830515                     /usr/local/python/3.12.1/lib/python3.12/lib-dynload/_zoneinfo.cpython-312-x86_64-linux-gnu.so
7c95288cf000-7c95288d0000 rw-p 00009000 00:2d 830515                     /usr/local/python/3.12.1/lib/python3.12/lib-dynload/_zoneinfo.cpython-312-x86_64-linux-gnu.so
7c95288d0000-7c95288d2000 r--p 00000000 00:2d 394213                     /usr/lib/x86_64-linux-gnu/libuuid.so.1.3.0
7c95288d2000-7c95288d7000 r-xp 00002000 00:2d 394213                     /usr/lib/x86_64-linux-gnu/libuuid.so.1.3.0
7c95288d7000-7c95288d8000 r--p 00007000 00:2d 394213                     /usr/lib/x86_64-linux-gnu/libuuid.so.1.3.0
7c95288d8000-7c95288d9000 r--p 00007000 00:2d 394213                     /usr/lib/x86_64-linux-gnu/libuuid.so.1.3.0
7c95288d9000-7c95288da000 rw-p 00008000 00:2d 394213                     /usr/lib/x86_64-linux-gnu/libuuid.so.1.3.0
7c95288da000-7c95288db000 r--p 00000000 00:2d 393780                     /usr/lib/locale/C.utf8/LC_TIME
7c95288db000-7c95288dc000 r--p 00000000 00:2d 393769                     /usr/lib/locale/C.utf8/LC_COLLATE
7c95288dc000-7c95288dd000 r--p 00000000 00:2d 795731                     /home/codespace/.local/lib/python3.12/site-packages/charset_normalizer/md.cpython-312-x86_64-linux-gnu.so
7c95288dd000-7c95288de000 r-xp 00001000 00:2d 795731                     /home/codespace/.local/lib/python3.12/site-packages/charset_normalizer/md.cpython-312-x86_64-linux-gnu.so
7c95288de000-7c95288df000 r--p 00002000 00:2d 795731                     /home/codespace/.local/lib/python3.12/site-packages/charset_normalizer/md.cpython-312-x86_64-linux-gnu.so
7c95288df000-7c95288e0000 r--p 00002000 00:2d 795731                     /home/codespace/.local/lib/python3.12/site-packages/charset_normalizer/md.cpython-312-x86_64-linux-gnu.so
7c95288e0000-7c95288e1000 rw-p 00003000 00:2d 795731                     /home/codespace/.local/lib/python3.12/site-packages/charset_normalizer/md.cpython-312-x86_64-linux-gnu.so
7c95288e1000-7c9528ae1000 rw-p 00000000 00:00 0 
7c9528ae1000-7c9528ae8000 r--p 00000000 00:2d 830478                     /usr/local/python/3.12.1/lib/python3.12/lib-dynload/_decimal.cpython-312-x86_64-linux-gnu.so
7c9528ae8000-7c9528b30000 r-xp 00007000 00:2d 830478                     /usr/local/python/3.12.1/lib/python3.12/lib-dynload/_decimal.cpython-312-x86_64-linux-gnu.so
7c9528b30000-7c9528b40000 r--p 0004f000 00:2d 830478                     /usr/local/python/3.12.1/lib/python3.12/lib-dynload/_decimal.cpython-312-x86_64-linux-gnu.so
7c9528b40000-7c9528b41000 r--p 0005f000 00:2d 830478                     /usr/local/python/3.12.1/lib/python3.12/lib-dynload/_decimal.cpython-312-x86_64-linux-gnu.so
7c9528b41000-7c9528b44000 rw-p 00060000 00:2d 830478                     /usr/local/python/3.12.1/lib/python3.12/lib-dynload/_decimal.cpython-312-x86_64-linux-gnu.so
7c9528b44000-7c9528b45000 r--p 00000000 00:2d 394118                     /usr/lib/x86_64-linux-gnu/libdl.so.2
7c9528b45000-7c9528b46000 r-xp 00001000 00:2d 394118                     /usr/lib/x86_64-linux-gnu/libdl.so.2
7c9528b46000-7c9528b47000 r--p 00002000 00:2d 394118                     /usr/lib/x86_64-linux-gnu/libdl.so.2
7c9528b47000-7c9528b48000 r--p 00002000 00:2d 394118                     /usr/lib/x86_64-linux-gnu/libdl.so.2
7c9528b48000-7c9528b49000 rw-p 00003000 00:2d 394118                     /usr/lib/x86_64-linux-gnu/libdl.so.2
7c9528b49000-7c9528b4a000 r--p 00000000 00:2d 394183                     /usr/lib/x86_64-linux-gnu/libpthread.so.0
7c9528b4a000-7c9528b4b000 r-xp 00001000 00:2d 394183                     /usr/lib/x86_64-linux-gnu/libpthread.so.0
7c9528b4b000-7c9528b4c000 r--p 00002000 00:2d 394183                     /usr/lib/x86_64-linux-gnu/libpthread.so.0
7c9528b4c000-7c9528b4d000 r--p 00002000 00:2d 394183                     /usr/lib/x86_64-linux-gnu/libpthread.so.0
7c9528b4d000-7c9528b4e000 rw-p 00003000 00:2d 394183                     /usr/lib/x86_64-linux-gnu/libpthread.so.0
7c9528b4e000-7c9528b4f000 r--p 00000000 00:2d 394185                     /usr/lib/x86_64-linux-gnu/librt.so.1
7c9528b4f000-7c9528b50000 r-xp 00001000 00:2d 394185                     /usr/lib/x86_64-linux-gnu/librt.so.1
7c9528b50000-7c9528b51000 r--p 00002000 00:2d 394185                     /usr/lib/x86_64-linux-gnu/librt.so.1
7c9528b51000-7c9528b52000 r--p 00002000 00:2d 394185                     /usr/lib/x86_64-linux-gnu/librt.so.1
7c9528b52000-7c9528b53000 rw-p 00003000 00:2d 394185                     /usr/lib/x86_64-linux-gnu/librt.so.1
7c9528b53000-7c9528b57000 r--p 00000000 00:2d 394129                     /usr/lib/x86_64-linux-gnu/libgcc_s.so.1
7c9528b57000-7c9528b7b000 r-xp 00004000 00:2d 394129                     /usr/lib/x86_64-linux-gnu/libgcc_s.so.1
7c9528b7b000-7c9528b7f000 r--p 00028000 00:2d 394129                     /usr/lib/x86_64-linux-gnu/libgcc_s.so.1
7c9528b7f000-7c9528b80000 r--p 0002b000 00:2d 394129                     /usr/lib/x86_64-linux-gnu/libgcc_s.so.1
7c9528b80000-7c9528b81000 rw-p 0002c000 00:2d 394129                     /usr/lib/x86_64-linux-gnu/libgcc_s.so.1
7c9528b81000-7c9528cb8000 r--p 00000000 00:2d 1063037                    /usr/local/python/3.12.1/lib/python3.12/site-packages/pydantic_core/_pydantic_core.cpython-312-x86_64-linux-gnu.so
7c9528cb8000-7c9528ff2000 r-xp 00136000 00:2d 1063037                    /usr/local/python/3.12.1/lib/python3.12/site-packages/pydantic_core/_pydantic_core.cpython-312-x86_64-linux-gnu.so
7c9528ff2000-7c9529026000 r--p 0046f000 00:2d 1063037                    /usr/local/python/3.12.1/lib/python3.12/site-packages/pydantic_core/_pydantic_core.cpython-312-x86_64-linux-gnu.so
7c9529026000-7c952902c000 rw-p 004a2000 00:2d 1063037                    /usr/local/python/3.12.1/lib/python3.12/site-packages/pydantic_core/_pydantic_core.cpython-312-x86_64-linux-gnu.so
7c952902c000-7c952922c000 rw-p 00000000 00:00 0 
7c952922c000-7c952922f000 r--p 00000000 00:2d 394145                     /usr/lib/x86_64-linux-gnu/liblzma.so.5.4.5
7c952922f000-7c9529251000 r-xp 00003000 00:2d 394145                     /usr/lib/x86_64-linux-gnu/liblzma.so.5.4.5
7c9529251000-7c952925c000 r--p 00025000 00:2d 394145                     /usr/lib/x86_64-linux-gnu/liblzma.so.5.4.5
7c952925c000-7c952925d000 r--p 00030000 00:2d 394145                     /usr/lib/x86_64-linux-gnu/liblzma.so.5.4.5
7c952925d000-7c952925e000 rw-p 00031000 00:2d 394145                     /usr/lib/x86_64-linux-gnu/liblzma.so.5.4.5
7c952925e000-7c9529261000 r--p 00000000 00:2d 830485                     /usr/local/python/3.12.1/lib/python3.12/lib-dynload/_lzma.cpython-312-x86_64-linux-gnu.so
7c9529261000-7c9529265000 r-xp 00003000 00:2d 830485                     /usr/local/python/3.12.1/lib/python3.12/lib-dynload/_lzma.cpython-312-x86_64-linux-gnu.so
7c9529265000-7c9529268000 r--p 00007000 00:2d 830485                     /usr/local/python/3.12.1/lib/python3.12/lib-dynload/_lzma.cpython-312-x86_64-linux-gnu.so
7c9529268000-7c9529269000 r--p 00009000 00:2d 830485                     /usr/local/python/3.12.1/lib/python3.12/lib-dynload/_lzma.cpython-312-x86_64-linux-gnu.so
7c9529269000-7c952926a000 rw-p 0000a000 00:2d 830485                     /usr/local/python/3.12.1/lib/python3.12/lib-dynload/_lzma.cpython-312-x86_64-linux-gnu.so
7c952926a000-7c952926c000 r--p 00000000 00:2d 394103                     /usr/lib/x86_64-linux-gnu/libbz2.so.1.0.4
7c952926c000-7c952927a000 r-xp 00002000 00:2d 394103                     /usr/lib/x86_64-linux-gnu/libbz2.so.1.0.4
7c952927a000-7c952927c000 r--p 00010000 00:2d 394103                     /usr/lib/x86_64-linux-gnu/libbz2.so.1.0.4
7c952927c000-7c952927d000 r--p 00011000 00:2d 394103                     /usr/lib/x86_64-linux-gnu/libbz2.so.1.0.4
7c952927d000-7c952927e000 rw-p 00012000 00:2d 394103                     /usr/lib/x86_64-linux-gnu/libbz2.so.1.0.4
7c952927e000-7c952927f000 r--p 00000000 00:2d 393775                     /usr/lib/locale/C.utf8/LC_MONETARY
7c952927f000-7c9529280000 r--p 00000000 00:2d 393774                     /usr/lib/locale/C.utf8/LC_MESSAGES/SYS_LC_MESSAGES
7c9529280000-7c9529281000 r--p 00000000 00:2d 830511                     /usr/local/python/3.12.1/lib/python3.12/lib-dynload/_uuid.cpython-312-x86_64-linux-gnu.so
7c9529281000-7c9529282000 r-xp 00001000 00:2d 830511                     /usr/local/python/3.12.1/lib/python3.12/lib-dynload/_uuid.cpython-312-x86_64-linux-gnu.so
7c9529282000-7c9529283000 r--p 00002000 00:2d 830511                     /usr/local/python/3.12.1/lib/python3.12/lib-dynload/_uuid.cpython-312-x86_64-linux-gnu.so
7c9529283000-7c9529284000 r--p 00002000 00:2d 830511                     /usr/local/python/3.12.1/lib/python3.12/lib-dynload/_uuid.cpython-312-x86_64-linux-gnu.so
7c9529284000-7c9529285000 rw-p 00003000 00:2d 830511                     /usr/local/python/3.12.1/lib/python3.12/lib-dynload/_uuid.cpython-312-x86_64-linux-gnu.so
7c9529285000-7c9529287000 r--p 00000000 00:2d 830463                     /usr/local/python/3.12.1/lib/python3.12/lib-dynload/_bz2.cpython-312-x86_64-linux-gnu.so
7c9529287000-7c9529289000 r-xp 00002000 00:2d 830463                     /usr/local/python/3.12.1/lib/python3.12/lib-dynload/_bz2.cpython-312-x86_64-linux-gnu.so
7c9529289000-7c952928a000 r--p 00004000 00:2d 830463                     /usr/local/python/3.12.1/lib/python3.12/lib-dynload/_bz2.cpython-312-x86_64-linux-gnu.so
7c952928a000-7c952928b000 r--p 00005000 00:2d 830463                     /usr/local/python/3.12.1/lib/python3.12/lib-dynload/_bz2.cpython-312-x86_64-linux-gnu.so
7c952928b000-7c952928c000 rw-p 00006000 00:2d 830463                     /usr/local/python/3.12.1/lib/python3.12/lib-dynload/_bz2.cpython-312-x86_64-linux-gnu.so
7c952928c000-7c952938c000 rw-p 00000000 00:00 0 
7c952938c000-7c952938d000 r--p 00000000 00:2d 393778                     /usr/lib/locale/C.utf8/LC_PAPER
7c952938d000-7c952938e000 r--p 00000000 00:2d 393776                     /usr/lib/locale/C.utf8/LC_NAME
7c952938e000-7c952938f000 r--p 00000000 00:2d 393768                     /usr/lib/locale/C.utf8/LC_ADDRESS
7c952938f000-7c9529390000 r--p 00000000 00:2d 393779                     /usr/lib/locale/C.utf8/LC_TELEPHONE
7c9529390000-7c9529392000 r--p 00000000 00:2d 830521                     /usr/local/python/3.12.1/lib/python3.12/lib-dynload/grp.cpython-312-x86_64-linux-gnu.so
7c9529392000-7c9529393000 r-xp 00002000 00:2d 830521                     /usr/local/python/3.12.1/lib/python3.12/lib-dynload/grp.cpython-312-x86_64-linux-gnu.so
7c9529393000-7c9529394000 r--p 00003000 00:2d 830521                     /usr/local/python/3.12.1/lib/python3.12/lib-dynload/grp.cpython-312-x86_64-linux-gnu.so
7c9529394000-7c9529395000 r--p 00003000 00:2d 830521                     /usr/local/python/3.12.1/lib/python3.12/lib-dynload/grp.cpython-312-x86_64-linux-gnu.so
7c9529395000-7c9529396000 rw-p 00004000 00:2d 830521                     /usr/local/python/3.12.1/lib/python3.12/lib-dynload/grp.cpython-312-x86_64-linux-gnu.so
7c9529396000-7c952939a000 r--p 00000000 00:2d 1062257                    /usr/local/python/3.12.1/lib/python3.12/site-packages/yarl/_quoting_c.cpython-312-x86_64-linux-gnu.so
7c952939a000-7c95293af000 r-xp 00004000 00:2d 1062257                    /usr/local/python/3.12.1/lib/python3.12/site-packages/yarl/_quoting_c.cpython-312-x86_64-linux-gnu.so
7c95293af000-7c95293b3000 r--p 00019000 00:2d 1062257                    /usr/local/python/3.12.1/lib/python3.12/site-packages/yarl/_quoting_c.cpython-312-x86_64-linux-gnu.so
7c95293b3000-7c95293b4000 r--p 0001c000 00:2d 1062257                    /usr/local/python/3.12.1/lib/python3.12/site-packages/yarl/_quoting_c.cpython-312-x86_64-linux-gnu.so
7c95293b4000-7c95293b5000 rw-p 0001d000 00:2d 1062257                    /usr/local/python/3.12.1/lib/python3.12/site-packages/yarl/_quoting_c.cpython-312-x86_64-linux-gnu.so
7c95293b5000-7c95293b6000 rw-p 00000000 00:00 0 
7c95293b6000-7c95293ba000 r--p 00000000 00:2d 1062199                    /usr/local/python/3.12.1/lib/python3.12/site-packages/multidict/_multidict.cpython-312-x86_64-linux-gnu.so
7c95293ba000-7c95293cb000 r-xp 00004000 00:2d 1062199                    /usr/local/python/3.12.1/lib/python3.12/site-packages/multidict/_multidict.cpython-312-x86_64-linux-gnu.so
7c95293cb000-7c95293ce000 r--p 00015000 00:2d 1062199                    /usr/local/python/3.12.1/lib/python3.12/site-packages/multidict/_multidict.cpython-312-x86_64-linux-gnu.so
7c95293ce000-7c95293cf000 r--p 00018000 00:2d 1062199                    /usr/local/python/3.12.1/lib/python3.12/site-packages/multidict/_multidict.cpython-312-x86_64-linux-gnu.so
7c95293cf000-7c95293d1000 rw-p 00019000 00:2d 1062199                    /usr/local/python/3.12.1/lib/python3.12/site-packages/multidict/_multidict.cpython-312-x86_64-linux-gnu.so
7c95293d1000-7c95293d8000 r--p 00000000 00:2d 830499                     /usr/local/python/3.12.1/lib/python3.12/lib-dynload/_sqlite3.cpython-312-x86_64-linux-gnu.so
7c95293d8000-7c95293e8000 r-xp 00007000 00:2d 830499                     /usr/local/python/3.12.1/lib/python3.12/lib-dynload/_sqlite3.cpython-312-x86_64-linux-gnu.so
7c95293e8000-7c95293ef000 r--p 00017000 00:2d 830499                     /usr/local/python/3.12.1/lib/python3.12/lib-dynload/_sqlite3.cpython-312-x86_64-linux-gnu.so
7c95293ef000-7c95293f0000 r--p 0001e000 00:2d 830499                     /usr/local/python/3.12.1/lib/python3.12/lib-dynload/_sqlite3.cpython-312-x86_64-linux-gnu.so
7c95293f0000-7c95293f2000 rw-p 0001f000 00:2d 830499                     /usr/local/python/3.12.1/lib/python3.12/lib-dynload/_sqlite3.cpython-312-x86_64-linux-gnu.so
7c95293f2000-7c95293f7000 r--p 00000000 00:2d 830477                     /usr/local/python/3.12.1/lib/python3.12/lib-dynload/_datetime.cpython-312-x86_64-linux-gnu.so
7c95293f7000-7c9529408000 r-xp 00005000 00:2d 830477                     /usr/local/python/3.12.1/lib/python3.12/lib-dynload/_datetime.cpython-312-x86_64-linux-gnu.so
7c9529408000-7c952940d000 r--p 00016000 00:2d 830477                     /usr/local/python/3.12.1/lib/python3.12/lib-dynload/_datetime.cpython-312-x86_64-linux-gnu.so
7c952940d000-7c952940e000 r--p 0001b000 00:2d 830477                     /usr/local/python/3.12.1/lib/python3.12/lib-dynload/_datetime.cpython-312-x86_64-linux-gnu.so
7c952940e000-7c9529411000 rw-p 0001c000 00:2d 830477                     /usr/local/python/3.12.1/lib/python3.12/lib-dynload/_datetime.cpython-312-x86_64-linux-gnu.so
7c9529411000-7c9529611000 rw-p 00000000 00:00 0 
7c9529611000-7c9529613000 r--p 00000000 00:2d 830483                     /usr/local/python/3.12.1/lib/python3.12/lib-dynload/_json.cpython-312-x86_64-linux-gnu.so
7c9529613000-7c9529619000 r-xp 00002000 00:2d 830483                     /usr/local/python/3.12.1/lib/python3.12/lib-dynload/_json.cpython-312-x86_64-linux-gnu.so
7c9529619000-7c952961b000 r--p 00008000 00:2d 830483                     /usr/local/python/3.12.1/lib/python3.12/lib-dynload/_json.cpython-312-x86_64-linux-gnu.so
7c952961b000-7c952961c000 r--p 00009000 00:2d 830483                     /usr/local/python/3.12.1/lib/python3.12/lib-dynload/_json.cpython-312-x86_64-linux-gnu.so
7c952961c000-7c952961d000 rw-p 0000a000 00:2d 830483                     /usr/local/python/3.12.1/lib/python3.12/lib-dynload/_json.cpython-312-x86_64-linux-gnu.so
7c952961d000-7c9529621000 r--p 00000000 00:2d 830460                     /usr/local/python/3.12.1/lib/python3.12/lib-dynload/_asyncio.cpython-312-x86_64-linux-gnu.so
7c9529621000-7c952962a000 r-xp 00004000 00:2d 830460                     /usr/local/python/3.12.1/lib/python3.12/lib-dynload/_asyncio.cpython-312-x86_64-linux-gnu.so
7c952962a000-7c952962e000 r--p 0000d000 00:2d 830460                     /usr/local/python/3.12.1/lib/python3.12/lib-dynload/_asyncio.cpython-312-x86_64-linux-gnu.so
7c952962e000-7c952962f000 r--p 00011000 00:2d 830460                     /usr/local/python/3.12.1/lib/python3.12/lib-dynload/_asyncio.cpython-312-x86_64-linux-gnu.so
7c952962f000-7c9529631000 rw-p 00012000 00:2d 830460                     /usr/local/python/3.12.1/lib/python3.12/lib-dynload/_asyncio.cpython-312-x86_64-linux-gnu.so
7c9529631000-7c9529731000 rw-p 00000000 00:00 0 
7c9529731000-7c9529733000 r--p 00000000 00:2d 394217                     /usr/lib/x86_64-linux-gnu/libz.so.1.3
7c9529733000-7c9529745000 r-xp 00002000 00:2d 394217                     /usr/lib/x86_64-linux-gnu/libz.so.1.3
7c9529745000-7c952974b000 r--p 00014000 00:2d 394217                     /usr/lib/x86_64-linux-gnu/libz.so.1.3
7c952974b000-7c952974c000 r--p 0001a000 00:2d 394217                     /usr/lib/x86_64-linux-gnu/libz.so.1.3
7c952974c000-7c952974d000 rw-p 0001b000 00:2d 394217                     /usr/lib/x86_64-linux-gnu/libz.so.1.3
7c952974d000-7c9529800000 r--p 00000000 00:2d 394114                     /usr/lib/x86_64-linux-gnu/libcrypto.so.3
7c9529800000-7c9529b33000 r-xp 000b3000 00:2d 394114                     /usr/lib/x86_64-linux-gnu/libcrypto.so.3
7c9529b33000-7c9529bfe000 r--p 003e6000 00:2d 394114                     /usr/lib/x86_64-linux-gnu/libcrypto.so.3
7c9529bfe000-7c9529c5a000 r--p 004b0000 00:2d 394114                     /usr/lib/x86_64-linux-gnu/libcrypto.so.3
7c9529c5a000-7c9529c5d000 rw-p 0050c000 00:2d 394114                     /usr/lib/x86_64-linux-gnu/libcrypto.so.3
7c9529c5d000-7c9529c60000 rw-p 00000000 00:00 0 
7c9529c60000-7c9529c7e000 r--p 00000000 00:2d 394195                     /usr/lib/x86_64-linux-gnu/libssl.so.3
7c9529c7e000-7c9529ce0000 r-xp 0001e000 00:2d 394195                     /usr/lib/x86_64-linux-gnu/libssl.so.3
7c9529ce0000-7c9529cfc000 r--p 00080000 00:2d 394195                     /usr/lib/x86_64-linux-gnu/libssl.so.3
7c9529cfc000-7c9529d06000 r--p 0009c000 00:2d 394195                     /usr/lib/x86_64-linux-gnu/libssl.so.3
7c9529d06000-7c9529d0a000 rw-p 000a6000 00:2d 394195                     /usr/lib/x86_64-linux-gnu/libssl.so.3
7c9529d0a000-7c9529d1c000 r--p 00000000 00:2d 830500                     /usr/local/python/3.12.1/lib/python3.12/lib-dynload/_ssl.cpython-312-x86_64-linux-gnu.so
7c9529d1c000-7c9529d2b000 r-xp 00012000 00:2d 830500                     /usr/local/python/3.12.1/lib/python3.12/lib-dynload/_ssl.cpython-312-x86_64-linux-gnu.so
7c9529d2b000-7c9529d39000 r--p 00021000 00:2d 830500                     /usr/local/python/3.12.1/lib/python3.12/lib-dynload/_ssl.cpython-312-x86_64-linux-gnu.so
7c9529d39000-7c9529d3a000 r--p 0002e000 00:2d 830500                     /usr/local/python/3.12.1/lib/python3.12/lib-dynload/_ssl.cpython-312-x86_64-linux-gnu.so
7c9529d3a000-7c9529d43000 rw-p 0002f000 00:2d 830500                     /usr/local/python/3.12.1/lib/python3.12/lib-dynload/_ssl.cpython-312-x86_64-linux-gnu.so
7c9529d43000-7c9529e43000 rw-p 00000000 00:00 0 
7c9529e43000-7c9529e44000 r--p 00000000 00:2d 393772                     /usr/lib/locale/C.utf8/LC_MEASUREMENT
7c9529e44000-7c9529e45000 r--p 00000000 00:2d 393771                     /usr/lib/locale/C.utf8/LC_IDENTIFICATION
7c9529e45000-7c9529e46000 ---p 00000000 00:00 0 
7c9529e46000-7c9529e47000 r--p 00000000 00:00 0 
7c9529e47000-7c9529e4a000 r--p 00000000 00:2d 830536                     /usr/local/python/3.12.1/lib/python3.12/lib-dynload/zlib.cpython-312-x86_64-linux-gnu.so
7c9529e4a000-7c9529e51000 r-xp 00003000 00:2d 830536                     /usr/local/python/3.12.1/lib/python3.12/lib-dynload/zlib.cpython-312-x86_64-linux-gnu.so
7c9529e51000-7c9529e54000 r--p 0000a000 00:2d 830536                     /usr/local/python/3.12.1/lib/python3.12/lib-dynload/zlib.cpython-312-x86_64-linux-gnu.so
7c9529e54000-7c9529e55000 r--p 0000c000 00:2d 830536                     /usr/local/python/3.12.1/lib/python3.12/lib-dynload/zlib.cpython-312-x86_64-linux-gnu.so
7c9529e55000-7c9529e56000 rw-p 0000d000 00:2d 830536                     /usr/local/python/3.12.1/lib/python3.12/lib-dynload/zlib.cpython-312-x86_64-linux-gnu.so
7c9529e56000-7c9529e58000 r--p 00000000 00:2d 830496                     /usr/local/python/3.12.1/lib/python3.12/lib-dynload/_sha2.cpython-312-x86_64-linux-gnu.so
7c9529e58000-7c9529e63000 r-xp 00002000 00:2d 830496                     /usr/local/python/3.12.1/lib/python3.12/lib-dynload/_sha2.cpython-312-x86_64-linux-gnu.so
7c9529e63000-7c9529e65000 r--p 0000d000 00:2d 830496                     /usr/local/python/3.12.1/lib/python3.12/lib-dynload/_sha2.cpython-312-x86_64-linux-gnu.so
7c9529e65000-7c9529e66000 r--p 0000e000 00:2d 830496                     /usr/local/python/3.12.1/lib/python3.12/lib-dynload/_sha2.cpython-312-x86_64-linux-gnu.so
7c9529e66000-7c9529e67000 rw-p 0000f000 00:2d 830496                     /usr/local/python/3.12.1/lib/python3.12/lib-dynload/_sha2.cpython-312-x86_64-linux-gnu.so
7c9529e67000-7c9529e69000 r--p 00000000 00:2d 830494                     /usr/local/python/3.12.1/lib/python3.12/lib-dynload/_random.cpython-312-x86_64-linux-gnu.so
7c9529e69000-7c9529e6b000 r-xp 00002000 00:2d 830494                     /usr/local/python/3.12.1/lib/python3.12/lib-dynload/_random.cpython-312-x86_64-linux-gnu.so
7c9529e6b000-7c9529e6c000 r--p 00004000 00:2d 830494                     /usr/local/python/3.12.1/lib/python3.12/lib-dynload/_random.cpython-312-x86_64-linux-gnu.so
7c9529e6c000-7c9529e6d000 r--p 00004000 00:2d 830494                     /usr/local/python/3.12.1/lib/python3.12/lib-dynload/_random.cpython-312-x86_64-linux-gnu.so
7c9529e6d000-7c9529e6e000 rw-p 00005000 00:2d 830494                     /usr/local/python/3.12.1/lib/python3.12/lib-dynload/_random.cpython-312-x86_64-linux-gnu.so
7c9529e6e000-7c9529e70000 r--p 00000000 00:2d 830461                     /usr/local/python/3.12.1/lib/python3.12/lib-dynload/_bisect.cpython-312-x86_64-linux-gnu.so
7c9529e70000-7c9529e73000 r-xp 00002000 00:2d 830461                     /usr/local/python/3.12.1/lib/python3.12/lib-dynload/_bisect.cpython-312-x86_64-linux-gnu.so
7c9529e73000-7c9529e74000 r--p 00005000 00:2d 830461                     /usr/local/python/3.12.1/lib/python3.12/lib-dynload/_bisect.cpython-312-x86_64-linux-gnu.so
7c9529e74000-7c9529e75000 r--p 00005000 00:2d 830461                     /usr/local/python/3.12.1/lib/python3.12/lib-dynload/_bisect.cpython-312-x86_64-linux-gnu.so
7c9529e75000-7c9529e76000 rw-p 00006000 00:2d 830461                     /usr/local/python/3.12.1/lib/python3.12/lib-dynload/_bisect.cpython-312-x86_64-linux-gnu.so
7c9529e76000-7c9529f76000 rw-p 00000000 00:00 0 
7c9529f76000-7c9529f77000 ---p 00000000 00:00 0 
7c9529f77000-7c9529f79000 r--p 00000000 00:2d 830493                     /usr/local/python/3.12.1/lib/python3.12/lib-dynload/_queue.cpython-312-x86_64-linux-gnu.so
7c9529f79000-7c9529f7b000 r-xp 00002000 00:2d 830493                     /usr/local/python/3.12.1/lib/python3.12/lib-dynload/_queue.cpython-312-x86_64-linux-gnu.so
7c9529f7b000-7c9529f7c000 r--p 00004000 00:2d 830493                     /usr/local/python/3.12.1/lib/python3.12/lib-dynload/_queue.cpython-312-x86_64-linux-gnu.so
7c9529f7c000-7c9529f7d000 r--p 00004000 00:2d 830493                     /usr/local/python/3.12.1/lib/python3.12/lib-dynload/_queue.cpython-312-x86_64-linux-gnu.so
7c9529f7d000-7c9529f7e000 rw-p 00005000 00:2d 830493                     /usr/local/python/3.12.1/lib/python3.12/lib-dynload/_queue.cpython-312-x86_64-linux-gnu.so
7c9529f7e000-7c9529f7f000 r--p 00000000 00:2d 830470                     /usr/local/python/3.12.1/lib/python3.12/lib-dynload/_contextvars.cpython-312-x86_64-linux-gnu.so
7c9529f7f000-7c9529f80000 r-xp 00001000 00:2d 830470                     /usr/local/python/3.12.1/lib/python3.12/lib-dynload/_contextvars.cpython-312-x86_64-linux-gnu.so
7c9529f80000-7c9529f81000 r--p 00002000 00:2d 830470                     /usr/local/python/3.12.1/lib/python3.12/lib-dynload/_contextvars.cpython-312-x86_64-linux-gnu.so
7c9529f81000-7c9529f82000 r--p 00002000 00:2d 830470                     /usr/local/python/3.12.1/lib/python3.12/lib-dynload/_contextvars.cpython-312-x86_64-linux-gnu.so
7c9529f82000-7c9529f83000 rw-p 00003000 00:2d 830470                     /usr/local/python/3.12.1/lib/python3.12/lib-dynload/_contextvars.cpython-312-x86_64-linux-gnu.so
7c9529f83000-7c9529f84000 r--p 00000000 00:2d 830489                     /usr/local/python/3.12.1/lib/python3.12/lib-dynload/_opcode.cpython-312-x86_64-linux-gnu.so
7c9529f84000-7c9529f85000 r-xp 00001000 00:2d 830489                     /usr/local/python/3.12.1/lib/python3.12/lib-dynload/_opcode.cpython-312-x86_64-linux-gnu.so
7c9529f85000-7c9529f86000 r--p 00002000 00:2d 830489                     /usr/local/python/3.12.1/lib/python3.12/lib-dynload/_opcode.cpython-312-x86_64-linux-gnu.so
7c9529f86000-7c9529f87000 r--p 00002000 00:2d 830489                     /usr/local/python/3.12.1/lib/python3.12/lib-dynload/_opcode.cpython-312-x86_64-linux-gnu.so
7c9529f87000-7c9529f88000 rw-p 00003000 00:2d 830489                     /usr/local/python/3.12.1/lib/python3.12/lib-dynload/_opcode.cpython-312-x86_64-linux-gnu.so
7c9529f88000-7c9529f8a000 r--p 00000000 00:2d 830518                     /usr/local/python/3.12.1/lib/python3.12/lib-dynload/binascii.cpython-312-x86_64-linux-gnu.so
7c9529f8a000-7c9529f8d000 r-xp 00002000 00:2d 830518                     /usr/local/python/3.12.1/lib/python3.12/lib-dynload/binascii.cpython-312-x86_64-linux-gnu.so
7c9529f8d000-7c9529f8f000 r--p 00005000 00:2d 830518                     /usr/local/python/3.12.1/lib/python3.12/lib-dynload/binascii.cpython-312-x86_64-linux-gnu.so
7c9529f8f000-7c9529f90000 r--p 00006000 00:2d 830518                     /usr/local/python/3.12.1/lib/python3.12/lib-dynload/binascii.cpython-312-x86_64-linux-gnu.so
7c9529f90000-7c9529f91000 rw-p 00007000 00:2d 830518                     /usr/local/python/3.12.1/lib/python3.12/lib-dynload/binascii.cpython-312-x86_64-linux-gnu.so
7c9529f91000-7c9529f92000 r--p 00000000 00:2d 830482                     /usr/local/python/3.12.1/lib/python3.12/lib-dynload/_heapq.cpython-312-x86_64-linux-gnu.so
7c9529f92000-7c9529f94000 r-xp 00001000 00:2d 830482                     /usr/local/python/3.12.1/lib/python3.12/lib-dynload/_heapq.cpython-312-x86_64-linux-gnu.so
7c9529f94000-7c9529f97000 r--p 00003000 00:2d 830482                     /usr/local/python/3.12.1/lib/python3.12/lib-dynload/_heapq.cpython-312-x86_64-linux-gnu.so
7c9529f97000-7c9529f98000 r--p 00005000 00:2d 830482                     /usr/local/python/3.12.1/lib/python3.12/lib-dynload/_heapq.cpython-312-x86_64-linux-gnu.so
7c9529f98000-7c9529f99000 rw-p 00006000 00:2d 830482                     /usr/local/python/3.12.1/lib/python3.12/lib-dynload/_heapq.cpython-312-x86_64-linux-gnu.so
7c9529f99000-7c9529f9a000 r--p 00000000 00:2d 830491                     /usr/local/python/3.12.1/lib/python3.12/lib-dynload/_posixshmem.cpython-312-x86_64-linux-gnu.so
7c9529f9a000-7c9529f9b000 r-xp 00001000 00:2d 830491                     /usr/local/python/3.12.1/lib/python3.12/lib-dynload/_posixshmem.cpython-312-x86_64-linux-gnu.so
7c9529f9b000-7c9529f9c000 r--p 00002000 00:2d 830491                     /usr/local/python/3.12.1/lib/python3.12/lib-dynload/_posixshmem.cpython-312-x86_64-linux-gnu.so
7c9529f9c000-7c9529f9d000 r--p 00002000 00:2d 830491                     /usr/local/python/3.12.1/lib/python3.12/lib-dynload/_posixshmem.cpython-312-x86_64-linux-gnu.so
7c9529f9d000-7c9529f9e000 rw-p 00003000 00:2d 830491                     /usr/local/python/3.12.1/lib/python3.12/lib-dynload/_posixshmem.cpython-312-x86_64-linux-gnu.so
7c9529f9e000-7c9529fa0000 r--p 00000000 00:2d 830488                     /usr/local/python/3.12.1/lib/python3.12/lib-dynload/_multiprocessing.cpython-312-x86_64-linux-gnu.so
7c9529fa0000-7c9529fa2000 r-xp 00002000 00:2d 830488                     /usr/local/python/3.12.1/lib/python3.12/lib-dynload/_multiprocessing.cpython-312-x86_64-linux-gnu.so
7c9529fa2000-7c9529fa3000 r--p 00004000 00:2d 830488                     /usr/local/python/3.12.1/lib/python3.12/lib-dynload/_multiprocessing.cpython-312-x86_64-linux-gnu.so
7c9529fa3000-7c9529fa4000 r--p 00004000 00:2d 830488                     /usr/local/python/3.12.1/lib/python3.12/lib-dynload/_multiprocessing.cpython-312-x86_64-linux-gnu.so
7c9529fa4000-7c9529fa5000 rw-p 00005000 00:2d 830488                     /usr/local/python/3.12.1/lib/python3.12/lib-dynload/_multiprocessing.cpython-312-x86_64-linux-gnu.so
7c9529fa5000-7c9529fa7000 r--p 00000000 00:2d 830492                     /usr/local/python/3.12.1/lib/python3.12/lib-dynload/_posixsubprocess.cpython-312-x86_64-linux-gnu.so
7c9529fa7000-7c9529faa000 r-xp 00002000 00:2d 830492                     /usr/local/python/3.12.1/lib/python3.12/lib-dynload/_posixsubprocess.cpython-312-x86_64-linux-gnu.so
7c9529faa000-7c9529fab000 r--p 00005000 00:2d 830492                     /usr/local/python/3.12.1/lib/python3.12/lib-dynload/_posixsubprocess.cpython-312-x86_64-linux-gnu.so
7c9529fab000-7c9529fac000 r--p 00005000 00:2d 830492                     /usr/local/python/3.12.1/lib/python3.12/lib-dynload/_posixsubprocess.cpython-312-x86_64-linux-gnu.so
7c9529fac000-7c9529fad000 rw-p 00006000 00:2d 830492                     /usr/local/python/3.12.1/lib/python3.12/lib-dynload/_posixsubprocess.cpython-312-x86_64-linux-gnu.so
7c9529fad000-7c9529fae000 r--p 00000000 00:2d 830520                     /usr/local/python/3.12.1/lib/python3.12/lib-dynload/fcntl.cpython-312-x86_64-linux-gnu.so
7c9529fae000-7c9529fb0000 r-xp 00001000 00:2d 830520                     /usr/local/python/3.12.1/lib/python3.12/lib-dynload/fcntl.cpython-312-x86_64-linux-gnu.so
7c9529fb0000-7c9529fb2000 r--p 00003000 00:2d 830520                     /usr/local/python/3.12.1/lib/python3.12/lib-dynload/fcntl.cpython-312-x86_64-linux-gnu.so
7c9529fb2000-7c9529fb3000 r--p 00004000 00:2d 830520                     /usr/local/python/3.12.1/lib/python3.12/lib-dynload/fcntl.cpython-312-x86_64-linux-gnu.so
7c9529fb3000-7c9529fb4000 rw-p 00005000 00:2d 830520                     /usr/local/python/3.12.1/lib/python3.12/lib-dynload/fcntl.cpython-312-x86_64-linux-gnu.so
7c9529fb4000-7c9529fb8000 r--p 00000000 00:2d 830516                     /usr/local/python/3.12.1/lib/python3.12/lib-dynload/array.cpython-312-x86_64-linux-gnu.so
7c9529fb8000-7c9529fc0000 r-xp 00004000 00:2d 830516                     /usr/local/python/3.12.1/lib/python3.12/lib-dynload/array.cpython-312-x86_64-linux-gnu.so
7c9529fc0000-7c9529fc4000 r--p 0000c000 00:2d 830516                     /usr/local/python/3.12.1/lib/python3.12/lib-dynload/array.cpython-312-x86_64-linux-gnu.so
7c9529fc4000-7c9529fc5000 r--p 0000f000 00:2d 830516                     /usr/local/python/3.12.1/lib/python3.12/lib-dynload/array.cpython-312-x86_64-linux-gnu.so
7c9529fc5000-7c9529fc6000 rw-p 00010000 00:2d 830516                     /usr/local/python/3.12.1/lib/python3.12/lib-dynload/array.cpython-312-x86_64-linux-gnu.so
7c9529fc6000-7c9529fc8000 r--p 00000000 00:2d 830528                     /usr/local/python/3.12.1/lib/python3.12/lib-dynload/select.cpython-312-x86_64-linux-gnu.so
7c9529fc8000-7c9529fcb000 r-xp 00002000 00:2d 830528                     /usr/local/python/3.12.1/lib/python3.12/lib-dynload/select.cpython-312-x86_64-linux-gnu.so
7c9529fcb000-7c9529fcd000 r--p 00005000 00:2d 830528                     /usr/local/python/3.12.1/lib/python3.12/lib-dynload/select.cpython-312-x86_64-linux-gnu.so
7c9529fcd000-7c9529fce000 r--p 00006000 00:2d 830528                     /usr/local/python/3.12.1/lib/python3.12/lib-dynload/select.cpython-312-x86_64-linux-gnu.so
7c9529fce000-7c9529fcf000 rw-p 00007000 00:2d 830528                     /usr/local/python/3.12.1/lib/python3.12/lib-dynload/select.cpython-312-x86_64-linux-gnu.so
7c9529fcf000-7c9529fd2000 r--p 00000000 00:2d 830522                     /usr/local/python/3.12.1/lib/python3.12/lib-dynload/math.cpython-312-x86_64-linux-gnu.so
7c9529fd2000-7c9529fde000 r-xp 00003000 00:2d 830522                     /usr/local/python/3.12.1/lib/python3.12/lib-dynload/math.cpython-312-x86_64-linux-gnu.so
7c9529fde000-7c9529fe3000 r--p 0000f000 00:2d 830522                     /usr/local/python/3.12.1/lib/python3.12/lib-dynload/math.cpython-312-x86_64-linux-gnu.so
7c9529fe3000-7c9529fe4000 r--p 00013000 00:2d 830522                     /usr/local/python/3.12.1/lib/python3.12/lib-dynload/math.cpython-312-x86_64-linux-gnu.so
7c9529fe4000-7c9529fe5000 rw-p 00014000 00:2d 830522                     /usr/local/python/3.12.1/lib/python3.12/lib-dynload/math.cpython-312-x86_64-linux-gnu.so
7c9529fe5000-7c9529fe9000 r--p 00000000 00:2d 830498                     /usr/local/python/3.12.1/lib/python3.12/lib-dynload/_socket.cpython-312-x86_64-linux-gnu.so
7c9529fe9000-7c9529ff6000 r-xp 00004000 00:2d 830498                     /usr/local/python/3.12.1/lib/python3.12/lib-dynload/_socket.cpython-312-x86_64-linux-gnu.so
7c9529ff6000-7c9529fff000 r--p 00011000 00:2d 830498                     /usr/local/python/3.12.1/lib/python3.12/lib-dynload/_socket.cpython-312-x86_64-linux-gnu.so
7c9529fff000-7c952a000000 r--p 00019000 00:2d 830498                     /usr/local/python/3.12.1/lib/python3.12/lib-dynload/_socket.cpython-312-x86_64-linux-gnu.so
7c952a000000-7c952a001000 rw-p 0001a000 00:2d 830498                     /usr/local/python/3.12.1/lib/python3.12/lib-dynload/_socket.cpython-312-x86_64-linux-gnu.so
7c952a001000-7c952a006000 r--p 00000000 00:2d 830490                     /usr/local/python/3.12.1/lib/python3.12/lib-dynload/_pickle.cpython-312-x86_64-linux-gnu.so
7c952a006000-7c952a018000 r-xp 00005000 00:2d 830490                     /usr/local/python/3.12.1/lib/python3.12/lib-dynload/_pickle.cpython-312-x86_64-linux-gnu.so
7c952a018000-7c952a01e000 r--p 00017000 00:2d 830490                     /usr/local/python/3.12.1/lib/python3.12/lib-dynload/_pickle.cpython-312-x86_64-linux-gnu.so
7c952a01e000-7c952a01f000 r--p 0001c000 00:2d 830490                     /usr/local/python/3.12.1/lib/python3.12/lib-dynload/_pickle.cpython-312-x86_64-linux-gnu.so
7c952a01f000-7c952a020000 rw-p 0001d000 00:2d 830490                     /usr/local/python/3.12.1/lib/python3.12/lib-dynload/_pickle.cpython-312-x86_64-linux-gnu.so
7c952a020000-7c952a023000 r--p 00000000 00:2d 830502                     /usr/local/python/3.12.1/lib/python3.12/lib-dynload/_struct.cpython-312-x86_64-linux-gnu.so
7c952a023000-7c952a029000 r-xp 00003000 00:2d 830502                     /usr/local/python/3.12.1/lib/python3.12/lib-dynload/_struct.cpython-312-x86_64-linux-gnu.so
7c952a029000-7c952a02c000 r--p 00009000 00:2d 830502                     /usr/local/python/3.12.1/lib/python3.12/lib-dynload/_struct.cpython-312-x86_64-linux-gnu.so
7c952a02c000-7c952a02d000 r--p 0000c000 00:2d 830502                     /usr/local/python/3.12.1/lib/python3.12/lib-dynload/_struct.cpython-312-x86_64-linux-gnu.so
7c952a02d000-7c952a02e000 rw-p 0000d000 00:2d 830502                     /usr/local/python/3.12.1/lib/python3.12/lib-dynload/_struct.cpython-312-x86_64-linux-gnu.so
7c952a02e000-7c952a394000 rw-p 00000000 00:00 0 
7c952a394000-7c952a3ed000 r--p 00000000 00:2d 393770                     /usr/lib/locale/C.utf8/LC_CTYPE
7c952a3ed000-7c952a6d8000 r--p 00000000 00:2d 531685                     /usr/lib/locale/locale-archive
7c952a6d8000-7c952a6db000 rw-p 00000000 00:00 0 
7c952a6db000-7c952a703000 r--p 00000000 00:2d 394104                     /usr/lib/x86_64-linux-gnu/libc.so.6
7c952a703000-7c952a88b000 r-xp 00028000 00:2d 394104                     /usr/lib/x86_64-linux-gnu/libc.so.6
7c952a88b000-7c952a8da000 r--p 001b0000 00:2d 394104                     /usr/lib/x86_64-linux-gnu/libc.so.6
7c952a8da000-7c952a8de000 r--p 001fe000 00:2d 394104                     /usr/lib/x86_64-linux-gnu/libc.so.6
7c952a8de000-7c952a8e0000 rw-p 00202000 00:2d 394104                     /usr/lib/x86_64-linux-gnu/libc.so.6
7c952a8e0000-7c952a8ed000 rw-p 00000000 00:00 0 
7c952a8ed000-7c952a8fd000 r--p 00000000 00:2d 394146                     /usr/lib/x86_64-linux-gnu/libm.so.6
7c952a8fd000-7c952a97c000 r-xp 00010000 00:2d 394146                     /usr/lib/x86_64-linux-gnu/libm.so.6
7c952a97c000-7c952a9d4000 r--p 0008f000 00:2d 394146                     /usr/lib/x86_64-linux-gnu/libm.so.6
7c952a9d4000-7c952a9d5000 r--p 000e7000 00:2d 394146                     /usr/lib/x86_64-linux-gnu/libm.so.6
7c952a9d5000-7c952a9d6000 rw-p 000e8000 00:2d 394146                     /usr/lib/x86_64-linux-gnu/libm.so.6
7c952a9d6000-7c952a9dd000 r--s 00000000 00:2d 394075                     /usr/lib/x86_64-linux-gnu/gconv/gconv-modules.cache
7c952a9dd000-7c952a9df000 rw-p 00000000 00:00 0 
7c952a9df000-7c952a9e0000 r--p 00000000 00:2d 394084                     /usr/lib/x86_64-linux-gnu/ld-linux-x86-64.so.2
7c952a9e0000-7c952aa0b000 r-xp 00001000 00:2d 394084                     /usr/lib/x86_64-linux-gnu/ld-linux-x86-64.so.2
7c952aa0b000-7c952aa15000 r--p 0002c000 00:2d 394084                     /usr/lib/x86_64-linux-gnu/ld-linux-x86-64.so.2
7c952aa15000-7c952aa17000 r--p 00036000 00:2d 394084                     /usr/lib/x86_64-linux-gnu/ld-linux-x86-64.so.2
7c952aa17000-7c952aa19000 rw-p 00038000 00:2d 394084                     /usr/lib/x86_64-linux-gnu/ld-linux-x86-64.so.2
7ffdd944d000-7ffdd9451000 ---p 00000000 00:00 0 
7ffdd9451000-7ffdd954d000 rw-p 00000000 00:00 0                          [stack]
7ffdd95c8000-7ffdd95cc000 r--p 00000000 00:00 0                          [vvar]
7ffdd95cc000-7ffdd95ce000 r-xp 00000000 00:00 0                          [vdso]
ffffffffff600000-ffffffffff601000 --xp 00000000 00:00 0                  [vsyscall]
Total number of mappings: 611

JVMTI agents: none


VM Arguments:
jvm_args: -Dfile.encoding=UTF8 -ea -Xmx1024m 
java_command: <unknown>
java_class_path (initial): /usr/local/python/3.12.1/lib/python3.12/site-packages/konlpy/java:/usr/local/python/3.12.1/lib/python3.12/site-packages/konlpy/java/bin:/usr/local/python/3.12.1/lib/python3.12/site-packages/konlpy/java/open-korean-text-2.1.0.jar:/usr/local/python/3.12.1/lib/python3.12/site-packages/konlpy/java/scala-library-2.12.3.jar:/usr/local/python/3.12.1/lib/python3.12/site-packages/konlpy/java/shineware-ds-1.0.jar:/usr/local/python/3.12.1/lib/python3.12/site-packages/konlpy/java/snakeyaml-1.12.jar:/usr/local/python/3.12.1/lib/python3.12/site-packages/konlpy/java/shineware-common-1.0.jar:/usr/local/python/3.12.1/lib/python3.12/site-packages/konlpy/java/jhannanum-0.8.4.jar:/usr/local/python/3.12.1/lib/python3.12/site-packages/konlpy/java/twitter-text-1.14.7.jar:/usr/local/python/3.12.1/lib/python3.12/site-packages/konlpy/java/aho-corasick.jar:/usr/local/python/3.12.1/lib/python3.12/site-packages/konlpy/java/komoran-3.0.jar:/usr/local/python/3.12.1/lib/python3.12/site-packages/konlpy/java/kkma-2.0.jar:/usr/local/python/3.12.1/lib/python3.12/site-packages/konlpy/java/jhannanum-0.8.4.jar:/usr/local/python/3.12.1/lib/python3.12/site-packages/konlpy/java/kkma-2.0.jar:/usr/local/python/3.12.1/lib/python3.12/site-packages/konlpy/java/aho-corasick.jar:/usr/local/python/3.12.1/lib/python3.12/site-packages/konlpy/java/shineware-common-1.0.jar:/usr/local/python/3.12.1/lib/python3.12/site-packages/konlpy/java/shineware-ds-1.0.jar:/usr/local/python/3.12.1/lib/python3.12/site-packages/konlpy/java/komoran-3.0.jar:/usr/local/python/3.12.1/lib/python3.12/site-packages/konlpy/java/snakeyaml-1.12.jar:/usr/local/python/3.12.1/lib/python3.12/site-packages/konlpy/java/scala-library-2.12.3.jar:/usr/local/python/3.12.1/lib/python3.12/site-packages/konlpy/java/open-korean-text-2.1.0.jar:/usr/local/python/3.12.1/lib/python3.12/site-packages/konlpy/java/twitter-text-1.14.7.jar:/usr/local/python/3.12.1/lib/python3.12/site-packages/konlpy/java/open-korean-text-2.1.0.jar:/usr/local/python/3.12.1/lib/python3.12/site-packages/konlpy/java/scala-library-2.12.3.jar:/usr/local/python/3.12.1/lib/python3.12/site-packages/konlpy/java/shineware-ds-1.0.jar:/usr/local/python/3.12.1/lib/python3.12/site-packages/konlpy/java/snakeyaml-1.12.jar:/usr/local/python/3.12.1/lib/python3.12/site-packages/konlpy/java/shineware-common-1.0.jar:/usr/local/python/3.12.1/lib/python3.12/site-packages/konlpy/java/jhannanum-0.8.4.jar:/usr/local/python/3.12.1/lib/python3.12/site-packages/konlpy/java/twitter-text-1.14.7.jar:/usr/local/python/3.12.1/lib/python3.12/site-packages/konlpy/java/aho-corasick.jar:/usr/local/python/3.12.1/lib/python3.12/site-packages/konlpy/java/komoran-3.0.jar:/usr/local/python/3.12.1/lib/python3.12/site-packages/konlpy/java/kkma-2.0.jar:/usr/local/python/3.12.1/lib/python3.12/site-packages/org.jpype.jar
Launcher Type: generic

[Global flags]
     intx CICompilerCount                          = 2                                         {product} {ergonomic}
     uint ConcGCThreads                            = 1                                         {product} {ergonomic}
     uint G1ConcRefinementThreads                  = 2                                         {product} {ergonomic}
   size_t G1HeapRegionSize                         = 1048576                                   {product} {ergonomic}
   size_t InitialHeapSize                          = 132120576                                 {product} {ergonomic}
   size_t MarkStackSize                            = 4194304                                   {product} {ergonomic}
   size_t MarkStackSizeMax                         = 536870912                                 {product} {ergonomic}
   size_t MaxHeapSize                              = 1073741824                                {product} {command line}
   size_t MaxNewSize                               = 643825664                                 {product} {ergonomic}
   size_t MinHeapDeltaBytes                        = 1048576                                   {product} {ergonomic}
   size_t MinHeapSize                              = 8388608                                   {product} {ergonomic}
    uintx NonNMethodCodeHeapSize                   = 5824512                                {pd product} {ergonomic}
    uintx NonProfiledCodeHeapSize                  = 122920960                              {pd product} {ergonomic}
    uintx ProfiledCodeHeapSize                     = 122912768                              {pd product} {ergonomic}
    uintx ReservedCodeCacheSize                    = 251658240                              {pd product} {ergonomic}
     bool SegmentedCodeCache                       = true                                      {product} {ergonomic}
   size_t SoftMaxHeapSize                          = 1073741824                             {manageable} {ergonomic}
     bool UseCompressedOops                        = true                           {product lp64_product} {ergonomic}
     bool UseG1GC                                  = true                                      {product} {ergonomic}

Logging:
Log output configuration:
 #0: stdout all=warning uptime,level,tags foldmultilines=false
 #1: stderr all=off uptime,level,tags foldmultilines=false

Release file:
IMPLEMENTOR="Microsoft"
IMPLEMENTOR_VERSION="Microsoft-12574222"
JAVA_RUNTIME_VERSION="25.0.1+8-LTS"
JAVA_VERSION="25.0.1"
JAVA_VERSION_DATE="2025-10-21"
LIBC="gnu"
MODULES="java.base java.compiler java.datatransfer java.xml java.prefs java.desktop java.instrument java.logging java.management java.security.sasl java.naming java.rmi java.management.rmi java.net.http java.scripting java.security.jgss java.transaction.xa java.sql java.sql.rowset java.xml.crypto java.se java.smartcardio jdk.accessibility jdk.internal.jvmstat jdk.attach jdk.charsets jdk.internal.opt jdk.zipfs jdk.compiler jdk.crypto.cryptoki jdk.crypto.ec jdk.dynalink jdk.internal.ed jdk.editpad jdk.internal.vm.ci jdk.graal.compiler jdk.graal.compiler.management jdk.hotspot.agent jdk.httpserver jdk.incubator.vector jdk.internal.le jdk.internal.md jdk.jartool jdk.javadoc jdk.jcmd jdk.management jdk.management.agent jdk.jconsole jdk.jdeps jdk.jdwp.agent jdk.jdi jdk.jfr jdk.jlink jdk.jpackage jdk.jshell jdk.jsobject jdk.jstatd jdk.localedata jdk.management.jfr jdk.naming.dns jdk.naming.rmi jdk.net jdk.nio.mapmode jdk.sctp jdk.security.auth jdk.security.jgss jdk.unsupported jdk.unsupported.desktop jdk.xml.dom"
OS_ARCH="x86_64"
OS_NAME="Linux"
SOURCE=".:git:a34d2ff2d503"

Environment Variables:
JAVA_HOME=/usr/local/sdkman/candidates/java/current
PATH=/usr/local/rvm/gems/ruby-3.4.7/bin:/usr/local/rvm/gems/ruby-3.4.7@global/bin:/usr/local/rvm/rubies/ruby-3.4.7/bin:/vscode/bin/linux-x64/41dd792b5e652393e7787322889ed5fdc58bd75b/bin/remote-cli:/home/codespace/.local/bin:/home/codespace/.dotnet:/home/codespace/nvm/current/bin:/home/codespace/.php/current/bin:/home/codespace/.python/current/bin:/home/codespace/java/current/bin:/home/codespace/.ruby/current/bin:/home/codespace/.local/bin:/usr/local/python/current/bin:/usr/local/py-utils/bin:/usr/local/jupyter:/usr/local/oryx:/usr/local/go/bin:/go/bin:/usr/local/sdkman/bin:/usr/local/sdkman/candidates/java/current/bin:/usr/local/sdkman/candidates/gradle/current/bin:/usr/local/sdkman/candidates/maven/current/bin:/usr/local/sdkman/candidates/ant/current/bin:/usr/local/rvm/gems/default/bin:/usr/local/rvm/gems/default@global/bin:/usr/local/rvm/rubies/default/bin:/usr/local/share/rbenv/bin:/usr/local/php/current/bin:/opt/conda/bin:/usr/local/nvs:/usr/local/share/nvm/versions/node/v24.11.1/bin:/usr/local/hugo/bin:/usr/local/sbin:/usr/local/bin:/usr/sbin:/usr/bin:/sbin:/bin:/usr/share/dotnet:/home/codespace/.dotnet/tools:/usr/local/rvm/bin
SHELL=/bin/bash
LANG=C.UTF-8
TERM=xterm-256color

Active Locale:
LC_ALL=C.UTF-8
LC_COLLATE=C.UTF-8
LC_CTYPE=C.UTF-8
LC_MESSAGES=C.UTF-8
LC_MONETARY=C.UTF-8
LC_NUMERIC=C.UTF-8
LC_TIME=C.UTF-8

Signal Handlers:
   SIGSEGV: crash_handler in libjvm.so, mask=11100100010111111101111111111110, flags=SA_RESTART|SA_SIGINFO, unblocked
    SIGBUS: crash_handler in libjvm.so, mask=11100100010111111101111111111110, flags=SA_RESTART|SA_SIGINFO, unblocked
    SIGFPE: crash_handler in libjvm.so, mask=11100100010111111101111111111110, flags=SA_RESTART|SA_SIGINFO, unblocked
   SIGPIPE: javaSignalHandler in libjvm.so, mask=11100100010111111101111111111110, flags=SA_RESTART|SA_SIGINFO, blocked
   SIGXFSZ: javaSignalHandler in libjvm.so, mask=11100100010111111101111111111110, flags=SA_RESTART|SA_SIGINFO, blocked
    SIGILL: crash_handler in libjvm.so, mask=11100100010111111101111111111110, flags=SA_RESTART|SA_SIGINFO, unblocked
   SIGUSR2: SR_handler in libjvm.so, mask=00000000000000000000000000000000, flags=SA_RESTART|SA_SIGINFO, blocked
    SIGHUP: UserHandler in libjvm.so, mask=11100100010111111101111111111110, flags=SA_RESTART|SA_SIGINFO, blocked
    SIGINT: UserHandler in libjvm.so, mask=11100100010111111101111111111110, flags=SA_RESTART|SA_SIGINFO, blocked
   SIGTERM: UserHandler in libjvm.so, mask=11100100010111111101111111111110, flags=SA_RESTART|SA_SIGINFO, blocked
   SIGQUIT: UserHandler in libjvm.so, mask=11100100010111111101111111111110, flags=SA_RESTART|SA_SIGINFO, blocked
   SIGTRAP: crash_handler in libjvm.so, mask=11100100010111111101111111111110, flags=SA_RESTART|SA_SIGINFO, unblocked


Compilation memory statistics disabled.

Periodic native trim disabled

---------------  S Y S T E M  ---------------

OS:
DISTRIB_ID=Ubuntu
DISTRIB_RELEASE=24.04
DISTRIB_CODENAME=noble
DISTRIB_DESCRIPTION="Ubuntu 24.04.3 LTS"
uname: Linux 6.8.0-1044-azure #50~22.04.1-Ubuntu SMP Wed Dec  3 15:13:22 UTC 2025 x86_64
OS uptime: 0 days 1:13 hours
libc: glibc 2.39 NPTL 2.39 
rlimit (soft/hard): STACK 8192k/infinity , CORE infinity/infinity , NPROC infinity/infinity , NOFILE 524288/524288 , AS infinity/infinity , CPU infinity/infinity , DATA infinity/infinity , FSIZE infinity/infinity , MEMLOCK 8192k/8192k
load average: 3.19 2.66 2.10

/proc/meminfo:
MemTotal:        8135224 kB
MemFree:          592024 kB
MemAvailable:    5853608 kB
Buffers:          226544 kB
Cached:          5140408 kB
SwapCached:            0 kB
Active:          4011928 kB
Inactive:        2994932 kB
Active(anon):    1592048 kB
Inactive(anon):   123048 kB
Active(file):    2419880 kB
Inactive(file):  2871884 kB
Unevictable:       30908 kB
Mlocked:           27836 kB
SwapTotal:             0 kB
SwapFree:              0 kB
Zswap:                 0 kB
Zswapped:              0 kB
Dirty:              7444 kB
Writeback:             0 kB
AnonPages:       1646928 kB
Mapped:           748692 kB
Shmem:             66044 kB
KReclaimable:     283448 kB
Slab:             385236 kB
SReclaimable:     283448 kB
SUnreclaim:       101788 kB
KernelStack:       10720 kB
PageTables:        30444 kB
SecPageTables:         0 kB
NFS_Unstable:          0 kB
Bounce:                0 kB
WritebackTmp:          0 kB
CommitLimit:     4067612 kB
Committed_AS:    5316556 kB
VmallocTotal:   34359738367 kB
VmallocUsed:       43712 kB
VmallocChunk:          0 kB
Percpu:             1224 kB
HardwareCorrupted:     0 kB
AnonHugePages:    679936 kB
ShmemHugePages:        0 kB
ShmemPmdMapped:        0 kB
FileHugePages:         0 kB
FilePmdMapped:         0 kB
Unaccepted:            0 kB
HugePages_Total:       0
HugePages_Free:        0
HugePages_Rsvd:        0
HugePages_Surp:        0
Hugepagesize:       2048 kB
Hugetlb:               0 kB
DirectMap4k:      135104 kB
DirectMap2M:     6156288 kB
DirectMap1G:     4194304 kB

/sys/kernel/mm/transparent_hugepage/enabled: [always] madvise never
/sys/kernel/mm/transparent_hugepage/hpage_pmd_size: 2097152
/sys/kernel/mm/transparent_hugepage/shmem_enabled: always within_size advise [never] deny force
/sys/kernel/mm/transparent_hugepage/defrag (defrag/compaction efforts parameter): always defer defer+madvise [madvise] never

Process Memory:
Virtual Size: 3839760K (peak: 3839760K)
Resident Set Size: 182408K (peak: 184548K) (anon: 123600K, file: 58808K, shmem: 0K)
Swapped out: 0K
C-Heap outstanding allocations: 51403K, retained: 8936K
glibc malloc tunables: (default)

/proc/sys/kernel/threads-max (system-wide limit on the number of threads): 63498
/proc/sys/vm/max_map_count (maximum number of memory map areas a process may have): 65530
/proc/sys/vm/swappiness (control to define how aggressively the kernel swaps out anonymous memory): 60
/proc/sys/kernel/pid_max (system-wide limit on number of process identifiers): 4194304

container information not found.
Hyper-V virtualization detected
Steal ticks since vm start: 0
Steal ticks percentage since vm start:  0.000

CPU: total 2 (initial active 2) (16 cores per cpu, 2 threads per core) family 25 model 1 stepping 1 microcode 0xffffffff, cx8, cmov, fxsr, ht, mmx, 3dnowpref, sse, sse2, sse3, ssse3, sse4a, sse4.1, sse4.2, popcnt, lzcnt, tsc, tscinvbit, avx, avx2, aes, erms, clmul, bmi1, bmi2, adx, sha, fma, vzeroupper, clflush, clflushopt, clwb, hv, rdtscp, rdpid, fsrm, f16c, cet_ss
CPU Model and flags from /proc/cpuinfo:
model name	: AMD EPYC 7763 64-Core Processor
flags		: fpu vme de pse tsc msr pae mce cx8 apic sep mtrr pge mca cmov pat pse36 clflush mmx fxsr sse sse2 ht syscall nx mmxext fxsr_opt pdpe1gb rdtscp lm constant_tsc rep_good nopl tsc_reliable nonstop_tsc cpuid extd_apicid aperfmperf tsc_known_freq pni pclmulqdq ssse3 fma cx16 pcid sse4_1 sse4_2 movbe popcnt aes xsave avx f16c rdrand hypervisor lahf_lm cmp_legacy svm cr8_legacy abm sse4a misalignsse 3dnowprefetch osvw topoext vmmcall fsgsbase bmi1 avx2 smep bmi2 erms invpcid rdseed adx smap clflushopt clwb sha_ni xsaveopt xsavec xgetbv1 xsaves user_shstk clzero xsaveerptr rdpru arat npt nrip_save tsc_scale vmcb_clean flushbyasid decodeassists pausefilter pfthreshold v_vmsave_vmload umip vaes vpclmulqdq rdpid fsrm

Online cpus: 0-1
Offline cpus: 
BIOS frequency limitation: <Not Available>
Frequency switch latency (ns): <Not Available>
Available cpu frequencies: <Not Available>
Current governor: <Not Available>
Core performance/turbo boost: <Not Available>

Memory: 4k page, physical 8135224k(5853608k free), swap 0k(0k free)
Page Sizes: 4k

vm_info: OpenJDK 64-Bit Server VM (25.0.1+8-LTS) for linux-amd64 JRE (25.0.1+8-LTS), built on 2025-10-13T21:28:09Z with gcc 11.3.0

END.
