#
# A fatal error has been detected by the Java Runtime Environment:
#
#  SIGSEGV (0xb) at pc=0x000071b4236b14f3, pid=30368, tid=30368
#
# JRE version: OpenJDK Runtime Environment Microsoft-12574222 (25.0.1+8) (build 25.0.1+8-LTS)
# Java VM: OpenJDK 64-Bit Server VM Microsoft-12574222 (25.0.1+8-LTS, mixed mode, sharing, tiered, compressed oops, compressed class ptrs, g1 gc, linux-amd64)
# Problematic frame:
# C  [_jpype.cpython-312-x86_64-linux-gnu.so+0x424f3]  JPypeException::toJava() [clone .cold]+0x5d
#
# Core dump will be written. Default location: Core dumps may be processed with "/usr/share/apport/apport -p%p -s%s -c%c -d%d -P%P -u%u -g%g -F%F -- %E" (or dumping to /workspaces/korean_reading_practice/myapp/backend/core.30368)
#
# If you would like to submit a bug report, please visit:
#   https://github.com/microsoft/openjdk/issues
# The crash happened outside the Java Virtual Machine in native code.
# See problematic frame for where to report the bug.
#

---------------  S U M M A R Y ------------

Command Line: -Dfile.encoding=UTF8 -ea -Xmx1024m 

Host: AMD EPYC 7763 64-Core Processor, 2 cores, 7G, Ubuntu 24.04.3 LTS
Time: Tue May 12 20:56:13 2026 UTC elapsed time: 0.829510 seconds (0d 0h 0m 0s)

---------------  T H R E A D  ---------------

Current thread (0x00006252cf50c580):  JavaThread "main"             [_thread_in_native, id=30368, stack(0x00007ffd3c2e0000,0x00007ffd3c3e0000) (1024K)]

Stack: [0x00007ffd3c2e0000,0x00007ffd3c3e0000],  sp=0x00007ffd3c3dabf0,  free space=1002k
Native frames: (J=compiled Java code, j=interpreted, Vv=VM code, C=native code)
C  [_jpype.cpython-312-x86_64-linux-gnu.so+0x424f3]  JPypeException::toJava() [clone .cold]+0x5d
Java frames: (J=compiled Java code, j=interpreted, Vv=VM code)
j  org.jpype.manager.TypeFactoryNative.newWrapper(JJ)V+0
j  org.jpype.JPypeContext.newWrapper(J)V+16
v  ~StubRoutines::call_stub 0x000071b40cd38fa6

siginfo: si_signo: 11 (SIGSEGV), si_code: 1 (SEGV_MAPERR), si_addr: 0x0000000000000000

Registers:
RAX=0x000071b424c057d8, RBX=0x00006252cff2d0d0, RCX=0x000071b424bfc8d0, RDX=0x00000006252cf4ed
RSP=0x00007ffd3c3dabf0, RBP=0x0000000000000000, RSI=0x0000000000000000, RDI=0x00007ffd3c3dab78
R8 =0x00006252cdc34010, R9 =0x0000000000000007, R10=0x00006252cf4edd50, R11=0x431a939eef745f62
R12=0x00007ffd3c3dac00, R13=0x00006252cff2d2f8, R14=0x00007ffd3c3dabf8, R15=0x00006252cf50c580
RIP=0x000071b4236b14f3, EFLAGS=0x0000000000010206, CSGSFS=0x002b000000000033, ERR=0x0000000000000006
  TRAPNO=0x000000000000000e

XMM[0]=0x0000000000000000 0x000071b4271fd563
XMM[1]=0x000071b4271fd563 0x000071b4271fd563
XMM[2]=0xffffffffffffffff 0xffffffffffffffff
XMM[3]=0xffffffffffffffff 0xffffffffffffffff
XMM[4]=0x0000000000000000 0x000071b4271fcb20
XMM[5]=0xffffffffffffffff 0xffffffffffffffff
XMM[6]=0xffffffffffffffff 0xffffffffffffffff
XMM[7]=0xffffffffffffffff 0xffffffffffffffff
XMM[8]=0x0000000000f700f3 0x0000000000f600f2
XMM[9]=0x00000000000000f3 0x00000000000000f2
XMM[10]=0x000000000000000c 0x000000000000000c
XMM[11]=0x000000000000000a 0x000000000000000a
XMM[12]=0x0000000000000008 0x0000000000000008
XMM[13]=0x0000000000000006 0x0000000000000006
XMM[14]=0x0000000000000004 0x0000000000000004
XMM[15]=0x0000000000000002 0x0000000000000002
  MXCSR=0x00001fa2


Register to memory mapping:

RAX=0x000071b424c057d8: <offset 0x000000000027a7d8> in /lib/x86_64-linux-gnu/libstdc++.so.6 at 0x000071b42498b000
RBX=0x00006252cff2d0d0 points into unknown readable memory: 0x000071b423727a38 | 38 7a 72 23 b4 71 00 00
RCX=0x000071b424bfc8d0: <offset 0x00000000002718d0> in /lib/x86_64-linux-gnu/libstdc++.so.6 at 0x000071b42498b000
RDX=0x00000006252cf4ed is an unknown value
RSP=0x00007ffd3c3dabf0 is pointing into the stack for thread: 0x00006252cf50c580
RBP=0x0 is null
RSI=0x0 is null
RDI=0x00007ffd3c3dab78 is pointing into the stack for thread: 0x00006252cf50c580
R8 =0x00006252cdc34010 points into unknown readable memory: 0x0001000300020005 | 05 00 02 00 03 00 01 00
R9 =0x0000000000000007 is an unknown value
R10=0x00006252cf4edd50 points into unknown readable memory: 0x00000006252cf4ed | ed f4 2c 25 06 00 00 00
R11=0x431a939eef745f62 is an unknown value
R12=0x00007ffd3c3dac00 is pointing into the stack for thread: 0x00006252cf50c580
R13=0x00006252cff2d2f8 points into unknown readable memory: 0x00000000656e6f4e | 4e 6f 6e 65 00 00 00 00
R14=0x00007ffd3c3dabf8 is pointing into the stack for thread: 0x00006252cf50c580
R15=0x00006252cf50c580 is a thread

Top of Stack: (sp=0x00007ffd3c3dabf0)
0x00007ffd3c3dabf0:   0000003100000001 000071b4237007a0   ....1.....p#.q..
0x00007ffd3c3dac00:   000071b423700763 00007ffd3c3d0000   c.p#.q....=<....
0x00007ffd3c3dac10:   00007ffd3c3dad58 000071b424a450f4   X.=<.....P.$.q..
0x00007ffd3c3dac20:   000071b3e440ac08 00007ffd3c3dac70   ..@..q..p.=<....
0x00007ffd3c3dac30:   00006252cff607f0 00007ffd3c3dac68   ....Rb..h.=<....
0x00007ffd3c3dac40:   00007ffd3c3dad58 000071b4236b49e8   X.=<.....Ik#.q..
0x00007ffd3c3dac50:   00007ffd3c3dac70 000071b4236b4a4b   p.=<....KJk#.q..
0x00007ffd3c3dac60:   00007ffd00001fa2 0000000000000001   ................
0x00007ffd3c3dac70:   00006252cf50ca20 00007ffd3c3d0000    .P.Rb....=<....
0x00007ffd3c3dac80:   00007ffd3c3dad18 0000000000000000   ..=<............
0x00007ffd3c3dac90:   000071b3e440ac08 000071b40cd44f85   ..@..q...O...q..
0x00007ffd3c3daca0:   00007ffd0000000b 00007ffd3c3daf00   ..........=<....
0x00007ffd3c3dacb0:   00007ffd3c3daf08 00000000ffffffff   ..=<............
0x00007ffd3c3dacc0:   00006252cf50c580 00007ffd3c3dad00   ..P.Rb....=<....
0x00007ffd3c3dacd0:   fffffffffffffff7 0000000000000000   ................
0x00007ffd3c3dace0:   0000000000000008 000071b3e440b288   ..........@..q..
0x00007ffd3c3dacf0:   0000000000000000 00000000c0062088   ......... ......
0x00007ffd3c3dad00:   000071b3e440ac08 0000000000000000   ..@..q..........
0x00007ffd3c3dad10:   00007ffd3c3dad38 00007ffd3c3dadb8   8.=<......=<....
0x00007ffd3c3dad20:   000071b40cd40936 0000000000000000   6....q..........
0x00007ffd3c3dad30:   000071b40cd42437 00006252cfe72ba0   7$...q...+..Rb..
0x00007ffd3c3dad40:   0000000000000000 00006252ceff0c90   ............Rb..
0x00007ffd3c3dad50:   0000000000000000 00000000c0062150   ........P!......
0x00007ffd3c3dad60:   00000000c0062150 00000000c0062150   P!......P!......
0x00007ffd3c3dad70:   fffffffffffffff5 000071b3e440eaa0   ..........@..q..
0x00007ffd3c3dad80:   0000000000000006 000071b3e440a968   ........h.@..q..
0x00007ffd3c3dad90:   0000000000000000 00000000c00612f0   ................
0x00007ffd3c3dada0:   000071b3e440eac8 fffffffffffffff0   ..@..q..........
0x00007ffd3c3dadb0:   00007ffd3c3dadd8 00007ffd3c3dae50   ..=<....P.=<....
0x00007ffd3c3dadc0:   000071b40cd38fa6 0000000000000000   .....q..........
0x00007ffd3c3dadd0:   00000000c0062150 00006252cfe72ba0   P!.......+..Rb..
0x00007ffd3c3dade0:   00006252cfdcf7d0 00000000c0061958   ....Rb..X.......

Instructions: (pc=0x000071b4236b14f3)
  0x000071b4236b13f3:   ff ff 48 8b 54 24 30 48 8b 4c 24 38 49 89 c7 48
  0x000071b4236b1403:   89 94 24 90 00 00 00 48 8b 52 e8 48 89 8c 14 90
  0x000071b4236b1413:   00 00 00 48 c7 84 24 98 00 00 00 00 00 00 00 e9
  0x000071b4236b1423:   56 fe ff ff 4c 89 ff e8 21 9c ff ff e9 46 fd ff
  0x000071b4236b1433:   ff 4c 89 f7 48 89 c3 48 89 d5 e8 fe a6 ff ff eb
  0x000071b4236b1443:   a1 ff d0 48 8d 3d 65 ee 04 00 48 89 c6 e8 fb 90
  0x000071b4236b1453:   ff ff e9 27 ff ff ff 48 89 c7 48 89 d0 e9 ab fe
  0x000071b4236b1463:   ff ff 48 8b 7c 24 60 e8 71 00 02 00 49 8d 74 24
  0x000071b4236b1473:   08 4c 89 f7 e8 94 af ff ff e9 fc fd ff ff e8 ca
  0x000071b4236b1483:   b8 ff ff 48 89 c5 e8 f2 b3 ff ff 48 89 ef e8 ba
  0x000071b4236b1493:   b8 ff ff 4c 89 f7 e8 f2 a1 ff ff 4c 89 e7 e8 4a
  0x000071b4236b14a3:   a7 ff ff 48 89 df 48 83 ed 01 75 59 e8 2c b6 ff
  0x000071b4236b14b3:   ff 48 8d 3d 9d ee 04 00 48 89 c3 e8 5d 98 ff ff
  0x000071b4236b14c3:   48 8b 43 20 48 8d 74 24 10 48 8d 7c 24 08 48 8b
  0x000071b4236b14d3:   50 08 48 8b 08 8b 40 10 48 89 54 24 08 48 8d 54
  0x000071b4236b14e3:   24 04 89 44 24 04 48 89 4c 24 10 e8 ed 98 ff ff
=>0x000071b4236b14f3:   c7 04 25 00 00 00 00 00 00 00 00 e8 7d b3 ff ff
  0x000071b4236b1503:   e9 b9 fe 01 00 e8 d3 b5 ff ff 48 8d 3d 44 ee 04
  0x000071b4236b1513:   00 e8 07 98 ff ff c7 04 25 00 00 00 00 00 00 00
  0x000071b4236b1523:   00 e8 57 b3 ff ff e9 93 fe 01 00 4c 89 f7 e8 5a
  0x000071b4236b1533:   a1 ff ff e9 63 ff ff ff 48 89 c3 48 89 d5 e8 3a
  0x000071b4236b1543:   b3 ff ff 48 89 df 48 89 e8 48 83 e8 01 75 52 e8
  0x000071b4236b1553:   89 b5 ff ff 48 8d 74 24 10 c7 44 24 20 b8 01 00
  0x000071b4236b1563:   00 48 89 c7 48 8d 05 75 ed 04 00 48 89 44 24 10
  0x000071b4236b1573:   48 8d 05 be ed 04 00 48 89 44 24 18 e8 5c 94 ff
  0x000071b4236b1583:   ff e8 17 93 ff ff 48 89 c7 48 89 d0 eb bb 48 89
  0x000071b4236b1593:   c3 48 89 d5 e8 e4 b2 ff ff 48 89 df 48 89 e8 eb
  0x000071b4236b15a3:   a8 e8 a7 b7 ff ff 48 89 c5 e8 cf b2 ff ff 48 89
  0x000071b4236b15b3:   ef e8 97 b7 ff ff 90 48 8b 73 18 48 85 f6 74 0f
  0x000071b4236b15c3:   48 8b 05 ee 98 07 00 48 8b 38 e8 0e 93 ff ff 4c
  0x000071b4236b15d3:   89 f7 e8 76 9a ff ff 48 89 ef e8 6e b7 ff ff 48
  0x000071b4236b15e3:   89 ef e8 06 a6 ff ff 48 89 df 4c 89 e0 48 83 e8


Stack slot to memory mapping:

stack at sp + 0 slots: 0x0000003100000001 is an unknown value
stack at sp + 1 slots: 0x000071b4237007a0: <offset 0x00000000000917a0> in /usr/local/python/3.12.1/lib/python3.12/site-packages/_jpype.cpython-312-x86_64-linux-gnu.so at 0x000071b42366f000
stack at sp + 2 slots: 0x000071b423700763: <offset 0x0000000000091763> in /usr/local/python/3.12.1/lib/python3.12/site-packages/_jpype.cpython-312-x86_64-linux-gnu.so at 0x000071b42366f000
stack at sp + 3 slots: 0x00007ffd3c3d0000 is pointing into the stack for thread: 0x00006252cf50c580
stack at sp + 4 slots: 0x00007ffd3c3dad58 is pointing into the stack for thread: 0x00006252cf50c580
stack at sp + 5 slots: 0x000071b424a450f4: __cxa_get_globals+0x0000000000000014 in /lib/x86_64-linux-gnu/libstdc++.so.6 at 0x000071b42498b000
stack at sp + 6 slots: {method} {0x000071b3e440ac08} 'newWrapper' '(JJ)V' in 'org/jpype/manager/TypeFactoryNative'
stack at sp + 7 slots: 0x00007ffd3c3dac70 is pointing into the stack for thread: 0x00006252cf50c580

Lock stack of current Java thread (top to bottom):
LockStack[0]: org.jpype.manager.TypeFactoryNative 
{0x00000000c0062150} - klass: 'org/jpype/manager/TypeFactoryNative' - flags: 

 - ---- fields (total size 3 words):
 - public 'context' 'J' @16  0 (0x0000000000000000)


---------------  P R O C E S S  ---------------

Threads class SMR info:
_java_thread_list=0x00006252cff2d330, length=10, elements={
0x00006252cf50c580, 0x00006252cfdd8450, 0x00006252cfdd9d00, 0x00006252cfddd170,
0x00006252cfddea70, 0x00006252cfde0840, 0x00006252cfde22b0, 0x00006252cfdee590,
0x00006252cfdf06d0, 0x000071b3d8001030
}

Java Threads: ( => current thread )
=>0x00006252cf50c580 JavaThread "main"                              [_thread_in_native, id=30368, stack(0x00007ffd3c2e0000,0x00007ffd3c3e0000) (1024K)]
  0x00006252cfdd8450 JavaThread "Reference Handler"          daemon [_thread_blocked, id=30393, stack(0x000071b4018fc000,0x000071b4019fc000) (1024K)]
  0x00006252cfdd9d00 JavaThread "Finalizer"                  daemon [_thread_blocked, id=30394, stack(0x000071b4017fb000,0x000071b4018fb000) (1024K)]
  0x00006252cfddd170 JavaThread "Service Thread"             daemon [_thread_blocked, id=30396, stack(0x000071b4015f9000,0x000071b4016f9000) (1024K)]
  0x00006252cfddea70 JavaThread "Monitor Deflation Thread"   daemon [_thread_blocked, id=30397, stack(0x000071b4014f8000,0x000071b4015f8000) (1024K)]
  0x00006252cfde0840 JavaThread "C2 CompilerThread0"         daemon [_thread_blocked, id=30398, stack(0x000071b4013f7000,0x000071b4014f7000) (1024K)]
  0x00006252cfde22b0 JavaThread "C1 CompilerThread0"         daemon [_thread_blocked, id=30399, stack(0x000071b4012f6000,0x000071b4013f6000) (1024K)]
  0x00006252cfdee590 JavaThread "Notification Thread"        daemon [_thread_blocked, id=30400, stack(0x000071b4011f5000,0x000071b4012f5000) (1024K)]
  0x00006252cfdf06d0 JavaThread "Common-Cleaner"             daemon [_thread_blocked, id=30401, stack(0x000071b4010f4000,0x000071b4011f4000) (1024K)]
  0x000071b3d8001030 JavaThread "SIGTERM handler"            daemon [_thread_blocked, id=30441, stack(0x000071b400df1000,0x000071b400ef1000) (1024K)]
Total: 10

Other Threads:
  0x00006252cfdcd490 VMThread "VM Thread"                           [id=30392, stack(0x000071b4019fd000,0x000071b401afd000) (1024K)] _threads_hazard_ptr=0x00006252cff2d330
  0x00006252cf5e8670 WorkerThread "GC Thread#0"                     [id=30385, stack(0x000071b404100000,0x000071b404200000) (1024K)]
  0x000071b3dc000fc0 WorkerThread "GC Thread#1"                     [id=30440, stack(0x000071b400ef2000,0x000071b400ff2000) (1024K)]
  0x00006252cf55ef70 ConcurrentGCThread "G1 Main Marker"            terminated
  0x00006252cf6f1da0 WorkerThread "G1 Conc#0"                       [id=30387, stack(0x000071b403efe000,0x000071b403ffe000) (1024K)]
  0x00006252cfc8f3b0 ConcurrentGCThread "G1 Refine#0"               terminated
  0x00006252cfc90550 ConcurrentGCThread "G1 Service"                terminated
Total: 7

Threads with active compile tasks:
Total: 0

VM state: at safepoint (normal execution)

VM Mutex/Monitor currently owned by a thread:  ([mutex/lock_event])
[0x000071b41eaa6f68] Threads_lock - owner thread: 0x00006252cfdcd490
[0x000071b41eaa6de8] Heap_lock - owner thread: 0x000071b3d8001030

Heap address: 0x00000000c0000000, size: 1024 MB, Compressed Oops mode: 32-bit

CDS archive(s) mapped at: [0x0000000076000000-0x0000000076d8c000-0x0000000076d8c000), size 14204928, SharedBaseAddress: 0x0000000076000000, ArchiveRelocationMode: 1.
Compressed class space mapped at: 0x0000000077000000-0x00000000b7000000, reserved size: 1073741824
UseCompressedClassPointers 1, UseCompactObjectHeaders 0
Narrow klass pointer bits 32, Max shift 3
Narrow klass base: 0x0000000076000000, Narrow klass shift: 0
Encoding Range: [0x0000000076000000 - 0x0000000176000000), (4294967296 bytes)
Klass Range:    [0x0000000076001000 - 0x00000000b7000000), (1090514944 bytes)
Klass ID Range:  [4096 - 1090519033) (1090514937)
Protection zone: [0x0000000076000000 - 0x0000000076001000), (4096 bytes)

GC Precious Log:
 CardTable entry size: 512
 Card Set container configuration: InlinePtr #cards 5 size 8 Array Of Cards #cards 10 size 36 Howl #buckets 4 coarsen threshold 1843 Howl Bitmap #cards 512 size 80 coarsen threshold 460 Card regions per heap region 1 cards per card region 2048
 CPUs: 2 total, 2 available
 Memory: 7944M
 Large Page Support: Disabled
 NUMA Support: Disabled
 Compressed Oops: Enabled (32-bit)
 Heap Region Size: 1M
 Heap Min Capacity: 8M
 Heap Initial Capacity: 126M
 Heap Max Capacity: 1G
 Pre-touch: Disabled
 Parallel Workers: 2
 Concurrent Workers: 1
 Concurrent Refinement Workers: 2
 Periodic GC: Disabled
 G1 Time-Based Heap Sizing enabled (uncommit-only)
 Evaluation Interval: 60s, Uncommit Delay: 300s, Min Regions To Uncommit: 10

Heap:
 garbage-first heap   total reserved 1048576K, committed 10240K, used 2113K [0x00000000c0000000, 0x0000000100000000)
  region size 1024K, 1 young (1024K), 0 survivors (0K)

Heap Regions: E=young(eden), S=young(survivor), O=old, HS=humongous(starts), HC=humongous(continues), CS=collection set, F=free, TAMS=top-at-mark-start, PB=parsable bottom
|   0|0x00000000c0000000, 0x00000000c0084258, 0x00000000c0100000| 51%| O|  |TAMS 0x00000000c0000000| PB 0x00000000c0000000| Untracked |  0
|   1|0x00000000c0100000, 0x00000000c018c1a8, 0x00000000c0200000| 54%| O|  |TAMS 0x00000000c0100000| PB 0x00000000c0100000| Untracked |  0
|   2|0x00000000c0200000, 0x00000000c0200000, 0x00000000c0300000|  0%| F|  |TAMS 0x00000000c0200000| PB 0x00000000c0200000| Untracked |  0
|   3|0x00000000c0300000, 0x00000000c0300000, 0x00000000c0400000|  0%| F|  |TAMS 0x00000000c0300000| PB 0x00000000c0300000| Untracked |  0
|   4|0x00000000c0400000, 0x00000000c0400000, 0x00000000c0500000|  0%| F|  |TAMS 0x00000000c0400000| PB 0x00000000c0400000| Untracked |  0
|   5|0x00000000c0500000, 0x00000000c0500000, 0x00000000c0600000|  0%| F|  |TAMS 0x00000000c0500000| PB 0x00000000c0500000| Untracked |  0
|   6|0x00000000c0600000, 0x00000000c0600000, 0x00000000c0700000|  0%| F|  |TAMS 0x00000000c0600000| PB 0x00000000c0600000| Untracked |  0
|   7|0x00000000c0700000, 0x00000000c0700000, 0x00000000c0800000|  0%| F|  |TAMS 0x00000000c0700000| PB 0x00000000c0700000| Untracked |  0
|   8|0x00000000c0800000, 0x00000000c08e6820, 0x00000000c0900000| 90%| E|  |TAMS 0x00000000c0800000| PB 0x00000000c0800000| Complete |  0
|1022|0x00000000ffe00000, 0x00000000fff00000, 0x00000000fff00000|100%| O|  |TAMS 0x00000000ffe00000| PB 0x00000000ffe00000| Untracked |  0

Card table byte_map: [0x000071b405200000,0x000071b405400000] _byte_map_base: 0x000071b404c00000

Marking Bits: (CMBitMap*) 0x00006252cf6f1660
 Bits: [0x000071b404200000, 0x000071b405200000)

Polling page: 0x000071b425cab000

Metaspace:
Metaspace        used 1835K, committed 1984K, reserved 1114112K
 class space     used 134K, committed 192K, reserved 1048576K

Usage:
  Non-class:      1.66 MB used.
      Class:    134.28 KB used.
       Both:      1.79 MB used.

Virtual space:
  Non-class space:       64.00 MB reserved,       1.75 MB (  3%) committed,  1 nodes.
      Class space:        1.00 GB reserved,     192.00 KB ( <1%) committed,  1 nodes.
             Both:        1.06 GB reserved,       1.94 MB ( <1%) committed. 

Chunk freelists:
   Non-Class:  11.83 MB
       Class:  15.70 MB
        Both:  27.53 MB

MaxMetaspaceSize: unlimited
CompressedClassSpaceSize: 1.00 GB
Initial GC threshold: 21.00 MB
Current GC threshold: 21.00 MB
CDS: on
 - commit_granule_bytes: 65536.
 - commit_granule_words: 8192.
 - virtual_space_node_default_size: 8388608.
 - enlarge_chunks_in_place: 1.
UseCompressedClassPointers 1, UseCompactObjectHeaders 0
Narrow klass pointer bits 32, Max shift 3
Narrow klass base: 0x0000000076000000, Narrow klass shift: 0
Encoding Range: [0x0000000076000000 - 0x0000000176000000), (4294967296 bytes)
Klass Range:    [0x0000000076001000 - 0x00000000b7000000), (1090514944 bytes)
Klass ID Range:  [4096 - 1090519033) (1090514937)
Protection zone: [0x0000000076000000 - 0x0000000076001000), (4096 bytes)


Internal statistics:

num_allocs_failed_limit: 0.
num_arena_births: 46.
num_arena_deaths: 0.
num_vsnodes_births: 2.
num_vsnodes_deaths: 0.
num_space_committed: 31.
num_space_uncommitted: 0.
num_chunks_returned_to_freelist: 0.
num_chunks_taken_from_freelist: 69.
num_chunk_merges: 0.
num_chunk_splits: 41.
num_chunks_enlarged: 17.
num_inconsistent_stats: 0.

CodeHeap 'non-profiled nmethods': size=120040Kb used=134Kb max_used=134Kb free=119905Kb
 bounds [0x000071b40d2c6000, 0x000071b40d536000, 0x000071b414800000]
CodeHeap 'profiled nmethods': size=120032Kb used=914Kb max_used=914Kb free=119118Kb
 bounds [0x000071b405800000, 0x000071b405a70000, 0x000071b40cd38000]
CodeHeap 'non-nmethods': size=5688Kb used=1326Kb max_used=1339Kb free=4361Kb
 bounds [0x000071b40cd38000, 0x000071b40cfa8000, 0x000071b40d2c6000]
CodeCache: size=245760Kb, used=2374Kb, max_used=2387Kb, free=243384Kb
 total_blobs=1113, nmethods=703, adapters=315, full_count=0
Compilation: enabled, stopped_count=0, restarted_count=0

Compilation events (20 events):
Event: 0.789 Thread 0x00006252cfde22b0  777       3       java.util.stream.Collectors::lambda$joining$1 (11 bytes)
Event: 0.790 Thread 0x00006252cfde22b0 nmethod 777 0x000071b4058dcd08 code [0x000071b4058dce00, 0x000071b4058dcf98]
Event: 0.790 Thread 0x00006252cfde22b0  778       3       java.util.stream.Collectors$$Lambda/0x800000043::apply (8 bytes)
Event: 0.790 Thread 0x00006252cfde22b0 nmethod 778 0x000071b4058dd008 code [0x000071b4058dd100, 0x000071b4058dd388]
Event: 0.790 Thread 0x00006252cfde22b0  779       3       java.util.LinkedList::pop (5 bytes)
Event: 0.790 Thread 0x00006252cfde22b0 nmethod 779 0x000071b4058dd408 code [0x000071b4058dd500, 0x000071b4058dd758]
Event: 0.790 Thread 0x00006252cfde22b0  780       3       java.util.LinkedList::removeFirst (23 bytes)
Event: 0.790 Thread 0x00006252cfde22b0 nmethod 780 0x000071b4058dd788 code [0x000071b4058dd880, 0x000071b4058dda68]
Event: 0.790 Thread 0x00006252cfde22b0  781       3       java.util.LinkedList::unlinkFirst (64 bytes)
Event: 0.790 Thread 0x00006252cfde22b0 nmethod 781 0x000071b4058dda88 code [0x000071b4058ddb80, 0x000071b4058dde00]
Event: 0.790 Thread 0x00006252cfde22b0  790       3       org.jpype.manager.MethodResolution::<init> (498 bytes)
Event: 0.791 Thread 0x00006252cfde22b0 nmethod 790 0x000071b4058dde08 code [0x000071b4058ddf00, 0x000071b4058e3eb0]
Event: 0.791 Thread 0x00006252cfde22b0  795       3       java.util.HashMap::<init> (11 bytes)
Event: 0.792 Thread 0x00006252cfde22b0 nmethod 795 0x000071b4058e3f08 code [0x000071b4058e4000, 0x000071b4058e41c0]
Event: 0.792 Thread 0x00006252cfde22b0  687       3       java.util.AbstractSet::<init> (5 bytes)
Event: 0.792 Thread 0x00006252cfde22b0 nmethod 687 0x000071b4058e4208 code [0x000071b4058e4300, 0x000071b4058e44b8]
Event: 0.792 Thread 0x00006252cfde22b0  553       1       java.lang.Class::getModifiers (5 bytes)
Event: 0.792 Thread 0x00006252cfde22b0 nmethod 553 0x000071b40d2e7808 code [0x000071b40d2e7900, 0x000071b40d2e79c0]
Event: 0.824 Thread 0x00006252cfde22b0  796       3       java.util.HashMap$HashIterator::hasNext (13 bytes)
Event: 0.824 Thread 0x00006252cfde22b0 nmethod 796 0x000071b4058e4508 code [0x000071b4058e4600, 0x000071b4058e4750]

GC Heap Usage History (2 events):
Event: 0.757 {heap Before GC invocations=0 (full 0):
 garbage-first heap   total reserved 1048576K, committed 131072K, used 6275K [0x00000000c0000000, 0x0000000100000000)
  region size 1024K, 6 young (6144K), 0 survivors (0K)
}
Event: 0.768 {heap After GC invocations=1 (full 1):
 garbage-first heap   total reserved 1048576K, committed 10240K, used 2113K [0x00000000c0000000, 0x0000000100000000)
  region size 1024K, 0 young (0K), 0 survivors (0K)
}

Metaspace Usage History (2 events):
Event: 0.757 {metaspace Before GC invocations=0 (full 0):
 Metaspace       used 1692K, committed 1856K, reserved 1114112K
  class space    used 120K, committed 192K, reserved 1048576K
}
Event: 0.768 {metaspace After GC invocations=1 (full 1):
 Metaspace       used 1692K, committed 1856K, reserved 1114112K
  class space    used 120K, committed 192K, reserved 1048576K
}

Dll operation events (6 events):
Event: 0.004 Loaded shared library /usr/local/sdkman/candidates/java/25.0.1-ms/lib/libjava.so
Event: 0.026 Loaded shared library /usr/local/sdkman/candidates/java/25.0.1-ms/lib/libsimdsort.so
Event: 0.036 Loaded shared library /usr/local/sdkman/candidates/java/25.0.1-ms/lib/libnio.so
Event: 0.043 Loaded shared library /usr/local/sdkman/candidates/java/25.0.1-ms/lib/libzip.so
Event: 0.158 Loaded shared library /usr/local/python/3.12.1/lib/python3.12/site-packages/_jpype.cpython-312-x86_64-linux-gnu.so
Event: 0.329 Loaded shared library /usr/local/sdkman/candidates/java/25.0.1-ms/lib/libjimage.so

Deoptimization events (4 events):
Event: 0.145 Thread 0x00006252cf50c580 Uncommon trap: trap_request=0xffffff45 fr.pc=0x000071b40d2c95f8 relative=0x0000000000000078
Event: 0.145 Thread 0x00006252cf50c580 Uncommon trap: reason=unstable_if action=reinterpret pc=0x000071b40d2c95f8 method=jdk.internal.misc.Unsafe.convEndian(ZI)I @ 4 c2
Event: 0.145 Thread 0x00006252cf50c580 DEOPT PACKING pc=0x000071b40d2c95f8 sp=0x00007ffd3c3d9a40
Event: 0.145 Thread 0x00006252cf50c580 DEOPT UNPACKING pc=0x000071b40ce57b79 sp=0x00007ffd3c3d9990 mode 2

Classes loaded (20 events):
Event: 0.777 Loading class java/lang/System$Logger$Level
Event: 0.777 Loading class java/lang/System$Logger$Level done
Event: 0.779 Loading class jdk/internal/logger/SurrogateLogger
Event: 0.779 Loading class jdk/internal/logger/SimpleConsoleLogger
Event: 0.779 Loading class sun/util/logging/PlatformLogger$ConfigurableBridge$LoggerConfiguration
Event: 0.779 Loading class sun/util/logging/PlatformLogger$ConfigurableBridge$LoggerConfiguration done
Event: 0.779 Loading class jdk/internal/logger/SimpleConsoleLogger done
Event: 0.779 Loading class jdk/internal/logger/SurrogateLogger done
Event: 0.779 Loading class sun/util/logging/PlatformLogger
Event: 0.779 Loading class sun/util/logging/PlatformLogger done
Event: 0.779 Loading class sun/util/logging/PlatformLogger$Level
Event: 0.779 Loading class sun/util/logging/PlatformLogger$Level done
Event: 0.782 Loading class jdk/internal/event/ThreadSleepEvent
Event: 0.782 Loading class jdk/internal/event/Event
Event: 0.782 Loading class jdk/internal/event/Event done
Event: 0.782 Loading class jdk/internal/event/ThreadSleepEvent done
Event: 0.824 Loading class java/util/WeakHashMap$KeyIterator
Event: 0.824 Loading class java/util/WeakHashMap$HashIterator
Event: 0.824 Loading class java/util/WeakHashMap$HashIterator done
Event: 0.824 Loading class java/util/WeakHashMap$KeyIterator done

Classes unloaded (0 events):
No events

Classes redefined (0 events):
No events

Internal exceptions (13 events):
Event: 0.118 Thread 0x00006252cf50c580 Exception <a 'java/lang/NoSuchMethodError'{0x00000000c7c83670}: 'void java.lang.invoke.DirectMethodHandle$Holder.invokeSpecial(java.lang.Object, java.lang.Object, java.lang.Object)'> (0x00000000c7c83670) 
thrown [src/hotspot/share/interpreter/linkResolver.cpp, line 803]
Event: 0.162 Thread 0x00006252cf50c580 Exception <a 'java/lang/NoSuchMethodError'{0x00000000c7b06850}: 'int java.lang.invoke.DirectMethodHandle$Holder.invokeStaticInit(java.lang.Object, java.lang.Object)'> (0x00000000c7b06850) 
thrown [src/hotspot/share/interpreter/linkResolver.cpp, line 803]
Event: 0.163 Thread 0x00006252cf50c580 Exception <a 'java/lang/NoSuchMethodError'{0x00000000c7b163f0}: 'java.lang.Object java.lang.invoke.DirectMethodHandle$Holder.invokeStaticInit(java.lang.Object, int)'> (0x00000000c7b163f0) 
thrown [src/hotspot/share/interpreter/linkResolver.cpp, line 803]
Event: 0.168 Thread 0x00006252cf50c580 Exception <a 'java/lang/NoSuchMethodError'{0x00000000c7b3cb30}: 'java.lang.Object java.lang.invoke.DirectMethodHandle$Holder.newInvokeSpecial(java.lang.Object, java.lang.Object, java.lang.Object, java.lang.Object, java.lang.Object)'> (0x00000000c7b3cb30) 
thrown [src/hotspot/share/interpreter/linkResolver.cpp, line 803]
Event: 0.168 Thread 0x00006252cf50c580 Exception <a 'java/lang/NoSuchMethodError'{0x00000000c7b94458}: 'void java.lang.invoke.DirectMethodHandle$Holder.invokeStatic(java.lang.Object, java.lang.Object, java.lang.Object, java.lang.Object)'> (0x00000000c7b94458) 
thrown [src/hotspot/share/interpreter/linkResolver.cpp, line 803]
Event: 0.176 Thread 0x00006252cf50c580 Exception <a 'java/lang/NoSuchMethodError'{0x00000000c7bada68}: 'void java.lang.invoke.DirectMethodHandle$Holder.invokeStatic(java.lang.Object, java.lang.Object, java.lang.Object)'> (0x00000000c7bada68) 
thrown [src/hotspot/share/interpreter/linkResolver.cpp, line 803]
Event: 0.198 Thread 0x00006252cf50c580 Exception <a 'java/lang/NoSuchMethodError'{0x00000000c7bd7708}: 'java.lang.Object java.lang.invoke.DirectMethodHandle$Holder.invokeInterface(java.lang.Object, java.lang.Object)'> (0x00000000c7bd7708) 
thrown [src/hotspot/share/interpreter/linkResolver.cpp, line 803]
Event: 0.199 Thread 0x00006252cf50c580 Exception <a 'java/lang/IncompatibleClassChangeError'{0x00000000c7bdfb88}: Found class java.lang.Object, but interface was expected> (0x00000000c7bdfb88) 
thrown [src/hotspot/share/interpreter/linkResolver.cpp, line 871]
Event: 0.199 Thread 0x00006252cf50c580 Exception <a 'java/lang/NoSuchMethodError'{0x00000000c7be7d80}: 'void java.lang.invoke.DirectMethodHandle$Holder.invokeStatic(java.lang.Object, java.lang.Object)'> (0x00000000c7be7d80) 
thrown [src/hotspot/share/interpreter/linkResolver.cpp, line 803]
Event: 0.228 Thread 0x00006252cf50c580 Exception <a 'java/lang/NoSuchMethodError'{0x00000000c7bfb7d0}: 'java.lang.Object java.lang.invoke.Invokers$Holder.invokeExact_MT(java.lang.Object, java.lang.Object, java.lang.Object, java.lang.Object, java.lang.Object)'> (0x00000000c7bfb7d0) 
thrown [src/hotspot/share/interpreter/linkResolver.cpp, line 803]
Event: 0.240 Thread 0x00006252cf50c580 Exception <a 'java/lang/NoSuchMethodError'{0x00000000c7a17a38}: 'int java.lang.invoke.Invokers$Holder.invokeExact_MT(java.lang.Object, java.lang.Object, java.lang.Object)'> (0x00000000c7a17a38) 
thrown [src/hotspot/share/interpreter/linkResolver.cpp, line 803]
Event: 0.350 Thread 0x00006252cf50c580 Exception <a 'java/lang/NoSuchMethodError'{0x00000000c7a8dbd8}: 'java.lang.Object java.lang.invoke.DirectMethodHandle$Holder.invokeStaticInit(java.lang.Object)'> (0x00000000c7a8dbd8) 
thrown [src/hotspot/share/interpreter/linkResolver.cpp, line 803]
Event: 0.581 Thread 0x00006252cf50c580 Exception <a 'java/lang/IncompatibleClassChangeError'{0x00000000c7914170}: Found class java.lang.Object, but interface was expected> (0x00000000c7914170) 
thrown [src/hotspot/share/interpreter/linkResolver.cpp, line 871]

VM Operations (4 events):
Event: 0.757 Executing safepoint VM operation: G1CollectFull (System.gc())
Event: 0.770 Executing safepoint VM operation: G1CollectFull (System.gc()) done
Event: 0.787 Executing safepoint VM operation: ThreadDump
Event: 0.787 Executing safepoint VM operation: ThreadDump done

Memory protections (15 events):
Event: 0.004 Protecting memory [0x00007ffd3c2e0000,0x00007ffd3c2e4000] with protection modes 0
Event: 0.017 Protecting memory [0x0000000076000000,0x0000000076001000] with protection modes 0
Event: 0.024 Protecting memory [0x000071b4018fc000,0x000071b401900000] with protection modes 0
Event: 0.024 Protecting memory [0x000071b4017fb000,0x000071b4017ff000] with protection modes 0
Event: 0.025 Protecting memory [0x000071b4016fa000,0x000071b4016fe000] with protection modes 0
Event: 0.025 Protecting memory [0x000071b4015f9000,0x000071b4015fd000] with protection modes 0
Event: 0.025 Protecting memory [0x000071b4014f8000,0x000071b4014fc000] with protection modes 0
Event: 0.025 Protecting memory [0x000071b4013f7000,0x000071b4013fb000] with protection modes 0
Event: 0.026 Protecting memory [0x000071b4012f6000,0x000071b4012fa000] with protection modes 0
Event: 0.033 Protecting memory [0x000071b4011f5000,0x000071b4011f9000] with protection modes 0
Event: 0.035 Protecting memory [0x000071b4010f4000,0x000071b4010f8000] with protection modes 0
Event: 0.239 Protecting memory [0x000071b42481b000,0x000071b42481c000] with protection modes 1
Event: 0.316 Protecting memory [0x000071b400ff3000,0x000071b400ff7000] with protection modes 0
Event: 0.772 Protecting memory [0x000071b400df1000,0x000071b400df5000] with protection modes 0
Event: 0.782 Protecting memory [0x000071b400cf0000,0x000071b400cf4000] with protection modes 0

Nmethod flushes (0 events):
No events

Events (16 events):
Event: 0.019 Thread 0x00006252cf50c580 Thread added: 0x00006252cf50c580
Event: 0.024 Thread 0x00006252cf50c580 Thread added: 0x00006252cfdd8450
Event: 0.024 Thread 0x00006252cf50c580 Thread added: 0x00006252cfdd9d00
Event: 0.025 Thread 0x00006252cf50c580 Thread added: 0x00006252cfddb7d0
Event: 0.025 Thread 0x00006252cf50c580 Thread added: 0x00006252cfddd170
Event: 0.025 Thread 0x00006252cf50c580 Thread added: 0x00006252cfddea70
Event: 0.025 Thread 0x00006252cf50c580 Thread added: 0x00006252cfde0840
Event: 0.025 Thread 0x00006252cf50c580 Thread added: 0x00006252cfde22b0
Event: 0.033 Thread 0x00006252cf50c580 Thread added: 0x00006252cfdee590
Event: 0.035 Thread 0x00006252cf50c580 Thread added: 0x00006252cfdf06d0
Event: 0.308 Thread 0x00006252cf50c580 Thread added: 0x00006252cff2d3a0
Event: 0.771 Thread 0x00006252cfddb7d0 Thread added: 0x000071b3d8001030
Event: 0.782 Thread 0x000071b3d8001030 Thread added: 0x000071b3c40ed2b0
Event: 0.824 Thread 0x00006252cff2d3a0 Thread exited: 0x00006252cff2d3a0
Event: 0.825 Thread 0x000071b3d8001030 Before exit entered
Event: 0.825 Thread 0x000071b3c40ed2b0 Thread exited: 0x000071b3c40ed2b0


Dynamic libraries:
76000000-76001000 ---p 00000000 00:00 0 
76001000-764ab000 rw-p 00001000 00:2d 681584                             /usr/local/sdkman/candidates/java/25.0.1-ms/lib/server/classes.jsa
764ab000-76d8c000 rw-p 004ab000 00:2d 681584                             /usr/local/sdkman/candidates/java/25.0.1-ms/lib/server/classes.jsa
76d8c000-77000000 ---p 00000000 00:00 0 
77000000-77020000 rw-p 00000000 00:00 0 
77020000-77040000 ---p 00000000 00:00 0 
77040000-77050000 rw-p 00000000 00:00 0 
77050000-b7000000 ---p 00000000 00:00 0 
c0000000-c0900000 rw-p 00000000 00:00 0 
c0900000-ffe00000 ---p 00000000 00:00 0 
ffe00000-fff00000 rw-p 00dbf000 00:2d 681584                             /usr/local/sdkman/candidates/java/25.0.1-ms/lib/server/classes.jsa
fff00000-100000000 ---p 00000000 00:00 0 
62529ff06000-6252a0004000 r--p 00000000 00:2d 828064                     /usr/local/python/3.12.1/bin/python3.12
6252a0004000-6252a02a1000 r-xp 000fe000 00:2d 828064                     /usr/local/python/3.12.1/bin/python3.12
6252a02a1000-6252a03f3000 r--p 0039b000 00:2d 828064                     /usr/local/python/3.12.1/bin/python3.12
6252a03f3000-6252a046a000 r--p 004ed000 00:2d 828064                     /usr/local/python/3.12.1/bin/python3.12
6252a046a000-6252a05d7000 rw-p 00564000 00:2d 828064                     /usr/local/python/3.12.1/bin/python3.12
6252a05d7000-6252a05d9000 rw-p 00000000 00:00 0 
6252cdc34000-6252cffdd000 rw-p 00000000 00:00 0                          [heap]
71b3bc000000-71b3bc021000 rw-p 00000000 00:00 0 
71b3bc021000-71b3c0000000 ---p 00000000 00:00 0 
71b3c4000000-71b3c41f5000 rw-p 00000000 00:00 0 
71b3c41f5000-71b3c8000000 ---p 00000000 00:00 0 
71b3c8000000-71b3c8640000 rw-p 00000000 00:00 0 
71b3c8640000-71b3cc000000 ---p 00000000 00:00 0 
71b3cc000000-71b3cc021000 rw-p 00000000 00:00 0 
71b3cc021000-71b3d0000000 ---p 00000000 00:00 0 
71b3d0000000-71b3d0021000 rw-p 00000000 00:00 0 
71b3d0021000-71b3d4000000 ---p 00000000 00:00 0 
71b3d4000000-71b3d4021000 rw-p 00000000 00:00 0 
71b3d4021000-71b3d8000000 ---p 00000000 00:00 0 
71b3d8000000-71b3d8021000 rw-p 00000000 00:00 0 
71b3d8021000-71b3dc000000 ---p 00000000 00:00 0 
71b3dc000000-71b3dc619000 rw-p 00000000 00:00 0 
71b3dc619000-71b3e0000000 ---p 00000000 00:00 0 
71b3e0000000-71b3e0021000 rw-p 00000000 00:00 0 
71b3e0021000-71b3e4000000 ---p 00000000 00:00 0 
71b3e4000000-71b3e4190000 rw-p 00000000 00:00 0 
71b3e4190000-71b3e4400000 ---p 00000000 00:00 0 
71b3e4400000-71b3e4430000 rw-p 00000000 00:00 0 
71b3e4430000-71b3e8000000 ---p 00000000 00:00 0 
71b3e8000000-71b3e8021000 rw-p 00000000 00:00 0 
71b3e8021000-71b3ec000000 ---p 00000000 00:00 0 
71b3ec000000-71b3ec021000 rw-p 00000000 00:00 0 
71b3ec021000-71b3f0000000 ---p 00000000 00:00 0 
71b3f0000000-71b3f0021000 rw-p 00000000 00:00 0 
71b3f0021000-71b3f4000000 ---p 00000000 00:00 0 
71b3f4000000-71b3f4021000 rw-p 00000000 00:00 0 
71b3f4021000-71b3f8000000 ---p 00000000 00:00 0 
71b3f8000000-71b3f8021000 rw-p 00000000 00:00 0 
71b3f8021000-71b3fc000000 ---p 00000000 00:00 0 
71b3fc000000-71b3fc021000 rw-p 00000000 00:00 0 
71b3fc021000-71b400000000 ---p 00000000 00:00 0 
71b400cef000-71b400cf0000 ---p 00000000 00:00 0 
71b400cf0000-71b400cf4000 ---p 00000000 00:00 0 
71b400cf4000-71b400df0000 rw-p 00000000 00:00 0 
71b400df0000-71b400df1000 ---p 00000000 00:00 0 
71b400df1000-71b400df5000 ---p 00000000 00:00 0 
71b400df5000-71b400ef1000 rw-p 00000000 00:00 0 
71b400ef1000-71b400ef2000 ---p 00000000 00:00 0 
71b400ef2000-71b400ff2000 rw-p 00000000 00:00 0 
71b400ff2000-71b400ff3000 ---p 00000000 00:00 0 
71b400ff3000-71b400ff7000 ---p 00000000 00:00 0 
71b400ff7000-71b4010f3000 rw-p 00000000 00:00 0 
71b4010f3000-71b4010f4000 ---p 00000000 00:00 0 
71b4010f4000-71b4010f8000 ---p 00000000 00:00 0 
71b4010f8000-71b4011f4000 rw-p 00000000 00:00 0 
71b4011f4000-71b4011f5000 ---p 00000000 00:00 0 
71b4011f5000-71b4011f9000 ---p 00000000 00:00 0 
71b4011f9000-71b4012f5000 rw-p 00000000 00:00 0 
71b4012f5000-71b4012f6000 ---p 00000000 00:00 0 
71b4012f6000-71b4012fa000 ---p 00000000 00:00 0 
71b4012fa000-71b4013f6000 rw-p 00000000 00:00 0 
71b4013f6000-71b4013f7000 ---p 00000000 00:00 0 
71b4013f7000-71b4013fb000 ---p 00000000 00:00 0 
71b4013fb000-71b4014f7000 rw-p 00000000 00:00 0 
71b4014f7000-71b4014f8000 ---p 00000000 00:00 0 
71b4014f8000-71b4014fc000 ---p 00000000 00:00 0 
71b4014fc000-71b4015f8000 rw-p 00000000 00:00 0 
71b4015f8000-71b4015f9000 ---p 00000000 00:00 0 
71b4015f9000-71b4015fd000 ---p 00000000 00:00 0 
71b4015fd000-71b4016f9000 rw-p 00000000 00:00 0 
71b4016f9000-71b4016fa000 ---p 00000000 00:00 0 
71b4016fa000-71b4016fe000 ---p 00000000 00:00 0 
71b4016fe000-71b4017fa000 rw-p 00000000 00:00 0 
71b4017fa000-71b4017fb000 ---p 00000000 00:00 0 
71b4017fb000-71b4017ff000 ---p 00000000 00:00 0 
71b4017ff000-71b4018fb000 rw-p 00000000 00:00 0 
71b4018fb000-71b4018fc000 ---p 00000000 00:00 0 
71b4018fc000-71b401900000 ---p 00000000 00:00 0 
71b401900000-71b4019fc000 rw-p 00000000 00:00 0 
71b4019fc000-71b4019fd000 ---p 00000000 00:00 0 
71b4019fd000-71b401afd000 rw-p 00000000 00:00 0 
71b401afd000-71b401afe000 ---p 00000000 00:00 0 
71b401afe000-71b401bfe000 rw-p 00000000 00:00 0 
71b401bfe000-71b401bff000 ---p 00000000 00:00 0 
71b401bff000-71b401cff000 rw-p 00000000 00:00 0 
71b401cff000-71b401d00000 ---p 00000000 00:00 0 
71b401d00000-71b401e00000 rw-p 00000000 00:00 0 
71b401e00000-71b403e00000 rw-p 00000000 00:00 0 
71b403efd000-71b403efe000 ---p 00000000 00:00 0 
71b403efe000-71b403ffe000 rw-p 00000000 00:00 0 
71b403ffe000-71b403fff000 ---p 00000000 00:00 0 
71b403fff000-71b4040ff000 rw-p 00000000 00:00 0 
71b4040ff000-71b404100000 ---p 00000000 00:00 0 
71b404100000-71b404200000 rw-p 00000000 00:00 0 
71b404200000-71b404224000 rw-p 00000000 00:00 0 
71b404224000-71b4051f8000 ---p 00000000 00:00 0 
71b4051f8000-71b4051fc000 rw-p 00000000 00:00 0 
71b4051fc000-71b405200000 ---p 00000000 00:00 0 
71b405200000-71b405205000 rw-p 00000000 00:00 0 
71b405205000-71b4053ff000 ---p 00000000 00:00 0 
71b4053ff000-71b405405000 rw-p 00000000 00:00 0 
71b405405000-71b4055ff000 ---p 00000000 00:00 0 
71b4055ff000-71b405600000 rw-p 00000000 00:00 0 
71b40562a000-71b40562f000 rw-p 00000000 00:00 0 
71b40562f000-71b405715000 ---p 00000000 00:00 0 
71b405715000-71b40571a000 rw-p 00000000 00:00 0 
71b40571a000-71b405800000 ---p 00000000 00:00 0 
71b405800000-71b405a70000 rwxp 00000000 00:00 0 
71b405a70000-71b40cd38000 ---p 00000000 00:00 0 
71b40cd38000-71b40cfa8000 rwxp 00000000 00:00 0 
71b40cfa8000-71b40d2c6000 ---p 00000000 00:00 0 
71b40d2c6000-71b40d536000 rwxp 00000000 00:00 0 
71b40d536000-71b414800000 ---p 00000000 00:00 0 
71b414872000-71b4148af000 r-xp 00000000 00:2d 681571                     /usr/local/sdkman/candidates/java/25.0.1-ms/lib/libsimdsort.so
71b4148af000-71b4148b0000 ---p 0003d000 00:2d 681571                     /usr/local/sdkman/candidates/java/25.0.1-ms/lib/libsimdsort.so
71b4148b0000-71b4148b1000 r--p 0003d000 00:2d 681571                     /usr/local/sdkman/candidates/java/25.0.1-ms/lib/libsimdsort.so
71b4148b1000-71b4148b2000 rw-p 0003e000 00:2d 681571                     /usr/local/sdkman/candidates/java/25.0.1-ms/lib/libsimdsort.so
71b4148b2000-71b41d3a5000 r--s 00000000 00:2d 681576                     /usr/local/sdkman/candidates/java/25.0.1-ms/lib/modules
71b41d3a5000-71b41e948000 r-xp 00000000 00:2d 681589                     /usr/local/sdkman/candidates/java/25.0.1-ms/lib/server/libjvm.so
71b41e948000-71b41e949000 ---p 015a3000 00:2d 681589                     /usr/local/sdkman/candidates/java/25.0.1-ms/lib/server/libjvm.so
71b41e949000-71b41ea32000 r--p 015a3000 00:2d 681589                     /usr/local/sdkman/candidates/java/25.0.1-ms/lib/server/libjvm.so
71b41ea32000-71b41ea5d000 rw-p 0168c000 00:2d 681589                     /usr/local/sdkman/candidates/java/25.0.1-ms/lib/server/libjvm.so
71b41ea5d000-71b41ead9000 rw-p 00000000 00:00 0 
71b41ead9000-71b41ecac000 r--p 00000000 00:2d 1078548                    /usr/local/python/3.12.1/lib/python3.12/site-packages/pymupdf/_mupdf.so
71b41ecac000-71b41f157000 r-xp 001d3000 00:2d 1078548                    /usr/local/python/3.12.1/lib/python3.12/site-packages/pymupdf/_mupdf.so
71b41f157000-71b41f631000 r--p 0067e000 00:2d 1078548                    /usr/local/python/3.12.1/lib/python3.12/site-packages/pymupdf/_mupdf.so
71b41f631000-71b41f635000 r--p 00b57000 00:2d 1078548                    /usr/local/python/3.12.1/lib/python3.12/site-packages/pymupdf/_mupdf.so
71b41f635000-71b41f6c9000 rw-p 00b5b000 00:2d 1078548                    /usr/local/python/3.12.1/lib/python3.12/site-packages/pymupdf/_mupdf.so
71b41f6c9000-71b41fccb000 rw-p 00000000 00:00 0 
71b41fcec000-71b41fcf8000 r-xp 00000000 00:2d 681565                     /usr/local/sdkman/candidates/java/25.0.1-ms/lib/libnet.so
71b41fcf8000-71b41fcf9000 r--p 0000b000 00:2d 681565                     /usr/local/sdkman/candidates/java/25.0.1-ms/lib/libnet.so
71b41fcf9000-71b41fcfa000 rw-p 0000c000 00:2d 681565                     /usr/local/sdkman/candidates/java/25.0.1-ms/lib/libnet.so
71b41fcfa000-71b42001d000 rw-p 00000000 00:00 0 
71b42001d000-71b420115000 r--p 00000000 00:2d 1078549                    /usr/local/python/3.12.1/lib/python3.12/site-packages/pymupdf/libmupdfcpp.so.27.2
71b420115000-71b4201c0000 r-xp 000f8000 00:2d 1078549                    /usr/local/python/3.12.1/lib/python3.12/site-packages/pymupdf/libmupdfcpp.so.27.2
71b4201c0000-71b420216000 r--p 001a3000 00:2d 1078549                    /usr/local/python/3.12.1/lib/python3.12/site-packages/pymupdf/libmupdfcpp.so.27.2
71b420216000-71b420218000 r--p 001f8000 00:2d 1078549                    /usr/local/python/3.12.1/lib/python3.12/site-packages/pymupdf/libmupdfcpp.so.27.2
71b420218000-71b420225000 rw-p 001fa000 00:2d 1078549                    /usr/local/python/3.12.1/lib/python3.12/site-packages/pymupdf/libmupdfcpp.so.27.2
71b420225000-71b420368000 r--p 00000000 00:2d 1078550                    /usr/local/python/3.12.1/lib/python3.12/site-packages/pymupdf/libmupdf.so.27.2
71b420368000-71b420d04000 r-xp 00143000 00:2d 1078550                    /usr/local/python/3.12.1/lib/python3.12/site-packages/pymupdf/libmupdf.so.27.2
71b420d04000-71b4211cb000 r--p 00adf000 00:2d 1078550                    /usr/local/python/3.12.1/lib/python3.12/site-packages/pymupdf/libmupdf.so.27.2
71b4211cb000-71b4211ea000 r--p 00fa6000 00:2d 1078550                    /usr/local/python/3.12.1/lib/python3.12/site-packages/pymupdf/libmupdf.so.27.2
71b4211ea000-71b42238c000 rw-p 00fc5000 00:2d 1078550                    /usr/local/python/3.12.1/lib/python3.12/site-packages/pymupdf/libmupdf.so.27.2
71b42238c000-71b422599000 rw-p 00000000 00:00 0 
71b4225a0000-71b422876000 rw-p 00000000 00:00 0 
71b422876000-71b4228c4000 r--p 00000000 00:2d 1065088                    /usr/local/python/3.12.1/lib/python3.12/site-packages/lxml/etree.cpython-312-x86_64-linux-gnu.so
71b4228c4000-71b422be9000 r-xp 0004e000 00:2d 1065088                    /usr/local/python/3.12.1/lib/python3.12/site-packages/lxml/etree.cpython-312-x86_64-linux-gnu.so
71b422be9000-71b422d70000 r--p 00373000 00:2d 1065088                    /usr/local/python/3.12.1/lib/python3.12/site-packages/lxml/etree.cpython-312-x86_64-linux-gnu.so
71b422d70000-71b422d7f000 r--p 004fa000 00:2d 1065088                    /usr/local/python/3.12.1/lib/python3.12/site-packages/lxml/etree.cpython-312-x86_64-linux-gnu.so
71b422d7f000-71b422d9b000 rw-p 00509000 00:2d 1065088                    /usr/local/python/3.12.1/lib/python3.12/site-packages/lxml/etree.cpython-312-x86_64-linux-gnu.so
71b422d9b000-71b422fa4000 rw-p 00000000 00:00 0 
71b422fa4000-71b422fa7000 r--p 00000000 00:2d 830487                     /usr/local/python/3.12.1/lib/python3.12/lib-dynload/_multibytecodec.cpython-312-x86_64-linux-gnu.so
71b422fa7000-71b422fad000 r-xp 00003000 00:2d 830487                     /usr/local/python/3.12.1/lib/python3.12/lib-dynload/_multibytecodec.cpython-312-x86_64-linux-gnu.so
71b422fad000-71b422faf000 r--p 00009000 00:2d 830487                     /usr/local/python/3.12.1/lib/python3.12/lib-dynload/_multibytecodec.cpython-312-x86_64-linux-gnu.so
71b422faf000-71b422fb0000 r--p 0000a000 00:2d 830487                     /usr/local/python/3.12.1/lib/python3.12/lib-dynload/_multibytecodec.cpython-312-x86_64-linux-gnu.so
71b422fb0000-71b422fb1000 rw-p 0000b000 00:2d 830487                     /usr/local/python/3.12.1/lib/python3.12/lib-dynload/_multibytecodec.cpython-312-x86_64-linux-gnu.so
71b422fb1000-71b422fbf000 r--p 00000000 00:2d 795733                     /home/codespace/.local/lib/python3.12/site-packages/charset_normalizer/md__mypyc.cpython-312-x86_64-linux-gnu.so
71b422fbf000-71b422fdf000 r-xp 0000e000 00:2d 795733                     /home/codespace/.local/lib/python3.12/site-packages/charset_normalizer/md__mypyc.cpython-312-x86_64-linux-gnu.so
71b422fdf000-71b422fe9000 r--p 0002e000 00:2d 795733                     /home/codespace/.local/lib/python3.12/site-packages/charset_normalizer/md__mypyc.cpython-312-x86_64-linux-gnu.so
71b422fe9000-71b422fea000 r--p 00037000 00:2d 795733                     /home/codespace/.local/lib/python3.12/site-packages/charset_normalizer/md__mypyc.cpython-312-x86_64-linux-gnu.so
71b422fea000-71b422fee000 rw-p 00038000 00:2d 795733                     /home/codespace/.local/lib/python3.12/site-packages/charset_normalizer/md__mypyc.cpython-312-x86_64-linux-gnu.so
71b422fee000-71b4230ef000 rw-p 00000000 00:00 0 
71b4230ef000-71b4230f5000 r--p 00000000 00:2d 830525                     /usr/local/python/3.12.1/lib/python3.12/lib-dynload/pyexpat.cpython-312-x86_64-linux-gnu.so
71b4230f5000-71b42311a000 r-xp 00006000 00:2d 830525                     /usr/local/python/3.12.1/lib/python3.12/lib-dynload/pyexpat.cpython-312-x86_64-linux-gnu.so
71b42311a000-71b423125000 r--p 0002b000 00:2d 830525                     /usr/local/python/3.12.1/lib/python3.12/lib-dynload/pyexpat.cpython-312-x86_64-linux-gnu.so
71b423125000-71b423128000 r--p 00035000 00:2d 830525                     /usr/local/python/3.12.1/lib/python3.12/lib-dynload/pyexpat.cpython-312-x86_64-linux-gnu.so
71b423128000-71b42312a000 rw-p 00038000 00:2d 830525                     /usr/local/python/3.12.1/lib/python3.12/lib-dynload/pyexpat.cpython-312-x86_64-linux-gnu.so
71b42312a000-71b42312e000 r--p 00000000 00:2d 830479                     /usr/local/python/3.12.1/lib/python3.12/lib-dynload/_elementtree.cpython-312-x86_64-linux-gnu.so
71b42312e000-71b42313a000 r-xp 00004000 00:2d 830479                     /usr/local/python/3.12.1/lib/python3.12/lib-dynload/_elementtree.cpython-312-x86_64-linux-gnu.so
71b42313a000-71b42313d000 r--p 00010000 00:2d 830479                     /usr/local/python/3.12.1/lib/python3.12/lib-dynload/_elementtree.cpython-312-x86_64-linux-gnu.so
71b42313d000-71b42313e000 r--p 00012000 00:2d 830479                     /usr/local/python/3.12.1/lib/python3.12/lib-dynload/_elementtree.cpython-312-x86_64-linux-gnu.so
71b42313e000-71b423140000 rw-p 00013000 00:2d 830479                     /usr/local/python/3.12.1/lib/python3.12/lib-dynload/_elementtree.cpython-312-x86_64-linux-gnu.so
71b423140000-71b423540000 rw-p 00000000 00:00 0 
71b423540000-71b423542000 r--p 00000000 00:2d 394126                     /usr/lib/x86_64-linux-gnu/libffi.so.8.1.4
71b423542000-71b423549000 r-xp 00002000 00:2d 394126                     /usr/lib/x86_64-linux-gnu/libffi.so.8.1.4
71b423549000-71b42354a000 r--p 00009000 00:2d 394126                     /usr/lib/x86_64-linux-gnu/libffi.so.8.1.4
71b42354a000-71b42354b000 r--p 0000a000 00:2d 394126                     /usr/lib/x86_64-linux-gnu/libffi.so.8.1.4
71b42354b000-71b42354c000 rw-p 0000b000 00:2d 394126                     /usr/lib/x86_64-linux-gnu/libffi.so.8.1.4
71b42354c000-71b423552000 r--p 00000000 00:2d 830473                     /usr/local/python/3.12.1/lib/python3.12/lib-dynload/_ctypes.cpython-312-x86_64-linux-gnu.so
71b423552000-71b423564000 r-xp 00006000 00:2d 830473                     /usr/local/python/3.12.1/lib/python3.12/lib-dynload/_ctypes.cpython-312-x86_64-linux-gnu.so
71b423564000-71b42356a000 r--p 00018000 00:2d 830473                     /usr/local/python/3.12.1/lib/python3.12/lib-dynload/_ctypes.cpython-312-x86_64-linux-gnu.so
71b42356a000-71b42356b000 r--p 0001d000 00:2d 830473                     /usr/local/python/3.12.1/lib/python3.12/lib-dynload/_ctypes.cpython-312-x86_64-linux-gnu.so
71b42356b000-71b42356f000 rw-p 0001e000 00:2d 830473                     /usr/local/python/3.12.1/lib/python3.12/lib-dynload/_ctypes.cpython-312-x86_64-linux-gnu.so
71b42356f000-71b42366f000 rw-p 00000000 00:00 0 
71b42366f000-71b4236aa000 r--p 00000000 00:2d 1065257                    /usr/local/python/3.12.1/lib/python3.12/site-packages/_jpype.cpython-312-x86_64-linux-gnu.so
71b4236aa000-71b4236fe000 r-xp 0003b000 00:2d 1065257                    /usr/local/python/3.12.1/lib/python3.12/site-packages/_jpype.cpython-312-x86_64-linux-gnu.so
71b4236fe000-71b423726000 r--p 0008f000 00:2d 1065257                    /usr/local/python/3.12.1/lib/python3.12/site-packages/_jpype.cpython-312-x86_64-linux-gnu.so
71b423726000-71b423727000 ---p 000b7000 00:2d 1065257                    /usr/local/python/3.12.1/lib/python3.12/site-packages/_jpype.cpython-312-x86_64-linux-gnu.so
71b423727000-71b42372b000 r--p 000b7000 00:2d 1065257                    /usr/local/python/3.12.1/lib/python3.12/site-packages/_jpype.cpython-312-x86_64-linux-gnu.so
71b42372b000-71b42372f000 rw-p 000bb000 00:2d 1065257                    /usr/local/python/3.12.1/lib/python3.12/site-packages/_jpype.cpython-312-x86_64-linux-gnu.so
71b42372f000-71b42382f000 rw-p 00000000 00:00 0 
71b42382f000-71b423834000 r--p 00000000 00:2d 1062218                    /usr/local/python/3.12.1/lib/python3.12/site-packages/frozenlist/_frozenlist.cpython-312-x86_64-linux-gnu.so
71b423834000-71b423841000 r-xp 00005000 00:2d 1062218                    /usr/local/python/3.12.1/lib/python3.12/site-packages/frozenlist/_frozenlist.cpython-312-x86_64-linux-gnu.so
71b423841000-71b423845000 r--p 00012000 00:2d 1062218                    /usr/local/python/3.12.1/lib/python3.12/site-packages/frozenlist/_frozenlist.cpython-312-x86_64-linux-gnu.so
71b423845000-71b423846000 r--p 00015000 00:2d 1062218                    /usr/local/python/3.12.1/lib/python3.12/site-packages/frozenlist/_frozenlist.cpython-312-x86_64-linux-gnu.so
71b423846000-71b423848000 rw-p 00016000 00:2d 1062218                    /usr/local/python/3.12.1/lib/python3.12/site-packages/frozenlist/_frozenlist.cpython-312-x86_64-linux-gnu.so
71b423848000-71b423948000 rw-p 00000000 00:00 0 
71b423948000-71b42394e000 r--p 00000000 00:2d 1062364                    /usr/local/python/3.12.1/lib/python3.12/site-packages/aiohttp/_websocket/reader_c.cpython-312-x86_64-linux-gnu.so
71b42394e000-71b423971000 r-xp 00006000 00:2d 1062364                    /usr/local/python/3.12.1/lib/python3.12/site-packages/aiohttp/_websocket/reader_c.cpython-312-x86_64-linux-gnu.so
71b423971000-71b423978000 r--p 00029000 00:2d 1062364                    /usr/local/python/3.12.1/lib/python3.12/site-packages/aiohttp/_websocket/reader_c.cpython-312-x86_64-linux-gnu.so
71b423978000-71b42397a000 r--p 0002f000 00:2d 1062364                    /usr/local/python/3.12.1/lib/python3.12/site-packages/aiohttp/_websocket/reader_c.cpython-312-x86_64-linux-gnu.so
71b42397a000-71b42397c000 rw-p 00031000 00:2d 1062364                    /usr/local/python/3.12.1/lib/python3.12/site-packages/aiohttp/_websocket/reader_c.cpython-312-x86_64-linux-gnu.so
71b42397c000-71b42397d000 rw-p 00000000 00:00 0 
71b42397d000-71b423980000 r--p 00000000 00:2d 1062359                    /usr/local/python/3.12.1/lib/python3.12/site-packages/aiohttp/_websocket/mask.cpython-312-x86_64-linux-gnu.so
71b423980000-71b423985000 r-xp 00003000 00:2d 1062359                    /usr/local/python/3.12.1/lib/python3.12/site-packages/aiohttp/_websocket/mask.cpython-312-x86_64-linux-gnu.so
71b423985000-71b423987000 r--p 00008000 00:2d 1062359                    /usr/local/python/3.12.1/lib/python3.12/site-packages/aiohttp/_websocket/mask.cpython-312-x86_64-linux-gnu.so
71b423987000-71b423988000 r--p 00009000 00:2d 1062359                    /usr/local/python/3.12.1/lib/python3.12/site-packages/aiohttp/_websocket/mask.cpython-312-x86_64-linux-gnu.so
71b423988000-71b423989000 rw-p 0000a000 00:2d 1062359                    /usr/local/python/3.12.1/lib/python3.12/site-packages/aiohttp/_websocket/mask.cpython-312-x86_64-linux-gnu.so
71b423989000-71b423993000 r--p 00000000 00:2d 1062299                    /usr/local/python/3.12.1/lib/python3.12/site-packages/aiohttp/_http_parser.cpython-312-x86_64-linux-gnu.so
71b423993000-71b4239e9000 r-xp 0000a000 00:2d 1062299                    /usr/local/python/3.12.1/lib/python3.12/site-packages/aiohttp/_http_parser.cpython-312-x86_64-linux-gnu.so
71b4239e9000-71b4239f5000 r--p 00060000 00:2d 1062299                    /usr/local/python/3.12.1/lib/python3.12/site-packages/aiohttp/_http_parser.cpython-312-x86_64-linux-gnu.so
71b4239f5000-71b4239f7000 r--p 0006c000 00:2d 1062299                    /usr/local/python/3.12.1/lib/python3.12/site-packages/aiohttp/_http_parser.cpython-312-x86_64-linux-gnu.so
71b4239f7000-71b4239fa000 rw-p 0006e000 00:2d 1062299                    /usr/local/python/3.12.1/lib/python3.12/site-packages/aiohttp/_http_parser.cpython-312-x86_64-linux-gnu.so
71b4239fa000-71b4239fc000 rw-p 00000000 00:00 0 
71b4239fc000-71b4239ff000 r--p 00000000 00:2d 1062301                    /usr/local/python/3.12.1/lib/python3.12/site-packages/aiohttp/_http_writer.cpython-312-x86_64-linux-gnu.so
71b4239ff000-71b423a07000 r-xp 00003000 00:2d 1062301                    /usr/local/python/3.12.1/lib/python3.12/site-packages/aiohttp/_http_writer.cpython-312-x86_64-linux-gnu.so
71b423a07000-71b423a09000 r--p 0000b000 00:2d 1062301                    /usr/local/python/3.12.1/lib/python3.12/site-packages/aiohttp/_http_writer.cpython-312-x86_64-linux-gnu.so
71b423a09000-71b423a0a000 r--p 0000c000 00:2d 1062301                    /usr/local/python/3.12.1/lib/python3.12/site-packages/aiohttp/_http_writer.cpython-312-x86_64-linux-gnu.so
71b423a0a000-71b423a0b000 rw-p 0000d000 00:2d 1062301                    /usr/local/python/3.12.1/lib/python3.12/site-packages/aiohttp/_http_writer.cpython-312-x86_64-linux-gnu.so
71b423a0b000-71b423b0b000 rw-p 00000000 00:00 0 
71b423b0b000-71b423b0f000 r--p 00000000 00:2d 1062176                    /usr/local/python/3.12.1/lib/python3.12/site-packages/propcache/_helpers_c.cpython-312-x86_64-linux-gnu.so
71b423b0f000-71b423b1b000 r-xp 00004000 00:2d 1062176                    /usr/local/python/3.12.1/lib/python3.12/site-packages/propcache/_helpers_c.cpython-312-x86_64-linux-gnu.so
71b423b1b000-71b423b1f000 r--p 00010000 00:2d 1062176                    /usr/local/python/3.12.1/lib/python3.12/site-packages/propcache/_helpers_c.cpython-312-x86_64-linux-gnu.so
71b423b1f000-71b423b20000 r--p 00013000 00:2d 1062176                    /usr/local/python/3.12.1/lib/python3.12/site-packages/propcache/_helpers_c.cpython-312-x86_64-linux-gnu.so
71b423b20000-71b423b21000 rw-p 00014000 00:2d 1062176                    /usr/local/python/3.12.1/lib/python3.12/site-packages/propcache/_helpers_c.cpython-312-x86_64-linux-gnu.so
71b423b21000-71b423b22000 rw-p 00000000 00:00 0 
71b423b22000-71b423b25000 r--p 00000000 00:2d 830532                     /usr/local/python/3.12.1/lib/python3.12/lib-dynload/unicodedata.cpython-312-x86_64-linux-gnu.so
71b423b25000-71b423b2a000 r-xp 00003000 00:2d 830532                     /usr/local/python/3.12.1/lib/python3.12/lib-dynload/unicodedata.cpython-312-x86_64-linux-gnu.so
71b423b2a000-71b423c36000 r--p 00008000 00:2d 830532                     /usr/local/python/3.12.1/lib/python3.12/lib-dynload/unicodedata.cpython-312-x86_64-linux-gnu.so
71b423c36000-71b423c37000 r--p 00113000 00:2d 830532                     /usr/local/python/3.12.1/lib/python3.12/lib-dynload/unicodedata.cpython-312-x86_64-linux-gnu.so
71b423c37000-71b423c38000 rw-p 00114000 00:2d 830532                     /usr/local/python/3.12.1/lib/python3.12/lib-dynload/unicodedata.cpython-312-x86_64-linux-gnu.so
71b423c38000-71b423e38000 rw-p 00000000 00:00 0 
71b423e38000-71b423e58000 r--p 00000000 00:2d 412047                     /usr/lib/x86_64-linux-gnu/libsqlite3.so.0.8.6
71b423e58000-71b423f63000 r-xp 00020000 00:2d 412047                     /usr/lib/x86_64-linux-gnu/libsqlite3.so.0.8.6
71b423f63000-71b423f97000 r--p 0012b000 00:2d 412047                     /usr/lib/x86_64-linux-gnu/libsqlite3.so.0.8.6
71b423f97000-71b423f9b000 r--p 0015e000 00:2d 412047                     /usr/lib/x86_64-linux-gnu/libsqlite3.so.0.8.6
71b423f9b000-71b423f9f000 rw-p 00162000 00:2d 412047                     /usr/lib/x86_64-linux-gnu/libsqlite3.so.0.8.6
71b423f9f000-71b4247a0000 rw-p 00000000 00:00 0 
71b4247a0000-71b4247a7000 r-xp 00000000 00:2d 681575                     /usr/local/sdkman/candidates/java/25.0.1-ms/lib/libzip.so
71b4247a7000-71b4247a8000 ---p 00007000 00:2d 681575                     /usr/local/sdkman/candidates/java/25.0.1-ms/lib/libzip.so
71b4247a8000-71b4247a9000 r--p 00007000 00:2d 681575                     /usr/local/sdkman/candidates/java/25.0.1-ms/lib/libzip.so
71b4247a9000-71b4247aa000 rw-p 00008000 00:2d 681575                     /usr/local/sdkman/candidates/java/25.0.1-ms/lib/libzip.so
71b4247aa000-71b4247be000 r-xp 00000000 00:2d 681566                     /usr/local/sdkman/candidates/java/25.0.1-ms/lib/libnio.so
71b4247be000-71b4247bf000 r--p 00013000 00:2d 681566                     /usr/local/sdkman/candidates/java/25.0.1-ms/lib/libnio.so
71b4247bf000-71b4247c0000 rw-p 00014000 00:2d 681566                     /usr/local/sdkman/candidates/java/25.0.1-ms/lib/libnio.so
71b4247c0000-71b4247c5000 rw-p 00000000 00:00 0 
71b4247c5000-71b4247cc000 ---p 00000000 00:00 0 
71b4247cc000-71b4247ec000 r-xp 00000000 00:2d 681551                     /usr/local/sdkman/candidates/java/25.0.1-ms/lib/libjava.so
71b4247ec000-71b4247ed000 r--p 0001f000 00:2d 681551                     /usr/local/sdkman/candidates/java/25.0.1-ms/lib/libjava.so
71b4247ed000-71b4247ee000 rw-p 00020000 00:2d 681551                     /usr/local/sdkman/candidates/java/25.0.1-ms/lib/libjava.so
71b4247ee000-71b4247ef000 rw-p 00000000 00:00 0 
71b4247ef000-71b4247f7000 rw-s 00000000 08:11 917569                     /tmp/hsperfdata_codespace/30368
71b4247f7000-71b424812000 r-xp 00000000 00:2d 681555                     /usr/local/sdkman/candidates/java/25.0.1-ms/lib/libjimage.so
71b424812000-71b424813000 ---p 0001b000 00:2d 681555                     /usr/local/sdkman/candidates/java/25.0.1-ms/lib/libjimage.so
71b424813000-71b424815000 r--p 0001b000 00:2d 681555                     /usr/local/sdkman/candidates/java/25.0.1-ms/lib/libjimage.so
71b424815000-71b424816000 rw-p 0001d000 00:2d 681555                     /usr/local/sdkman/candidates/java/25.0.1-ms/lib/libjimage.so
71b424816000-71b424817000 r--p 00000000 00:2d 394211                     /usr/lib/x86_64-linux-gnu/libutil.so.1
71b424817000-71b424818000 r-xp 00001000 00:2d 394211                     /usr/lib/x86_64-linux-gnu/libutil.so.1
71b424818000-71b424819000 r--p 00002000 00:2d 394211                     /usr/lib/x86_64-linux-gnu/libutil.so.1
71b424819000-71b42481a000 r--p 00002000 00:2d 394211                     /usr/lib/x86_64-linux-gnu/libutil.so.1
71b42481a000-71b42481b000 rw-p 00003000 00:2d 394211                     /usr/lib/x86_64-linux-gnu/libutil.so.1
71b42481b000-71b42481c000 r--p 00000000 00:00 0 
71b42481c000-71b42481d000 r--p 00000000 00:2d 393777                     /usr/lib/locale/C.utf8/LC_NUMERIC
71b42481d000-71b42481e000 r--p 00000000 00:2d 393780                     /usr/lib/locale/C.utf8/LC_TIME
71b42481e000-71b42481f000 r--p 00000000 00:2d 393769                     /usr/lib/locale/C.utf8/LC_COLLATE
71b42481f000-71b424820000 r--p 00000000 00:2d 393775                     /usr/lib/locale/C.utf8/LC_MONETARY
71b424820000-71b424821000 r--p 00000000 00:2d 393774                     /usr/lib/locale/C.utf8/LC_MESSAGES/SYS_LC_MESSAGES
71b424821000-71b424822000 r--p 00000000 00:2d 393778                     /usr/lib/locale/C.utf8/LC_PAPER
71b424822000-71b42482d000 r--p 00000000 00:2d 1078542                    /usr/local/python/3.12.1/lib/python3.12/site-packages/pymupdf/_extra.so
71b42482d000-71b424846000 r-xp 0000b000 00:2d 1078542                    /usr/local/python/3.12.1/lib/python3.12/site-packages/pymupdf/_extra.so
71b424846000-71b424851000 r--p 00024000 00:2d 1078542                    /usr/local/python/3.12.1/lib/python3.12/site-packages/pymupdf/_extra.so
71b424851000-71b424852000 r--p 0002e000 00:2d 1078542                    /usr/local/python/3.12.1/lib/python3.12/site-packages/pymupdf/_extra.so
71b424852000-71b424855000 rw-p 0002f000 00:2d 1078542                    /usr/local/python/3.12.1/lib/python3.12/site-packages/pymupdf/_extra.so
71b424855000-71b42485b000 r--p 00000000 00:2d 1065076                    /usr/local/python/3.12.1/lib/python3.12/site-packages/lxml/_elementpath.cpython-312-x86_64-linux-gnu.so
71b42485b000-71b42487f000 r-xp 00006000 00:2d 1065076                    /usr/local/python/3.12.1/lib/python3.12/site-packages/lxml/_elementpath.cpython-312-x86_64-linux-gnu.so
71b42487f000-71b424886000 r--p 0002a000 00:2d 1065076                    /usr/local/python/3.12.1/lib/python3.12/site-packages/lxml/_elementpath.cpython-312-x86_64-linux-gnu.so
71b424886000-71b424887000 r--p 00031000 00:2d 1065076                    /usr/local/python/3.12.1/lib/python3.12/site-packages/lxml/_elementpath.cpython-312-x86_64-linux-gnu.so
71b424887000-71b42488a000 rw-p 00032000 00:2d 1065076                    /usr/local/python/3.12.1/lib/python3.12/site-packages/lxml/_elementpath.cpython-312-x86_64-linux-gnu.so
71b42488a000-71b42498b000 rw-p 00000000 00:00 0 
71b42498b000-71b424a28000 r--p 00000000 00:2d 394197                     /usr/lib/x86_64-linux-gnu/libstdc++.so.6.0.33
71b424a28000-71b424b70000 r-xp 0009d000 00:2d 394197                     /usr/lib/x86_64-linux-gnu/libstdc++.so.6.0.33
71b424b70000-71b424bf7000 r--p 001e5000 00:2d 394197                     /usr/lib/x86_64-linux-gnu/libstdc++.so.6.0.33
71b424bf7000-71b424c02000 r--p 0026b000 00:2d 394197                     /usr/lib/x86_64-linux-gnu/libstdc++.so.6.0.33
71b424c02000-71b424c05000 rw-p 00276000 00:2d 394197                     /usr/lib/x86_64-linux-gnu/libstdc++.so.6.0.33
71b424c05000-71b424c09000 rw-p 00000000 00:00 0 
71b424c09000-71b424c12000 r--p 00000000 00:2d 1062870                    /usr/local/python/3.12.1/lib/python3.12/site-packages/greenlet/_greenlet.cpython-312-x86_64-linux-gnu.so
71b424c12000-71b424c22000 r-xp 00009000 00:2d 1062870                    /usr/local/python/3.12.1/lib/python3.12/site-packages/greenlet/_greenlet.cpython-312-x86_64-linux-gnu.so
71b424c22000-71b424c28000 r--p 00019000 00:2d 1062870                    /usr/local/python/3.12.1/lib/python3.12/site-packages/greenlet/_greenlet.cpython-312-x86_64-linux-gnu.so
71b424c28000-71b424c29000 r--p 0001f000 00:2d 1062870                    /usr/local/python/3.12.1/lib/python3.12/site-packages/greenlet/_greenlet.cpython-312-x86_64-linux-gnu.so
71b424c29000-71b424c2a000 rw-p 00020000 00:2d 1062870                    /usr/local/python/3.12.1/lib/python3.12/site-packages/greenlet/_greenlet.cpython-312-x86_64-linux-gnu.so
71b424c2a000-71b424c2e000 r--p 00000000 00:2d 1065900                    /usr/local/python/3.12.1/lib/python3.12/site-packages/sqlalchemy/cyextension/util.cpython-312-x86_64-linux-gnu.so
71b424c2e000-71b424c3e000 r-xp 00004000 00:2d 1065900                    /usr/local/python/3.12.1/lib/python3.12/site-packages/sqlalchemy/cyextension/util.cpython-312-x86_64-linux-gnu.so
71b424c3e000-71b424c41000 r--p 00014000 00:2d 1065900                    /usr/local/python/3.12.1/lib/python3.12/site-packages/sqlalchemy/cyextension/util.cpython-312-x86_64-linux-gnu.so
71b424c41000-71b424c42000 r--p 00017000 00:2d 1065900                    /usr/local/python/3.12.1/lib/python3.12/site-packages/sqlalchemy/cyextension/util.cpython-312-x86_64-linux-gnu.so
71b424c42000-71b424c43000 rw-p 00018000 00:2d 1065900                    /usr/local/python/3.12.1/lib/python3.12/site-packages/sqlalchemy/cyextension/util.cpython-312-x86_64-linux-gnu.so
71b424c43000-71b424c44000 rw-p 00000000 00:00 0 
71b424c44000-71b424c48000 r--p 00000000 00:2d 1065898                    /usr/local/python/3.12.1/lib/python3.12/site-packages/sqlalchemy/cyextension/resultproxy.cpython-312-x86_64-linux-gnu.so
71b424c48000-71b424c53000 r-xp 00004000 00:2d 1065898                    /usr/local/python/3.12.1/lib/python3.12/site-packages/sqlalchemy/cyextension/resultproxy.cpython-312-x86_64-linux-gnu.so
71b424c53000-71b424c56000 r--p 0000f000 00:2d 1065898                    /usr/local/python/3.12.1/lib/python3.12/site-packages/sqlalchemy/cyextension/resultproxy.cpython-312-x86_64-linux-gnu.so
71b424c56000-71b424c57000 r--p 00011000 00:2d 1065898                    /usr/local/python/3.12.1/lib/python3.12/site-packages/sqlalchemy/cyextension/resultproxy.cpython-312-x86_64-linux-gnu.so
71b424c57000-71b424c58000 rw-p 00012000 00:2d 1065898                    /usr/local/python/3.12.1/lib/python3.12/site-packages/sqlalchemy/cyextension/resultproxy.cpython-312-x86_64-linux-gnu.so
71b424c58000-71b424c59000 rw-p 00000000 00:00 0 
71b424c59000-71b424c5d000 r--p 00000000 00:2d 1065896                    /usr/local/python/3.12.1/lib/python3.12/site-packages/sqlalchemy/cyextension/processors.cpython-312-x86_64-linux-gnu.so
71b424c5d000-71b424c68000 r-xp 00004000 00:2d 1065896                    /usr/local/python/3.12.1/lib/python3.12/site-packages/sqlalchemy/cyextension/processors.cpython-312-x86_64-linux-gnu.so
71b424c68000-71b424c6b000 r--p 0000f000 00:2d 1065896                    /usr/local/python/3.12.1/lib/python3.12/site-packages/sqlalchemy/cyextension/processors.cpython-312-x86_64-linux-gnu.so
71b424c6b000-71b424c6c000 r--p 00011000 00:2d 1065896                    /usr/local/python/3.12.1/lib/python3.12/site-packages/sqlalchemy/cyextension/processors.cpython-312-x86_64-linux-gnu.so
71b424c6c000-71b424c6d000 rw-p 00012000 00:2d 1065896                    /usr/local/python/3.12.1/lib/python3.12/site-packages/sqlalchemy/cyextension/processors.cpython-312-x86_64-linux-gnu.so
71b424c6d000-71b424c6e000 rw-p 00000000 00:00 0 
71b424c6e000-71b424c72000 r--p 00000000 00:2d 1065893                    /usr/local/python/3.12.1/lib/python3.12/site-packages/sqlalchemy/cyextension/immutabledict.cpython-312-x86_64-linux-gnu.so
71b424c72000-71b424c81000 r-xp 00004000 00:2d 1065893                    /usr/local/python/3.12.1/lib/python3.12/site-packages/sqlalchemy/cyextension/immutabledict.cpython-312-x86_64-linux-gnu.so
71b424c81000-71b424c84000 r--p 00013000 00:2d 1065893                    /usr/local/python/3.12.1/lib/python3.12/site-packages/sqlalchemy/cyextension/immutabledict.cpython-312-x86_64-linux-gnu.so
71b424c84000-71b424c85000 r--p 00015000 00:2d 1065893                    /usr/local/python/3.12.1/lib/python3.12/site-packages/sqlalchemy/cyextension/immutabledict.cpython-312-x86_64-linux-gnu.so
71b424c85000-71b424c87000 rw-p 00016000 00:2d 1065893                    /usr/local/python/3.12.1/lib/python3.12/site-packages/sqlalchemy/cyextension/immutabledict.cpython-312-x86_64-linux-gnu.so
71b424c87000-71b424c8d000 r--p 00000000 00:2d 1065891                    /usr/local/python/3.12.1/lib/python3.12/site-packages/sqlalchemy/cyextension/collections.cpython-312-x86_64-linux-gnu.so
71b424c8d000-71b424cb3000 r-xp 00006000 00:2d 1065891                    /usr/local/python/3.12.1/lib/python3.12/site-packages/sqlalchemy/cyextension/collections.cpython-312-x86_64-linux-gnu.so
71b424cb3000-71b424cbb000 r--p 0002c000 00:2d 1065891                    /usr/local/python/3.12.1/lib/python3.12/site-packages/sqlalchemy/cyextension/collections.cpython-312-x86_64-linux-gnu.so
71b424cbb000-71b424cbc000 r--p 00033000 00:2d 1065891                    /usr/local/python/3.12.1/lib/python3.12/site-packages/sqlalchemy/cyextension/collections.cpython-312-x86_64-linux-gnu.so
71b424cbc000-71b424cbf000 rw-p 00034000 00:2d 1065891                    /usr/local/python/3.12.1/lib/python3.12/site-packages/sqlalchemy/cyextension/collections.cpython-312-x86_64-linux-gnu.so
71b424cbf000-71b424ebf000 rw-p 00000000 00:00 0 
71b424ebf000-71b424ec1000 r--p 00000000 00:2d 830462                     /usr/local/python/3.12.1/lib/python3.12/lib-dynload/_blake2.cpython-312-x86_64-linux-gnu.so
71b424ec1000-71b424ec8000 r-xp 00002000 00:2d 830462                     /usr/local/python/3.12.1/lib/python3.12/lib-dynload/_blake2.cpython-312-x86_64-linux-gnu.so
71b424ec8000-71b424eca000 r--p 00009000 00:2d 830462                     /usr/local/python/3.12.1/lib/python3.12/lib-dynload/_blake2.cpython-312-x86_64-linux-gnu.so
71b424eca000-71b424ecb000 r--p 0000a000 00:2d 830462                     /usr/local/python/3.12.1/lib/python3.12/lib-dynload/_blake2.cpython-312-x86_64-linux-gnu.so
71b424ecb000-71b424ecc000 rw-p 0000b000 00:2d 830462                     /usr/local/python/3.12.1/lib/python3.12/lib-dynload/_blake2.cpython-312-x86_64-linux-gnu.so
71b424ecc000-71b424ed0000 r--p 00000000 00:2d 830481                     /usr/local/python/3.12.1/lib/python3.12/lib-dynload/_hashlib.cpython-312-x86_64-linux-gnu.so
71b424ed0000-71b424ed6000 r-xp 00004000 00:2d 830481                     /usr/local/python/3.12.1/lib/python3.12/lib-dynload/_hashlib.cpython-312-x86_64-linux-gnu.so
71b424ed6000-71b424eda000 r--p 0000a000 00:2d 830481                     /usr/local/python/3.12.1/lib/python3.12/lib-dynload/_hashlib.cpython-312-x86_64-linux-gnu.so
71b424eda000-71b424edb000 r--p 0000d000 00:2d 830481                     /usr/local/python/3.12.1/lib/python3.12/lib-dynload/_hashlib.cpython-312-x86_64-linux-gnu.so
71b424edb000-71b424edd000 rw-p 0000e000 00:2d 830481                     /usr/local/python/3.12.1/lib/python3.12/lib-dynload/_hashlib.cpython-312-x86_64-linux-gnu.so
71b424edd000-71b4250dd000 rw-p 00000000 00:00 0 
71b4250dd000-71b4250df000 r--p 00000000 00:2d 830472                     /usr/local/python/3.12.1/lib/python3.12/lib-dynload/_csv.cpython-312-x86_64-linux-gnu.so
71b4250df000-71b4250e3000 r-xp 00002000 00:2d 830472                     /usr/local/python/3.12.1/lib/python3.12/lib-dynload/_csv.cpython-312-x86_64-linux-gnu.so
71b4250e3000-71b4250e6000 r--p 00006000 00:2d 830472                     /usr/local/python/3.12.1/lib/python3.12/lib-dynload/_csv.cpython-312-x86_64-linux-gnu.so
71b4250e6000-71b4250e7000 r--p 00008000 00:2d 830472                     /usr/local/python/3.12.1/lib/python3.12/lib-dynload/_csv.cpython-312-x86_64-linux-gnu.so
71b4250e7000-71b4250e8000 rw-p 00009000 00:2d 830472                     /usr/local/python/3.12.1/lib/python3.12/lib-dynload/_csv.cpython-312-x86_64-linux-gnu.so
71b4250e8000-71b4251e8000 rw-p 00000000 00:00 0 
71b4251e8000-71b4251ea000 r--p 00000000 00:2d 830515                     /usr/local/python/3.12.1/lib/python3.12/lib-dynload/_zoneinfo.cpython-312-x86_64-linux-gnu.so
71b4251ea000-71b4251ef000 r-xp 00002000 00:2d 830515                     /usr/local/python/3.12.1/lib/python3.12/lib-dynload/_zoneinfo.cpython-312-x86_64-linux-gnu.so
71b4251ef000-71b4251f1000 r--p 00007000 00:2d 830515                     /usr/local/python/3.12.1/lib/python3.12/lib-dynload/_zoneinfo.cpython-312-x86_64-linux-gnu.so
71b4251f1000-71b4251f2000 r--p 00008000 00:2d 830515                     /usr/local/python/3.12.1/lib/python3.12/lib-dynload/_zoneinfo.cpython-312-x86_64-linux-gnu.so
71b4251f2000-71b4251f3000 rw-p 00009000 00:2d 830515                     /usr/local/python/3.12.1/lib/python3.12/lib-dynload/_zoneinfo.cpython-312-x86_64-linux-gnu.so
71b4251f3000-71b4251f5000 r--p 00000000 00:2d 394213                     /usr/lib/x86_64-linux-gnu/libuuid.so.1.3.0
71b4251f5000-71b4251fa000 r-xp 00002000 00:2d 394213                     /usr/lib/x86_64-linux-gnu/libuuid.so.1.3.0
71b4251fa000-71b4251fb000 r--p 00007000 00:2d 394213                     /usr/lib/x86_64-linux-gnu/libuuid.so.1.3.0
71b4251fb000-71b4251fc000 r--p 00007000 00:2d 394213                     /usr/lib/x86_64-linux-gnu/libuuid.so.1.3.0
71b4251fc000-71b4251fd000 rw-p 00008000 00:2d 394213                     /usr/lib/x86_64-linux-gnu/libuuid.so.1.3.0
71b4251fd000-71b4251fe000 r--p 00000000 00:2d 393776                     /usr/lib/locale/C.utf8/LC_NAME
71b4251fe000-71b4251ff000 r--p 00000000 00:2d 393768                     /usr/lib/locale/C.utf8/LC_ADDRESS
71b4251ff000-71b425200000 r--p 00000000 00:2d 795731                     /home/codespace/.local/lib/python3.12/site-packages/charset_normalizer/md.cpython-312-x86_64-linux-gnu.so
71b425200000-71b425201000 r-xp 00001000 00:2d 795731                     /home/codespace/.local/lib/python3.12/site-packages/charset_normalizer/md.cpython-312-x86_64-linux-gnu.so
71b425201000-71b425202000 r--p 00002000 00:2d 795731                     /home/codespace/.local/lib/python3.12/site-packages/charset_normalizer/md.cpython-312-x86_64-linux-gnu.so
71b425202000-71b425203000 r--p 00002000 00:2d 795731                     /home/codespace/.local/lib/python3.12/site-packages/charset_normalizer/md.cpython-312-x86_64-linux-gnu.so
71b425203000-71b425204000 rw-p 00003000 00:2d 795731                     /home/codespace/.local/lib/python3.12/site-packages/charset_normalizer/md.cpython-312-x86_64-linux-gnu.so
71b425204000-71b425404000 rw-p 00000000 00:00 0 
71b425404000-71b42540b000 r--p 00000000 00:2d 830478                     /usr/local/python/3.12.1/lib/python3.12/lib-dynload/_decimal.cpython-312-x86_64-linux-gnu.so
71b42540b000-71b425453000 r-xp 00007000 00:2d 830478                     /usr/local/python/3.12.1/lib/python3.12/lib-dynload/_decimal.cpython-312-x86_64-linux-gnu.so
71b425453000-71b425463000 r--p 0004f000 00:2d 830478                     /usr/local/python/3.12.1/lib/python3.12/lib-dynload/_decimal.cpython-312-x86_64-linux-gnu.so
71b425463000-71b425464000 r--p 0005f000 00:2d 830478                     /usr/local/python/3.12.1/lib/python3.12/lib-dynload/_decimal.cpython-312-x86_64-linux-gnu.so
71b425464000-71b425467000 rw-p 00060000 00:2d 830478                     /usr/local/python/3.12.1/lib/python3.12/lib-dynload/_decimal.cpython-312-x86_64-linux-gnu.so
71b425467000-71b425468000 r--p 00000000 00:2d 394118                     /usr/lib/x86_64-linux-gnu/libdl.so.2
71b425468000-71b425469000 r-xp 00001000 00:2d 394118                     /usr/lib/x86_64-linux-gnu/libdl.so.2
71b425469000-71b42546a000 r--p 00002000 00:2d 394118                     /usr/lib/x86_64-linux-gnu/libdl.so.2
71b42546a000-71b42546b000 r--p 00002000 00:2d 394118                     /usr/lib/x86_64-linux-gnu/libdl.so.2
71b42546b000-71b42546c000 rw-p 00003000 00:2d 394118                     /usr/lib/x86_64-linux-gnu/libdl.so.2
71b42546c000-71b42546d000 r--p 00000000 00:2d 394183                     /usr/lib/x86_64-linux-gnu/libpthread.so.0
71b42546d000-71b42546e000 r-xp 00001000 00:2d 394183                     /usr/lib/x86_64-linux-gnu/libpthread.so.0
71b42546e000-71b42546f000 r--p 00002000 00:2d 394183                     /usr/lib/x86_64-linux-gnu/libpthread.so.0
71b42546f000-71b425470000 r--p 00002000 00:2d 394183                     /usr/lib/x86_64-linux-gnu/libpthread.so.0
71b425470000-71b425471000 rw-p 00003000 00:2d 394183                     /usr/lib/x86_64-linux-gnu/libpthread.so.0
71b425471000-71b425475000 r--p 00000000 00:2d 394129                     /usr/lib/x86_64-linux-gnu/libgcc_s.so.1
71b425475000-71b425499000 r-xp 00004000 00:2d 394129                     /usr/lib/x86_64-linux-gnu/libgcc_s.so.1
71b425499000-71b42549d000 r--p 00028000 00:2d 394129                     /usr/lib/x86_64-linux-gnu/libgcc_s.so.1
71b42549d000-71b42549e000 r--p 0002b000 00:2d 394129                     /usr/lib/x86_64-linux-gnu/libgcc_s.so.1
71b42549e000-71b42549f000 rw-p 0002c000 00:2d 394129                     /usr/lib/x86_64-linux-gnu/libgcc_s.so.1
71b42549f000-71b4255d6000 r--p 00000000 00:2d 1063037                    /usr/local/python/3.12.1/lib/python3.12/site-packages/pydantic_core/_pydantic_core.cpython-312-x86_64-linux-gnu.so
71b4255d6000-71b425910000 r-xp 00136000 00:2d 1063037                    /usr/local/python/3.12.1/lib/python3.12/site-packages/pydantic_core/_pydantic_core.cpython-312-x86_64-linux-gnu.so
71b425910000-71b425944000 r--p 0046f000 00:2d 1063037                    /usr/local/python/3.12.1/lib/python3.12/site-packages/pydantic_core/_pydantic_core.cpython-312-x86_64-linux-gnu.so
71b425944000-71b42594a000 rw-p 004a2000 00:2d 1063037                    /usr/local/python/3.12.1/lib/python3.12/site-packages/pydantic_core/_pydantic_core.cpython-312-x86_64-linux-gnu.so
71b42594a000-71b425b4a000 rw-p 00000000 00:00 0 
71b425b4a000-71b425b4d000 r--p 00000000 00:2d 394145                     /usr/lib/x86_64-linux-gnu/liblzma.so.5.4.5
71b425b4d000-71b425b6f000 r-xp 00003000 00:2d 394145                     /usr/lib/x86_64-linux-gnu/liblzma.so.5.4.5
71b425b6f000-71b425b7a000 r--p 00025000 00:2d 394145                     /usr/lib/x86_64-linux-gnu/liblzma.so.5.4.5
71b425b7a000-71b425b7b000 r--p 00030000 00:2d 394145                     /usr/lib/x86_64-linux-gnu/liblzma.so.5.4.5
71b425b7b000-71b425b7c000 rw-p 00031000 00:2d 394145                     /usr/lib/x86_64-linux-gnu/liblzma.so.5.4.5
71b425b7c000-71b425b7f000 r--p 00000000 00:2d 830485                     /usr/local/python/3.12.1/lib/python3.12/lib-dynload/_lzma.cpython-312-x86_64-linux-gnu.so
71b425b7f000-71b425b83000 r-xp 00003000 00:2d 830485                     /usr/local/python/3.12.1/lib/python3.12/lib-dynload/_lzma.cpython-312-x86_64-linux-gnu.so
71b425b83000-71b425b86000 r--p 00007000 00:2d 830485                     /usr/local/python/3.12.1/lib/python3.12/lib-dynload/_lzma.cpython-312-x86_64-linux-gnu.so
71b425b86000-71b425b87000 r--p 00009000 00:2d 830485                     /usr/local/python/3.12.1/lib/python3.12/lib-dynload/_lzma.cpython-312-x86_64-linux-gnu.so
71b425b87000-71b425b88000 rw-p 0000a000 00:2d 830485                     /usr/local/python/3.12.1/lib/python3.12/lib-dynload/_lzma.cpython-312-x86_64-linux-gnu.so
71b425b88000-71b425b8a000 r--p 00000000 00:2d 394103                     /usr/lib/x86_64-linux-gnu/libbz2.so.1.0.4
71b425b8a000-71b425b98000 r-xp 00002000 00:2d 394103                     /usr/lib/x86_64-linux-gnu/libbz2.so.1.0.4
71b425b98000-71b425b9a000 r--p 00010000 00:2d 394103                     /usr/lib/x86_64-linux-gnu/libbz2.so.1.0.4
71b425b9a000-71b425b9b000 r--p 00011000 00:2d 394103                     /usr/lib/x86_64-linux-gnu/libbz2.so.1.0.4
71b425b9b000-71b425b9c000 rw-p 00012000 00:2d 394103                     /usr/lib/x86_64-linux-gnu/libbz2.so.1.0.4
71b425b9c000-71b425b9d000 r--p 00000000 00:2d 393779                     /usr/lib/locale/C.utf8/LC_TELEPHONE
71b425b9d000-71b425b9e000 r--p 00000000 00:2d 393772                     /usr/lib/locale/C.utf8/LC_MEASUREMENT
71b425b9e000-71b425b9f000 r--p 00000000 00:2d 830511                     /usr/local/python/3.12.1/lib/python3.12/lib-dynload/_uuid.cpython-312-x86_64-linux-gnu.so
71b425b9f000-71b425ba0000 r-xp 00001000 00:2d 830511                     /usr/local/python/3.12.1/lib/python3.12/lib-dynload/_uuid.cpython-312-x86_64-linux-gnu.so
71b425ba0000-71b425ba1000 r--p 00002000 00:2d 830511                     /usr/local/python/3.12.1/lib/python3.12/lib-dynload/_uuid.cpython-312-x86_64-linux-gnu.so
71b425ba1000-71b425ba2000 r--p 00002000 00:2d 830511                     /usr/local/python/3.12.1/lib/python3.12/lib-dynload/_uuid.cpython-312-x86_64-linux-gnu.so
71b425ba2000-71b425ba3000 rw-p 00003000 00:2d 830511                     /usr/local/python/3.12.1/lib/python3.12/lib-dynload/_uuid.cpython-312-x86_64-linux-gnu.so
71b425ba3000-71b425ba5000 r--p 00000000 00:2d 830463                     /usr/local/python/3.12.1/lib/python3.12/lib-dynload/_bz2.cpython-312-x86_64-linux-gnu.so
71b425ba5000-71b425ba7000 r-xp 00002000 00:2d 830463                     /usr/local/python/3.12.1/lib/python3.12/lib-dynload/_bz2.cpython-312-x86_64-linux-gnu.so
71b425ba7000-71b425ba8000 r--p 00004000 00:2d 830463                     /usr/local/python/3.12.1/lib/python3.12/lib-dynload/_bz2.cpython-312-x86_64-linux-gnu.so
71b425ba8000-71b425ba9000 r--p 00005000 00:2d 830463                     /usr/local/python/3.12.1/lib/python3.12/lib-dynload/_bz2.cpython-312-x86_64-linux-gnu.so
71b425ba9000-71b425baa000 rw-p 00006000 00:2d 830463                     /usr/local/python/3.12.1/lib/python3.12/lib-dynload/_bz2.cpython-312-x86_64-linux-gnu.so
71b425baa000-71b425caa000 rw-p 00000000 00:00 0 
71b425caa000-71b425cab000 r--p 00000000 00:2d 393771                     /usr/lib/locale/C.utf8/LC_IDENTIFICATION
71b425cab000-71b425cac000 ---p 00000000 00:00 0 
71b425cac000-71b425cad000 r--p 00000000 00:00 0 
71b425cad000-71b425cae000 ---p 00000000 00:00 0 
71b425cae000-71b425cb0000 r--p 00000000 00:2d 830521                     /usr/local/python/3.12.1/lib/python3.12/lib-dynload/grp.cpython-312-x86_64-linux-gnu.so
71b425cb0000-71b425cb1000 r-xp 00002000 00:2d 830521                     /usr/local/python/3.12.1/lib/python3.12/lib-dynload/grp.cpython-312-x86_64-linux-gnu.so
71b425cb1000-71b425cb2000 r--p 00003000 00:2d 830521                     /usr/local/python/3.12.1/lib/python3.12/lib-dynload/grp.cpython-312-x86_64-linux-gnu.so
71b425cb2000-71b425cb3000 r--p 00003000 00:2d 830521                     /usr/local/python/3.12.1/lib/python3.12/lib-dynload/grp.cpython-312-x86_64-linux-gnu.so
71b425cb3000-71b425cb4000 rw-p 00004000 00:2d 830521                     /usr/local/python/3.12.1/lib/python3.12/lib-dynload/grp.cpython-312-x86_64-linux-gnu.so
71b425cb4000-71b425cb8000 r--p 00000000 00:2d 1062257                    /usr/local/python/3.12.1/lib/python3.12/site-packages/yarl/_quoting_c.cpython-312-x86_64-linux-gnu.so
71b425cb8000-71b425ccd000 r-xp 00004000 00:2d 1062257                    /usr/local/python/3.12.1/lib/python3.12/site-packages/yarl/_quoting_c.cpython-312-x86_64-linux-gnu.so
71b425ccd000-71b425cd1000 r--p 00019000 00:2d 1062257                    /usr/local/python/3.12.1/lib/python3.12/site-packages/yarl/_quoting_c.cpython-312-x86_64-linux-gnu.so
71b425cd1000-71b425cd2000 r--p 0001c000 00:2d 1062257                    /usr/local/python/3.12.1/lib/python3.12/site-packages/yarl/_quoting_c.cpython-312-x86_64-linux-gnu.so
71b425cd2000-71b425cd3000 rw-p 0001d000 00:2d 1062257                    /usr/local/python/3.12.1/lib/python3.12/site-packages/yarl/_quoting_c.cpython-312-x86_64-linux-gnu.so
71b425cd3000-71b425cd4000 rw-p 00000000 00:00 0 
71b425cd4000-71b425cd8000 r--p 00000000 00:2d 1062199                    /usr/local/python/3.12.1/lib/python3.12/site-packages/multidict/_multidict.cpython-312-x86_64-linux-gnu.so
71b425cd8000-71b425ce9000 r-xp 00004000 00:2d 1062199                    /usr/local/python/3.12.1/lib/python3.12/site-packages/multidict/_multidict.cpython-312-x86_64-linux-gnu.so
71b425ce9000-71b425cec000 r--p 00015000 00:2d 1062199                    /usr/local/python/3.12.1/lib/python3.12/site-packages/multidict/_multidict.cpython-312-x86_64-linux-gnu.so
71b425cec000-71b425ced000 r--p 00018000 00:2d 1062199                    /usr/local/python/3.12.1/lib/python3.12/site-packages/multidict/_multidict.cpython-312-x86_64-linux-gnu.so
71b425ced000-71b425cef000 rw-p 00019000 00:2d 1062199                    /usr/local/python/3.12.1/lib/python3.12/site-packages/multidict/_multidict.cpython-312-x86_64-linux-gnu.so
71b425cef000-71b425cf6000 r--p 00000000 00:2d 830499                     /usr/local/python/3.12.1/lib/python3.12/lib-dynload/_sqlite3.cpython-312-x86_64-linux-gnu.so
71b425cf6000-71b425d06000 r-xp 00007000 00:2d 830499                     /usr/local/python/3.12.1/lib/python3.12/lib-dynload/_sqlite3.cpython-312-x86_64-linux-gnu.so
71b425d06000-71b425d0d000 r--p 00017000 00:2d 830499                     /usr/local/python/3.12.1/lib/python3.12/lib-dynload/_sqlite3.cpython-312-x86_64-linux-gnu.so
71b425d0d000-71b425d0e000 r--p 0001e000 00:2d 830499                     /usr/local/python/3.12.1/lib/python3.12/lib-dynload/_sqlite3.cpython-312-x86_64-linux-gnu.so
71b425d0e000-71b425d10000 rw-p 0001f000 00:2d 830499                     /usr/local/python/3.12.1/lib/python3.12/lib-dynload/_sqlite3.cpython-312-x86_64-linux-gnu.so
71b425d10000-71b425d15000 r--p 00000000 00:2d 830477                     /usr/local/python/3.12.1/lib/python3.12/lib-dynload/_datetime.cpython-312-x86_64-linux-gnu.so
71b425d15000-71b425d26000 r-xp 00005000 00:2d 830477                     /usr/local/python/3.12.1/lib/python3.12/lib-dynload/_datetime.cpython-312-x86_64-linux-gnu.so
71b425d26000-71b425d2b000 r--p 00016000 00:2d 830477                     /usr/local/python/3.12.1/lib/python3.12/lib-dynload/_datetime.cpython-312-x86_64-linux-gnu.so
71b425d2b000-71b425d2c000 r--p 0001b000 00:2d 830477                     /usr/local/python/3.12.1/lib/python3.12/lib-dynload/_datetime.cpython-312-x86_64-linux-gnu.so
71b425d2c000-71b425d2f000 rw-p 0001c000 00:2d 830477                     /usr/local/python/3.12.1/lib/python3.12/lib-dynload/_datetime.cpython-312-x86_64-linux-gnu.so
71b425d2f000-71b425f2f000 rw-p 00000000 00:00 0 
71b425f2f000-71b425f31000 r--p 00000000 00:2d 830483                     /usr/local/python/3.12.1/lib/python3.12/lib-dynload/_json.cpython-312-x86_64-linux-gnu.so
71b425f31000-71b425f37000 r-xp 00002000 00:2d 830483                     /usr/local/python/3.12.1/lib/python3.12/lib-dynload/_json.cpython-312-x86_64-linux-gnu.so
71b425f37000-71b425f39000 r--p 00008000 00:2d 830483                     /usr/local/python/3.12.1/lib/python3.12/lib-dynload/_json.cpython-312-x86_64-linux-gnu.so
71b425f39000-71b425f3a000 r--p 00009000 00:2d 830483                     /usr/local/python/3.12.1/lib/python3.12/lib-dynload/_json.cpython-312-x86_64-linux-gnu.so
71b425f3a000-71b425f3b000 rw-p 0000a000 00:2d 830483                     /usr/local/python/3.12.1/lib/python3.12/lib-dynload/_json.cpython-312-x86_64-linux-gnu.so
71b425f3b000-71b425f3f000 r--p 00000000 00:2d 830460                     /usr/local/python/3.12.1/lib/python3.12/lib-dynload/_asyncio.cpython-312-x86_64-linux-gnu.so
71b425f3f000-71b425f48000 r-xp 00004000 00:2d 830460                     /usr/local/python/3.12.1/lib/python3.12/lib-dynload/_asyncio.cpython-312-x86_64-linux-gnu.so
71b425f48000-71b425f4c000 r--p 0000d000 00:2d 830460                     /usr/local/python/3.12.1/lib/python3.12/lib-dynload/_asyncio.cpython-312-x86_64-linux-gnu.so
71b425f4c000-71b425f4d000 r--p 00011000 00:2d 830460                     /usr/local/python/3.12.1/lib/python3.12/lib-dynload/_asyncio.cpython-312-x86_64-linux-gnu.so
71b425f4d000-71b425f4f000 rw-p 00012000 00:2d 830460                     /usr/local/python/3.12.1/lib/python3.12/lib-dynload/_asyncio.cpython-312-x86_64-linux-gnu.so
71b425f4f000-71b42604f000 rw-p 00000000 00:00 0 
71b42604f000-71b426051000 r--p 00000000 00:2d 394217                     /usr/lib/x86_64-linux-gnu/libz.so.1.3
71b426051000-71b426063000 r-xp 00002000 00:2d 394217                     /usr/lib/x86_64-linux-gnu/libz.so.1.3
71b426063000-71b426069000 r--p 00014000 00:2d 394217                     /usr/lib/x86_64-linux-gnu/libz.so.1.3
71b426069000-71b42606a000 r--p 0001a000 00:2d 394217                     /usr/lib/x86_64-linux-gnu/libz.so.1.3
71b42606a000-71b42606b000 rw-p 0001b000 00:2d 394217                     /usr/lib/x86_64-linux-gnu/libz.so.1.3
71b42606b000-71b42611e000 r--p 00000000 00:2d 394114                     /usr/lib/x86_64-linux-gnu/libcrypto.so.3
71b42611e000-71b426451000 r-xp 000b3000 00:2d 394114                     /usr/lib/x86_64-linux-gnu/libcrypto.so.3
71b426451000-71b42651c000 r--p 003e6000 00:2d 394114                     /usr/lib/x86_64-linux-gnu/libcrypto.so.3
71b42651c000-71b426578000 r--p 004b0000 00:2d 394114                     /usr/lib/x86_64-linux-gnu/libcrypto.so.3
71b426578000-71b42657b000 rw-p 0050c000 00:2d 394114                     /usr/lib/x86_64-linux-gnu/libcrypto.so.3
71b42657b000-71b42657e000 rw-p 00000000 00:00 0 
71b42657e000-71b42659c000 r--p 00000000 00:2d 394195                     /usr/lib/x86_64-linux-gnu/libssl.so.3
71b42659c000-71b4265fe000 r-xp 0001e000 00:2d 394195                     /usr/lib/x86_64-linux-gnu/libssl.so.3
71b4265fe000-71b42661a000 r--p 00080000 00:2d 394195                     /usr/lib/x86_64-linux-gnu/libssl.so.3
71b42661a000-71b426624000 r--p 0009c000 00:2d 394195                     /usr/lib/x86_64-linux-gnu/libssl.so.3
71b426624000-71b426628000 rw-p 000a6000 00:2d 394195                     /usr/lib/x86_64-linux-gnu/libssl.so.3
71b426628000-71b42663a000 r--p 00000000 00:2d 830500                     /usr/local/python/3.12.1/lib/python3.12/lib-dynload/_ssl.cpython-312-x86_64-linux-gnu.so
71b42663a000-71b426649000 r-xp 00012000 00:2d 830500                     /usr/local/python/3.12.1/lib/python3.12/lib-dynload/_ssl.cpython-312-x86_64-linux-gnu.so
71b426649000-71b426657000 r--p 00021000 00:2d 830500                     /usr/local/python/3.12.1/lib/python3.12/lib-dynload/_ssl.cpython-312-x86_64-linux-gnu.so
71b426657000-71b426658000 r--p 0002e000 00:2d 830500                     /usr/local/python/3.12.1/lib/python3.12/lib-dynload/_ssl.cpython-312-x86_64-linux-gnu.so
71b426658000-71b426661000 rw-p 0002f000 00:2d 830500                     /usr/local/python/3.12.1/lib/python3.12/lib-dynload/_ssl.cpython-312-x86_64-linux-gnu.so
71b426661000-71b426861000 rw-p 00000000 00:00 0 
71b426861000-71b426862000 r--p 00000000 00:2d 394185                     /usr/lib/x86_64-linux-gnu/librt.so.1
71b426862000-71b426863000 r-xp 00001000 00:2d 394185                     /usr/lib/x86_64-linux-gnu/librt.so.1
71b426863000-71b426864000 r--p 00002000 00:2d 394185                     /usr/lib/x86_64-linux-gnu/librt.so.1
71b426864000-71b426865000 r--p 00002000 00:2d 394185                     /usr/lib/x86_64-linux-gnu/librt.so.1
71b426865000-71b426866000 rw-p 00003000 00:2d 394185                     /usr/lib/x86_64-linux-gnu/librt.so.1
71b426866000-71b426869000 r--p 00000000 00:2d 830536                     /usr/local/python/3.12.1/lib/python3.12/lib-dynload/zlib.cpython-312-x86_64-linux-gnu.so
71b426869000-71b426870000 r-xp 00003000 00:2d 830536                     /usr/local/python/3.12.1/lib/python3.12/lib-dynload/zlib.cpython-312-x86_64-linux-gnu.so
71b426870000-71b426873000 r--p 0000a000 00:2d 830536                     /usr/local/python/3.12.1/lib/python3.12/lib-dynload/zlib.cpython-312-x86_64-linux-gnu.so
71b426873000-71b426874000 r--p 0000c000 00:2d 830536                     /usr/local/python/3.12.1/lib/python3.12/lib-dynload/zlib.cpython-312-x86_64-linux-gnu.so
71b426874000-71b426875000 rw-p 0000d000 00:2d 830536                     /usr/local/python/3.12.1/lib/python3.12/lib-dynload/zlib.cpython-312-x86_64-linux-gnu.so
71b426875000-71b426877000 r--p 00000000 00:2d 830496                     /usr/local/python/3.12.1/lib/python3.12/lib-dynload/_sha2.cpython-312-x86_64-linux-gnu.so
71b426877000-71b426882000 r-xp 00002000 00:2d 830496                     /usr/local/python/3.12.1/lib/python3.12/lib-dynload/_sha2.cpython-312-x86_64-linux-gnu.so
71b426882000-71b426884000 r--p 0000d000 00:2d 830496                     /usr/local/python/3.12.1/lib/python3.12/lib-dynload/_sha2.cpython-312-x86_64-linux-gnu.so
71b426884000-71b426885000 r--p 0000e000 00:2d 830496                     /usr/local/python/3.12.1/lib/python3.12/lib-dynload/_sha2.cpython-312-x86_64-linux-gnu.so
71b426885000-71b426886000 rw-p 0000f000 00:2d 830496                     /usr/local/python/3.12.1/lib/python3.12/lib-dynload/_sha2.cpython-312-x86_64-linux-gnu.so
71b426886000-71b426888000 r--p 00000000 00:2d 830494                     /usr/local/python/3.12.1/lib/python3.12/lib-dynload/_random.cpython-312-x86_64-linux-gnu.so
71b426888000-71b42688a000 r-xp 00002000 00:2d 830494                     /usr/local/python/3.12.1/lib/python3.12/lib-dynload/_random.cpython-312-x86_64-linux-gnu.so
71b42688a000-71b42688b000 r--p 00004000 00:2d 830494                     /usr/local/python/3.12.1/lib/python3.12/lib-dynload/_random.cpython-312-x86_64-linux-gnu.so
71b42688b000-71b42688c000 r--p 00004000 00:2d 830494                     /usr/local/python/3.12.1/lib/python3.12/lib-dynload/_random.cpython-312-x86_64-linux-gnu.so
71b42688c000-71b42688d000 rw-p 00005000 00:2d 830494                     /usr/local/python/3.12.1/lib/python3.12/lib-dynload/_random.cpython-312-x86_64-linux-gnu.so
71b42688d000-71b42688f000 r--p 00000000 00:2d 830461                     /usr/local/python/3.12.1/lib/python3.12/lib-dynload/_bisect.cpython-312-x86_64-linux-gnu.so
71b42688f000-71b426892000 r-xp 00002000 00:2d 830461                     /usr/local/python/3.12.1/lib/python3.12/lib-dynload/_bisect.cpython-312-x86_64-linux-gnu.so
71b426892000-71b426893000 r--p 00005000 00:2d 830461                     /usr/local/python/3.12.1/lib/python3.12/lib-dynload/_bisect.cpython-312-x86_64-linux-gnu.so
71b426893000-71b426894000 r--p 00005000 00:2d 830461                     /usr/local/python/3.12.1/lib/python3.12/lib-dynload/_bisect.cpython-312-x86_64-linux-gnu.so
71b426894000-71b426895000 rw-p 00006000 00:2d 830461                     /usr/local/python/3.12.1/lib/python3.12/lib-dynload/_bisect.cpython-312-x86_64-linux-gnu.so
71b426895000-71b426897000 r--p 00000000 00:2d 830493                     /usr/local/python/3.12.1/lib/python3.12/lib-dynload/_queue.cpython-312-x86_64-linux-gnu.so
71b426897000-71b426899000 r-xp 00002000 00:2d 830493                     /usr/local/python/3.12.1/lib/python3.12/lib-dynload/_queue.cpython-312-x86_64-linux-gnu.so
71b426899000-71b42689a000 r--p 00004000 00:2d 830493                     /usr/local/python/3.12.1/lib/python3.12/lib-dynload/_queue.cpython-312-x86_64-linux-gnu.so
71b42689a000-71b42689b000 r--p 00004000 00:2d 830493                     /usr/local/python/3.12.1/lib/python3.12/lib-dynload/_queue.cpython-312-x86_64-linux-gnu.so
71b42689b000-71b42689c000 rw-p 00005000 00:2d 830493                     /usr/local/python/3.12.1/lib/python3.12/lib-dynload/_queue.cpython-312-x86_64-linux-gnu.so
71b42689c000-71b42689d000 r--p 00000000 00:2d 830470                     /usr/local/python/3.12.1/lib/python3.12/lib-dynload/_contextvars.cpython-312-x86_64-linux-gnu.so
71b42689d000-71b42689e000 r-xp 00001000 00:2d 830470                     /usr/local/python/3.12.1/lib/python3.12/lib-dynload/_contextvars.cpython-312-x86_64-linux-gnu.so
71b42689e000-71b42689f000 r--p 00002000 00:2d 830470                     /usr/local/python/3.12.1/lib/python3.12/lib-dynload/_contextvars.cpython-312-x86_64-linux-gnu.so
71b42689f000-71b4268a0000 r--p 00002000 00:2d 830470                     /usr/local/python/3.12.1/lib/python3.12/lib-dynload/_contextvars.cpython-312-x86_64-linux-gnu.so
71b4268a0000-71b4268a1000 rw-p 00003000 00:2d 830470                     /usr/local/python/3.12.1/lib/python3.12/lib-dynload/_contextvars.cpython-312-x86_64-linux-gnu.so
71b4268a1000-71b4268a2000 r--p 00000000 00:2d 830489                     /usr/local/python/3.12.1/lib/python3.12/lib-dynload/_opcode.cpython-312-x86_64-linux-gnu.so
71b4268a2000-71b4268a3000 r-xp 00001000 00:2d 830489                     /usr/local/python/3.12.1/lib/python3.12/lib-dynload/_opcode.cpython-312-x86_64-linux-gnu.so
71b4268a3000-71b4268a4000 r--p 00002000 00:2d 830489                     /usr/local/python/3.12.1/lib/python3.12/lib-dynload/_opcode.cpython-312-x86_64-linux-gnu.so
71b4268a4000-71b4268a5000 r--p 00002000 00:2d 830489                     /usr/local/python/3.12.1/lib/python3.12/lib-dynload/_opcode.cpython-312-x86_64-linux-gnu.so
71b4268a5000-71b4268a6000 rw-p 00003000 00:2d 830489                     /usr/local/python/3.12.1/lib/python3.12/lib-dynload/_opcode.cpython-312-x86_64-linux-gnu.so
71b4268a6000-71b4268a8000 r--p 00000000 00:2d 830518                     /usr/local/python/3.12.1/lib/python3.12/lib-dynload/binascii.cpython-312-x86_64-linux-gnu.so
71b4268a8000-71b4268ab000 r-xp 00002000 00:2d 830518                     /usr/local/python/3.12.1/lib/python3.12/lib-dynload/binascii.cpython-312-x86_64-linux-gnu.so
71b4268ab000-71b4268ad000 r--p 00005000 00:2d 830518                     /usr/local/python/3.12.1/lib/python3.12/lib-dynload/binascii.cpython-312-x86_64-linux-gnu.so
71b4268ad000-71b4268ae000 r--p 00006000 00:2d 830518                     /usr/local/python/3.12.1/lib/python3.12/lib-dynload/binascii.cpython-312-x86_64-linux-gnu.so
71b4268ae000-71b4268af000 rw-p 00007000 00:2d 830518                     /usr/local/python/3.12.1/lib/python3.12/lib-dynload/binascii.cpython-312-x86_64-linux-gnu.so
71b4268af000-71b4268b0000 r--p 00000000 00:2d 830482                     /usr/local/python/3.12.1/lib/python3.12/lib-dynload/_heapq.cpython-312-x86_64-linux-gnu.so
71b4268b0000-71b4268b2000 r-xp 00001000 00:2d 830482                     /usr/local/python/3.12.1/lib/python3.12/lib-dynload/_heapq.cpython-312-x86_64-linux-gnu.so
71b4268b2000-71b4268b5000 r--p 00003000 00:2d 830482                     /usr/local/python/3.12.1/lib/python3.12/lib-dynload/_heapq.cpython-312-x86_64-linux-gnu.so
71b4268b5000-71b4268b6000 r--p 00005000 00:2d 830482                     /usr/local/python/3.12.1/lib/python3.12/lib-dynload/_heapq.cpython-312-x86_64-linux-gnu.so
71b4268b6000-71b4268b7000 rw-p 00006000 00:2d 830482                     /usr/local/python/3.12.1/lib/python3.12/lib-dynload/_heapq.cpython-312-x86_64-linux-gnu.so
71b4268b7000-71b4268b8000 r--p 00000000 00:2d 830491                     /usr/local/python/3.12.1/lib/python3.12/lib-dynload/_posixshmem.cpython-312-x86_64-linux-gnu.so
71b4268b8000-71b4268b9000 r-xp 00001000 00:2d 830491                     /usr/local/python/3.12.1/lib/python3.12/lib-dynload/_posixshmem.cpython-312-x86_64-linux-gnu.so
71b4268b9000-71b4268ba000 r--p 00002000 00:2d 830491                     /usr/local/python/3.12.1/lib/python3.12/lib-dynload/_posixshmem.cpython-312-x86_64-linux-gnu.so
71b4268ba000-71b4268bb000 r--p 00002000 00:2d 830491                     /usr/local/python/3.12.1/lib/python3.12/lib-dynload/_posixshmem.cpython-312-x86_64-linux-gnu.so
71b4268bb000-71b4268bc000 rw-p 00003000 00:2d 830491                     /usr/local/python/3.12.1/lib/python3.12/lib-dynload/_posixshmem.cpython-312-x86_64-linux-gnu.so
71b4268bc000-71b4268be000 r--p 00000000 00:2d 830488                     /usr/local/python/3.12.1/lib/python3.12/lib-dynload/_multiprocessing.cpython-312-x86_64-linux-gnu.so
71b4268be000-71b4268c0000 r-xp 00002000 00:2d 830488                     /usr/local/python/3.12.1/lib/python3.12/lib-dynload/_multiprocessing.cpython-312-x86_64-linux-gnu.so
71b4268c0000-71b4268c1000 r--p 00004000 00:2d 830488                     /usr/local/python/3.12.1/lib/python3.12/lib-dynload/_multiprocessing.cpython-312-x86_64-linux-gnu.so
71b4268c1000-71b4268c2000 r--p 00004000 00:2d 830488                     /usr/local/python/3.12.1/lib/python3.12/lib-dynload/_multiprocessing.cpython-312-x86_64-linux-gnu.so
71b4268c2000-71b4268c3000 rw-p 00005000 00:2d 830488                     /usr/local/python/3.12.1/lib/python3.12/lib-dynload/_multiprocessing.cpython-312-x86_64-linux-gnu.so
71b4268c3000-71b4268c5000 r--p 00000000 00:2d 830492                     /usr/local/python/3.12.1/lib/python3.12/lib-dynload/_posixsubprocess.cpython-312-x86_64-linux-gnu.so
71b4268c5000-71b4268c8000 r-xp 00002000 00:2d 830492                     /usr/local/python/3.12.1/lib/python3.12/lib-dynload/_posixsubprocess.cpython-312-x86_64-linux-gnu.so
71b4268c8000-71b4268c9000 r--p 00005000 00:2d 830492                     /usr/local/python/3.12.1/lib/python3.12/lib-dynload/_posixsubprocess.cpython-312-x86_64-linux-gnu.so
71b4268c9000-71b4268ca000 r--p 00005000 00:2d 830492                     /usr/local/python/3.12.1/lib/python3.12/lib-dynload/_posixsubprocess.cpython-312-x86_64-linux-gnu.so
71b4268ca000-71b4268cb000 rw-p 00006000 00:2d 830492                     /usr/local/python/3.12.1/lib/python3.12/lib-dynload/_posixsubprocess.cpython-312-x86_64-linux-gnu.so
71b4268cb000-71b4268cc000 r--p 00000000 00:2d 830520                     /usr/local/python/3.12.1/lib/python3.12/lib-dynload/fcntl.cpython-312-x86_64-linux-gnu.so
71b4268cc000-71b4268ce000 r-xp 00001000 00:2d 830520                     /usr/local/python/3.12.1/lib/python3.12/lib-dynload/fcntl.cpython-312-x86_64-linux-gnu.so
71b4268ce000-71b4268d0000 r--p 00003000 00:2d 830520                     /usr/local/python/3.12.1/lib/python3.12/lib-dynload/fcntl.cpython-312-x86_64-linux-gnu.so
71b4268d0000-71b4268d1000 r--p 00004000 00:2d 830520                     /usr/local/python/3.12.1/lib/python3.12/lib-dynload/fcntl.cpython-312-x86_64-linux-gnu.so
71b4268d1000-71b4268d2000 rw-p 00005000 00:2d 830520                     /usr/local/python/3.12.1/lib/python3.12/lib-dynload/fcntl.cpython-312-x86_64-linux-gnu.so
71b4268d2000-71b4268d6000 r--p 00000000 00:2d 830516                     /usr/local/python/3.12.1/lib/python3.12/lib-dynload/array.cpython-312-x86_64-linux-gnu.so
71b4268d6000-71b4268de000 r-xp 00004000 00:2d 830516                     /usr/local/python/3.12.1/lib/python3.12/lib-dynload/array.cpython-312-x86_64-linux-gnu.so
71b4268de000-71b4268e2000 r--p 0000c000 00:2d 830516                     /usr/local/python/3.12.1/lib/python3.12/lib-dynload/array.cpython-312-x86_64-linux-gnu.so
71b4268e2000-71b4268e3000 r--p 0000f000 00:2d 830516                     /usr/local/python/3.12.1/lib/python3.12/lib-dynload/array.cpython-312-x86_64-linux-gnu.so
71b4268e3000-71b4268e4000 rw-p 00010000 00:2d 830516                     /usr/local/python/3.12.1/lib/python3.12/lib-dynload/array.cpython-312-x86_64-linux-gnu.so
71b4268e4000-71b4268e6000 r--p 00000000 00:2d 830528                     /usr/local/python/3.12.1/lib/python3.12/lib-dynload/select.cpython-312-x86_64-linux-gnu.so
71b4268e6000-71b4268e9000 r-xp 00002000 00:2d 830528                     /usr/local/python/3.12.1/lib/python3.12/lib-dynload/select.cpython-312-x86_64-linux-gnu.so
71b4268e9000-71b4268eb000 r--p 00005000 00:2d 830528                     /usr/local/python/3.12.1/lib/python3.12/lib-dynload/select.cpython-312-x86_64-linux-gnu.so
71b4268eb000-71b4268ec000 r--p 00006000 00:2d 830528                     /usr/local/python/3.12.1/lib/python3.12/lib-dynload/select.cpython-312-x86_64-linux-gnu.so
71b4268ec000-71b4268ed000 rw-p 00007000 00:2d 830528                     /usr/local/python/3.12.1/lib/python3.12/lib-dynload/select.cpython-312-x86_64-linux-gnu.so
71b4268ed000-71b4268f0000 r--p 00000000 00:2d 830522                     /usr/local/python/3.12.1/lib/python3.12/lib-dynload/math.cpython-312-x86_64-linux-gnu.so
71b4268f0000-71b4268fc000 r-xp 00003000 00:2d 830522                     /usr/local/python/3.12.1/lib/python3.12/lib-dynload/math.cpython-312-x86_64-linux-gnu.so
71b4268fc000-71b426901000 r--p 0000f000 00:2d 830522                     /usr/local/python/3.12.1/lib/python3.12/lib-dynload/math.cpython-312-x86_64-linux-gnu.so
71b426901000-71b426902000 r--p 00013000 00:2d 830522                     /usr/local/python/3.12.1/lib/python3.12/lib-dynload/math.cpython-312-x86_64-linux-gnu.so
71b426902000-71b426903000 rw-p 00014000 00:2d 830522                     /usr/local/python/3.12.1/lib/python3.12/lib-dynload/math.cpython-312-x86_64-linux-gnu.so
71b426903000-71b426907000 r--p 00000000 00:2d 830498                     /usr/local/python/3.12.1/lib/python3.12/lib-dynload/_socket.cpython-312-x86_64-linux-gnu.so
71b426907000-71b426914000 r-xp 00004000 00:2d 830498                     /usr/local/python/3.12.1/lib/python3.12/lib-dynload/_socket.cpython-312-x86_64-linux-gnu.so
71b426914000-71b42691d000 r--p 00011000 00:2d 830498                     /usr/local/python/3.12.1/lib/python3.12/lib-dynload/_socket.cpython-312-x86_64-linux-gnu.so
71b42691d000-71b42691e000 r--p 00019000 00:2d 830498                     /usr/local/python/3.12.1/lib/python3.12/lib-dynload/_socket.cpython-312-x86_64-linux-gnu.so
71b42691e000-71b42691f000 rw-p 0001a000 00:2d 830498                     /usr/local/python/3.12.1/lib/python3.12/lib-dynload/_socket.cpython-312-x86_64-linux-gnu.so
71b42691f000-71b426924000 r--p 00000000 00:2d 830490                     /usr/local/python/3.12.1/lib/python3.12/lib-dynload/_pickle.cpython-312-x86_64-linux-gnu.so
71b426924000-71b426936000 r-xp 00005000 00:2d 830490                     /usr/local/python/3.12.1/lib/python3.12/lib-dynload/_pickle.cpython-312-x86_64-linux-gnu.so
71b426936000-71b42693c000 r--p 00017000 00:2d 830490                     /usr/local/python/3.12.1/lib/python3.12/lib-dynload/_pickle.cpython-312-x86_64-linux-gnu.so
71b42693c000-71b42693d000 r--p 0001c000 00:2d 830490                     /usr/local/python/3.12.1/lib/python3.12/lib-dynload/_pickle.cpython-312-x86_64-linux-gnu.so
71b42693d000-71b42693e000 rw-p 0001d000 00:2d 830490                     /usr/local/python/3.12.1/lib/python3.12/lib-dynload/_pickle.cpython-312-x86_64-linux-gnu.so
71b42693e000-71b426941000 r--p 00000000 00:2d 830502                     /usr/local/python/3.12.1/lib/python3.12/lib-dynload/_struct.cpython-312-x86_64-linux-gnu.so
71b426941000-71b426947000 r-xp 00003000 00:2d 830502                     /usr/local/python/3.12.1/lib/python3.12/lib-dynload/_struct.cpython-312-x86_64-linux-gnu.so
71b426947000-71b42694a000 r--p 00009000 00:2d 830502                     /usr/local/python/3.12.1/lib/python3.12/lib-dynload/_struct.cpython-312-x86_64-linux-gnu.so
71b42694a000-71b42694b000 r--p 0000c000 00:2d 830502                     /usr/local/python/3.12.1/lib/python3.12/lib-dynload/_struct.cpython-312-x86_64-linux-gnu.so
71b42694b000-71b42694c000 rw-p 0000d000 00:2d 830502                     /usr/local/python/3.12.1/lib/python3.12/lib-dynload/_struct.cpython-312-x86_64-linux-gnu.so
71b42694c000-71b426cb2000 rw-p 00000000 00:00 0 
71b426cb2000-71b426d0b000 r--p 00000000 00:2d 393770                     /usr/lib/locale/C.utf8/LC_CTYPE
71b426d0b000-71b426ff6000 r--p 00000000 00:2d 531685                     /usr/lib/locale/locale-archive
71b426ff6000-71b426ff9000 rw-p 00000000 00:00 0 
71b426ff9000-71b427021000 r--p 00000000 00:2d 394104                     /usr/lib/x86_64-linux-gnu/libc.so.6
71b427021000-71b4271a9000 r-xp 00028000 00:2d 394104                     /usr/lib/x86_64-linux-gnu/libc.so.6
71b4271a9000-71b4271f8000 r--p 001b0000 00:2d 394104                     /usr/lib/x86_64-linux-gnu/libc.so.6
71b4271f8000-71b4271fc000 r--p 001fe000 00:2d 394104                     /usr/lib/x86_64-linux-gnu/libc.so.6
71b4271fc000-71b4271fe000 rw-p 00202000 00:2d 394104                     /usr/lib/x86_64-linux-gnu/libc.so.6
71b4271fe000-71b42720b000 rw-p 00000000 00:00 0 
71b42720b000-71b42721b000 r--p 00000000 00:2d 394146                     /usr/lib/x86_64-linux-gnu/libm.so.6
71b42721b000-71b42729a000 r-xp 00010000 00:2d 394146                     /usr/lib/x86_64-linux-gnu/libm.so.6
71b42729a000-71b4272f2000 r--p 0008f000 00:2d 394146                     /usr/lib/x86_64-linux-gnu/libm.so.6
71b4272f2000-71b4272f3000 r--p 000e7000 00:2d 394146                     /usr/lib/x86_64-linux-gnu/libm.so.6
71b4272f3000-71b4272f4000 rw-p 000e8000 00:2d 394146                     /usr/lib/x86_64-linux-gnu/libm.so.6
71b4272f4000-71b4272fb000 r--s 00000000 00:2d 394075                     /usr/lib/x86_64-linux-gnu/gconv/gconv-modules.cache
71b4272fb000-71b4272fd000 rw-p 00000000 00:00 0 
71b4272fd000-71b4272fe000 r--p 00000000 00:2d 394084                     /usr/lib/x86_64-linux-gnu/ld-linux-x86-64.so.2
71b4272fe000-71b427329000 r-xp 00001000 00:2d 394084                     /usr/lib/x86_64-linux-gnu/ld-linux-x86-64.so.2
71b427329000-71b427333000 r--p 0002c000 00:2d 394084                     /usr/lib/x86_64-linux-gnu/ld-linux-x86-64.so.2
71b427333000-71b427335000 r--p 00036000 00:2d 394084                     /usr/lib/x86_64-linux-gnu/ld-linux-x86-64.so.2
71b427335000-71b427337000 rw-p 00038000 00:2d 394084                     /usr/lib/x86_64-linux-gnu/ld-linux-x86-64.so.2
7ffd3c2e0000-7ffd3c2e4000 ---p 00000000 00:00 0 
7ffd3c2e4000-7ffd3c3e0000 rw-p 00000000 00:00 0                          [stack]
7ffd3c3e0000-7ffd3c3e4000 r--p 00000000 00:00 0                          [vvar]
7ffd3c3e4000-7ffd3c3e6000 r-xp 00000000 00:00 0                          [vdso]
ffffffffff600000-ffffffffff601000 --xp 00000000 00:00 0                  [vsyscall]
Total number of mappings: 610

JVMTI agents: none


VM Arguments:
jvm_args: -Dfile.encoding=UTF8 -ea -Xmx1024m 
java_command: <unknown>
java_class_path (initial): /usr/local/python/3.12.1/lib/python3.12/site-packages/konlpy/java:/usr/local/python/3.12.1/lib/python3.12/site-packages/konlpy/java/bin:/usr/local/python/3.12.1/lib/python3.12/site-packages/konlpy/java/open-korean-text-2.1.0.jar:/usr/local/python/3.12.1/lib/python3.12/site-packages/konlpy/java/scala-library-2.12.3.jar:/usr/local/python/3.12.1/lib/python3.12/site-packages/konlpy/java/shineware-ds-1.0.jar:/usr/local/python/3.12.1/lib/python3.12/site-packages/konlpy/java/snakeyaml-1.12.jar:/usr/local/python/3.12.1/lib/python3.12/site-packages/konlpy/java/shineware-common-1.0.jar:/usr/local/python/3.12.1/lib/python3.12/site-packages/konlpy/java/jhannanum-0.8.4.jar:/usr/local/python/3.12.1/lib/python3.12/site-packages/konlpy/java/twitter-text-1.14.7.jar:/usr/local/python/3.12.1/lib/python3.12/site-packages/konlpy/java/aho-corasick.jar:/usr/local/python/3.12.1/lib/python3.12/site-packages/konlpy/java/komoran-3.0.jar:/usr/local/python/3.12.1/lib/python3.12/site-packages/konlpy/java/kkma-2.0.jar:/usr/local/python/3.12.1/lib/python3.12/site-packages/konlpy/java/jhannanum-0.8.4.jar:/usr/local/python/3.12.1/lib/python3.12/site-packages/konlpy/java/kkma-2.0.jar:/usr/local/python/3.12.1/lib/python3.12/site-packages/konlpy/java/aho-corasick.jar:/usr/local/python/3.12.1/lib/python3.12/site-packages/konlpy/java/shineware-common-1.0.jar:/usr/local/python/3.12.1/lib/python3.12/site-packages/konlpy/java/shineware-ds-1.0.jar:/usr/local/python/3.12.1/lib/python3.12/site-packages/konlpy/java/komoran-3.0.jar:/usr/local/python/3.12.1/lib/python3.12/site-packages/konlpy/java/snakeyaml-1.12.jar:/usr/local/python/3.12.1/lib/python3.12/site-packages/konlpy/java/scala-library-2.12.3.jar:/usr/local/python/3.12.1/lib/python3.12/site-packages/konlpy/java/open-korean-text-2.1.0.jar:/usr/local/python/3.12.1/lib/python3.12/site-packages/konlpy/java/twitter-text-1.14.7.jar:/usr/local/python/3.12.1/lib/python3.12/site-packages/konlpy/java/open-korean-text-2.1.0.jar:/usr/local/python/3.12.1/lib/python3.12/site-packages/konlpy/java/scala-library-2.12.3.jar:/usr/local/python/3.12.1/lib/python3.12/site-packages/konlpy/java/shineware-ds-1.0.jar:/usr/local/python/3.12.1/lib/python3.12/site-packages/konlpy/java/snakeyaml-1.12.jar:/usr/local/python/3.12.1/lib/python3.12/site-packages/konlpy/java/shineware-common-1.0.jar:/usr/local/python/3.12.1/lib/python3.12/site-packages/konlpy/java/jhannanum-0.8.4.jar:/usr/local/python/3.12.1/lib/python3.12/site-packages/konlpy/java/twitter-text-1.14.7.jar:/usr/local/python/3.12.1/lib/python3.12/site-packages/konlpy/java/aho-corasick.jar:/usr/local/python/3.12.1/lib/python3.12/site-packages/konlpy/java/komoran-3.0.jar:/usr/local/python/3.12.1/lib/python3.12/site-packages/konlpy/java/kkma-2.0.jar:/usr/local/python/3.12.1/lib/python3.12/site-packages/org.jpype.jar
Launcher Type: generic

[Global flags]
     intx CICompilerCount                          = 2                                         {product} {ergonomic}
     uint ConcGCThreads                            = 1                                         {product} {ergonomic}
     uint G1ConcRefinementThreads                  = 2                                         {product} {ergonomic}
   size_t G1HeapRegionSize                         = 1048576                                   {product} {ergonomic}
   size_t InitialHeapSize                          = 132120576                                 {product} {ergonomic}
   size_t MarkStackSize                            = 4194304                                   {product} {ergonomic}
   size_t MarkStackSizeMax                         = 536870912                                 {product} {ergonomic}
   size_t MaxHeapSize                              = 1073741824                                {product} {command line}
   size_t MaxNewSize                               = 643825664                                 {product} {ergonomic}
   size_t MinHeapDeltaBytes                        = 1048576                                   {product} {ergonomic}
   size_t MinHeapSize                              = 8388608                                   {product} {ergonomic}
    uintx NonNMethodCodeHeapSize                   = 5824512                                {pd product} {ergonomic}
    uintx NonProfiledCodeHeapSize                  = 122920960                              {pd product} {ergonomic}
    uintx ProfiledCodeHeapSize                     = 122912768                              {pd product} {ergonomic}
    uintx ReservedCodeCacheSize                    = 251658240                              {pd product} {ergonomic}
     bool SegmentedCodeCache                       = true                                      {product} {ergonomic}
   size_t SoftMaxHeapSize                          = 1073741824                             {manageable} {ergonomic}
     bool UseCompressedOops                        = true                           {product lp64_product} {ergonomic}
     bool UseG1GC                                  = true                                      {product} {ergonomic}

Logging:
Log output configuration:
 #0: stdout all=warning uptime,level,tags foldmultilines=false
 #1: stderr all=off uptime,level,tags foldmultilines=false

Release file:
IMPLEMENTOR="Microsoft"
IMPLEMENTOR_VERSION="Microsoft-12574222"
JAVA_RUNTIME_VERSION="25.0.1+8-LTS"
JAVA_VERSION="25.0.1"
JAVA_VERSION_DATE="2025-10-21"
LIBC="gnu"
MODULES="java.base java.compiler java.datatransfer java.xml java.prefs java.desktop java.instrument java.logging java.management java.security.sasl java.naming java.rmi java.management.rmi java.net.http java.scripting java.security.jgss java.transaction.xa java.sql java.sql.rowset java.xml.crypto java.se java.smartcardio jdk.accessibility jdk.internal.jvmstat jdk.attach jdk.charsets jdk.internal.opt jdk.zipfs jdk.compiler jdk.crypto.cryptoki jdk.crypto.ec jdk.dynalink jdk.internal.ed jdk.editpad jdk.internal.vm.ci jdk.graal.compiler jdk.graal.compiler.management jdk.hotspot.agent jdk.httpserver jdk.incubator.vector jdk.internal.le jdk.internal.md jdk.jartool jdk.javadoc jdk.jcmd jdk.management jdk.management.agent jdk.jconsole jdk.jdeps jdk.jdwp.agent jdk.jdi jdk.jfr jdk.jlink jdk.jpackage jdk.jshell jdk.jsobject jdk.jstatd jdk.localedata jdk.management.jfr jdk.naming.dns jdk.naming.rmi jdk.net jdk.nio.mapmode jdk.sctp jdk.security.auth jdk.security.jgss jdk.unsupported jdk.unsupported.desktop jdk.xml.dom"
OS_ARCH="x86_64"
OS_NAME="Linux"
SOURCE=".:git:a34d2ff2d503"

Environment Variables:
JAVA_HOME=/usr/local/sdkman/candidates/java/current
PATH=/usr/local/rvm/gems/ruby-3.4.7/bin:/usr/local/rvm/gems/ruby-3.4.7@global/bin:/usr/local/rvm/rubies/ruby-3.4.7/bin:/vscode/bin/linux-x64/41dd792b5e652393e7787322889ed5fdc58bd75b/bin/remote-cli:/home/codespace/.local/bin:/home/codespace/.dotnet:/home/codespace/nvm/current/bin:/home/codespace/.php/current/bin:/home/codespace/.python/current/bin:/home/codespace/java/current/bin:/home/codespace/.ruby/current/bin:/home/codespace/.local/bin:/usr/local/python/current/bin:/usr/local/py-utils/bin:/usr/local/jupyter:/usr/local/oryx:/usr/local/go/bin:/go/bin:/usr/local/sdkman/bin:/usr/local/sdkman/candidates/java/current/bin:/usr/local/sdkman/candidates/gradle/current/bin:/usr/local/sdkman/candidates/maven/current/bin:/usr/local/sdkman/candidates/ant/current/bin:/usr/local/rvm/gems/default/bin:/usr/local/rvm/gems/default@global/bin:/usr/local/rvm/rubies/default/bin:/usr/local/share/rbenv/bin:/usr/local/php/current/bin:/opt/conda/bin:/usr/local/nvs:/usr/local/share/nvm/versions/node/v24.11.1/bin:/usr/local/hugo/bin:/usr/local/sbin:/usr/local/bin:/usr/sbin:/usr/bin:/sbin:/bin:/usr/share/dotnet:/home/codespace/.dotnet/tools:/usr/local/rvm/bin
SHELL=/bin/bash
LANG=C.UTF-8
TERM=xterm-256color

Active Locale:
LC_ALL=C.UTF-8
LC_COLLATE=C.UTF-8
LC_CTYPE=C.UTF-8
LC_MESSAGES=C.UTF-8
LC_MONETARY=C.UTF-8
LC_NUMERIC=C.UTF-8
LC_TIME=C.UTF-8

Signal Handlers:
   SIGSEGV: crash_handler in libjvm.so, mask=11100100010111111101111111111110, flags=SA_RESTART|SA_SIGINFO, unblocked
    SIGBUS: crash_handler in libjvm.so, mask=11100100010111111101111111111110, flags=SA_RESTART|SA_SIGINFO, unblocked
    SIGFPE: crash_handler in libjvm.so, mask=11100100010111111101111111111110, flags=SA_RESTART|SA_SIGINFO, unblocked
   SIGPIPE: javaSignalHandler in libjvm.so, mask=11100100010111111101111111111110, flags=SA_RESTART|SA_SIGINFO, blocked
   SIGXFSZ: javaSignalHandler in libjvm.so, mask=11100100010111111101111111111110, flags=SA_RESTART|SA_SIGINFO, blocked
    SIGILL: crash_handler in libjvm.so, mask=11100100010111111101111111111110, flags=SA_RESTART|SA_SIGINFO, unblocked
   SIGUSR2: SR_handler in libjvm.so, mask=00000000000000000000000000000000, flags=SA_RESTART|SA_SIGINFO, blocked
    SIGHUP: UserHandler in libjvm.so, mask=11100100010111111101111111111110, flags=SA_RESTART|SA_SIGINFO, blocked
    SIGINT: UserHandler in libjvm.so, mask=11100100010111111101111111111110, flags=SA_RESTART|SA_SIGINFO, blocked
   SIGTERM: UserHandler in libjvm.so, mask=11100100010111111101111111111110, flags=SA_RESTART|SA_SIGINFO, blocked
   SIGQUIT: UserHandler in libjvm.so, mask=11100100010111111101111111111110, flags=SA_RESTART|SA_SIGINFO, blocked
   SIGTRAP: crash_handler in libjvm.so, mask=11100100010111111101111111111110, flags=SA_RESTART|SA_SIGINFO, unblocked


Compilation memory statistics disabled.

Periodic native trim disabled

---------------  S Y S T E M  ---------------

OS:
DISTRIB_ID=Ubuntu
DISTRIB_RELEASE=24.04
DISTRIB_CODENAME=noble
DISTRIB_DESCRIPTION="Ubuntu 24.04.3 LTS"
uname: Linux 6.8.0-1044-azure #50~22.04.1-Ubuntu SMP Wed Dec  3 15:13:22 UTC 2025 x86_64
OS uptime: 0 days 1:10 hours
libc: glibc 2.39 NPTL 2.39 
rlimit (soft/hard): STACK 8192k/infinity , CORE infinity/infinity , NPROC infinity/infinity , NOFILE 524288/524288 , AS infinity/infinity , CPU infinity/infinity , DATA infinity/infinity , FSIZE infinity/infinity , MEMLOCK 8192k/8192k
load average: 3.05 2.37 1.91

/proc/meminfo:
MemTotal:        8135224 kB
MemFree:          585368 kB
MemAvailable:    5822452 kB
Buffers:          222616 kB
Cached:          5120248 kB
SwapCached:            0 kB
Active:          4006504 kB
Inactive:        2971532 kB
Active(anon):    1587228 kB
Inactive(anon):   123048 kB
Active(file):    2419276 kB
Inactive(file):  2848484 kB
Unevictable:       30908 kB
Mlocked:           27836 kB
SwapTotal:             0 kB
SwapFree:              0 kB
Zswap:                 0 kB
Zswapped:              0 kB
Dirty:              9928 kB
Writeback:             0 kB
AnonPages:       1645628 kB
Mapped:           748532 kB
Shmem:             66008 kB
KReclaimable:     282952 kB
Slab:             384668 kB
SReclaimable:     282952 kB
SUnreclaim:       101716 kB
KernelStack:       10592 kB
PageTables:        30448 kB
SecPageTables:         0 kB
NFS_Unstable:          0 kB
Bounce:                0 kB
WritebackTmp:          0 kB
CommitLimit:     4067612 kB
Committed_AS:    5299876 kB
VmallocTotal:   34359738367 kB
VmallocUsed:       43600 kB
VmallocChunk:          0 kB
Percpu:             1224 kB
HardwareCorrupted:     0 kB
AnonHugePages:    681984 kB
ShmemHugePages:        0 kB
ShmemPmdMapped:        0 kB
FileHugePages:         0 kB
FilePmdMapped:         0 kB
Unaccepted:            0 kB
HugePages_Total:       0
HugePages_Free:        0
HugePages_Rsvd:        0
HugePages_Surp:        0
Hugepagesize:       2048 kB
Hugetlb:               0 kB
DirectMap4k:      135104 kB
DirectMap2M:     6156288 kB
DirectMap1G:     4194304 kB

/sys/kernel/mm/transparent_hugepage/enabled: [always] madvise never
/sys/kernel/mm/transparent_hugepage/hpage_pmd_size: 2097152
/sys/kernel/mm/transparent_hugepage/shmem_enabled: always within_size advise [never] deny force
/sys/kernel/mm/transparent_hugepage/defrag (defrag/compaction efforts parameter): always defer defer+madvise [madvise] never

Process Memory:
Virtual Size: 3838840K (peak: 3892176K)
Resident Set Size: 181576K (peak: 183792K) (anon: 123140K, file: 58436K, shmem: 0K)
Swapped out: 0K
C-Heap outstanding allocations: 51032K, retained: 8935K
glibc malloc tunables: (default)

/proc/sys/kernel/threads-max (system-wide limit on the number of threads): 63498
/proc/sys/vm/max_map_count (maximum number of memory map areas a process may have): 65530
/proc/sys/vm/swappiness (control to define how aggressively the kernel swaps out anonymous memory): 60
/proc/sys/kernel/pid_max (system-wide limit on number of process identifiers): 4194304

container information not found.
Hyper-V virtualization detected
Steal ticks since vm start: 0
Steal ticks percentage since vm start:  0.000

CPU: total 2 (initial active 2) (16 cores per cpu, 2 threads per core) family 25 model 1 stepping 1 microcode 0xffffffff, cx8, cmov, fxsr, ht, mmx, 3dnowpref, sse, sse2, sse3, ssse3, sse4a, sse4.1, sse4.2, popcnt, lzcnt, tsc, tscinvbit, avx, avx2, aes, erms, clmul, bmi1, bmi2, adx, sha, fma, vzeroupper, clflush, clflushopt, clwb, hv, rdtscp, rdpid, fsrm, f16c, cet_ss
CPU Model and flags from /proc/cpuinfo:
model name	: AMD EPYC 7763 64-Core Processor
flags		: fpu vme de pse tsc msr pae mce cx8 apic sep mtrr pge mca cmov pat pse36 clflush mmx fxsr sse sse2 ht syscall nx mmxext fxsr_opt pdpe1gb rdtscp lm constant_tsc rep_good nopl tsc_reliable nonstop_tsc cpuid extd_apicid aperfmperf tsc_known_freq pni pclmulqdq ssse3 fma cx16 pcid sse4_1 sse4_2 movbe popcnt aes xsave avx f16c rdrand hypervisor lahf_lm cmp_legacy svm cr8_legacy abm sse4a misalignsse 3dnowprefetch osvw topoext vmmcall fsgsbase bmi1 avx2 smep bmi2 erms invpcid rdseed adx smap clflushopt clwb sha_ni xsaveopt xsavec xgetbv1 xsaves user_shstk clzero xsaveerptr rdpru arat npt nrip_save tsc_scale vmcb_clean flushbyasid decodeassists pausefilter pfthreshold v_vmsave_vmload umip vaes vpclmulqdq rdpid fsrm

Online cpus: 0-1
Offline cpus: 
BIOS frequency limitation: <Not Available>
Frequency switch latency (ns): <Not Available>
Available cpu frequencies: <Not Available>
Current governor: <Not Available>
Core performance/turbo boost: <Not Available>

Memory: 4k page, physical 8135224k(5822460k free), swap 0k(0k free)
Page Sizes: 4k

vm_info: OpenJDK 64-Bit Server VM (25.0.1+8-LTS) for linux-amd64 JRE (25.0.1+8-LTS), built on 2025-10-13T21:28:09Z with gcc 11.3.0

END.
