#
# A fatal error has been detected by the Java Runtime Environment:
#
#  SIGSEGV (0xb) at pc=0x00007cb9b65154f3, pid=26808, tid=26808
#
# JRE version: OpenJDK Runtime Environment Microsoft-12574222 (25.0.1+8) (build 25.0.1+8-LTS)
# Java VM: OpenJDK 64-Bit Server VM Microsoft-12574222 (25.0.1+8-LTS, mixed mode, sharing, tiered, compressed oops, compressed class ptrs, g1 gc, linux-amd64)
# Problematic frame:
# C  [_jpype.cpython-312-x86_64-linux-gnu.so+0x424f3]  JPypeException::toJava() [clone .cold]+0x5d
#
# Core dump will be written. Default location: Core dumps may be processed with "/usr/share/apport/apport -p%p -s%s -c%c -d%d -P%P -u%u -g%g -F%F -- %E" (or dumping to /workspaces/korean_reading_practice/myapp/backend/core.26808)
#
# If you would like to submit a bug report, please visit:
#   https://github.com/microsoft/openjdk/issues
# The crash happened outside the Java Virtual Machine in native code.
# See problematic frame for where to report the bug.
#

---------------  S U M M A R Y ------------

Command Line: -Dfile.encoding=UTF8 -ea -Xmx1024m 

Host: AMD EPYC 7763 64-Core Processor, 2 cores, 7G, Ubuntu 24.04.3 LTS
Time: Sun May 10 02:27:44 2026 UTC elapsed time: 0.417986 seconds (0d 0h 0m 0s)

---------------  T H R E A D  ---------------

Current thread (0x000062f35b33df60):  JavaThread "main"             [_thread_in_native, id=26808, stack(0x00007fff78ebc000,0x00007fff78fbc000) (1024K)]

Stack: [0x00007fff78ebc000,0x00007fff78fbc000],  sp=0x00007fff78fb7400,  free space=1005k
Native frames: (J=compiled Java code, j=interpreted, Vv=VM code, C=native code)
C  [_jpype.cpython-312-x86_64-linux-gnu.so+0x424f3]  JPypeException::toJava() [clone .cold]+0x5d
Java frames: (J=compiled Java code, j=interpreted, Vv=VM code)
j  org.jpype.manager.TypeFactoryNative.newWrapper(JJ)V+0
j  org.jpype.JPypeContext.newWrapper(J)V+16
v  ~StubRoutines::call_stub 0x00007cb99fb38fa6
j  org.jpype.manager.TypeFactoryNative.newWrapper(JJ)V+0
j  org.jpype.JPypeContext.newWrapper(J)V+16
v  ~StubRoutines::call_stub 0x00007cb99fb38fa6

siginfo: si_signo: 11 (SIGSEGV), si_code: 1 (SEGV_MAPERR), si_addr: 0x0000000000000000

Registers:
RAX=0x00007cb9b7a697d8, RBX=0x000062f35bf069d0, RCX=0x00007cb9b7a608d0, RDX=0x000000062f35b36b
RSP=0x00007fff78fb7400, RBP=0x0000000000000000, RSI=0x0000000000000000, RDI=0x00007fff78fb7388
R8 =0x000062f359ac0010, R9 =0x0000000000000007, R10=0x000062f35b36b020, R11=0x6b20abc0f03a13e7
R12=0x00007fff78fb7410, R13=0x000062f35bf068f8, R14=0x00007fff78fb7408, R15=0x000062f35b33df60
RIP=0x00007cb9b65154f3, EFLAGS=0x0000000000010202, CSGSFS=0x002b000000000033, ERR=0x0000000000000006
  TRAPNO=0x000000000000000e

XMM[0]=0x0000000000000000 0x00007cb9ba066563
XMM[1]=0x00007cb9ba066563 0x00007cb9ba066563
XMM[2]=0xffffffffffffffff 0xffffffffffffffff
XMM[3]=0xffffffffffffffff 0xffffffffffffffff
XMM[4]=0xffffffffffffffff 0xffffffffffffffff
XMM[5]=0xffffffffffffffff 0xffffffffffffffff
XMM[6]=0xffffffffffffffff 0xffffffffffffffff
XMM[7]=0xffffffffffffffff 0xffffffffffffffff
XMM[8]=0x0000000000f700f3 0x0000000000f600f2
XMM[9]=0x00000000000000f3 0x00000000000000f2
XMM[10]=0x000000000000000c 0x000000000000000c
XMM[11]=0x000000000000000a 0x000000000000000a
XMM[12]=0x0000000000000008 0x0000000000000008
XMM[13]=0x0000000000000006 0x0000000000000006
XMM[14]=0x0000000000000004 0x0000000000000004
XMM[15]=0x0000000000000002 0x0000000000000002
  MXCSR=0x00001fa2


Register to memory mapping:

RAX=0x00007cb9b7a697d8: <offset 0x000000000027a7d8> in /lib/x86_64-linux-gnu/libstdc++.so.6 at 0x00007cb9b77ef000
RBX=0x000062f35bf069d0 points into unknown readable memory: 0x00007cb9b658ba38 | 38 ba 58 b6 b9 7c 00 00
RCX=0x00007cb9b7a608d0: <offset 0x00000000002718d0> in /lib/x86_64-linux-gnu/libstdc++.so.6 at 0x00007cb9b77ef000
RDX=0x000000062f35b36b is an unknown value
RSP=0x00007fff78fb7400 is pointing into the stack for thread: 0x000062f35b33df60
RBP=0x0 is null
RSI=0x0 is null
RDI=0x00007fff78fb7388 is pointing into the stack for thread: 0x000062f35b33df60
R8 =0x000062f359ac0010 points into unknown readable memory: 0x0001000200030000 | 00 00 03 00 02 00 01 00
R9 =0x0000000000000007 is an unknown value
R10=0x000062f35b36b020 points into unknown readable memory: 0x000000062f35b36b | 6b b3 35 2f 06 00 00 00
R11=0x6b20abc0f03a13e7 is an unknown value
R12=0x00007fff78fb7410 is pointing into the stack for thread: 0x000062f35b33df60
R13=0x000062f35bf068f8 points into unknown readable memory: 0x726956206176614a | 4a 61 76 61 20 56 69 72
R14=0x00007fff78fb7408 is pointing into the stack for thread: 0x000062f35b33df60
R15=0x000062f35b33df60 is a thread

Top of Stack: (sp=0x00007fff78fb7400)
0x00007fff78fb7400:   0000003100000001 00007cb9b65647a0   ....1....GV..|..
0x00007fff78fb7410:   00007cb9b6564763 00007fff78fb0000   cGV..|.....x....
0x00007fff78fb7420:   00007fff78fb7568 00007cb9b78a90f4   hu.x.........|..
0x00007fff78fb7430:   00007cb97440ac08 00007fff78fb7480   ..@t.|...t.x....
0x00007fff78fb7440:   000062f35bf06870 00007fff78fb7478   ph.[.b..xt.x....
0x00007fff78fb7450:   00007fff78fb7568 00007cb9b65189e8   hu.x......Q..|..
0x00007fff78fb7460:   00007fff78fb7480 00007cb9b6518a4b   .t.x....K.Q..|..
0x00007fff78fb7470:   00000000c07201c8 0000000000000001   ..r.............
0x00007fff78fb7480:   000062f35b33e400 00000000c0700000   ..3[.b....p.....
0x00007fff78fb7490:   00007fff78fb7528 0000000000000000   (u.x............
0x00007fff78fb74a0:   00007cb97440ac08 00007cb99fb44f85   ..@t.|...O...|..
0x00007fff78fb74b0:   fffffffffffffff7 00007cb974406219   .........b@t.|..
0x00007fff78fb74c0:   0000000000000004 00007cb974403c08   .........<@t.|..
0x00007fff78fb74d0:   0000000000000000 00000000c003ec38   ........8.......
0x00007fff78fb74e0:   fffffffffffffff7 0000000000000000   ................
0x00007fff78fb74f0:   0000000000000008 00007cb97440b288   ..........@t.|..
0x00007fff78fb7500:   0000000000000000 00000000c0062088   ......... ......
0x00007fff78fb7510:   00007cb97440ac08 0000000000000000   ..@t.|..........
0x00007fff78fb7520:   00007fff78fb7548 00007fff78fb75c8   Hu.x.....u.x....
0x00007fff78fb7530:   00007cb99fb40936 0000000000000000   6....|..........
0x00007fff78fb7540:   00007cb99fb42437 000062f35bf06780   7$...|...g.[.b..
0x00007fff78fb7550:   0000000000000000 000062f35ae7e520   ........ ..Z.b..
0x00007fff78fb7560:   0000000000000000 00000000c0062150   ........P!......
0x00007fff78fb7570:   00000000c0062150 00000000c0062150   P!......P!......
0x00007fff78fb7580:   fffffffffffffff5 00007cb97440eaa0   ..........@t.|..
0x00007fff78fb7590:   0000000000000006 00007cb97440a968   ........h.@t.|..
0x00007fff78fb75a0:   0000000000000000 00000000c00612f0   ................
0x00007fff78fb75b0:   00007cb97440eac8 fffffffffffffff0   ..@t.|..........
0x00007fff78fb75c0:   00007fff78fb75e8 00007fff78fb7660   .u.x....`v.x....
0x00007fff78fb75d0:   00007cb99fb38fa6 0000000000000000   .....|..........
0x00007fff78fb75e0:   00000000c0062150 000062f35bf06780   P!.......g.[.b..
0x00007fff78fb75f0:   00000000000003d8 00000000c0061958   ........X.......

Instructions: (pc=0x00007cb9b65154f3)
  0x00007cb9b65153f3:   ff ff 48 8b 54 24 30 48 8b 4c 24 38 49 89 c7 48
  0x00007cb9b6515403:   89 94 24 90 00 00 00 48 8b 52 e8 48 89 8c 14 90
  0x00007cb9b6515413:   00 00 00 48 c7 84 24 98 00 00 00 00 00 00 00 e9
  0x00007cb9b6515423:   56 fe ff ff 4c 89 ff e8 21 9c ff ff e9 46 fd ff
  0x00007cb9b6515433:   ff 4c 89 f7 48 89 c3 48 89 d5 e8 fe a6 ff ff eb
  0x00007cb9b6515443:   a1 ff d0 48 8d 3d 65 ee 04 00 48 89 c6 e8 fb 90
  0x00007cb9b6515453:   ff ff e9 27 ff ff ff 48 89 c7 48 89 d0 e9 ab fe
  0x00007cb9b6515463:   ff ff 48 8b 7c 24 60 e8 71 00 02 00 49 8d 74 24
  0x00007cb9b6515473:   08 4c 89 f7 e8 94 af ff ff e9 fc fd ff ff e8 ca
  0x00007cb9b6515483:   b8 ff ff 48 89 c5 e8 f2 b3 ff ff 48 89 ef e8 ba
  0x00007cb9b6515493:   b8 ff ff 4c 89 f7 e8 f2 a1 ff ff 4c 89 e7 e8 4a
  0x00007cb9b65154a3:   a7 ff ff 48 89 df 48 83 ed 01 75 59 e8 2c b6 ff
  0x00007cb9b65154b3:   ff 48 8d 3d 9d ee 04 00 48 89 c3 e8 5d 98 ff ff
  0x00007cb9b65154c3:   48 8b 43 20 48 8d 74 24 10 48 8d 7c 24 08 48 8b
  0x00007cb9b65154d3:   50 08 48 8b 08 8b 40 10 48 89 54 24 08 48 8d 54
  0x00007cb9b65154e3:   24 04 89 44 24 04 48 89 4c 24 10 e8 ed 98 ff ff
=>0x00007cb9b65154f3:   c7 04 25 00 00 00 00 00 00 00 00 e8 7d b3 ff ff
  0x00007cb9b6515503:   e9 b9 fe 01 00 e8 d3 b5 ff ff 48 8d 3d 44 ee 04
  0x00007cb9b6515513:   00 e8 07 98 ff ff c7 04 25 00 00 00 00 00 00 00
  0x00007cb9b6515523:   00 e8 57 b3 ff ff e9 93 fe 01 00 4c 89 f7 e8 5a
  0x00007cb9b6515533:   a1 ff ff e9 63 ff ff ff 48 89 c3 48 89 d5 e8 3a
  0x00007cb9b6515543:   b3 ff ff 48 89 df 48 89 e8 48 83 e8 01 75 52 e8
  0x00007cb9b6515553:   89 b5 ff ff 48 8d 74 24 10 c7 44 24 20 b8 01 00
  0x00007cb9b6515563:   00 48 89 c7 48 8d 05 75 ed 04 00 48 89 44 24 10
  0x00007cb9b6515573:   48 8d 05 be ed 04 00 48 89 44 24 18 e8 5c 94 ff
  0x00007cb9b6515583:   ff e8 17 93 ff ff 48 89 c7 48 89 d0 eb bb 48 89
  0x00007cb9b6515593:   c3 48 89 d5 e8 e4 b2 ff ff 48 89 df 48 89 e8 eb
  0x00007cb9b65155a3:   a8 e8 a7 b7 ff ff 48 89 c5 e8 cf b2 ff ff 48 89
  0x00007cb9b65155b3:   ef e8 97 b7 ff ff 90 48 8b 73 18 48 85 f6 74 0f
  0x00007cb9b65155c3:   48 8b 05 ee 98 07 00 48 8b 38 e8 0e 93 ff ff 4c
  0x00007cb9b65155d3:   89 f7 e8 76 9a ff ff 48 89 ef e8 6e b7 ff ff 48
  0x00007cb9b65155e3:   89 ef e8 06 a6 ff ff 48 89 df 4c 89 e0 48 83 e8


Stack slot to memory mapping:

stack at sp + 0 slots: 0x0000003100000001 is an unknown value
stack at sp + 1 slots: 0x00007cb9b65647a0: <offset 0x00000000000917a0> in /usr/local/python/3.12.1/lib/python3.12/site-packages/_jpype.cpython-312-x86_64-linux-gnu.so at 0x00007cb9b64d3000
stack at sp + 2 slots: 0x00007cb9b6564763: <offset 0x0000000000091763> in /usr/local/python/3.12.1/lib/python3.12/site-packages/_jpype.cpython-312-x86_64-linux-gnu.so at 0x00007cb9b64d3000
stack at sp + 3 slots: 0x00007fff78fb0000 is pointing into the stack for thread: 0x000062f35b33df60
stack at sp + 4 slots: 0x00007fff78fb7568 is pointing into the stack for thread: 0x000062f35b33df60
stack at sp + 5 slots: 0x00007cb9b78a90f4: __cxa_get_globals+0x0000000000000014 in /lib/x86_64-linux-gnu/libstdc++.so.6 at 0x00007cb9b77ef000
stack at sp + 6 slots: {method} {0x00007cb97440ac08} 'newWrapper' '(JJ)V' in 'org/jpype/manager/TypeFactoryNative'
stack at sp + 7 slots: 0x00007fff78fb7480 is pointing into the stack for thread: 0x000062f35b33df60

Lock stack of current Java thread (top to bottom):
LockStack[1]: org.jpype.manager.TypeFactoryNative 
{0x00000000c0062150} - klass: 'org/jpype/manager/TypeFactoryNative' - flags: 

 - ---- fields (total size 3 words):
 - public 'context' 'J' @16  0 (0x0000000000000000)
LockStack[0]: org.jpype.manager.TypeFactoryNative 
{0x00000000c0062150} - klass: 'org/jpype/manager/TypeFactoryNative' - flags: 

 - ---- fields (total size 3 words):
 - public 'context' 'J' @16  0 (0x0000000000000000)


---------------  P R O C E S S  ---------------

Threads class SMR info:
_java_thread_list=0x00007cb97c6156d0, length=11, elements={
0x000062f35b33df60, 0x000062f35bc64120, 0x000062f35bc659d0, 0x000062f35bc674a0,
0x000062f35bc68e40, 0x000062f35bc6a740, 0x000062f35bc6c510, 0x000062f35bc6df80,
0x000062f35bc7a1b0, 0x000062f35bc7c2f0, 0x00007cb964001030
}

Java Threads: ( => current thread )
=>0x000062f35b33df60 JavaThread "main"                              [_thread_in_native, id=26808, stack(0x00007fff78ebc000,0x00007fff78fbc000) (1024K)]
  0x000062f35bc64120 JavaThread "Reference Handler"          daemon [_thread_blocked, id=26825, stack(0x00007cb9947fd000,0x00007cb9948fd000) (1024K)]
  0x000062f35bc659d0 JavaThread "Finalizer"                  daemon [_thread_blocked, id=26826, stack(0x00007cb9946fc000,0x00007cb9947fc000) (1024K)]
  0x000062f35bc674a0 JavaThread "Signal Dispatcher"          daemon [_thread_blocked, id=26827, stack(0x00007cb9945fb000,0x00007cb9946fb000) (1024K)]
  0x000062f35bc68e40 JavaThread "Service Thread"             daemon [_thread_blocked, id=26828, stack(0x00007cb9944fa000,0x00007cb9945fa000) (1024K)]
  0x000062f35bc6a740 JavaThread "Monitor Deflation Thread"   daemon [_thread_blocked, id=26829, stack(0x00007cb9943f9000,0x00007cb9944f9000) (1024K)]
  0x000062f35bc6c510 JavaThread "C2 CompilerThread0"         daemon [_thread_blocked, id=26830, stack(0x00007cb9942f8000,0x00007cb9943f8000) (1024K)]
  0x000062f35bc6df80 JavaThread "C1 CompilerThread0"         daemon [_thread_blocked, id=26831, stack(0x00007cb9941f7000,0x00007cb9942f7000) (1024K)]
  0x000062f35bc7a1b0 JavaThread "Notification Thread"        daemon [_thread_blocked, id=26832, stack(0x00007cb9940f6000,0x00007cb9941f6000) (1024K)]
  0x000062f35bc7c2f0 JavaThread "Common-Cleaner"             daemon [_thread_blocked, id=26833, stack(0x00007cb953f00000,0x00007cb954000000) (1024K)]
  0x00007cb964001030 JavaThread "SIGTERM handler"            daemon [_thread_blocked, id=26843, stack(0x00007cb953bfd000,0x00007cb953cfd000) (1024K)]
Total: 11

Other Threads:
  0x000062f35bc59160 VMThread "VM Thread"                           [id=26824, stack(0x00007cb9948fe000,0x00007cb9949fe000) (1024K)]
  0x000062f35bc4a0a0 WatcherThread "VM Periodic Task Thread"        [id=26823, stack(0x00007cb9949ff000,0x00007cb994aff000) (1024K)]
  0x000062f35b5088c0 WorkerThread "GC Thread#0"                     [id=26817, stack(0x00007cb998415000,0x00007cb998515000) (1024K)]
  0x00007cb97c000fc0 WorkerThread "GC Thread#1"                     [id=26842, stack(0x00007cb953cfe000,0x00007cb953dfe000) (1024K)]
  0x000062f35b906fd0 ConcurrentGCThread "G1 Main Marker"            [id=26818, stack(0x00007cb996f00000,0x00007cb997000000) (1024K)]
  0x000062f35b907470 WorkerThread "G1 Conc#0"                       [id=26819, stack(0x00007cb996dff000,0x00007cb996eff000) (1024K)]
  0x000062f35bb1b060 ConcurrentGCThread "G1 Refine#0"               [id=26820, stack(0x00007cb996cfe000,0x00007cb996dfe000) (1024K)]
  0x000062f35bb1c200 ConcurrentGCThread "G1 Service"                [id=26821, stack(0x00007cb994b00000,0x00007cb994c00000) (1024K)]
Total: 8

Threads with active compile tasks:
Total: 0

VM state: not at safepoint (normal execution)

VM Mutex/Monitor currently owned by a thread: None

Heap address: 0x00000000c0000000, size: 1024 MB, Compressed Oops mode: 32-bit

CDS archive(s) mapped at: [0x0000000056000000-0x0000000056d8c000-0x0000000056d8c000), size 14204928, SharedBaseAddress: 0x0000000056000000, ArchiveRelocationMode: 1.
Compressed class space mapped at: 0x0000000057000000-0x0000000097000000, reserved size: 1073741824
UseCompressedClassPointers 1, UseCompactObjectHeaders 0
Narrow klass pointer bits 32, Max shift 3
Narrow klass base: 0x0000000056000000, Narrow klass shift: 0
Encoding Range: [0x0000000056000000 - 0x0000000156000000), (4294967296 bytes)
Klass Range:    [0x0000000056001000 - 0x0000000097000000), (1090514944 bytes)
Klass ID Range:  [4096 - 1090519033) (1090514937)
Protection zone: [0x0000000056000000 - 0x0000000056001000), (4096 bytes)

GC Precious Log:
 CardTable entry size: 512
 Card Set container configuration: InlinePtr #cards 5 size 8 Array Of Cards #cards 10 size 36 Howl #buckets 4 coarsen threshold 1843 Howl Bitmap #cards 512 size 80 coarsen threshold 460 Card regions per heap region 1 cards per card region 2048
 CPUs: 2 total, 2 available
 Memory: 7944M
 Large Page Support: Disabled
 NUMA Support: Disabled
 Compressed Oops: Enabled (32-bit)
 Heap Region Size: 1M
 Heap Min Capacity: 8M
 Heap Initial Capacity: 126M
 Heap Max Capacity: 1G
 Pre-touch: Disabled
 Parallel Workers: 2
 Concurrent Workers: 1
 Concurrent Refinement Workers: 2
 Periodic GC: Disabled
 G1 Time-Based Heap Sizing enabled (uncommit-only)
 Evaluation Interval: 60s, Uncommit Delay: 300s, Min Regions To Uncommit: 10

Heap:
 garbage-first heap   total reserved 1048576K, committed 10240K, used 3137K [0x00000000c0000000, 0x0000000100000000)
  region size 1024K, 2 young (2048K), 0 survivors (0K)

Heap Regions: E=young(eden), S=young(survivor), O=old, HS=humongous(starts), HC=humongous(continues), CS=collection set, F=free, TAMS=top-at-mark-start, PB=parsable bottom
|   0|0x00000000c0000000, 0x00000000c0084258, 0x00000000c0100000| 51%| O|  |TAMS 0x00000000c0000000| PB 0x00000000c0000000| Untracked |  0
|   1|0x00000000c0100000, 0x00000000c018c1a8, 0x00000000c0200000| 54%| O|  |TAMS 0x00000000c0100000| PB 0x00000000c0100000| Untracked |  0
|   2|0x00000000c0200000, 0x00000000c0200000, 0x00000000c0300000|  0%| F|  |TAMS 0x00000000c0200000| PB 0x00000000c0200000| Untracked |  0
|   3|0x00000000c0300000, 0x00000000c0300000, 0x00000000c0400000|  0%| F|  |TAMS 0x00000000c0300000| PB 0x00000000c0300000| Untracked |  0
|   4|0x00000000c0400000, 0x00000000c0400000, 0x00000000c0500000|  0%| F|  |TAMS 0x00000000c0400000| PB 0x00000000c0400000| Untracked |  0
|   5|0x00000000c0500000, 0x00000000c0500000, 0x00000000c0600000|  0%| F|  |TAMS 0x00000000c0500000| PB 0x00000000c0500000| Untracked |  0
|   6|0x00000000c0600000, 0x00000000c0600000, 0x00000000c0700000|  0%| F|  |TAMS 0x00000000c0600000| PB 0x00000000c0600000| Untracked |  0
|   7|0x00000000c0700000, 0x00000000c078f618, 0x00000000c0800000| 56%| E|  |TAMS 0x00000000c0700000| PB 0x00000000c0700000| Complete |  0
|   8|0x00000000c0800000, 0x00000000c0900000, 0x00000000c0900000|100%| E|CS|TAMS 0x00000000c0800000| PB 0x00000000c0800000| Complete |  0
|1022|0x00000000ffe00000, 0x00000000fff00000, 0x00000000fff00000|100%| O|  |TAMS 0x00000000ffe00000| PB 0x00000000ffe00000| Untracked |  0

Card table byte_map: [0x00007cb998000000,0x00007cb998200000] _byte_map_base: 0x00007cb997a00000

Marking Bits: (CMBitMap*) 0x000062f35b57d040
 Bits: [0x00007cb997000000, 0x00007cb998000000)

Polling page: 0x00007cb9b95cc000

Metaspace:
Metaspace        used 1976K, committed 2112K, reserved 1114112K
 class space     used 135K, committed 192K, reserved 1048576K

Usage:
  Non-class:      1.80 MB used.
      Class:    135.91 KB used.
       Both:      1.93 MB used.

Virtual space:
  Non-class space:       64.00 MB reserved,       1.88 MB (  3%) committed,  1 nodes.
      Class space:        1.00 GB reserved,     192.00 KB ( <1%) committed,  1 nodes.
             Both:        1.06 GB reserved,       2.06 MB ( <1%) committed. 

Chunk freelists:
   Non-Class:  11.83 MB
       Class:  15.70 MB
        Both:  27.53 MB

MaxMetaspaceSize: unlimited
CompressedClassSpaceSize: 1.00 GB
Initial GC threshold: 21.00 MB
Current GC threshold: 21.00 MB
CDS: on
 - commit_granule_bytes: 65536.
 - commit_granule_words: 8192.
 - virtual_space_node_default_size: 8388608.
 - enlarge_chunks_in_place: 1.
UseCompressedClassPointers 1, UseCompactObjectHeaders 0
Narrow klass pointer bits 32, Max shift 3
Narrow klass base: 0x0000000056000000, Narrow klass shift: 0
Encoding Range: [0x0000000056000000 - 0x0000000156000000), (4294967296 bytes)
Klass Range:    [0x0000000056001000 - 0x0000000097000000), (1090514944 bytes)
Klass ID Range:  [4096 - 1090519033) (1090514937)
Protection zone: [0x0000000056000000 - 0x0000000056001000), (4096 bytes)


Internal statistics:

num_allocs_failed_limit: 0.
num_arena_births: 46.
num_arena_deaths: 0.
num_vsnodes_births: 2.
num_vsnodes_deaths: 0.
num_space_committed: 33.
num_space_uncommitted: 0.
num_chunks_returned_to_freelist: 0.
num_chunks_taken_from_freelist: 69.
num_chunk_merges: 0.
num_chunk_splits: 41.
num_chunks_enlarged: 17.
num_inconsistent_stats: 0.

CodeHeap 'non-profiled nmethods': size=120040Kb used=147Kb max_used=147Kb free=119892Kb
 bounds [0x00007cb9a00c6000, 0x00007cb9a0336000, 0x00007cb9a7600000]
CodeHeap 'profiled nmethods': size=120032Kb used=1007Kb max_used=1007Kb free=119024Kb
 bounds [0x00007cb998600000, 0x00007cb998870000, 0x00007cb99fb38000]
CodeHeap 'non-nmethods': size=5688Kb used=1325Kb max_used=1340Kb free=4362Kb
 bounds [0x00007cb99fb38000, 0x00007cb99fda8000, 0x00007cb9a00c6000]
CodeCache: size=245760Kb, used=2479Kb, max_used=2494Kb, free=243278Kb
 total_blobs=1168, nmethods=758, adapters=315, full_count=0
Compilation: enabled, stopped_count=0, restarted_count=0

Compilation events (20 events):
Event: 0.403 Thread 0x000062f35bc6df80  807       3       jdk.internal.reflect.ReflectionFactory::copyField (11 bytes)
Event: 0.404 Thread 0x000062f35bc6df80 nmethod 807 0x00007cb9986eff08 code [0x00007cb9986f0000, 0x00007cb9986f0268]
Event: 0.404 Thread 0x000062f35bc6df80  808       3       java.lang.reflect.Field::<init> (50 bytes)
Event: 0.404 Thread 0x000062f35bc6df80 nmethod 808 0x00007cb9986f0288 code [0x00007cb9986f0380, 0x00007cb9986f0728]
Event: 0.404 Thread 0x000062f35bc6df80  809       1       java.lang.reflect.Field::getModifiers (5 bytes)
Event: 0.404 Thread 0x000062f35bc6df80 nmethod 809 0x00007cb9a00e9788 code [0x00007cb9a00e9880, 0x00007cb9a00e9940]
Event: 0.404 Thread 0x000062f35bc6df80  810       1       java.lang.reflect.Field::getName (5 bytes)
Event: 0.404 Thread 0x000062f35bc6df80 nmethod 810 0x00007cb9a00e9a88 code [0x00007cb9a00e9b80, 0x00007cb9a00e9c40]
Event: 0.405 Thread 0x000062f35bc6df80  811       3       java.lang.Class::copyMethods (36 bytes)
Event: 0.405 Thread 0x000062f35bc6c510  812       4       java.lang.PublicMethods$MethodList::filter (104 bytes)
Event: 0.407 Thread 0x000062f35bc6df80 nmethod 811 0x00007cb9986f0788 code [0x00007cb9986f0880, 0x00007cb9986f0f98]
Event: 0.407 Thread 0x000062f35bc6df80  821       3       org.jpype.manager.MethodResolution::sortMethods (218 bytes)
Event: 0.409 Thread 0x000062f35bc6df80 nmethod 821 0x00007cb9986f1008 code [0x00007cb9986f1100, 0x00007cb9986f3368]
Event: 0.409 Thread 0x000062f35bc6df80  817       3       org.jpype.manager.MethodResolution::isAssignableTo (71 bytes)
Event: 0.409 Thread 0x000062f35bc6df80 nmethod 817 0x00007cb9986f3388 code [0x00007cb9986f3480, 0x00007cb9986f3b48]
Event: 0.409 Thread 0x000062f35bc6df80  822       3       org.jpype.manager.TypeManager::createMethods (382 bytes)
Event: 0.410 Thread 0x000062f35bc6df80 nmethod 822 0x00007cb9986f3b88 code [0x00007cb9986f3c80, 0x00007cb9986f55d0]
Event: 0.410 Thread 0x000062f35bc6df80  825       3       java.util.TreeMap::successor (66 bytes)
Event: 0.410 Thread 0x000062f35bc6df80 nmethod 825 0x00007cb9986f5608 code [0x00007cb9986f5700, 0x00007cb9986f5a08]
Event: 0.410 Thread 0x000062f35bc6df80  814       3       java.util.TreeMap::fixAfterInsertion (267 bytes)

GC Heap Usage History (2 events):
Event: 0.301 {heap Before GC invocations=0 (full 0):
 garbage-first heap   total reserved 1048576K, committed 131072K, used 6275K [0x00000000c0000000, 0x0000000100000000)
  region size 1024K, 6 young (6144K), 0 survivors (0K)
}
Event: 0.311 {heap After GC invocations=1 (full 1):
 garbage-first heap   total reserved 1048576K, committed 10240K, used 2113K [0x00000000c0000000, 0x0000000100000000)
  region size 1024K, 0 young (0K), 0 survivors (0K)
}

Metaspace Usage History (2 events):
Event: 0.301 {metaspace Before GC invocations=0 (full 0):
 Metaspace       used 1660K, committed 1792K, reserved 1114112K
  class space    used 120K, committed 192K, reserved 1048576K
}
Event: 0.311 {metaspace After GC invocations=1 (full 1):
 Metaspace       used 1660K, committed 1792K, reserved 1114112K
  class space    used 120K, committed 192K, reserved 1048576K
}

Dll operation events (6 events):
Event: 0.004 Loaded shared library /usr/local/sdkman/candidates/java/25.0.1-ms/lib/libjava.so
Event: 0.031 Loaded shared library /usr/local/sdkman/candidates/java/25.0.1-ms/lib/libsimdsort.so
Event: 0.049 Loaded shared library /usr/local/sdkman/candidates/java/25.0.1-ms/lib/libnio.so
Event: 0.053 Loaded shared library /usr/local/sdkman/candidates/java/25.0.1-ms/lib/libzip.so
Event: 0.112 Loaded shared library /usr/local/python/3.12.1/lib/python3.12/site-packages/_jpype.cpython-312-x86_64-linux-gnu.so
Event: 0.152 Loaded shared library /usr/local/sdkman/candidates/java/25.0.1-ms/lib/libjimage.so

Deoptimization events (4 events):
Event: 0.105 Thread 0x000062f35b33df60 Uncommon trap: trap_request=0xffffff45 fr.pc=0x00007cb9a00c95f8 relative=0x0000000000000078
Event: 0.105 Thread 0x000062f35b33df60 Uncommon trap: reason=unstable_if action=reinterpret pc=0x00007cb9a00c95f8 method=jdk.internal.misc.Unsafe.convEndian(ZI)I @ 4 c2
Event: 0.105 Thread 0x000062f35b33df60 DEOPT PACKING pc=0x00007cb9a00c95f8 sp=0x00007fff78fb6d90
Event: 0.105 Thread 0x000062f35b33df60 DEOPT UNPACKING pc=0x00007cb99fbc3df9 sp=0x00007fff78fb6ce0 mode 2

Classes loaded (20 events):
Event: 0.400 Loading class jdk/internal/logger/SurrogateLogger
Event: 0.401 Loading class jdk/internal/logger/SimpleConsoleLogger
Event: 0.401 Loading class sun/util/logging/PlatformLogger$ConfigurableBridge$LoggerConfiguration
Event: 0.401 Loading class sun/util/logging/PlatformLogger$ConfigurableBridge$LoggerConfiguration done
Event: 0.401 Loading class jdk/internal/logger/SimpleConsoleLogger done
Event: 0.401 Loading class jdk/internal/logger/SurrogateLogger done
Event: 0.401 Loading class sun/util/logging/PlatformLogger
Event: 0.401 Loading class sun/util/logging/PlatformLogger done
Event: 0.401 Loading class sun/util/logging/PlatformLogger$Level
Event: 0.401 Loading class sun/util/logging/PlatformLogger$Level done
Event: 0.402 Loading class jdk/internal/event/ThreadSleepEvent
Event: 0.402 Loading class jdk/internal/event/Event
Event: 0.402 Loading class jdk/internal/event/Event done
Event: 0.402 Loading class jdk/internal/event/ThreadSleepEvent done
Event: 0.409 Loading class java/lang/Character$UnicodeBlock
Event: 0.410 Loading class java/lang/Character$Subset
Event: 0.410 Loading class java/lang/Character$Subset done
Event: 0.410 Loading class java/lang/Character$UnicodeBlock done
Event: 0.410 Loading class java/lang/Character$UnicodeScript
Event: 0.410 Loading class java/lang/Character$UnicodeScript done

Classes unloaded (0 events):
No events

Classes redefined (0 events):
No events

Internal exceptions (14 events):
Event: 0.091 Thread 0x000062f35b33df60 Exception <a 'java/lang/NoSuchMethodError'{0x00000000c7c83670}: 'void java.lang.invoke.DirectMethodHandle$Holder.invokeSpecial(java.lang.Object, java.lang.Object, java.lang.Object)'> (0x00000000c7c83670) 
thrown [src/hotspot/share/interpreter/linkResolver.cpp, line 803]
Event: 0.116 Thread 0x000062f35b33df60 Exception <a 'java/lang/NoSuchMethodError'{0x00000000c7b06850}: 'int java.lang.invoke.DirectMethodHandle$Holder.invokeStaticInit(java.lang.Object, java.lang.Object)'> (0x00000000c7b06850) 
thrown [src/hotspot/share/interpreter/linkResolver.cpp, line 803]
Event: 0.117 Thread 0x000062f35b33df60 Exception <a 'java/lang/NoSuchMethodError'{0x00000000c7b163f0}: 'java.lang.Object java.lang.invoke.DirectMethodHandle$Holder.invokeStaticInit(java.lang.Object, int)'> (0x00000000c7b163f0) 
thrown [src/hotspot/share/interpreter/linkResolver.cpp, line 803]
Event: 0.122 Thread 0x000062f35b33df60 Exception <a 'java/lang/NoSuchMethodError'{0x00000000c7b3cb30}: 'java.lang.Object java.lang.invoke.DirectMethodHandle$Holder.newInvokeSpecial(java.lang.Object, java.lang.Object, java.lang.Object, java.lang.Object, java.lang.Object)'> (0x00000000c7b3cb30) 
thrown [src/hotspot/share/interpreter/linkResolver.cpp, line 803]
Event: 0.123 Thread 0x000062f35b33df60 Exception <a 'java/lang/NoSuchMethodError'{0x00000000c7b94458}: 'void java.lang.invoke.DirectMethodHandle$Holder.invokeStatic(java.lang.Object, java.lang.Object, java.lang.Object, java.lang.Object)'> (0x00000000c7b94458) 
thrown [src/hotspot/share/interpreter/linkResolver.cpp, line 803]
Event: 0.125 Thread 0x000062f35b33df60 Exception <a 'java/lang/NoSuchMethodError'{0x00000000c7bada68}: 'void java.lang.invoke.DirectMethodHandle$Holder.invokeStatic(java.lang.Object, java.lang.Object, java.lang.Object)'> (0x00000000c7bada68) 
thrown [src/hotspot/share/interpreter/linkResolver.cpp, line 803]
Event: 0.131 Thread 0x000062f35b33df60 Exception <a 'java/lang/NoSuchMethodError'{0x00000000c7bd7708}: 'java.lang.Object java.lang.invoke.DirectMethodHandle$Holder.invokeInterface(java.lang.Object, java.lang.Object)'> (0x00000000c7bd7708) 
thrown [src/hotspot/share/interpreter/linkResolver.cpp, line 803]
Event: 0.132 Thread 0x000062f35b33df60 Exception <a 'java/lang/IncompatibleClassChangeError'{0x00000000c7bdfb88}: Found class java.lang.Object, but interface was expected> (0x00000000c7bdfb88) 
thrown [src/hotspot/share/interpreter/linkResolver.cpp, line 871]
Event: 0.132 Thread 0x000062f35b33df60 Exception <a 'java/lang/NoSuchMethodError'{0x00000000c7be7d80}: 'void java.lang.invoke.DirectMethodHandle$Holder.invokeStatic(java.lang.Object, java.lang.Object)'> (0x00000000c7be7d80) 
thrown [src/hotspot/share/interpreter/linkResolver.cpp, line 803]
Event: 0.135 Thread 0x000062f35b33df60 Exception <a 'java/lang/NoSuchMethodError'{0x00000000c7bfb7d0}: 'java.lang.Object java.lang.invoke.Invokers$Holder.invokeExact_MT(java.lang.Object, java.lang.Object, java.lang.Object, java.lang.Object, java.lang.Object)'> (0x00000000c7bfb7d0) 
thrown [src/hotspot/share/interpreter/linkResolver.cpp, line 803]
Event: 0.138 Thread 0x000062f35b33df60 Exception <a 'java/lang/NoSuchMethodError'{0x00000000c7a17a38}: 'int java.lang.invoke.Invokers$Holder.invokeExact_MT(java.lang.Object, java.lang.Object, java.lang.Object)'> (0x00000000c7a17a38) 
thrown [src/hotspot/share/interpreter/linkResolver.cpp, line 803]
Event: 0.160 Thread 0x000062f35b33df60 Exception <a 'java/lang/NoSuchMethodError'{0x00000000c7a8dbd8}: 'java.lang.Object java.lang.invoke.DirectMethodHandle$Holder.invokeStaticInit(java.lang.Object)'> (0x00000000c7a8dbd8) 
thrown [src/hotspot/share/interpreter/linkResolver.cpp, line 803]
Event: 0.224 Thread 0x000062f35b33df60 Exception <a 'java/lang/IncompatibleClassChangeError'{0x00000000c7914170}: Found class java.lang.Object, but interface was expected> (0x00000000c7914170) 
thrown [src/hotspot/share/interpreter/linkResolver.cpp, line 871]
Event: 0.412 Thread 0x000062f35be84560 Exception <a 'java/lang/InterruptedException'{0x00000000c0847bf8}> (0x00000000c0847bf8) 
thrown [src/hotspot/share/runtime/objectMonitor.cpp, line 1972]

VM Operations (4 events):
Event: 0.301 Executing safepoint VM operation: G1CollectFull (System.gc())
Event: 0.311 Executing safepoint VM operation: G1CollectFull (System.gc()) done
Event: 0.411 Executing safepoint VM operation: ThreadDump
Event: 0.411 Executing safepoint VM operation: ThreadDump done

Memory protections (15 events):
Event: 0.003 Protecting memory [0x00007fff78ebc000,0x00007fff78ec0000] with protection modes 0
Event: 0.018 Protecting memory [0x0000000056000000,0x0000000056001000] with protection modes 0
Event: 0.029 Protecting memory [0x00007cb9947fd000,0x00007cb994801000] with protection modes 0
Event: 0.029 Protecting memory [0x00007cb9946fc000,0x00007cb994700000] with protection modes 0
Event: 0.029 Protecting memory [0x00007cb9945fb000,0x00007cb9945ff000] with protection modes 0
Event: 0.030 Protecting memory [0x00007cb9944fa000,0x00007cb9944fe000] with protection modes 0
Event: 0.030 Protecting memory [0x00007cb9943f9000,0x00007cb9943fd000] with protection modes 0
Event: 0.030 Protecting memory [0x00007cb9942f8000,0x00007cb9942fc000] with protection modes 0
Event: 0.032 Protecting memory [0x00007cb9941f7000,0x00007cb9941fb000] with protection modes 0
Event: 0.045 Protecting memory [0x00007cb9940f6000,0x00007cb9940fa000] with protection modes 0
Event: 0.048 Protecting memory [0x00007cb953f00000,0x00007cb953f04000] with protection modes 0
Event: 0.136 Protecting memory [0x00007cb9b7684000,0x00007cb9b7685000] with protection modes 1
Event: 0.151 Protecting memory [0x00007cb953dff000,0x00007cb953e03000] with protection modes 0
Event: 0.397 Protecting memory [0x00007cb953bfd000,0x00007cb953c01000] with protection modes 0
Event: 0.402 Protecting memory [0x00007cb953afc000,0x00007cb953b00000] with protection modes 0

Nmethod flushes (0 events):
No events

Events (14 events):
Event: 0.020 Thread 0x000062f35b33df60 Thread added: 0x000062f35b33df60
Event: 0.029 Thread 0x000062f35b33df60 Thread added: 0x000062f35bc64120
Event: 0.029 Thread 0x000062f35b33df60 Thread added: 0x000062f35bc659d0
Event: 0.029 Thread 0x000062f35b33df60 Thread added: 0x000062f35bc674a0
Event: 0.030 Thread 0x000062f35b33df60 Thread added: 0x000062f35bc68e40
Event: 0.030 Thread 0x000062f35b33df60 Thread added: 0x000062f35bc6a740
Event: 0.030 Thread 0x000062f35b33df60 Thread added: 0x000062f35bc6c510
Event: 0.032 Thread 0x000062f35b33df60 Thread added: 0x000062f35bc6df80
Event: 0.045 Thread 0x000062f35b33df60 Thread added: 0x000062f35bc7a1b0
Event: 0.048 Thread 0x000062f35b33df60 Thread added: 0x000062f35bc7c2f0
Event: 0.149 Thread 0x000062f35b33df60 Thread added: 0x000062f35be84560
Event: 0.397 Thread 0x000062f35bc674a0 Thread added: 0x00007cb964001030
Event: 0.402 Thread 0x00007cb964001030 Thread added: 0x00007cb96013c9e0
Event: 0.412 Thread 0x000062f35be84560 Thread exited: 0x000062f35be84560


Dynamic libraries:
56000000-56001000 ---p 00000000 00:00 0 
56001000-564ab000 rw-p 00001000 00:2d 681584                             /usr/local/sdkman/candidates/java/25.0.1-ms/lib/server/classes.jsa
564ab000-56d8c000 rw-p 004ab000 00:2d 681584                             /usr/local/sdkman/candidates/java/25.0.1-ms/lib/server/classes.jsa
56d8c000-57000000 ---p 00000000 00:00 0 
57000000-57020000 rw-p 00000000 00:00 0 
57020000-57040000 ---p 00000000 00:00 0 
57040000-57050000 rw-p 00000000 00:00 0 
57050000-97000000 ---p 00000000 00:00 0 
c0000000-c0900000 rw-p 00000000 00:00 0 
c0900000-ffe00000 ---p 00000000 00:00 0 
ffe00000-fff00000 rw-p 00dbf000 00:2d 681584                             /usr/local/sdkman/candidates/java/25.0.1-ms/lib/server/classes.jsa
fff00000-100000000 ---p 00000000 00:00 0 
62f33dbe5000-62f33dce3000 r--p 00000000 00:2d 828064                     /usr/local/python/3.12.1/bin/python3.12
62f33dce3000-62f33df80000 r-xp 000fe000 00:2d 828064                     /usr/local/python/3.12.1/bin/python3.12
62f33df80000-62f33e0d2000 r--p 0039b000 00:2d 828064                     /usr/local/python/3.12.1/bin/python3.12
62f33e0d2000-62f33e149000 r--p 004ed000 00:2d 828064                     /usr/local/python/3.12.1/bin/python3.12
62f33e149000-62f33e2b6000 rw-p 00564000 00:2d 828064                     /usr/local/python/3.12.1/bin/python3.12
62f33e2b6000-62f33e2b8000 rw-p 00000000 00:00 0 
62f359ac0000-62f35bf8a000 rw-p 00000000 00:00 0                          [heap]
7cb953afb000-7cb953afc000 ---p 00000000 00:00 0 
7cb953afc000-7cb953b00000 ---p 00000000 00:00 0 
7cb953b00000-7cb953bfc000 rw-p 00000000 00:00 0 
7cb953bfc000-7cb953bfd000 ---p 00000000 00:00 0 
7cb953bfd000-7cb953c01000 ---p 00000000 00:00 0 
7cb953c01000-7cb953cfd000 rw-p 00000000 00:00 0 
7cb953cfd000-7cb953cfe000 ---p 00000000 00:00 0 
7cb953cfe000-7cb953dfe000 rw-p 00000000 00:00 0 
7cb953dfe000-7cb953dff000 ---p 00000000 00:00 0 
7cb953dff000-7cb953e03000 ---p 00000000 00:00 0 
7cb953e03000-7cb953eff000 rw-p 00000000 00:00 0 
7cb953eff000-7cb953f00000 ---p 00000000 00:00 0 
7cb953f00000-7cb953f04000 ---p 00000000 00:00 0 
7cb953f04000-7cb954000000 rw-p 00000000 00:00 0 
7cb954000000-7cb954505000 rw-p 00000000 00:00 0 
7cb954505000-7cb958000000 ---p 00000000 00:00 0 
7cb958000000-7cb958021000 rw-p 00000000 00:00 0 
7cb958021000-7cb95c000000 ---p 00000000 00:00 0 
7cb95c000000-7cb95c021000 rw-p 00000000 00:00 0 
7cb95c021000-7cb960000000 ---p 00000000 00:00 0 
7cb960000000-7cb960248000 rw-p 00000000 00:00 0 
7cb960248000-7cb964000000 ---p 00000000 00:00 0 
7cb964000000-7cb964021000 rw-p 00000000 00:00 0 
7cb964021000-7cb968000000 ---p 00000000 00:00 0 
7cb968000000-7cb968021000 rw-p 00000000 00:00 0 
7cb968021000-7cb96c000000 ---p 00000000 00:00 0 
7cb96c000000-7cb96c021000 rw-p 00000000 00:00 0 
7cb96c021000-7cb970000000 ---p 00000000 00:00 0 
7cb970000000-7cb970021000 rw-p 00000000 00:00 0 
7cb970021000-7cb974000000 ---p 00000000 00:00 0 
7cb974000000-7cb9741b0000 rw-p 00000000 00:00 0 
7cb9741b0000-7cb974400000 ---p 00000000 00:00 0 
7cb974400000-7cb974430000 rw-p 00000000 00:00 0 
7cb974430000-7cb978000000 ---p 00000000 00:00 0 
7cb978000000-7cb978021000 rw-p 00000000 00:00 0 
7cb978021000-7cb97c000000 ---p 00000000 00:00 0 
7cb97c000000-7cb97c618000 rw-p 00000000 00:00 0 
7cb97c618000-7cb980000000 ---p 00000000 00:00 0 
7cb980000000-7cb980021000 rw-p 00000000 00:00 0 
7cb980021000-7cb984000000 ---p 00000000 00:00 0 
7cb984000000-7cb984021000 rw-p 00000000 00:00 0 
7cb984021000-7cb988000000 ---p 00000000 00:00 0 
7cb988000000-7cb988021000 rw-p 00000000 00:00 0 
7cb988021000-7cb98c000000 ---p 00000000 00:00 0 
7cb98c000000-7cb98c021000 rw-p 00000000 00:00 0 
7cb98c021000-7cb990000000 ---p 00000000 00:00 0 
7cb990000000-7cb990021000 rw-p 00000000 00:00 0 
7cb990021000-7cb994000000 ---p 00000000 00:00 0 
7cb9940f5000-7cb9940f6000 ---p 00000000 00:00 0 
7cb9940f6000-7cb9940fa000 ---p 00000000 00:00 0 
7cb9940fa000-7cb9941f6000 rw-p 00000000 00:00 0 
7cb9941f6000-7cb9941f7000 ---p 00000000 00:00 0 
7cb9941f7000-7cb9941fb000 ---p 00000000 00:00 0 
7cb9941fb000-7cb9942f7000 rw-p 00000000 00:00 0 
7cb9942f7000-7cb9942f8000 ---p 00000000 00:00 0 
7cb9942f8000-7cb9942fc000 ---p 00000000 00:00 0 
7cb9942fc000-7cb9943f8000 rw-p 00000000 00:00 0 
7cb9943f8000-7cb9943f9000 ---p 00000000 00:00 0 
7cb9943f9000-7cb9943fd000 ---p 00000000 00:00 0 
7cb9943fd000-7cb9944f9000 rw-p 00000000 00:00 0 
7cb9944f9000-7cb9944fa000 ---p 00000000 00:00 0 
7cb9944fa000-7cb9944fe000 ---p 00000000 00:00 0 
7cb9944fe000-7cb9945fa000 rw-p 00000000 00:00 0 
7cb9945fa000-7cb9945fb000 ---p 00000000 00:00 0 
7cb9945fb000-7cb9945ff000 ---p 00000000 00:00 0 
7cb9945ff000-7cb9946fb000 rw-p 00000000 00:00 0 
7cb9946fb000-7cb9946fc000 ---p 00000000 00:00 0 
7cb9946fc000-7cb994700000 ---p 00000000 00:00 0 
7cb994700000-7cb9947fc000 rw-p 00000000 00:00 0 
7cb9947fc000-7cb9947fd000 ---p 00000000 00:00 0 
7cb9947fd000-7cb994801000 ---p 00000000 00:00 0 
7cb994801000-7cb9948fd000 rw-p 00000000 00:00 0 
7cb9948fd000-7cb9948fe000 ---p 00000000 00:00 0 
7cb9948fe000-7cb9949fe000 rw-p 00000000 00:00 0 
7cb9949fe000-7cb9949ff000 ---p 00000000 00:00 0 
7cb9949ff000-7cb994aff000 rw-p 00000000 00:00 0 
7cb994aff000-7cb994b00000 ---p 00000000 00:00 0 
7cb994b00000-7cb994c00000 rw-p 00000000 00:00 0 
7cb994c00000-7cb996c00000 rw-p 00000000 00:00 0 
7cb996cbd000-7cb996cfa000 r-xp 00000000 00:2d 681571                     /usr/local/sdkman/candidates/java/25.0.1-ms/lib/libsimdsort.so
7cb996cfa000-7cb996cfb000 ---p 0003d000 00:2d 681571                     /usr/local/sdkman/candidates/java/25.0.1-ms/lib/libsimdsort.so
7cb996cfb000-7cb996cfc000 r--p 0003d000 00:2d 681571                     /usr/local/sdkman/candidates/java/25.0.1-ms/lib/libsimdsort.so
7cb996cfc000-7cb996cfd000 rw-p 0003e000 00:2d 681571                     /usr/local/sdkman/candidates/java/25.0.1-ms/lib/libsimdsort.so
7cb996cfd000-7cb996cfe000 ---p 00000000 00:00 0 
7cb996cfe000-7cb996dfe000 rw-p 00000000 00:00 0 
7cb996dfe000-7cb996dff000 ---p 00000000 00:00 0 
7cb996dff000-7cb996eff000 rw-p 00000000 00:00 0 
7cb996eff000-7cb996f00000 ---p 00000000 00:00 0 
7cb996f00000-7cb997000000 rw-p 00000000 00:00 0 
7cb997000000-7cb997024000 rw-p 00000000 00:00 0 
7cb997024000-7cb997ff8000 ---p 00000000 00:00 0 
7cb997ff8000-7cb997ffc000 rw-p 00000000 00:00 0 
7cb997ffc000-7cb998000000 ---p 00000000 00:00 0 
7cb998000000-7cb998005000 rw-p 00000000 00:00 0 
7cb998005000-7cb9981ff000 ---p 00000000 00:00 0 
7cb9981ff000-7cb998205000 rw-p 00000000 00:00 0 
7cb998205000-7cb9983ff000 ---p 00000000 00:00 0 
7cb9983ff000-7cb998400000 rw-p 00000000 00:00 0 
7cb998414000-7cb998415000 ---p 00000000 00:00 0 
7cb998415000-7cb998515000 rw-p 00000000 00:00 0 
7cb998515000-7cb99851a000 rw-p 00000000 00:00 0 
7cb99851a000-7cb998600000 ---p 00000000 00:00 0 
7cb998600000-7cb998870000 rwxp 00000000 00:00 0 
7cb998870000-7cb99fb38000 ---p 00000000 00:00 0 
7cb99fb38000-7cb99fda8000 rwxp 00000000 00:00 0 
7cb99fda8000-7cb9a00c6000 ---p 00000000 00:00 0 
7cb9a00c6000-7cb9a0336000 rwxp 00000000 00:00 0 
7cb9a0336000-7cb9a7600000 ---p 00000000 00:00 0 
7cb9a762b000-7cb9a7630000 rw-p 00000000 00:00 0 
7cb9a7630000-7cb9a7716000 ---p 00000000 00:00 0 
7cb9a7716000-7cb9b0209000 r--s 00000000 00:2d 681576                     /usr/local/sdkman/candidates/java/25.0.1-ms/lib/modules
7cb9b0209000-7cb9b17ac000 r-xp 00000000 00:2d 681589                     /usr/local/sdkman/candidates/java/25.0.1-ms/lib/server/libjvm.so
7cb9b17ac000-7cb9b17ad000 ---p 015a3000 00:2d 681589                     /usr/local/sdkman/candidates/java/25.0.1-ms/lib/server/libjvm.so
7cb9b17ad000-7cb9b1896000 r--p 015a3000 00:2d 681589                     /usr/local/sdkman/candidates/java/25.0.1-ms/lib/server/libjvm.so
7cb9b1896000-7cb9b18c1000 rw-p 0168c000 00:2d 681589                     /usr/local/sdkman/candidates/java/25.0.1-ms/lib/server/libjvm.so
7cb9b18c1000-7cb9b193d000 rw-p 00000000 00:00 0 
7cb9b193d000-7cb9b1b10000 r--p 00000000 00:2d 1078548                    /usr/local/python/3.12.1/lib/python3.12/site-packages/pymupdf/_mupdf.so
7cb9b1b10000-7cb9b1fbb000 r-xp 001d3000 00:2d 1078548                    /usr/local/python/3.12.1/lib/python3.12/site-packages/pymupdf/_mupdf.so
7cb9b1fbb000-7cb9b2495000 r--p 0067e000 00:2d 1078548                    /usr/local/python/3.12.1/lib/python3.12/site-packages/pymupdf/_mupdf.so
7cb9b2495000-7cb9b2499000 r--p 00b57000 00:2d 1078548                    /usr/local/python/3.12.1/lib/python3.12/site-packages/pymupdf/_mupdf.so
7cb9b2499000-7cb9b252d000 rw-p 00b5b000 00:2d 1078548                    /usr/local/python/3.12.1/lib/python3.12/site-packages/pymupdf/_mupdf.so
7cb9b252d000-7cb9b2b2f000 rw-p 00000000 00:00 0 
7cb9b2b50000-7cb9b2b5c000 r-xp 00000000 00:2d 681565                     /usr/local/sdkman/candidates/java/25.0.1-ms/lib/libnet.so
7cb9b2b5c000-7cb9b2b5d000 r--p 0000b000 00:2d 681565                     /usr/local/sdkman/candidates/java/25.0.1-ms/lib/libnet.so
7cb9b2b5d000-7cb9b2b5e000 rw-p 0000c000 00:2d 681565                     /usr/local/sdkman/candidates/java/25.0.1-ms/lib/libnet.so
7cb9b2b5e000-7cb9b2e81000 rw-p 00000000 00:00 0 
7cb9b2e81000-7cb9b2f79000 r--p 00000000 00:2d 1078549                    /usr/local/python/3.12.1/lib/python3.12/site-packages/pymupdf/libmupdfcpp.so.27.2
7cb9b2f79000-7cb9b3024000 r-xp 000f8000 00:2d 1078549                    /usr/local/python/3.12.1/lib/python3.12/site-packages/pymupdf/libmupdfcpp.so.27.2
7cb9b3024000-7cb9b307a000 r--p 001a3000 00:2d 1078549                    /usr/local/python/3.12.1/lib/python3.12/site-packages/pymupdf/libmupdfcpp.so.27.2
7cb9b307a000-7cb9b307c000 r--p 001f8000 00:2d 1078549                    /usr/local/python/3.12.1/lib/python3.12/site-packages/pymupdf/libmupdfcpp.so.27.2
7cb9b307c000-7cb9b3089000 rw-p 001fa000 00:2d 1078549                    /usr/local/python/3.12.1/lib/python3.12/site-packages/pymupdf/libmupdfcpp.so.27.2
7cb9b3089000-7cb9b31cc000 r--p 00000000 00:2d 1078550                    /usr/local/python/3.12.1/lib/python3.12/site-packages/pymupdf/libmupdf.so.27.2
7cb9b31cc000-7cb9b3b68000 r-xp 00143000 00:2d 1078550                    /usr/local/python/3.12.1/lib/python3.12/site-packages/pymupdf/libmupdf.so.27.2
7cb9b3b68000-7cb9b402f000 r--p 00adf000 00:2d 1078550                    /usr/local/python/3.12.1/lib/python3.12/site-packages/pymupdf/libmupdf.so.27.2
7cb9b402f000-7cb9b404e000 r--p 00fa6000 00:2d 1078550                    /usr/local/python/3.12.1/lib/python3.12/site-packages/pymupdf/libmupdf.so.27.2
7cb9b404e000-7cb9b51f0000 rw-p 00fc5000 00:2d 1078550                    /usr/local/python/3.12.1/lib/python3.12/site-packages/pymupdf/libmupdf.so.27.2
7cb9b51f0000-7cb9b53fd000 rw-p 00000000 00:00 0 
7cb9b5404000-7cb9b56da000 rw-p 00000000 00:00 0 
7cb9b56da000-7cb9b5728000 r--p 00000000 00:2d 1065088                    /usr/local/python/3.12.1/lib/python3.12/site-packages/lxml/etree.cpython-312-x86_64-linux-gnu.so
7cb9b5728000-7cb9b5a4d000 r-xp 0004e000 00:2d 1065088                    /usr/local/python/3.12.1/lib/python3.12/site-packages/lxml/etree.cpython-312-x86_64-linux-gnu.so
7cb9b5a4d000-7cb9b5bd4000 r--p 00373000 00:2d 1065088                    /usr/local/python/3.12.1/lib/python3.12/site-packages/lxml/etree.cpython-312-x86_64-linux-gnu.so
7cb9b5bd4000-7cb9b5be3000 r--p 004fa000 00:2d 1065088                    /usr/local/python/3.12.1/lib/python3.12/site-packages/lxml/etree.cpython-312-x86_64-linux-gnu.so
7cb9b5be3000-7cb9b5bff000 rw-p 00509000 00:2d 1065088                    /usr/local/python/3.12.1/lib/python3.12/site-packages/lxml/etree.cpython-312-x86_64-linux-gnu.so
7cb9b5bff000-7cb9b5e08000 rw-p 00000000 00:00 0 
7cb9b5e08000-7cb9b5e0b000 r--p 00000000 00:2d 830487                     /usr/local/python/3.12.1/lib/python3.12/lib-dynload/_multibytecodec.cpython-312-x86_64-linux-gnu.so
7cb9b5e0b000-7cb9b5e11000 r-xp 00003000 00:2d 830487                     /usr/local/python/3.12.1/lib/python3.12/lib-dynload/_multibytecodec.cpython-312-x86_64-linux-gnu.so
7cb9b5e11000-7cb9b5e13000 r--p 00009000 00:2d 830487                     /usr/local/python/3.12.1/lib/python3.12/lib-dynload/_multibytecodec.cpython-312-x86_64-linux-gnu.so
7cb9b5e13000-7cb9b5e14000 r--p 0000a000 00:2d 830487                     /usr/local/python/3.12.1/lib/python3.12/lib-dynload/_multibytecodec.cpython-312-x86_64-linux-gnu.so
7cb9b5e14000-7cb9b5e15000 rw-p 0000b000 00:2d 830487                     /usr/local/python/3.12.1/lib/python3.12/lib-dynload/_multibytecodec.cpython-312-x86_64-linux-gnu.so
7cb9b5e15000-7cb9b5e23000 r--p 00000000 00:2d 795733                     /home/codespace/.local/lib/python3.12/site-packages/charset_normalizer/md__mypyc.cpython-312-x86_64-linux-gnu.so
7cb9b5e23000-7cb9b5e43000 r-xp 0000e000 00:2d 795733                     /home/codespace/.local/lib/python3.12/site-packages/charset_normalizer/md__mypyc.cpython-312-x86_64-linux-gnu.so
7cb9b5e43000-7cb9b5e4d000 r--p 0002e000 00:2d 795733                     /home/codespace/.local/lib/python3.12/site-packages/charset_normalizer/md__mypyc.cpython-312-x86_64-linux-gnu.so
7cb9b5e4d000-7cb9b5e4e000 r--p 00037000 00:2d 795733                     /home/codespace/.local/lib/python3.12/site-packages/charset_normalizer/md__mypyc.cpython-312-x86_64-linux-gnu.so
7cb9b5e4e000-7cb9b5e52000 rw-p 00038000 00:2d 795733                     /home/codespace/.local/lib/python3.12/site-packages/charset_normalizer/md__mypyc.cpython-312-x86_64-linux-gnu.so
7cb9b5e52000-7cb9b5f53000 rw-p 00000000 00:00 0 
7cb9b5f53000-7cb9b5f59000 r--p 00000000 00:2d 830525                     /usr/local/python/3.12.1/lib/python3.12/lib-dynload/pyexpat.cpython-312-x86_64-linux-gnu.so
7cb9b5f59000-7cb9b5f7e000 r-xp 00006000 00:2d 830525                     /usr/local/python/3.12.1/lib/python3.12/lib-dynload/pyexpat.cpython-312-x86_64-linux-gnu.so
7cb9b5f7e000-7cb9b5f89000 r--p 0002b000 00:2d 830525                     /usr/local/python/3.12.1/lib/python3.12/lib-dynload/pyexpat.cpython-312-x86_64-linux-gnu.so
7cb9b5f89000-7cb9b5f8c000 r--p 00035000 00:2d 830525                     /usr/local/python/3.12.1/lib/python3.12/lib-dynload/pyexpat.cpython-312-x86_64-linux-gnu.so
7cb9b5f8c000-7cb9b5f8e000 rw-p 00038000 00:2d 830525                     /usr/local/python/3.12.1/lib/python3.12/lib-dynload/pyexpat.cpython-312-x86_64-linux-gnu.so
7cb9b5f8e000-7cb9b5f92000 r--p 00000000 00:2d 830479                     /usr/local/python/3.12.1/lib/python3.12/lib-dynload/_elementtree.cpython-312-x86_64-linux-gnu.so
7cb9b5f92000-7cb9b5f9e000 r-xp 00004000 00:2d 830479                     /usr/local/python/3.12.1/lib/python3.12/lib-dynload/_elementtree.cpython-312-x86_64-linux-gnu.so
7cb9b5f9e000-7cb9b5fa1000 r--p 00010000 00:2d 830479                     /usr/local/python/3.12.1/lib/python3.12/lib-dynload/_elementtree.cpython-312-x86_64-linux-gnu.so
7cb9b5fa1000-7cb9b5fa2000 r--p 00012000 00:2d 830479                     /usr/local/python/3.12.1/lib/python3.12/lib-dynload/_elementtree.cpython-312-x86_64-linux-gnu.so
7cb9b5fa2000-7cb9b5fa4000 rw-p 00013000 00:2d 830479                     /usr/local/python/3.12.1/lib/python3.12/lib-dynload/_elementtree.cpython-312-x86_64-linux-gnu.so
7cb9b5fa4000-7cb9b63a4000 rw-p 00000000 00:00 0 
7cb9b63a4000-7cb9b63a6000 r--p 00000000 00:2d 394126                     /usr/lib/x86_64-linux-gnu/libffi.so.8.1.4
7cb9b63a6000-7cb9b63ad000 r-xp 00002000 00:2d 394126                     /usr/lib/x86_64-linux-gnu/libffi.so.8.1.4
7cb9b63ad000-7cb9b63ae000 r--p 00009000 00:2d 394126                     /usr/lib/x86_64-linux-gnu/libffi.so.8.1.4
7cb9b63ae000-7cb9b63af000 r--p 0000a000 00:2d 394126                     /usr/lib/x86_64-linux-gnu/libffi.so.8.1.4
7cb9b63af000-7cb9b63b0000 rw-p 0000b000 00:2d 394126                     /usr/lib/x86_64-linux-gnu/libffi.so.8.1.4
7cb9b63b0000-7cb9b63b6000 r--p 00000000 00:2d 830473                     /usr/local/python/3.12.1/lib/python3.12/lib-dynload/_ctypes.cpython-312-x86_64-linux-gnu.so
7cb9b63b6000-7cb9b63c8000 r-xp 00006000 00:2d 830473                     /usr/local/python/3.12.1/lib/python3.12/lib-dynload/_ctypes.cpython-312-x86_64-linux-gnu.so
7cb9b63c8000-7cb9b63ce000 r--p 00018000 00:2d 830473                     /usr/local/python/3.12.1/lib/python3.12/lib-dynload/_ctypes.cpython-312-x86_64-linux-gnu.so
7cb9b63ce000-7cb9b63cf000 r--p 0001d000 00:2d 830473                     /usr/local/python/3.12.1/lib/python3.12/lib-dynload/_ctypes.cpython-312-x86_64-linux-gnu.so
7cb9b63cf000-7cb9b63d3000 rw-p 0001e000 00:2d 830473                     /usr/local/python/3.12.1/lib/python3.12/lib-dynload/_ctypes.cpython-312-x86_64-linux-gnu.so
7cb9b63d3000-7cb9b64d3000 rw-p 00000000 00:00 0 
7cb9b64d3000-7cb9b650e000 r--p 00000000 00:2d 1065257                    /usr/local/python/3.12.1/lib/python3.12/site-packages/_jpype.cpython-312-x86_64-linux-gnu.so
7cb9b650e000-7cb9b6562000 r-xp 0003b000 00:2d 1065257                    /usr/local/python/3.12.1/lib/python3.12/site-packages/_jpype.cpython-312-x86_64-linux-gnu.so
7cb9b6562000-7cb9b658a000 r--p 0008f000 00:2d 1065257                    /usr/local/python/3.12.1/lib/python3.12/site-packages/_jpype.cpython-312-x86_64-linux-gnu.so
7cb9b658a000-7cb9b658b000 ---p 000b7000 00:2d 1065257                    /usr/local/python/3.12.1/lib/python3.12/site-packages/_jpype.cpython-312-x86_64-linux-gnu.so
7cb9b658b000-7cb9b658f000 r--p 000b7000 00:2d 1065257                    /usr/local/python/3.12.1/lib/python3.12/site-packages/_jpype.cpython-312-x86_64-linux-gnu.so
7cb9b658f000-7cb9b6593000 rw-p 000bb000 00:2d 1065257                    /usr/local/python/3.12.1/lib/python3.12/site-packages/_jpype.cpython-312-x86_64-linux-gnu.so
7cb9b6593000-7cb9b6693000 rw-p 00000000 00:00 0 
7cb9b6693000-7cb9b6698000 r--p 00000000 00:2d 1062218                    /usr/local/python/3.12.1/lib/python3.12/site-packages/frozenlist/_frozenlist.cpython-312-x86_64-linux-gnu.so
7cb9b6698000-7cb9b66a5000 r-xp 00005000 00:2d 1062218                    /usr/local/python/3.12.1/lib/python3.12/site-packages/frozenlist/_frozenlist.cpython-312-x86_64-linux-gnu.so
7cb9b66a5000-7cb9b66a9000 r--p 00012000 00:2d 1062218                    /usr/local/python/3.12.1/lib/python3.12/site-packages/frozenlist/_frozenlist.cpython-312-x86_64-linux-gnu.so
7cb9b66a9000-7cb9b66aa000 r--p 00015000 00:2d 1062218                    /usr/local/python/3.12.1/lib/python3.12/site-packages/frozenlist/_frozenlist.cpython-312-x86_64-linux-gnu.so
7cb9b66aa000-7cb9b66ac000 rw-p 00016000 00:2d 1062218                    /usr/local/python/3.12.1/lib/python3.12/site-packages/frozenlist/_frozenlist.cpython-312-x86_64-linux-gnu.so
7cb9b66ac000-7cb9b67ac000 rw-p 00000000 00:00 0 
7cb9b67ac000-7cb9b67b2000 r--p 00000000 00:2d 1062364                    /usr/local/python/3.12.1/lib/python3.12/site-packages/aiohttp/_websocket/reader_c.cpython-312-x86_64-linux-gnu.so
7cb9b67b2000-7cb9b67d5000 r-xp 00006000 00:2d 1062364                    /usr/local/python/3.12.1/lib/python3.12/site-packages/aiohttp/_websocket/reader_c.cpython-312-x86_64-linux-gnu.so
7cb9b67d5000-7cb9b67dc000 r--p 00029000 00:2d 1062364                    /usr/local/python/3.12.1/lib/python3.12/site-packages/aiohttp/_websocket/reader_c.cpython-312-x86_64-linux-gnu.so
7cb9b67dc000-7cb9b67de000 r--p 0002f000 00:2d 1062364                    /usr/local/python/3.12.1/lib/python3.12/site-packages/aiohttp/_websocket/reader_c.cpython-312-x86_64-linux-gnu.so
7cb9b67de000-7cb9b67e0000 rw-p 00031000 00:2d 1062364                    /usr/local/python/3.12.1/lib/python3.12/site-packages/aiohttp/_websocket/reader_c.cpython-312-x86_64-linux-gnu.so
7cb9b67e0000-7cb9b67e1000 rw-p 00000000 00:00 0 
7cb9b67e1000-7cb9b67e4000 r--p 00000000 00:2d 1062359                    /usr/local/python/3.12.1/lib/python3.12/site-packages/aiohttp/_websocket/mask.cpython-312-x86_64-linux-gnu.so
7cb9b67e4000-7cb9b67e9000 r-xp 00003000 00:2d 1062359                    /usr/local/python/3.12.1/lib/python3.12/site-packages/aiohttp/_websocket/mask.cpython-312-x86_64-linux-gnu.so
7cb9b67e9000-7cb9b67eb000 r--p 00008000 00:2d 1062359                    /usr/local/python/3.12.1/lib/python3.12/site-packages/aiohttp/_websocket/mask.cpython-312-x86_64-linux-gnu.so
7cb9b67eb000-7cb9b67ec000 r--p 00009000 00:2d 1062359                    /usr/local/python/3.12.1/lib/python3.12/site-packages/aiohttp/_websocket/mask.cpython-312-x86_64-linux-gnu.so
7cb9b67ec000-7cb9b67ed000 rw-p 0000a000 00:2d 1062359                    /usr/local/python/3.12.1/lib/python3.12/site-packages/aiohttp/_websocket/mask.cpython-312-x86_64-linux-gnu.so
7cb9b67ed000-7cb9b67f7000 r--p 00000000 00:2d 1062299                    /usr/local/python/3.12.1/lib/python3.12/site-packages/aiohttp/_http_parser.cpython-312-x86_64-linux-gnu.so
7cb9b67f7000-7cb9b684d000 r-xp 0000a000 00:2d 1062299                    /usr/local/python/3.12.1/lib/python3.12/site-packages/aiohttp/_http_parser.cpython-312-x86_64-linux-gnu.so
7cb9b684d000-7cb9b6859000 r--p 00060000 00:2d 1062299                    /usr/local/python/3.12.1/lib/python3.12/site-packages/aiohttp/_http_parser.cpython-312-x86_64-linux-gnu.so
7cb9b6859000-7cb9b685b000 r--p 0006c000 00:2d 1062299                    /usr/local/python/3.12.1/lib/python3.12/site-packages/aiohttp/_http_parser.cpython-312-x86_64-linux-gnu.so
7cb9b685b000-7cb9b685e000 rw-p 0006e000 00:2d 1062299                    /usr/local/python/3.12.1/lib/python3.12/site-packages/aiohttp/_http_parser.cpython-312-x86_64-linux-gnu.so
7cb9b685e000-7cb9b6860000 rw-p 00000000 00:00 0 
7cb9b6860000-7cb9b6863000 r--p 00000000 00:2d 1062301                    /usr/local/python/3.12.1/lib/python3.12/site-packages/aiohttp/_http_writer.cpython-312-x86_64-linux-gnu.so
7cb9b6863000-7cb9b686b000 r-xp 00003000 00:2d 1062301                    /usr/local/python/3.12.1/lib/python3.12/site-packages/aiohttp/_http_writer.cpython-312-x86_64-linux-gnu.so
7cb9b686b000-7cb9b686d000 r--p 0000b000 00:2d 1062301                    /usr/local/python/3.12.1/lib/python3.12/site-packages/aiohttp/_http_writer.cpython-312-x86_64-linux-gnu.so
7cb9b686d000-7cb9b686e000 r--p 0000c000 00:2d 1062301                    /usr/local/python/3.12.1/lib/python3.12/site-packages/aiohttp/_http_writer.cpython-312-x86_64-linux-gnu.so
7cb9b686e000-7cb9b686f000 rw-p 0000d000 00:2d 1062301                    /usr/local/python/3.12.1/lib/python3.12/site-packages/aiohttp/_http_writer.cpython-312-x86_64-linux-gnu.so
7cb9b686f000-7cb9b696f000 rw-p 00000000 00:00 0 
7cb9b696f000-7cb9b6973000 r--p 00000000 00:2d 1062176                    /usr/local/python/3.12.1/lib/python3.12/site-packages/propcache/_helpers_c.cpython-312-x86_64-linux-gnu.so
7cb9b6973000-7cb9b697f000 r-xp 00004000 00:2d 1062176                    /usr/local/python/3.12.1/lib/python3.12/site-packages/propcache/_helpers_c.cpython-312-x86_64-linux-gnu.so
7cb9b697f000-7cb9b6983000 r--p 00010000 00:2d 1062176                    /usr/local/python/3.12.1/lib/python3.12/site-packages/propcache/_helpers_c.cpython-312-x86_64-linux-gnu.so
7cb9b6983000-7cb9b6984000 r--p 00013000 00:2d 1062176                    /usr/local/python/3.12.1/lib/python3.12/site-packages/propcache/_helpers_c.cpython-312-x86_64-linux-gnu.so
7cb9b6984000-7cb9b6985000 rw-p 00014000 00:2d 1062176                    /usr/local/python/3.12.1/lib/python3.12/site-packages/propcache/_helpers_c.cpython-312-x86_64-linux-gnu.so
7cb9b6985000-7cb9b6a86000 rw-p 00000000 00:00 0 
7cb9b6a86000-7cb9b6a89000 r--p 00000000 00:2d 830532                     /usr/local/python/3.12.1/lib/python3.12/lib-dynload/unicodedata.cpython-312-x86_64-linux-gnu.so
7cb9b6a89000-7cb9b6a8e000 r-xp 00003000 00:2d 830532                     /usr/local/python/3.12.1/lib/python3.12/lib-dynload/unicodedata.cpython-312-x86_64-linux-gnu.so
7cb9b6a8e000-7cb9b6b9a000 r--p 00008000 00:2d 830532                     /usr/local/python/3.12.1/lib/python3.12/lib-dynload/unicodedata.cpython-312-x86_64-linux-gnu.so
7cb9b6b9a000-7cb9b6b9b000 r--p 00113000 00:2d 830532                     /usr/local/python/3.12.1/lib/python3.12/lib-dynload/unicodedata.cpython-312-x86_64-linux-gnu.so
7cb9b6b9b000-7cb9b6b9c000 rw-p 00114000 00:2d 830532                     /usr/local/python/3.12.1/lib/python3.12/lib-dynload/unicodedata.cpython-312-x86_64-linux-gnu.so
7cb9b6b9c000-7cb9b6c9c000 rw-p 00000000 00:00 0 
7cb9b6c9c000-7cb9b6cbc000 r--p 00000000 00:2d 412047                     /usr/lib/x86_64-linux-gnu/libsqlite3.so.0.8.6
7cb9b6cbc000-7cb9b6dc7000 r-xp 00020000 00:2d 412047                     /usr/lib/x86_64-linux-gnu/libsqlite3.so.0.8.6
7cb9b6dc7000-7cb9b6dfb000 r--p 0012b000 00:2d 412047                     /usr/lib/x86_64-linux-gnu/libsqlite3.so.0.8.6
7cb9b6dfb000-7cb9b6dff000 r--p 0015e000 00:2d 412047                     /usr/lib/x86_64-linux-gnu/libsqlite3.so.0.8.6
7cb9b6dff000-7cb9b6e03000 rw-p 00162000 00:2d 412047                     /usr/lib/x86_64-linux-gnu/libsqlite3.so.0.8.6
7cb9b6e03000-7cb9b7604000 rw-p 00000000 00:00 0 
7cb9b7604000-7cb9b760b000 r-xp 00000000 00:2d 681575                     /usr/local/sdkman/candidates/java/25.0.1-ms/lib/libzip.so
7cb9b760b000-7cb9b760c000 ---p 00007000 00:2d 681575                     /usr/local/sdkman/candidates/java/25.0.1-ms/lib/libzip.so
7cb9b760c000-7cb9b760d000 r--p 00007000 00:2d 681575                     /usr/local/sdkman/candidates/java/25.0.1-ms/lib/libzip.so
7cb9b760d000-7cb9b760e000 rw-p 00008000 00:2d 681575                     /usr/local/sdkman/candidates/java/25.0.1-ms/lib/libzip.so
7cb9b760e000-7cb9b7622000 r-xp 00000000 00:2d 681566                     /usr/local/sdkman/candidates/java/25.0.1-ms/lib/libnio.so
7cb9b7622000-7cb9b7623000 r--p 00013000 00:2d 681566                     /usr/local/sdkman/candidates/java/25.0.1-ms/lib/libnio.so
7cb9b7623000-7cb9b7624000 rw-p 00014000 00:2d 681566                     /usr/local/sdkman/candidates/java/25.0.1-ms/lib/libnio.so
7cb9b7624000-7cb9b7629000 rw-p 00000000 00:00 0 
7cb9b7629000-7cb9b7630000 ---p 00000000 00:00 0 
7cb9b7630000-7cb9b7650000 r-xp 00000000 00:2d 681551                     /usr/local/sdkman/candidates/java/25.0.1-ms/lib/libjava.so
7cb9b7650000-7cb9b7651000 r--p 0001f000 00:2d 681551                     /usr/local/sdkman/candidates/java/25.0.1-ms/lib/libjava.so
7cb9b7651000-7cb9b7652000 rw-p 00020000 00:2d 681551                     /usr/local/sdkman/candidates/java/25.0.1-ms/lib/libjava.so
7cb9b7652000-7cb9b7653000 rw-p 00000000 00:00 0 
7cb9b7653000-7cb9b765b000 rw-s 00000000 08:11 655371                     /tmp/hsperfdata_codespace/26808
7cb9b765b000-7cb9b7676000 r-xp 00000000 00:2d 681555                     /usr/local/sdkman/candidates/java/25.0.1-ms/lib/libjimage.so
7cb9b7676000-7cb9b7677000 ---p 0001b000 00:2d 681555                     /usr/local/sdkman/candidates/java/25.0.1-ms/lib/libjimage.so
7cb9b7677000-7cb9b7679000 r--p 0001b000 00:2d 681555                     /usr/local/sdkman/candidates/java/25.0.1-ms/lib/libjimage.so
7cb9b7679000-7cb9b767a000 rw-p 0001d000 00:2d 681555                     /usr/local/sdkman/candidates/java/25.0.1-ms/lib/libjimage.so
7cb9b767a000-7cb9b767b000 r--p 00000000 00:2d 394211                     /usr/lib/x86_64-linux-gnu/libutil.so.1
7cb9b767b000-7cb9b767c000 r-xp 00001000 00:2d 394211                     /usr/lib/x86_64-linux-gnu/libutil.so.1
7cb9b767c000-7cb9b767d000 r--p 00002000 00:2d 394211                     /usr/lib/x86_64-linux-gnu/libutil.so.1
7cb9b767d000-7cb9b767e000 r--p 00002000 00:2d 394211                     /usr/lib/x86_64-linux-gnu/libutil.so.1
7cb9b767e000-7cb9b767f000 rw-p 00003000 00:2d 394211                     /usr/lib/x86_64-linux-gnu/libutil.so.1
7cb9b7684000-7cb9b7685000 r--p 00000000 00:00 0 
7cb9b7685000-7cb9b7686000 r--p 00000000 00:2d 393777                     /usr/lib/locale/C.utf8/LC_NUMERIC
7cb9b7686000-7cb9b7691000 r--p 00000000 00:2d 1078542                    /usr/local/python/3.12.1/lib/python3.12/site-packages/pymupdf/_extra.so
7cb9b7691000-7cb9b76aa000 r-xp 0000b000 00:2d 1078542                    /usr/local/python/3.12.1/lib/python3.12/site-packages/pymupdf/_extra.so
7cb9b76aa000-7cb9b76b5000 r--p 00024000 00:2d 1078542                    /usr/local/python/3.12.1/lib/python3.12/site-packages/pymupdf/_extra.so
7cb9b76b5000-7cb9b76b6000 r--p 0002e000 00:2d 1078542                    /usr/local/python/3.12.1/lib/python3.12/site-packages/pymupdf/_extra.so
7cb9b76b6000-7cb9b76b9000 rw-p 0002f000 00:2d 1078542                    /usr/local/python/3.12.1/lib/python3.12/site-packages/pymupdf/_extra.so
7cb9b76b9000-7cb9b76bf000 r--p 00000000 00:2d 1065076                    /usr/local/python/3.12.1/lib/python3.12/site-packages/lxml/_elementpath.cpython-312-x86_64-linux-gnu.so
7cb9b76bf000-7cb9b76e3000 r-xp 00006000 00:2d 1065076                    /usr/local/python/3.12.1/lib/python3.12/site-packages/lxml/_elementpath.cpython-312-x86_64-linux-gnu.so
7cb9b76e3000-7cb9b76ea000 r--p 0002a000 00:2d 1065076                    /usr/local/python/3.12.1/lib/python3.12/site-packages/lxml/_elementpath.cpython-312-x86_64-linux-gnu.so
7cb9b76ea000-7cb9b76eb000 r--p 00031000 00:2d 1065076                    /usr/local/python/3.12.1/lib/python3.12/site-packages/lxml/_elementpath.cpython-312-x86_64-linux-gnu.so
7cb9b76eb000-7cb9b76ee000 rw-p 00032000 00:2d 1065076                    /usr/local/python/3.12.1/lib/python3.12/site-packages/lxml/_elementpath.cpython-312-x86_64-linux-gnu.so
7cb9b76ee000-7cb9b77ef000 rw-p 00000000 00:00 0 
7cb9b77ef000-7cb9b788c000 r--p 00000000 00:2d 394197                     /usr/lib/x86_64-linux-gnu/libstdc++.so.6.0.33
7cb9b788c000-7cb9b79d4000 r-xp 0009d000 00:2d 394197                     /usr/lib/x86_64-linux-gnu/libstdc++.so.6.0.33
7cb9b79d4000-7cb9b7a5b000 r--p 001e5000 00:2d 394197                     /usr/lib/x86_64-linux-gnu/libstdc++.so.6.0.33
7cb9b7a5b000-7cb9b7a66000 r--p 0026b000 00:2d 394197                     /usr/lib/x86_64-linux-gnu/libstdc++.so.6.0.33
7cb9b7a66000-7cb9b7a69000 rw-p 00276000 00:2d 394197                     /usr/lib/x86_64-linux-gnu/libstdc++.so.6.0.33
7cb9b7a69000-7cb9b7a6d000 rw-p 00000000 00:00 0 
7cb9b7a6d000-7cb9b7a76000 r--p 00000000 00:2d 1062870                    /usr/local/python/3.12.1/lib/python3.12/site-packages/greenlet/_greenlet.cpython-312-x86_64-linux-gnu.so
7cb9b7a76000-7cb9b7a86000 r-xp 00009000 00:2d 1062870                    /usr/local/python/3.12.1/lib/python3.12/site-packages/greenlet/_greenlet.cpython-312-x86_64-linux-gnu.so
7cb9b7a86000-7cb9b7a8c000 r--p 00019000 00:2d 1062870                    /usr/local/python/3.12.1/lib/python3.12/site-packages/greenlet/_greenlet.cpython-312-x86_64-linux-gnu.so
7cb9b7a8c000-7cb9b7a8d000 r--p 0001f000 00:2d 1062870                    /usr/local/python/3.12.1/lib/python3.12/site-packages/greenlet/_greenlet.cpython-312-x86_64-linux-gnu.so
7cb9b7a8d000-7cb9b7a8e000 rw-p 00020000 00:2d 1062870                    /usr/local/python/3.12.1/lib/python3.12/site-packages/greenlet/_greenlet.cpython-312-x86_64-linux-gnu.so
7cb9b7a8e000-7cb9b7a92000 r--p 00000000 00:2d 1065900                    /usr/local/python/3.12.1/lib/python3.12/site-packages/sqlalchemy/cyextension/util.cpython-312-x86_64-linux-gnu.so
7cb9b7a92000-7cb9b7aa2000 r-xp 00004000 00:2d 1065900                    /usr/local/python/3.12.1/lib/python3.12/site-packages/sqlalchemy/cyextension/util.cpython-312-x86_64-linux-gnu.so
7cb9b7aa2000-7cb9b7aa5000 r--p 00014000 00:2d 1065900                    /usr/local/python/3.12.1/lib/python3.12/site-packages/sqlalchemy/cyextension/util.cpython-312-x86_64-linux-gnu.so
7cb9b7aa5000-7cb9b7aa6000 r--p 00017000 00:2d 1065900                    /usr/local/python/3.12.1/lib/python3.12/site-packages/sqlalchemy/cyextension/util.cpython-312-x86_64-linux-gnu.so
7cb9b7aa6000-7cb9b7aa7000 rw-p 00018000 00:2d 1065900                    /usr/local/python/3.12.1/lib/python3.12/site-packages/sqlalchemy/cyextension/util.cpython-312-x86_64-linux-gnu.so
7cb9b7aa7000-7cb9b7aa8000 rw-p 00000000 00:00 0 
7cb9b7aa8000-7cb9b7aac000 r--p 00000000 00:2d 1065898                    /usr/local/python/3.12.1/lib/python3.12/site-packages/sqlalchemy/cyextension/resultproxy.cpython-312-x86_64-linux-gnu.so
7cb9b7aac000-7cb9b7ab7000 r-xp 00004000 00:2d 1065898                    /usr/local/python/3.12.1/lib/python3.12/site-packages/sqlalchemy/cyextension/resultproxy.cpython-312-x86_64-linux-gnu.so
7cb9b7ab7000-7cb9b7aba000 r--p 0000f000 00:2d 1065898                    /usr/local/python/3.12.1/lib/python3.12/site-packages/sqlalchemy/cyextension/resultproxy.cpython-312-x86_64-linux-gnu.so
7cb9b7aba000-7cb9b7abb000 r--p 00011000 00:2d 1065898                    /usr/local/python/3.12.1/lib/python3.12/site-packages/sqlalchemy/cyextension/resultproxy.cpython-312-x86_64-linux-gnu.so
7cb9b7abb000-7cb9b7abc000 rw-p 00012000 00:2d 1065898                    /usr/local/python/3.12.1/lib/python3.12/site-packages/sqlalchemy/cyextension/resultproxy.cpython-312-x86_64-linux-gnu.so
7cb9b7abc000-7cb9b7abd000 rw-p 00000000 00:00 0 
7cb9b7abd000-7cb9b7ac1000 r--p 00000000 00:2d 1065896                    /usr/local/python/3.12.1/lib/python3.12/site-packages/sqlalchemy/cyextension/processors.cpython-312-x86_64-linux-gnu.so
7cb9b7ac1000-7cb9b7acc000 r-xp 00004000 00:2d 1065896                    /usr/local/python/3.12.1/lib/python3.12/site-packages/sqlalchemy/cyextension/processors.cpython-312-x86_64-linux-gnu.so
7cb9b7acc000-7cb9b7acf000 r--p 0000f000 00:2d 1065896                    /usr/local/python/3.12.1/lib/python3.12/site-packages/sqlalchemy/cyextension/processors.cpython-312-x86_64-linux-gnu.so
7cb9b7acf000-7cb9b7ad0000 r--p 00011000 00:2d 1065896                    /usr/local/python/3.12.1/lib/python3.12/site-packages/sqlalchemy/cyextension/processors.cpython-312-x86_64-linux-gnu.so
7cb9b7ad0000-7cb9b7ad1000 rw-p 00012000 00:2d 1065896                    /usr/local/python/3.12.1/lib/python3.12/site-packages/sqlalchemy/cyextension/processors.cpython-312-x86_64-linux-gnu.so
7cb9b7ad1000-7cb9b7ad2000 rw-p 00000000 00:00 0 
7cb9b7ad2000-7cb9b7ad6000 r--p 00000000 00:2d 1065893                    /usr/local/python/3.12.1/lib/python3.12/site-packages/sqlalchemy/cyextension/immutabledict.cpython-312-x86_64-linux-gnu.so
7cb9b7ad6000-7cb9b7ae5000 r-xp 00004000 00:2d 1065893                    /usr/local/python/3.12.1/lib/python3.12/site-packages/sqlalchemy/cyextension/immutabledict.cpython-312-x86_64-linux-gnu.so
7cb9b7ae5000-7cb9b7ae8000 r--p 00013000 00:2d 1065893                    /usr/local/python/3.12.1/lib/python3.12/site-packages/sqlalchemy/cyextension/immutabledict.cpython-312-x86_64-linux-gnu.so
7cb9b7ae8000-7cb9b7ae9000 r--p 00015000 00:2d 1065893                    /usr/local/python/3.12.1/lib/python3.12/site-packages/sqlalchemy/cyextension/immutabledict.cpython-312-x86_64-linux-gnu.so
7cb9b7ae9000-7cb9b7aeb000 rw-p 00016000 00:2d 1065893                    /usr/local/python/3.12.1/lib/python3.12/site-packages/sqlalchemy/cyextension/immutabledict.cpython-312-x86_64-linux-gnu.so
7cb9b7aeb000-7cb9b7beb000 rw-p 00000000 00:00 0 
7cb9b7beb000-7cb9b7bf1000 r--p 00000000 00:2d 1065891                    /usr/local/python/3.12.1/lib/python3.12/site-packages/sqlalchemy/cyextension/collections.cpython-312-x86_64-linux-gnu.so
7cb9b7bf1000-7cb9b7c17000 r-xp 00006000 00:2d 1065891                    /usr/local/python/3.12.1/lib/python3.12/site-packages/sqlalchemy/cyextension/collections.cpython-312-x86_64-linux-gnu.so
7cb9b7c17000-7cb9b7c1f000 r--p 0002c000 00:2d 1065891                    /usr/local/python/3.12.1/lib/python3.12/site-packages/sqlalchemy/cyextension/collections.cpython-312-x86_64-linux-gnu.so
7cb9b7c1f000-7cb9b7c20000 r--p 00033000 00:2d 1065891                    /usr/local/python/3.12.1/lib/python3.12/site-packages/sqlalchemy/cyextension/collections.cpython-312-x86_64-linux-gnu.so
7cb9b7c20000-7cb9b7c23000 rw-p 00034000 00:2d 1065891                    /usr/local/python/3.12.1/lib/python3.12/site-packages/sqlalchemy/cyextension/collections.cpython-312-x86_64-linux-gnu.so
7cb9b7c23000-7cb9b7d23000 rw-p 00000000 00:00 0 
7cb9b7d23000-7cb9b7d25000 r--p 00000000 00:2d 830462                     /usr/local/python/3.12.1/lib/python3.12/lib-dynload/_blake2.cpython-312-x86_64-linux-gnu.so
7cb9b7d25000-7cb9b7d2c000 r-xp 00002000 00:2d 830462                     /usr/local/python/3.12.1/lib/python3.12/lib-dynload/_blake2.cpython-312-x86_64-linux-gnu.so
7cb9b7d2c000-7cb9b7d2e000 r--p 00009000 00:2d 830462                     /usr/local/python/3.12.1/lib/python3.12/lib-dynload/_blake2.cpython-312-x86_64-linux-gnu.so
7cb9b7d2e000-7cb9b7d2f000 r--p 0000a000 00:2d 830462                     /usr/local/python/3.12.1/lib/python3.12/lib-dynload/_blake2.cpython-312-x86_64-linux-gnu.so
7cb9b7d2f000-7cb9b7d30000 rw-p 0000b000 00:2d 830462                     /usr/local/python/3.12.1/lib/python3.12/lib-dynload/_blake2.cpython-312-x86_64-linux-gnu.so
7cb9b7d30000-7cb9b7d34000 r--p 00000000 00:2d 830481                     /usr/local/python/3.12.1/lib/python3.12/lib-dynload/_hashlib.cpython-312-x86_64-linux-gnu.so
7cb9b7d34000-7cb9b7d3a000 r-xp 00004000 00:2d 830481                     /usr/local/python/3.12.1/lib/python3.12/lib-dynload/_hashlib.cpython-312-x86_64-linux-gnu.so
7cb9b7d3a000-7cb9b7d3e000 r--p 0000a000 00:2d 830481                     /usr/local/python/3.12.1/lib/python3.12/lib-dynload/_hashlib.cpython-312-x86_64-linux-gnu.so
7cb9b7d3e000-7cb9b7d3f000 r--p 0000d000 00:2d 830481                     /usr/local/python/3.12.1/lib/python3.12/lib-dynload/_hashlib.cpython-312-x86_64-linux-gnu.so
7cb9b7d3f000-7cb9b7d41000 rw-p 0000e000 00:2d 830481                     /usr/local/python/3.12.1/lib/python3.12/lib-dynload/_hashlib.cpython-312-x86_64-linux-gnu.so
7cb9b7d41000-7cb9b7f41000 rw-p 00000000 00:00 0 
7cb9b7f41000-7cb9b7f43000 r--p 00000000 00:2d 830472                     /usr/local/python/3.12.1/lib/python3.12/lib-dynload/_csv.cpython-312-x86_64-linux-gnu.so
7cb9b7f43000-7cb9b7f47000 r-xp 00002000 00:2d 830472                     /usr/local/python/3.12.1/lib/python3.12/lib-dynload/_csv.cpython-312-x86_64-linux-gnu.so
7cb9b7f47000-7cb9b7f4a000 r--p 00006000 00:2d 830472                     /usr/local/python/3.12.1/lib/python3.12/lib-dynload/_csv.cpython-312-x86_64-linux-gnu.so
7cb9b7f4a000-7cb9b7f4b000 r--p 00008000 00:2d 830472                     /usr/local/python/3.12.1/lib/python3.12/lib-dynload/_csv.cpython-312-x86_64-linux-gnu.so
7cb9b7f4b000-7cb9b7f4c000 rw-p 00009000 00:2d 830472                     /usr/local/python/3.12.1/lib/python3.12/lib-dynload/_csv.cpython-312-x86_64-linux-gnu.so
7cb9b7f4c000-7cb9b804c000 rw-p 00000000 00:00 0 
7cb9b804c000-7cb9b804e000 r--p 00000000 00:2d 830515                     /usr/local/python/3.12.1/lib/python3.12/lib-dynload/_zoneinfo.cpython-312-x86_64-linux-gnu.so
7cb9b804e000-7cb9b8053000 r-xp 00002000 00:2d 830515                     /usr/local/python/3.12.1/lib/python3.12/lib-dynload/_zoneinfo.cpython-312-x86_64-linux-gnu.so
7cb9b8053000-7cb9b8055000 r--p 00007000 00:2d 830515                     /usr/local/python/3.12.1/lib/python3.12/lib-dynload/_zoneinfo.cpython-312-x86_64-linux-gnu.so
7cb9b8055000-7cb9b8056000 r--p 00008000 00:2d 830515                     /usr/local/python/3.12.1/lib/python3.12/lib-dynload/_zoneinfo.cpython-312-x86_64-linux-gnu.so
7cb9b8056000-7cb9b8057000 rw-p 00009000 00:2d 830515                     /usr/local/python/3.12.1/lib/python3.12/lib-dynload/_zoneinfo.cpython-312-x86_64-linux-gnu.so
7cb9b8057000-7cb9b8059000 r--p 00000000 00:2d 394213                     /usr/lib/x86_64-linux-gnu/libuuid.so.1.3.0
7cb9b8059000-7cb9b805e000 r-xp 00002000 00:2d 394213                     /usr/lib/x86_64-linux-gnu/libuuid.so.1.3.0
7cb9b805e000-7cb9b805f000 r--p 00007000 00:2d 394213                     /usr/lib/x86_64-linux-gnu/libuuid.so.1.3.0
7cb9b805f000-7cb9b8060000 r--p 00007000 00:2d 394213                     /usr/lib/x86_64-linux-gnu/libuuid.so.1.3.0
7cb9b8060000-7cb9b8061000 rw-p 00008000 00:2d 394213                     /usr/lib/x86_64-linux-gnu/libuuid.so.1.3.0
7cb9b8061000-7cb9b8062000 r--p 00000000 00:2d 393780                     /usr/lib/locale/C.utf8/LC_TIME
7cb9b8062000-7cb9b8063000 r--p 00000000 00:2d 393769                     /usr/lib/locale/C.utf8/LC_COLLATE
7cb9b8063000-7cb9b8064000 r--p 00000000 00:2d 795731                     /home/codespace/.local/lib/python3.12/site-packages/charset_normalizer/md.cpython-312-x86_64-linux-gnu.so
7cb9b8064000-7cb9b8065000 r-xp 00001000 00:2d 795731                     /home/codespace/.local/lib/python3.12/site-packages/charset_normalizer/md.cpython-312-x86_64-linux-gnu.so
7cb9b8065000-7cb9b8066000 r--p 00002000 00:2d 795731                     /home/codespace/.local/lib/python3.12/site-packages/charset_normalizer/md.cpython-312-x86_64-linux-gnu.so
7cb9b8066000-7cb9b8067000 r--p 00002000 00:2d 795731                     /home/codespace/.local/lib/python3.12/site-packages/charset_normalizer/md.cpython-312-x86_64-linux-gnu.so
7cb9b8067000-7cb9b8068000 rw-p 00003000 00:2d 795731                     /home/codespace/.local/lib/python3.12/site-packages/charset_normalizer/md.cpython-312-x86_64-linux-gnu.so
7cb9b8068000-7cb9b8268000 rw-p 00000000 00:00 0 
7cb9b8268000-7cb9b826f000 r--p 00000000 00:2d 830478                     /usr/local/python/3.12.1/lib/python3.12/lib-dynload/_decimal.cpython-312-x86_64-linux-gnu.so
7cb9b826f000-7cb9b82b7000 r-xp 00007000 00:2d 830478                     /usr/local/python/3.12.1/lib/python3.12/lib-dynload/_decimal.cpython-312-x86_64-linux-gnu.so
7cb9b82b7000-7cb9b82c7000 r--p 0004f000 00:2d 830478                     /usr/local/python/3.12.1/lib/python3.12/lib-dynload/_decimal.cpython-312-x86_64-linux-gnu.so
7cb9b82c7000-7cb9b82c8000 r--p 0005f000 00:2d 830478                     /usr/local/python/3.12.1/lib/python3.12/lib-dynload/_decimal.cpython-312-x86_64-linux-gnu.so
7cb9b82c8000-7cb9b82cb000 rw-p 00060000 00:2d 830478                     /usr/local/python/3.12.1/lib/python3.12/lib-dynload/_decimal.cpython-312-x86_64-linux-gnu.so
7cb9b82cb000-7cb9b82cc000 r--p 00000000 00:2d 394118                     /usr/lib/x86_64-linux-gnu/libdl.so.2
7cb9b82cc000-7cb9b82cd000 r-xp 00001000 00:2d 394118                     /usr/lib/x86_64-linux-gnu/libdl.so.2
7cb9b82cd000-7cb9b82ce000 r--p 00002000 00:2d 394118                     /usr/lib/x86_64-linux-gnu/libdl.so.2
7cb9b82ce000-7cb9b82cf000 r--p 00002000 00:2d 394118                     /usr/lib/x86_64-linux-gnu/libdl.so.2
7cb9b82cf000-7cb9b82d0000 rw-p 00003000 00:2d 394118                     /usr/lib/x86_64-linux-gnu/libdl.so.2
7cb9b82d0000-7cb9b82d1000 r--p 00000000 00:2d 394183                     /usr/lib/x86_64-linux-gnu/libpthread.so.0
7cb9b82d1000-7cb9b82d2000 r-xp 00001000 00:2d 394183                     /usr/lib/x86_64-linux-gnu/libpthread.so.0
7cb9b82d2000-7cb9b82d3000 r--p 00002000 00:2d 394183                     /usr/lib/x86_64-linux-gnu/libpthread.so.0
7cb9b82d3000-7cb9b82d4000 r--p 00002000 00:2d 394183                     /usr/lib/x86_64-linux-gnu/libpthread.so.0
7cb9b82d4000-7cb9b82d5000 rw-p 00003000 00:2d 394183                     /usr/lib/x86_64-linux-gnu/libpthread.so.0
7cb9b82d5000-7cb9b82d6000 r--p 00000000 00:2d 394185                     /usr/lib/x86_64-linux-gnu/librt.so.1
7cb9b82d6000-7cb9b82d7000 r-xp 00001000 00:2d 394185                     /usr/lib/x86_64-linux-gnu/librt.so.1
7cb9b82d7000-7cb9b82d8000 r--p 00002000 00:2d 394185                     /usr/lib/x86_64-linux-gnu/librt.so.1
7cb9b82d8000-7cb9b82d9000 r--p 00002000 00:2d 394185                     /usr/lib/x86_64-linux-gnu/librt.so.1
7cb9b82d9000-7cb9b82da000 rw-p 00003000 00:2d 394185                     /usr/lib/x86_64-linux-gnu/librt.so.1
7cb9b82da000-7cb9b82de000 r--p 00000000 00:2d 394129                     /usr/lib/x86_64-linux-gnu/libgcc_s.so.1
7cb9b82de000-7cb9b8302000 r-xp 00004000 00:2d 394129                     /usr/lib/x86_64-linux-gnu/libgcc_s.so.1
7cb9b8302000-7cb9b8306000 r--p 00028000 00:2d 394129                     /usr/lib/x86_64-linux-gnu/libgcc_s.so.1
7cb9b8306000-7cb9b8307000 r--p 0002b000 00:2d 394129                     /usr/lib/x86_64-linux-gnu/libgcc_s.so.1
7cb9b8307000-7cb9b8308000 rw-p 0002c000 00:2d 394129                     /usr/lib/x86_64-linux-gnu/libgcc_s.so.1
7cb9b8308000-7cb9b843f000 r--p 00000000 00:2d 1063037                    /usr/local/python/3.12.1/lib/python3.12/site-packages/pydantic_core/_pydantic_core.cpython-312-x86_64-linux-gnu.so
7cb9b843f000-7cb9b8779000 r-xp 00136000 00:2d 1063037                    /usr/local/python/3.12.1/lib/python3.12/site-packages/pydantic_core/_pydantic_core.cpython-312-x86_64-linux-gnu.so
7cb9b8779000-7cb9b87ad000 r--p 0046f000 00:2d 1063037                    /usr/local/python/3.12.1/lib/python3.12/site-packages/pydantic_core/_pydantic_core.cpython-312-x86_64-linux-gnu.so
7cb9b87ad000-7cb9b87b3000 rw-p 004a2000 00:2d 1063037                    /usr/local/python/3.12.1/lib/python3.12/site-packages/pydantic_core/_pydantic_core.cpython-312-x86_64-linux-gnu.so
7cb9b87b3000-7cb9b89b3000 rw-p 00000000 00:00 0 
7cb9b89b3000-7cb9b89b6000 r--p 00000000 00:2d 394145                     /usr/lib/x86_64-linux-gnu/liblzma.so.5.4.5
7cb9b89b6000-7cb9b89d8000 r-xp 00003000 00:2d 394145                     /usr/lib/x86_64-linux-gnu/liblzma.so.5.4.5
7cb9b89d8000-7cb9b89e3000 r--p 00025000 00:2d 394145                     /usr/lib/x86_64-linux-gnu/liblzma.so.5.4.5
7cb9b89e3000-7cb9b89e4000 r--p 00030000 00:2d 394145                     /usr/lib/x86_64-linux-gnu/liblzma.so.5.4.5
7cb9b89e4000-7cb9b89e5000 rw-p 00031000 00:2d 394145                     /usr/lib/x86_64-linux-gnu/liblzma.so.5.4.5
7cb9b89e5000-7cb9b89e8000 r--p 00000000 00:2d 830485                     /usr/local/python/3.12.1/lib/python3.12/lib-dynload/_lzma.cpython-312-x86_64-linux-gnu.so
7cb9b89e8000-7cb9b89ec000 r-xp 00003000 00:2d 830485                     /usr/local/python/3.12.1/lib/python3.12/lib-dynload/_lzma.cpython-312-x86_64-linux-gnu.so
7cb9b89ec000-7cb9b89ef000 r--p 00007000 00:2d 830485                     /usr/local/python/3.12.1/lib/python3.12/lib-dynload/_lzma.cpython-312-x86_64-linux-gnu.so
7cb9b89ef000-7cb9b89f0000 r--p 00009000 00:2d 830485                     /usr/local/python/3.12.1/lib/python3.12/lib-dynload/_lzma.cpython-312-x86_64-linux-gnu.so
7cb9b89f0000-7cb9b89f1000 rw-p 0000a000 00:2d 830485                     /usr/local/python/3.12.1/lib/python3.12/lib-dynload/_lzma.cpython-312-x86_64-linux-gnu.so
7cb9b89f1000-7cb9b89f3000 r--p 00000000 00:2d 394103                     /usr/lib/x86_64-linux-gnu/libbz2.so.1.0.4
7cb9b89f3000-7cb9b8a01000 r-xp 00002000 00:2d 394103                     /usr/lib/x86_64-linux-gnu/libbz2.so.1.0.4
7cb9b8a01000-7cb9b8a03000 r--p 00010000 00:2d 394103                     /usr/lib/x86_64-linux-gnu/libbz2.so.1.0.4
7cb9b8a03000-7cb9b8a04000 r--p 00011000 00:2d 394103                     /usr/lib/x86_64-linux-gnu/libbz2.so.1.0.4
7cb9b8a04000-7cb9b8a05000 rw-p 00012000 00:2d 394103                     /usr/lib/x86_64-linux-gnu/libbz2.so.1.0.4
7cb9b8a05000-7cb9b8a06000 r--p 00000000 00:2d 393775                     /usr/lib/locale/C.utf8/LC_MONETARY
7cb9b8a06000-7cb9b8a07000 r--p 00000000 00:2d 393774                     /usr/lib/locale/C.utf8/LC_MESSAGES/SYS_LC_MESSAGES
7cb9b8a07000-7cb9b8a08000 r--p 00000000 00:2d 830511                     /usr/local/python/3.12.1/lib/python3.12/lib-dynload/_uuid.cpython-312-x86_64-linux-gnu.so
7cb9b8a08000-7cb9b8a09000 r-xp 00001000 00:2d 830511                     /usr/local/python/3.12.1/lib/python3.12/lib-dynload/_uuid.cpython-312-x86_64-linux-gnu.so
7cb9b8a09000-7cb9b8a0a000 r--p 00002000 00:2d 830511                     /usr/local/python/3.12.1/lib/python3.12/lib-dynload/_uuid.cpython-312-x86_64-linux-gnu.so
7cb9b8a0a000-7cb9b8a0b000 r--p 00002000 00:2d 830511                     /usr/local/python/3.12.1/lib/python3.12/lib-dynload/_uuid.cpython-312-x86_64-linux-gnu.so
7cb9b8a0b000-7cb9b8a0c000 rw-p 00003000 00:2d 830511                     /usr/local/python/3.12.1/lib/python3.12/lib-dynload/_uuid.cpython-312-x86_64-linux-gnu.so
7cb9b8a0c000-7cb9b8a0e000 r--p 00000000 00:2d 830463                     /usr/local/python/3.12.1/lib/python3.12/lib-dynload/_bz2.cpython-312-x86_64-linux-gnu.so
7cb9b8a0e000-7cb9b8a10000 r-xp 00002000 00:2d 830463                     /usr/local/python/3.12.1/lib/python3.12/lib-dynload/_bz2.cpython-312-x86_64-linux-gnu.so
7cb9b8a10000-7cb9b8a11000 r--p 00004000 00:2d 830463                     /usr/local/python/3.12.1/lib/python3.12/lib-dynload/_bz2.cpython-312-x86_64-linux-gnu.so
7cb9b8a11000-7cb9b8a12000 r--p 00005000 00:2d 830463                     /usr/local/python/3.12.1/lib/python3.12/lib-dynload/_bz2.cpython-312-x86_64-linux-gnu.so
7cb9b8a12000-7cb9b8a13000 rw-p 00006000 00:2d 830463                     /usr/local/python/3.12.1/lib/python3.12/lib-dynload/_bz2.cpython-312-x86_64-linux-gnu.so
7cb9b8a13000-7cb9b8b13000 rw-p 00000000 00:00 0 
7cb9b8b13000-7cb9b8b14000 r--p 00000000 00:2d 393778                     /usr/lib/locale/C.utf8/LC_PAPER
7cb9b8b14000-7cb9b8b15000 r--p 00000000 00:2d 393776                     /usr/lib/locale/C.utf8/LC_NAME
7cb9b8b15000-7cb9b8b16000 r--p 00000000 00:2d 393768                     /usr/lib/locale/C.utf8/LC_ADDRESS
7cb9b8b16000-7cb9b8b17000 r--p 00000000 00:2d 393779                     /usr/lib/locale/C.utf8/LC_TELEPHONE
7cb9b8b17000-7cb9b8b19000 r--p 00000000 00:2d 830521                     /usr/local/python/3.12.1/lib/python3.12/lib-dynload/grp.cpython-312-x86_64-linux-gnu.so
7cb9b8b19000-7cb9b8b1a000 r-xp 00002000 00:2d 830521                     /usr/local/python/3.12.1/lib/python3.12/lib-dynload/grp.cpython-312-x86_64-linux-gnu.so
7cb9b8b1a000-7cb9b8b1b000 r--p 00003000 00:2d 830521                     /usr/local/python/3.12.1/lib/python3.12/lib-dynload/grp.cpython-312-x86_64-linux-gnu.so
7cb9b8b1b000-7cb9b8b1c000 r--p 00003000 00:2d 830521                     /usr/local/python/3.12.1/lib/python3.12/lib-dynload/grp.cpython-312-x86_64-linux-gnu.so
7cb9b8b1c000-7cb9b8b1d000 rw-p 00004000 00:2d 830521                     /usr/local/python/3.12.1/lib/python3.12/lib-dynload/grp.cpython-312-x86_64-linux-gnu.so
7cb9b8b1d000-7cb9b8b21000 r--p 00000000 00:2d 1062257                    /usr/local/python/3.12.1/lib/python3.12/site-packages/yarl/_quoting_c.cpython-312-x86_64-linux-gnu.so
7cb9b8b21000-7cb9b8b36000 r-xp 00004000 00:2d 1062257                    /usr/local/python/3.12.1/lib/python3.12/site-packages/yarl/_quoting_c.cpython-312-x86_64-linux-gnu.so
7cb9b8b36000-7cb9b8b3a000 r--p 00019000 00:2d 1062257                    /usr/local/python/3.12.1/lib/python3.12/site-packages/yarl/_quoting_c.cpython-312-x86_64-linux-gnu.so
7cb9b8b3a000-7cb9b8b3b000 r--p 0001c000 00:2d 1062257                    /usr/local/python/3.12.1/lib/python3.12/site-packages/yarl/_quoting_c.cpython-312-x86_64-linux-gnu.so
7cb9b8b3b000-7cb9b8b3c000 rw-p 0001d000 00:2d 1062257                    /usr/local/python/3.12.1/lib/python3.12/site-packages/yarl/_quoting_c.cpython-312-x86_64-linux-gnu.so
7cb9b8b3c000-7cb9b8b3d000 rw-p 00000000 00:00 0 
7cb9b8b3d000-7cb9b8b41000 r--p 00000000 00:2d 1062199                    /usr/local/python/3.12.1/lib/python3.12/site-packages/multidict/_multidict.cpython-312-x86_64-linux-gnu.so
7cb9b8b41000-7cb9b8b52000 r-xp 00004000 00:2d 1062199                    /usr/local/python/3.12.1/lib/python3.12/site-packages/multidict/_multidict.cpython-312-x86_64-linux-gnu.so
7cb9b8b52000-7cb9b8b55000 r--p 00015000 00:2d 1062199                    /usr/local/python/3.12.1/lib/python3.12/site-packages/multidict/_multidict.cpython-312-x86_64-linux-gnu.so
7cb9b8b55000-7cb9b8b56000 r--p 00018000 00:2d 1062199                    /usr/local/python/3.12.1/lib/python3.12/site-packages/multidict/_multidict.cpython-312-x86_64-linux-gnu.so
7cb9b8b56000-7cb9b8b58000 rw-p 00019000 00:2d 1062199                    /usr/local/python/3.12.1/lib/python3.12/site-packages/multidict/_multidict.cpython-312-x86_64-linux-gnu.so
7cb9b8b58000-7cb9b8b5f000 r--p 00000000 00:2d 830499                     /usr/local/python/3.12.1/lib/python3.12/lib-dynload/_sqlite3.cpython-312-x86_64-linux-gnu.so
7cb9b8b5f000-7cb9b8b6f000 r-xp 00007000 00:2d 830499                     /usr/local/python/3.12.1/lib/python3.12/lib-dynload/_sqlite3.cpython-312-x86_64-linux-gnu.so
7cb9b8b6f000-7cb9b8b76000 r--p 00017000 00:2d 830499                     /usr/local/python/3.12.1/lib/python3.12/lib-dynload/_sqlite3.cpython-312-x86_64-linux-gnu.so
7cb9b8b76000-7cb9b8b77000 r--p 0001e000 00:2d 830499                     /usr/local/python/3.12.1/lib/python3.12/lib-dynload/_sqlite3.cpython-312-x86_64-linux-gnu.so
7cb9b8b77000-7cb9b8b79000 rw-p 0001f000 00:2d 830499                     /usr/local/python/3.12.1/lib/python3.12/lib-dynload/_sqlite3.cpython-312-x86_64-linux-gnu.so
7cb9b8b79000-7cb9b8b7e000 r--p 00000000 00:2d 830477                     /usr/local/python/3.12.1/lib/python3.12/lib-dynload/_datetime.cpython-312-x86_64-linux-gnu.so
7cb9b8b7e000-7cb9b8b8f000 r-xp 00005000 00:2d 830477                     /usr/local/python/3.12.1/lib/python3.12/lib-dynload/_datetime.cpython-312-x86_64-linux-gnu.so
7cb9b8b8f000-7cb9b8b94000 r--p 00016000 00:2d 830477                     /usr/local/python/3.12.1/lib/python3.12/lib-dynload/_datetime.cpython-312-x86_64-linux-gnu.so
7cb9b8b94000-7cb9b8b95000 r--p 0001b000 00:2d 830477                     /usr/local/python/3.12.1/lib/python3.12/lib-dynload/_datetime.cpython-312-x86_64-linux-gnu.so
7cb9b8b95000-7cb9b8b98000 rw-p 0001c000 00:2d 830477                     /usr/local/python/3.12.1/lib/python3.12/lib-dynload/_datetime.cpython-312-x86_64-linux-gnu.so
7cb9b8b98000-7cb9b8d98000 rw-p 00000000 00:00 0 
7cb9b8d98000-7cb9b8d9a000 r--p 00000000 00:2d 830483                     /usr/local/python/3.12.1/lib/python3.12/lib-dynload/_json.cpython-312-x86_64-linux-gnu.so
7cb9b8d9a000-7cb9b8da0000 r-xp 00002000 00:2d 830483                     /usr/local/python/3.12.1/lib/python3.12/lib-dynload/_json.cpython-312-x86_64-linux-gnu.so
7cb9b8da0000-7cb9b8da2000 r--p 00008000 00:2d 830483                     /usr/local/python/3.12.1/lib/python3.12/lib-dynload/_json.cpython-312-x86_64-linux-gnu.so
7cb9b8da2000-7cb9b8da3000 r--p 00009000 00:2d 830483                     /usr/local/python/3.12.1/lib/python3.12/lib-dynload/_json.cpython-312-x86_64-linux-gnu.so
7cb9b8da3000-7cb9b8da4000 rw-p 0000a000 00:2d 830483                     /usr/local/python/3.12.1/lib/python3.12/lib-dynload/_json.cpython-312-x86_64-linux-gnu.so
7cb9b8da4000-7cb9b8da8000 r--p 00000000 00:2d 830460                     /usr/local/python/3.12.1/lib/python3.12/lib-dynload/_asyncio.cpython-312-x86_64-linux-gnu.so
7cb9b8da8000-7cb9b8db1000 r-xp 00004000 00:2d 830460                     /usr/local/python/3.12.1/lib/python3.12/lib-dynload/_asyncio.cpython-312-x86_64-linux-gnu.so
7cb9b8db1000-7cb9b8db5000 r--p 0000d000 00:2d 830460                     /usr/local/python/3.12.1/lib/python3.12/lib-dynload/_asyncio.cpython-312-x86_64-linux-gnu.so
7cb9b8db5000-7cb9b8db6000 r--p 00011000 00:2d 830460                     /usr/local/python/3.12.1/lib/python3.12/lib-dynload/_asyncio.cpython-312-x86_64-linux-gnu.so
7cb9b8db6000-7cb9b8db8000 rw-p 00012000 00:2d 830460                     /usr/local/python/3.12.1/lib/python3.12/lib-dynload/_asyncio.cpython-312-x86_64-linux-gnu.so
7cb9b8db8000-7cb9b8eb8000 rw-p 00000000 00:00 0 
7cb9b8eb8000-7cb9b8eba000 r--p 00000000 00:2d 394217                     /usr/lib/x86_64-linux-gnu/libz.so.1.3
7cb9b8eba000-7cb9b8ecc000 r-xp 00002000 00:2d 394217                     /usr/lib/x86_64-linux-gnu/libz.so.1.3
7cb9b8ecc000-7cb9b8ed2000 r--p 00014000 00:2d 394217                     /usr/lib/x86_64-linux-gnu/libz.so.1.3
7cb9b8ed2000-7cb9b8ed3000 r--p 0001a000 00:2d 394217                     /usr/lib/x86_64-linux-gnu/libz.so.1.3
7cb9b8ed3000-7cb9b8ed4000 rw-p 0001b000 00:2d 394217                     /usr/lib/x86_64-linux-gnu/libz.so.1.3
7cb9b8ed4000-7cb9b8f87000 r--p 00000000 00:2d 394114                     /usr/lib/x86_64-linux-gnu/libcrypto.so.3
7cb9b8f87000-7cb9b92ba000 r-xp 000b3000 00:2d 394114                     /usr/lib/x86_64-linux-gnu/libcrypto.so.3
7cb9b92ba000-7cb9b9385000 r--p 003e6000 00:2d 394114                     /usr/lib/x86_64-linux-gnu/libcrypto.so.3
7cb9b9385000-7cb9b93e1000 r--p 004b0000 00:2d 394114                     /usr/lib/x86_64-linux-gnu/libcrypto.so.3
7cb9b93e1000-7cb9b93e4000 rw-p 0050c000 00:2d 394114                     /usr/lib/x86_64-linux-gnu/libcrypto.so.3
7cb9b93e4000-7cb9b93e7000 rw-p 00000000 00:00 0 
7cb9b93e7000-7cb9b9405000 r--p 00000000 00:2d 394195                     /usr/lib/x86_64-linux-gnu/libssl.so.3
7cb9b9405000-7cb9b9467000 r-xp 0001e000 00:2d 394195                     /usr/lib/x86_64-linux-gnu/libssl.so.3
7cb9b9467000-7cb9b9483000 r--p 00080000 00:2d 394195                     /usr/lib/x86_64-linux-gnu/libssl.so.3
7cb9b9483000-7cb9b948d000 r--p 0009c000 00:2d 394195                     /usr/lib/x86_64-linux-gnu/libssl.so.3
7cb9b948d000-7cb9b9491000 rw-p 000a6000 00:2d 394195                     /usr/lib/x86_64-linux-gnu/libssl.so.3
7cb9b9491000-7cb9b94a3000 r--p 00000000 00:2d 830500                     /usr/local/python/3.12.1/lib/python3.12/lib-dynload/_ssl.cpython-312-x86_64-linux-gnu.so
7cb9b94a3000-7cb9b94b2000 r-xp 00012000 00:2d 830500                     /usr/local/python/3.12.1/lib/python3.12/lib-dynload/_ssl.cpython-312-x86_64-linux-gnu.so
7cb9b94b2000-7cb9b94c0000 r--p 00021000 00:2d 830500                     /usr/local/python/3.12.1/lib/python3.12/lib-dynload/_ssl.cpython-312-x86_64-linux-gnu.so
7cb9b94c0000-7cb9b94c1000 r--p 0002e000 00:2d 830500                     /usr/local/python/3.12.1/lib/python3.12/lib-dynload/_ssl.cpython-312-x86_64-linux-gnu.so
7cb9b94c1000-7cb9b94ca000 rw-p 0002f000 00:2d 830500                     /usr/local/python/3.12.1/lib/python3.12/lib-dynload/_ssl.cpython-312-x86_64-linux-gnu.so
7cb9b94ca000-7cb9b95ca000 rw-p 00000000 00:00 0 
7cb9b95ca000-7cb9b95cb000 r--p 00000000 00:2d 393772                     /usr/lib/locale/C.utf8/LC_MEASUREMENT
7cb9b95cb000-7cb9b95cc000 r--p 00000000 00:2d 393771                     /usr/lib/locale/C.utf8/LC_IDENTIFICATION
7cb9b95cc000-7cb9b95cd000 ---p 00000000 00:00 0 
7cb9b95cd000-7cb9b95ce000 r--p 00000000 00:00 0 
7cb9b95ce000-7cb9b95d1000 r--p 00000000 00:2d 830536                     /usr/local/python/3.12.1/lib/python3.12/lib-dynload/zlib.cpython-312-x86_64-linux-gnu.so
7cb9b95d1000-7cb9b95d8000 r-xp 00003000 00:2d 830536                     /usr/local/python/3.12.1/lib/python3.12/lib-dynload/zlib.cpython-312-x86_64-linux-gnu.so
7cb9b95d8000-7cb9b95db000 r--p 0000a000 00:2d 830536                     /usr/local/python/3.12.1/lib/python3.12/lib-dynload/zlib.cpython-312-x86_64-linux-gnu.so
7cb9b95db000-7cb9b95dc000 r--p 0000c000 00:2d 830536                     /usr/local/python/3.12.1/lib/python3.12/lib-dynload/zlib.cpython-312-x86_64-linux-gnu.so
7cb9b95dc000-7cb9b95dd000 rw-p 0000d000 00:2d 830536                     /usr/local/python/3.12.1/lib/python3.12/lib-dynload/zlib.cpython-312-x86_64-linux-gnu.so
7cb9b95dd000-7cb9b95df000 r--p 00000000 00:2d 830496                     /usr/local/python/3.12.1/lib/python3.12/lib-dynload/_sha2.cpython-312-x86_64-linux-gnu.so
7cb9b95df000-7cb9b95ea000 r-xp 00002000 00:2d 830496                     /usr/local/python/3.12.1/lib/python3.12/lib-dynload/_sha2.cpython-312-x86_64-linux-gnu.so
7cb9b95ea000-7cb9b95ec000 r--p 0000d000 00:2d 830496                     /usr/local/python/3.12.1/lib/python3.12/lib-dynload/_sha2.cpython-312-x86_64-linux-gnu.so
7cb9b95ec000-7cb9b95ed000 r--p 0000e000 00:2d 830496                     /usr/local/python/3.12.1/lib/python3.12/lib-dynload/_sha2.cpython-312-x86_64-linux-gnu.so
7cb9b95ed000-7cb9b95ee000 rw-p 0000f000 00:2d 830496                     /usr/local/python/3.12.1/lib/python3.12/lib-dynload/_sha2.cpython-312-x86_64-linux-gnu.so
7cb9b95ee000-7cb9b95f0000 r--p 00000000 00:2d 830494                     /usr/local/python/3.12.1/lib/python3.12/lib-dynload/_random.cpython-312-x86_64-linux-gnu.so
7cb9b95f0000-7cb9b95f2000 r-xp 00002000 00:2d 830494                     /usr/local/python/3.12.1/lib/python3.12/lib-dynload/_random.cpython-312-x86_64-linux-gnu.so
7cb9b95f2000-7cb9b95f3000 r--p 00004000 00:2d 830494                     /usr/local/python/3.12.1/lib/python3.12/lib-dynload/_random.cpython-312-x86_64-linux-gnu.so
7cb9b95f3000-7cb9b95f4000 r--p 00004000 00:2d 830494                     /usr/local/python/3.12.1/lib/python3.12/lib-dynload/_random.cpython-312-x86_64-linux-gnu.so
7cb9b95f4000-7cb9b95f5000 rw-p 00005000 00:2d 830494                     /usr/local/python/3.12.1/lib/python3.12/lib-dynload/_random.cpython-312-x86_64-linux-gnu.so
7cb9b95f5000-7cb9b95f7000 r--p 00000000 00:2d 830461                     /usr/local/python/3.12.1/lib/python3.12/lib-dynload/_bisect.cpython-312-x86_64-linux-gnu.so
7cb9b95f7000-7cb9b95fa000 r-xp 00002000 00:2d 830461                     /usr/local/python/3.12.1/lib/python3.12/lib-dynload/_bisect.cpython-312-x86_64-linux-gnu.so
7cb9b95fa000-7cb9b95fb000 r--p 00005000 00:2d 830461                     /usr/local/python/3.12.1/lib/python3.12/lib-dynload/_bisect.cpython-312-x86_64-linux-gnu.so
7cb9b95fb000-7cb9b95fc000 r--p 00005000 00:2d 830461                     /usr/local/python/3.12.1/lib/python3.12/lib-dynload/_bisect.cpython-312-x86_64-linux-gnu.so
7cb9b95fc000-7cb9b95fd000 rw-p 00006000 00:2d 830461                     /usr/local/python/3.12.1/lib/python3.12/lib-dynload/_bisect.cpython-312-x86_64-linux-gnu.so
7cb9b95fd000-7cb9b96fd000 rw-p 00000000 00:00 0 
7cb9b96fd000-7cb9b96fe000 ---p 00000000 00:00 0 
7cb9b96fe000-7cb9b9700000 r--p 00000000 00:2d 830493                     /usr/local/python/3.12.1/lib/python3.12/lib-dynload/_queue.cpython-312-x86_64-linux-gnu.so
7cb9b9700000-7cb9b9702000 r-xp 00002000 00:2d 830493                     /usr/local/python/3.12.1/lib/python3.12/lib-dynload/_queue.cpython-312-x86_64-linux-gnu.so
7cb9b9702000-7cb9b9703000 r--p 00004000 00:2d 830493                     /usr/local/python/3.12.1/lib/python3.12/lib-dynload/_queue.cpython-312-x86_64-linux-gnu.so
7cb9b9703000-7cb9b9704000 r--p 00004000 00:2d 830493                     /usr/local/python/3.12.1/lib/python3.12/lib-dynload/_queue.cpython-312-x86_64-linux-gnu.so
7cb9b9704000-7cb9b9705000 rw-p 00005000 00:2d 830493                     /usr/local/python/3.12.1/lib/python3.12/lib-dynload/_queue.cpython-312-x86_64-linux-gnu.so
7cb9b9705000-7cb9b9706000 r--p 00000000 00:2d 830470                     /usr/local/python/3.12.1/lib/python3.12/lib-dynload/_contextvars.cpython-312-x86_64-linux-gnu.so
7cb9b9706000-7cb9b9707000 r-xp 00001000 00:2d 830470                     /usr/local/python/3.12.1/lib/python3.12/lib-dynload/_contextvars.cpython-312-x86_64-linux-gnu.so
7cb9b9707000-7cb9b9708000 r--p 00002000 00:2d 830470                     /usr/local/python/3.12.1/lib/python3.12/lib-dynload/_contextvars.cpython-312-x86_64-linux-gnu.so
7cb9b9708000-7cb9b9709000 r--p 00002000 00:2d 830470                     /usr/local/python/3.12.1/lib/python3.12/lib-dynload/_contextvars.cpython-312-x86_64-linux-gnu.so
7cb9b9709000-7cb9b970a000 rw-p 00003000 00:2d 830470                     /usr/local/python/3.12.1/lib/python3.12/lib-dynload/_contextvars.cpython-312-x86_64-linux-gnu.so
7cb9b970a000-7cb9b970b000 r--p 00000000 00:2d 830489                     /usr/local/python/3.12.1/lib/python3.12/lib-dynload/_opcode.cpython-312-x86_64-linux-gnu.so
7cb9b970b000-7cb9b970c000 r-xp 00001000 00:2d 830489                     /usr/local/python/3.12.1/lib/python3.12/lib-dynload/_opcode.cpython-312-x86_64-linux-gnu.so
7cb9b970c000-7cb9b970d000 r--p 00002000 00:2d 830489                     /usr/local/python/3.12.1/lib/python3.12/lib-dynload/_opcode.cpython-312-x86_64-linux-gnu.so
7cb9b970d000-7cb9b970e000 r--p 00002000 00:2d 830489                     /usr/local/python/3.12.1/lib/python3.12/lib-dynload/_opcode.cpython-312-x86_64-linux-gnu.so
7cb9b970e000-7cb9b970f000 rw-p 00003000 00:2d 830489                     /usr/local/python/3.12.1/lib/python3.12/lib-dynload/_opcode.cpython-312-x86_64-linux-gnu.so
7cb9b970f000-7cb9b9711000 r--p 00000000 00:2d 830518                     /usr/local/python/3.12.1/lib/python3.12/lib-dynload/binascii.cpython-312-x86_64-linux-gnu.so
7cb9b9711000-7cb9b9714000 r-xp 00002000 00:2d 830518                     /usr/local/python/3.12.1/lib/python3.12/lib-dynload/binascii.cpython-312-x86_64-linux-gnu.so
7cb9b9714000-7cb9b9716000 r--p 00005000 00:2d 830518                     /usr/local/python/3.12.1/lib/python3.12/lib-dynload/binascii.cpython-312-x86_64-linux-gnu.so
7cb9b9716000-7cb9b9717000 r--p 00006000 00:2d 830518                     /usr/local/python/3.12.1/lib/python3.12/lib-dynload/binascii.cpython-312-x86_64-linux-gnu.so
7cb9b9717000-7cb9b9718000 rw-p 00007000 00:2d 830518                     /usr/local/python/3.12.1/lib/python3.12/lib-dynload/binascii.cpython-312-x86_64-linux-gnu.so
7cb9b9718000-7cb9b9719000 r--p 00000000 00:2d 830482                     /usr/local/python/3.12.1/lib/python3.12/lib-dynload/_heapq.cpython-312-x86_64-linux-gnu.so
7cb9b9719000-7cb9b971b000 r-xp 00001000 00:2d 830482                     /usr/local/python/3.12.1/lib/python3.12/lib-dynload/_heapq.cpython-312-x86_64-linux-gnu.so
7cb9b971b000-7cb9b971e000 r--p 00003000 00:2d 830482                     /usr/local/python/3.12.1/lib/python3.12/lib-dynload/_heapq.cpython-312-x86_64-linux-gnu.so
7cb9b971e000-7cb9b971f000 r--p 00005000 00:2d 830482                     /usr/local/python/3.12.1/lib/python3.12/lib-dynload/_heapq.cpython-312-x86_64-linux-gnu.so
7cb9b971f000-7cb9b9720000 rw-p 00006000 00:2d 830482                     /usr/local/python/3.12.1/lib/python3.12/lib-dynload/_heapq.cpython-312-x86_64-linux-gnu.so
7cb9b9720000-7cb9b9721000 r--p 00000000 00:2d 830491                     /usr/local/python/3.12.1/lib/python3.12/lib-dynload/_posixshmem.cpython-312-x86_64-linux-gnu.so
7cb9b9721000-7cb9b9722000 r-xp 00001000 00:2d 830491                     /usr/local/python/3.12.1/lib/python3.12/lib-dynload/_posixshmem.cpython-312-x86_64-linux-gnu.so
7cb9b9722000-7cb9b9723000 r--p 00002000 00:2d 830491                     /usr/local/python/3.12.1/lib/python3.12/lib-dynload/_posixshmem.cpython-312-x86_64-linux-gnu.so
7cb9b9723000-7cb9b9724000 r--p 00002000 00:2d 830491                     /usr/local/python/3.12.1/lib/python3.12/lib-dynload/_posixshmem.cpython-312-x86_64-linux-gnu.so
7cb9b9724000-7cb9b9725000 rw-p 00003000 00:2d 830491                     /usr/local/python/3.12.1/lib/python3.12/lib-dynload/_posixshmem.cpython-312-x86_64-linux-gnu.so
7cb9b9725000-7cb9b9727000 r--p 00000000 00:2d 830488                     /usr/local/python/3.12.1/lib/python3.12/lib-dynload/_multiprocessing.cpython-312-x86_64-linux-gnu.so
7cb9b9727000-7cb9b9729000 r-xp 00002000 00:2d 830488                     /usr/local/python/3.12.1/lib/python3.12/lib-dynload/_multiprocessing.cpython-312-x86_64-linux-gnu.so
7cb9b9729000-7cb9b972a000 r--p 00004000 00:2d 830488                     /usr/local/python/3.12.1/lib/python3.12/lib-dynload/_multiprocessing.cpython-312-x86_64-linux-gnu.so
7cb9b972a000-7cb9b972b000 r--p 00004000 00:2d 830488                     /usr/local/python/3.12.1/lib/python3.12/lib-dynload/_multiprocessing.cpython-312-x86_64-linux-gnu.so
7cb9b972b000-7cb9b972c000 rw-p 00005000 00:2d 830488                     /usr/local/python/3.12.1/lib/python3.12/lib-dynload/_multiprocessing.cpython-312-x86_64-linux-gnu.so
7cb9b972c000-7cb9b972e000 r--p 00000000 00:2d 830492                     /usr/local/python/3.12.1/lib/python3.12/lib-dynload/_posixsubprocess.cpython-312-x86_64-linux-gnu.so
7cb9b972e000-7cb9b9731000 r-xp 00002000 00:2d 830492                     /usr/local/python/3.12.1/lib/python3.12/lib-dynload/_posixsubprocess.cpython-312-x86_64-linux-gnu.so
7cb9b9731000-7cb9b9732000 r--p 00005000 00:2d 830492                     /usr/local/python/3.12.1/lib/python3.12/lib-dynload/_posixsubprocess.cpython-312-x86_64-linux-gnu.so
7cb9b9732000-7cb9b9733000 r--p 00005000 00:2d 830492                     /usr/local/python/3.12.1/lib/python3.12/lib-dynload/_posixsubprocess.cpython-312-x86_64-linux-gnu.so
7cb9b9733000-7cb9b9734000 rw-p 00006000 00:2d 830492                     /usr/local/python/3.12.1/lib/python3.12/lib-dynload/_posixsubprocess.cpython-312-x86_64-linux-gnu.so
7cb9b9734000-7cb9b9735000 r--p 00000000 00:2d 830520                     /usr/local/python/3.12.1/lib/python3.12/lib-dynload/fcntl.cpython-312-x86_64-linux-gnu.so
7cb9b9735000-7cb9b9737000 r-xp 00001000 00:2d 830520                     /usr/local/python/3.12.1/lib/python3.12/lib-dynload/fcntl.cpython-312-x86_64-linux-gnu.so
7cb9b9737000-7cb9b9739000 r--p 00003000 00:2d 830520                     /usr/local/python/3.12.1/lib/python3.12/lib-dynload/fcntl.cpython-312-x86_64-linux-gnu.so
7cb9b9739000-7cb9b973a000 r--p 00004000 00:2d 830520                     /usr/local/python/3.12.1/lib/python3.12/lib-dynload/fcntl.cpython-312-x86_64-linux-gnu.so
7cb9b973a000-7cb9b973b000 rw-p 00005000 00:2d 830520                     /usr/local/python/3.12.1/lib/python3.12/lib-dynload/fcntl.cpython-312-x86_64-linux-gnu.so
7cb9b973b000-7cb9b973f000 r--p 00000000 00:2d 830516                     /usr/local/python/3.12.1/lib/python3.12/lib-dynload/array.cpython-312-x86_64-linux-gnu.so
7cb9b973f000-7cb9b9747000 r-xp 00004000 00:2d 830516                     /usr/local/python/3.12.1/lib/python3.12/lib-dynload/array.cpython-312-x86_64-linux-gnu.so
7cb9b9747000-7cb9b974b000 r--p 0000c000 00:2d 830516                     /usr/local/python/3.12.1/lib/python3.12/lib-dynload/array.cpython-312-x86_64-linux-gnu.so
7cb9b974b000-7cb9b974c000 r--p 0000f000 00:2d 830516                     /usr/local/python/3.12.1/lib/python3.12/lib-dynload/array.cpython-312-x86_64-linux-gnu.so
7cb9b974c000-7cb9b974d000 rw-p 00010000 00:2d 830516                     /usr/local/python/3.12.1/lib/python3.12/lib-dynload/array.cpython-312-x86_64-linux-gnu.so
7cb9b974d000-7cb9b974f000 r--p 00000000 00:2d 830528                     /usr/local/python/3.12.1/lib/python3.12/lib-dynload/select.cpython-312-x86_64-linux-gnu.so
7cb9b974f000-7cb9b9752000 r-xp 00002000 00:2d 830528                     /usr/local/python/3.12.1/lib/python3.12/lib-dynload/select.cpython-312-x86_64-linux-gnu.so
7cb9b9752000-7cb9b9754000 r--p 00005000 00:2d 830528                     /usr/local/python/3.12.1/lib/python3.12/lib-dynload/select.cpython-312-x86_64-linux-gnu.so
7cb9b9754000-7cb9b9755000 r--p 00006000 00:2d 830528                     /usr/local/python/3.12.1/lib/python3.12/lib-dynload/select.cpython-312-x86_64-linux-gnu.so
7cb9b9755000-7cb9b9756000 rw-p 00007000 00:2d 830528                     /usr/local/python/3.12.1/lib/python3.12/lib-dynload/select.cpython-312-x86_64-linux-gnu.so
7cb9b9756000-7cb9b9759000 r--p 00000000 00:2d 830522                     /usr/local/python/3.12.1/lib/python3.12/lib-dynload/math.cpython-312-x86_64-linux-gnu.so
7cb9b9759000-7cb9b9765000 r-xp 00003000 00:2d 830522                     /usr/local/python/3.12.1/lib/python3.12/lib-dynload/math.cpython-312-x86_64-linux-gnu.so
7cb9b9765000-7cb9b976a000 r--p 0000f000 00:2d 830522                     /usr/local/python/3.12.1/lib/python3.12/lib-dynload/math.cpython-312-x86_64-linux-gnu.so
7cb9b976a000-7cb9b976b000 r--p 00013000 00:2d 830522                     /usr/local/python/3.12.1/lib/python3.12/lib-dynload/math.cpython-312-x86_64-linux-gnu.so
7cb9b976b000-7cb9b976c000 rw-p 00014000 00:2d 830522                     /usr/local/python/3.12.1/lib/python3.12/lib-dynload/math.cpython-312-x86_64-linux-gnu.so
7cb9b976c000-7cb9b9770000 r--p 00000000 00:2d 830498                     /usr/local/python/3.12.1/lib/python3.12/lib-dynload/_socket.cpython-312-x86_64-linux-gnu.so
7cb9b9770000-7cb9b977d000 r-xp 00004000 00:2d 830498                     /usr/local/python/3.12.1/lib/python3.12/lib-dynload/_socket.cpython-312-x86_64-linux-gnu.so
7cb9b977d000-7cb9b9786000 r--p 00011000 00:2d 830498                     /usr/local/python/3.12.1/lib/python3.12/lib-dynload/_socket.cpython-312-x86_64-linux-gnu.so
7cb9b9786000-7cb9b9787000 r--p 00019000 00:2d 830498                     /usr/local/python/3.12.1/lib/python3.12/lib-dynload/_socket.cpython-312-x86_64-linux-gnu.so
7cb9b9787000-7cb9b9788000 rw-p 0001a000 00:2d 830498                     /usr/local/python/3.12.1/lib/python3.12/lib-dynload/_socket.cpython-312-x86_64-linux-gnu.so
7cb9b9788000-7cb9b978d000 r--p 00000000 00:2d 830490                     /usr/local/python/3.12.1/lib/python3.12/lib-dynload/_pickle.cpython-312-x86_64-linux-gnu.so
7cb9b978d000-7cb9b979f000 r-xp 00005000 00:2d 830490                     /usr/local/python/3.12.1/lib/python3.12/lib-dynload/_pickle.cpython-312-x86_64-linux-gnu.so
7cb9b979f000-7cb9b97a5000 r--p 00017000 00:2d 830490                     /usr/local/python/3.12.1/lib/python3.12/lib-dynload/_pickle.cpython-312-x86_64-linux-gnu.so
7cb9b97a5000-7cb9b97a6000 r--p 0001c000 00:2d 830490                     /usr/local/python/3.12.1/lib/python3.12/lib-dynload/_pickle.cpython-312-x86_64-linux-gnu.so
7cb9b97a6000-7cb9b97a7000 rw-p 0001d000 00:2d 830490                     /usr/local/python/3.12.1/lib/python3.12/lib-dynload/_pickle.cpython-312-x86_64-linux-gnu.so
7cb9b97a7000-7cb9b97aa000 r--p 00000000 00:2d 830502                     /usr/local/python/3.12.1/lib/python3.12/lib-dynload/_struct.cpython-312-x86_64-linux-gnu.so
7cb9b97aa000-7cb9b97b0000 r-xp 00003000 00:2d 830502                     /usr/local/python/3.12.1/lib/python3.12/lib-dynload/_struct.cpython-312-x86_64-linux-gnu.so
7cb9b97b0000-7cb9b97b3000 r--p 00009000 00:2d 830502                     /usr/local/python/3.12.1/lib/python3.12/lib-dynload/_struct.cpython-312-x86_64-linux-gnu.so
7cb9b97b3000-7cb9b97b4000 r--p 0000c000 00:2d 830502                     /usr/local/python/3.12.1/lib/python3.12/lib-dynload/_struct.cpython-312-x86_64-linux-gnu.so
7cb9b97b4000-7cb9b97b5000 rw-p 0000d000 00:2d 830502                     /usr/local/python/3.12.1/lib/python3.12/lib-dynload/_struct.cpython-312-x86_64-linux-gnu.so
7cb9b97b5000-7cb9b9b1b000 rw-p 00000000 00:00 0 
7cb9b9b1b000-7cb9b9b74000 r--p 00000000 00:2d 393770                     /usr/lib/locale/C.utf8/LC_CTYPE
7cb9b9b74000-7cb9b9e5f000 r--p 00000000 00:2d 531685                     /usr/lib/locale/locale-archive
7cb9b9e5f000-7cb9b9e62000 rw-p 00000000 00:00 0 
7cb9b9e62000-7cb9b9e8a000 r--p 00000000 00:2d 394104                     /usr/lib/x86_64-linux-gnu/libc.so.6
7cb9b9e8a000-7cb9ba012000 r-xp 00028000 00:2d 394104                     /usr/lib/x86_64-linux-gnu/libc.so.6
7cb9ba012000-7cb9ba061000 r--p 001b0000 00:2d 394104                     /usr/lib/x86_64-linux-gnu/libc.so.6
7cb9ba061000-7cb9ba065000 r--p 001fe000 00:2d 394104                     /usr/lib/x86_64-linux-gnu/libc.so.6
7cb9ba065000-7cb9ba067000 rw-p 00202000 00:2d 394104                     /usr/lib/x86_64-linux-gnu/libc.so.6
7cb9ba067000-7cb9ba074000 rw-p 00000000 00:00 0 
7cb9ba074000-7cb9ba084000 r--p 00000000 00:2d 394146                     /usr/lib/x86_64-linux-gnu/libm.so.6
7cb9ba084000-7cb9ba103000 r-xp 00010000 00:2d 394146                     /usr/lib/x86_64-linux-gnu/libm.so.6
7cb9ba103000-7cb9ba15b000 r--p 0008f000 00:2d 394146                     /usr/lib/x86_64-linux-gnu/libm.so.6
7cb9ba15b000-7cb9ba15c000 r--p 000e7000 00:2d 394146                     /usr/lib/x86_64-linux-gnu/libm.so.6
7cb9ba15c000-7cb9ba15d000 rw-p 000e8000 00:2d 394146                     /usr/lib/x86_64-linux-gnu/libm.so.6
7cb9ba15d000-7cb9ba164000 r--s 00000000 00:2d 394075                     /usr/lib/x86_64-linux-gnu/gconv/gconv-modules.cache
7cb9ba164000-7cb9ba166000 rw-p 00000000 00:00 0 
7cb9ba166000-7cb9ba167000 r--p 00000000 00:2d 394084                     /usr/lib/x86_64-linux-gnu/ld-linux-x86-64.so.2
7cb9ba167000-7cb9ba192000 r-xp 00001000 00:2d 394084                     /usr/lib/x86_64-linux-gnu/ld-linux-x86-64.so.2
7cb9ba192000-7cb9ba19c000 r--p 0002c000 00:2d 394084                     /usr/lib/x86_64-linux-gnu/ld-linux-x86-64.so.2
7cb9ba19c000-7cb9ba19e000 r--p 00036000 00:2d 394084                     /usr/lib/x86_64-linux-gnu/ld-linux-x86-64.so.2
7cb9ba19e000-7cb9ba1a0000 rw-p 00038000 00:2d 394084                     /usr/lib/x86_64-linux-gnu/ld-linux-x86-64.so.2
7fff78ebc000-7fff78ec0000 ---p 00000000 00:00 0 
7fff78ec0000-7fff78fbc000 rw-p 00000000 00:00 0                          [stack]
7fff78fe7000-7fff78feb000 r--p 00000000 00:00 0                          [vvar]
7fff78feb000-7fff78fed000 r-xp 00000000 00:00 0                          [vdso]
ffffffffff600000-ffffffffff601000 --xp 00000000 00:00 0                  [vsyscall]
Total number of mappings: 612

JVMTI agents: none


VM Arguments:
jvm_args: -Dfile.encoding=UTF8 -ea -Xmx1024m 
java_command: <unknown>
java_class_path (initial): /usr/local/python/3.12.1/lib/python3.12/site-packages/konlpy/java:/usr/local/python/3.12.1/lib/python3.12/site-packages/konlpy/java/bin:/usr/local/python/3.12.1/lib/python3.12/site-packages/konlpy/java/open-korean-text-2.1.0.jar:/usr/local/python/3.12.1/lib/python3.12/site-packages/konlpy/java/scala-library-2.12.3.jar:/usr/local/python/3.12.1/lib/python3.12/site-packages/konlpy/java/shineware-ds-1.0.jar:/usr/local/python/3.12.1/lib/python3.12/site-packages/konlpy/java/snakeyaml-1.12.jar:/usr/local/python/3.12.1/lib/python3.12/site-packages/konlpy/java/shineware-common-1.0.jar:/usr/local/python/3.12.1/lib/python3.12/site-packages/konlpy/java/jhannanum-0.8.4.jar:/usr/local/python/3.12.1/lib/python3.12/site-packages/konlpy/java/twitter-text-1.14.7.jar:/usr/local/python/3.12.1/lib/python3.12/site-packages/konlpy/java/aho-corasick.jar:/usr/local/python/3.12.1/lib/python3.12/site-packages/konlpy/java/komoran-3.0.jar:/usr/local/python/3.12.1/lib/python3.12/site-packages/konlpy/java/kkma-2.0.jar:/usr/local/python/3.12.1/lib/python3.12/site-packages/konlpy/java/jhannanum-0.8.4.jar:/usr/local/python/3.12.1/lib/python3.12/site-packages/konlpy/java/kkma-2.0.jar:/usr/local/python/3.12.1/lib/python3.12/site-packages/konlpy/java/aho-corasick.jar:/usr/local/python/3.12.1/lib/python3.12/site-packages/konlpy/java/shineware-common-1.0.jar:/usr/local/python/3.12.1/lib/python3.12/site-packages/konlpy/java/shineware-ds-1.0.jar:/usr/local/python/3.12.1/lib/python3.12/site-packages/konlpy/java/komoran-3.0.jar:/usr/local/python/3.12.1/lib/python3.12/site-packages/konlpy/java/snakeyaml-1.12.jar:/usr/local/python/3.12.1/lib/python3.12/site-packages/konlpy/java/scala-library-2.12.3.jar:/usr/local/python/3.12.1/lib/python3.12/site-packages/konlpy/java/open-korean-text-2.1.0.jar:/usr/local/python/3.12.1/lib/python3.12/site-packages/konlpy/java/twitter-text-1.14.7.jar:/usr/local/python/3.12.1/lib/python3.12/site-packages/konlpy/java/open-korean-text-2.1.0.jar:/usr/local/python/3.12.1/lib/python3.12/site-packages/konlpy/java/scala-library-2.12.3.jar:/usr/local/python/3.12.1/lib/python3.12/site-packages/konlpy/java/shineware-ds-1.0.jar:/usr/local/python/3.12.1/lib/python3.12/site-packages/konlpy/java/snakeyaml-1.12.jar:/usr/local/python/3.12.1/lib/python3.12/site-packages/konlpy/java/shineware-common-1.0.jar:/usr/local/python/3.12.1/lib/python3.12/site-packages/konlpy/java/jhannanum-0.8.4.jar:/usr/local/python/3.12.1/lib/python3.12/site-packages/konlpy/java/twitter-text-1.14.7.jar:/usr/local/python/3.12.1/lib/python3.12/site-packages/konlpy/java/aho-corasick.jar:/usr/local/python/3.12.1/lib/python3.12/site-packages/konlpy/java/komoran-3.0.jar:/usr/local/python/3.12.1/lib/python3.12/site-packages/konlpy/java/kkma-2.0.jar:/usr/local/python/3.12.1/lib/python3.12/site-packages/org.jpype.jar
Launcher Type: generic

[Global flags]
     intx CICompilerCount                          = 2                                         {product} {ergonomic}
     uint ConcGCThreads                            = 1                                         {product} {ergonomic}
     uint G1ConcRefinementThreads                  = 2                                         {product} {ergonomic}
   size_t G1HeapRegionSize                         = 1048576                                   {product} {ergonomic}
   size_t InitialHeapSize                          = 132120576                                 {product} {ergonomic}
   size_t MarkStackSize                            = 4194304                                   {product} {ergonomic}
   size_t MarkStackSizeMax                         = 536870912                                 {product} {ergonomic}
   size_t MaxHeapSize                              = 1073741824                                {product} {command line}
   size_t MaxNewSize                               = 643825664                                 {product} {ergonomic}
   size_t MinHeapDeltaBytes                        = 1048576                                   {product} {ergonomic}
   size_t MinHeapSize                              = 8388608                                   {product} {ergonomic}
    uintx NonNMethodCodeHeapSize                   = 5824512                                {pd product} {ergonomic}
    uintx NonProfiledCodeHeapSize                  = 122920960                              {pd product} {ergonomic}
    uintx ProfiledCodeHeapSize                     = 122912768                              {pd product} {ergonomic}
    uintx ReservedCodeCacheSize                    = 251658240                              {pd product} {ergonomic}
     bool SegmentedCodeCache                       = true                                      {product} {ergonomic}
   size_t SoftMaxHeapSize                          = 1073741824                             {manageable} {ergonomic}
     bool UseCompressedOops                        = true                           {product lp64_product} {ergonomic}
     bool UseG1GC                                  = true                                      {product} {ergonomic}

Logging:
Log output configuration:
 #0: stdout all=warning uptime,level,tags foldmultilines=false
 #1: stderr all=off uptime,level,tags foldmultilines=false

Release file:
IMPLEMENTOR="Microsoft"
IMPLEMENTOR_VERSION="Microsoft-12574222"
JAVA_RUNTIME_VERSION="25.0.1+8-LTS"
JAVA_VERSION="25.0.1"
JAVA_VERSION_DATE="2025-10-21"
LIBC="gnu"
MODULES="java.base java.compiler java.datatransfer java.xml java.prefs java.desktop java.instrument java.logging java.management java.security.sasl java.naming java.rmi java.management.rmi java.net.http java.scripting java.security.jgss java.transaction.xa java.sql java.sql.rowset java.xml.crypto java.se java.smartcardio jdk.accessibility jdk.internal.jvmstat jdk.attach jdk.charsets jdk.internal.opt jdk.zipfs jdk.compiler jdk.crypto.cryptoki jdk.crypto.ec jdk.dynalink jdk.internal.ed jdk.editpad jdk.internal.vm.ci jdk.graal.compiler jdk.graal.compiler.management jdk.hotspot.agent jdk.httpserver jdk.incubator.vector jdk.internal.le jdk.internal.md jdk.jartool jdk.javadoc jdk.jcmd jdk.management jdk.management.agent jdk.jconsole jdk.jdeps jdk.jdwp.agent jdk.jdi jdk.jfr jdk.jlink jdk.jpackage jdk.jshell jdk.jsobject jdk.jstatd jdk.localedata jdk.management.jfr jdk.naming.dns jdk.naming.rmi jdk.net jdk.nio.mapmode jdk.sctp jdk.security.auth jdk.security.jgss jdk.unsupported jdk.unsupported.desktop jdk.xml.dom"
OS_ARCH="x86_64"
OS_NAME="Linux"
SOURCE=".:git:a34d2ff2d503"

Environment Variables:
JAVA_HOME=/usr/local/sdkman/candidates/java/current
PATH=/usr/local/rvm/gems/ruby-3.4.7/bin:/usr/local/rvm/gems/ruby-3.4.7@global/bin:/usr/local/rvm/rubies/ruby-3.4.7/bin:/vscode/bin/linux-x64/41dd792b5e652393e7787322889ed5fdc58bd75b/bin/remote-cli:/home/codespace/.local/bin:/home/codespace/.dotnet:/home/codespace/nvm/current/bin:/home/codespace/.php/current/bin:/home/codespace/.python/current/bin:/home/codespace/java/current/bin:/home/codespace/.ruby/current/bin:/home/codespace/.local/bin:/usr/local/python/current/bin:/usr/local/py-utils/bin:/usr/local/jupyter:/usr/local/oryx:/usr/local/go/bin:/go/bin:/usr/local/sdkman/bin:/usr/local/sdkman/candidates/java/current/bin:/usr/local/sdkman/candidates/gradle/current/bin:/usr/local/sdkman/candidates/maven/current/bin:/usr/local/sdkman/candidates/ant/current/bin:/usr/local/rvm/gems/default/bin:/usr/local/rvm/gems/default@global/bin:/usr/local/rvm/rubies/default/bin:/usr/local/share/rbenv/bin:/usr/local/php/current/bin:/opt/conda/bin:/usr/local/nvs:/usr/local/share/nvm/versions/node/v24.11.1/bin:/usr/local/hugo/bin:/usr/local/sbin:/usr/local/bin:/usr/sbin:/usr/bin:/sbin:/bin:/usr/share/dotnet:/home/codespace/.dotnet/tools:/usr/local/rvm/bin
SHELL=/bin/bash
LANG=C.UTF-8
TERM=xterm-256color

Active Locale:
LC_ALL=C.UTF-8
LC_COLLATE=C.UTF-8
LC_CTYPE=C.UTF-8
LC_MESSAGES=C.UTF-8
LC_MONETARY=C.UTF-8
LC_NUMERIC=C.UTF-8
LC_TIME=C.UTF-8

Signal Handlers:
   SIGSEGV: crash_handler in libjvm.so, mask=11100100010111111101111111111110, flags=SA_RESTART|SA_SIGINFO, unblocked
    SIGBUS: crash_handler in libjvm.so, mask=11100100010111111101111111111110, flags=SA_RESTART|SA_SIGINFO, unblocked
    SIGFPE: crash_handler in libjvm.so, mask=11100100010111111101111111111110, flags=SA_RESTART|SA_SIGINFO, unblocked
   SIGPIPE: javaSignalHandler in libjvm.so, mask=11100100010111111101111111111110, flags=SA_RESTART|SA_SIGINFO, blocked
   SIGXFSZ: javaSignalHandler in libjvm.so, mask=11100100010111111101111111111110, flags=SA_RESTART|SA_SIGINFO, blocked
    SIGILL: crash_handler in libjvm.so, mask=11100100010111111101111111111110, flags=SA_RESTART|SA_SIGINFO, unblocked
   SIGUSR2: SR_handler in libjvm.so, mask=00000000000000000000000000000000, flags=SA_RESTART|SA_SIGINFO, blocked
    SIGHUP: UserHandler in libjvm.so, mask=11100100010111111101111111111110, flags=SA_RESTART|SA_SIGINFO, blocked
    SIGINT: UserHandler in libjvm.so, mask=11100100010111111101111111111110, flags=SA_RESTART|SA_SIGINFO, blocked
   SIGTERM: UserHandler in libjvm.so, mask=11100100010111111101111111111110, flags=SA_RESTART|SA_SIGINFO, blocked
   SIGQUIT: UserHandler in libjvm.so, mask=11100100010111111101111111111110, flags=SA_RESTART|SA_SIGINFO, blocked
   SIGTRAP: crash_handler in libjvm.so, mask=11100100010111111101111111111110, flags=SA_RESTART|SA_SIGINFO, unblocked


Compilation memory statistics disabled.

Periodic native trim disabled

---------------  S Y S T E M  ---------------

OS:
DISTRIB_ID=Ubuntu
DISTRIB_RELEASE=24.04
DISTRIB_CODENAME=noble
DISTRIB_DESCRIPTION="Ubuntu 24.04.3 LTS"
uname: Linux 6.8.0-1044-azure #50~22.04.1-Ubuntu SMP Wed Dec  3 15:13:22 UTC 2025 x86_64
OS uptime: 0 days 0:52 hours
libc: glibc 2.39 NPTL 2.39 
rlimit (soft/hard): STACK 8192k/infinity , CORE infinity/infinity , NPROC infinity/infinity , NOFILE 524288/524288 , AS infinity/infinity , CPU infinity/infinity , DATA infinity/infinity , FSIZE infinity/infinity , MEMLOCK 8192k/8192k
load average: 1.70 1.41 1.38

/proc/meminfo:
MemTotal:        8135228 kB
MemFree:          152256 kB
MemAvailable:    6114324 kB
Buffers:          216992 kB
Cached:          5840072 kB
SwapCached:            0 kB
Active:          3022064 kB
Inactive:        4389220 kB
Active(anon):    1399176 kB
Inactive(anon):    28772 kB
Active(file):    1622888 kB
Inactive(file):  4360448 kB
Unevictable:       30916 kB
Mlocked:           27844 kB
SwapTotal:             0 kB
SwapFree:              0 kB
Zswap:                 0 kB
Zswapped:              0 kB
Dirty:              7424 kB
Writeback:             0 kB
AnonPages:       1362476 kB
Mapped:           680020 kB
Shmem:             64632 kB
KReclaimable:     292360 kB
Slab:             388776 kB
SReclaimable:     292360 kB
SUnreclaim:        96416 kB
KernelStack:        9216 kB
PageTables:        22136 kB
SecPageTables:         0 kB
NFS_Unstable:          0 kB
Bounce:                0 kB
WritebackTmp:          0 kB
CommitLimit:     4067612 kB
Committed_AS:    4432036 kB
VmallocTotal:   34359738367 kB
VmallocUsed:       42184 kB
VmallocChunk:          0 kB
Percpu:             1216 kB
HardwareCorrupted:     0 kB
AnonHugePages:    618496 kB
ShmemHugePages:        0 kB
ShmemPmdMapped:        0 kB
FileHugePages:         0 kB
FilePmdMapped:         0 kB
Unaccepted:            0 kB
HugePages_Total:       0
HugePages_Free:        0
HugePages_Rsvd:        0
HugePages_Surp:        0
Hugepagesize:       2048 kB
Hugetlb:               0 kB
DirectMap4k:      137152 kB
DirectMap2M:     5105664 kB
DirectMap1G:     5242880 kB

/sys/kernel/mm/transparent_hugepage/enabled: [always] madvise never
/sys/kernel/mm/transparent_hugepage/hpage_pmd_size: 2097152
/sys/kernel/mm/transparent_hugepage/shmem_enabled: always within_size advise [never] deny force
/sys/kernel/mm/transparent_hugepage/defrag (defrag/compaction efforts parameter): always defer defer+madvise [madvise] never

Process Memory:
Virtual Size: 3839980K (peak: 3839980K)
Resident Set Size: 184492K (peak: 184492K) (anon: 125876K, file: 58616K, shmem: 0K)
Swapped out: 0K
C-Heap outstanding allocations: 51253K, retained: 8922K
glibc malloc tunables: (default)

/proc/sys/kernel/threads-max (system-wide limit on the number of threads): 63498
/proc/sys/vm/max_map_count (maximum number of memory map areas a process may have): 65530
/proc/sys/vm/swappiness (control to define how aggressively the kernel swaps out anonymous memory): 60
/proc/sys/kernel/pid_max (system-wide limit on number of process identifiers): 4194304

container information not found.
Hyper-V virtualization detected
Steal ticks since vm start: 0
Steal ticks percentage since vm start:  0.000

CPU: total 2 (initial active 2) (16 cores per cpu, 2 threads per core) family 25 model 1 stepping 1 microcode 0xffffffff, cx8, cmov, fxsr, ht, mmx, 3dnowpref, sse, sse2, sse3, ssse3, sse4a, sse4.1, sse4.2, popcnt, lzcnt, tsc, tscinvbit, avx, avx2, aes, erms, clmul, bmi1, bmi2, adx, sha, fma, vzeroupper, clflush, clflushopt, clwb, hv, rdtscp, rdpid, fsrm, f16c, cet_ss
CPU Model and flags from /proc/cpuinfo:
model name	: AMD EPYC 7763 64-Core Processor
flags		: fpu vme de pse tsc msr pae mce cx8 apic sep mtrr pge mca cmov pat pse36 clflush mmx fxsr sse sse2 ht syscall nx mmxext fxsr_opt pdpe1gb rdtscp lm constant_tsc rep_good nopl tsc_reliable nonstop_tsc cpuid extd_apicid aperfmperf tsc_known_freq pni pclmulqdq ssse3 fma cx16 pcid sse4_1 sse4_2 movbe popcnt aes xsave avx f16c rdrand hypervisor lahf_lm cmp_legacy svm cr8_legacy abm sse4a misalignsse 3dnowprefetch osvw topoext vmmcall fsgsbase bmi1 avx2 smep bmi2 erms invpcid rdseed adx smap clflushopt clwb sha_ni xsaveopt xsavec xgetbv1 xsaves user_shstk clzero xsaveerptr rdpru arat npt nrip_save tsc_scale vmcb_clean flushbyasid decodeassists pausefilter pfthreshold v_vmsave_vmload umip vaes vpclmulqdq rdpid fsrm

Online cpus: 0-1
Offline cpus: 
BIOS frequency limitation: <Not Available>
Frequency switch latency (ns): <Not Available>
Available cpu frequencies: <Not Available>
Current governor: <Not Available>
Core performance/turbo boost: <Not Available>

Memory: 4k page, physical 8135228k(6114324k free), swap 0k(0k free)
Page Sizes: 4k

vm_info: OpenJDK 64-Bit Server VM (25.0.1+8-LTS) for linux-amd64 JRE (25.0.1+8-LTS), built on 2025-10-13T21:28:09Z with gcc 11.3.0

END.
