#
# A fatal error has been detected by the Java Runtime Environment:
#
#  SIGSEGV (0xb) at pc=0x00007c5edf4394f3, pid=51473, tid=51473
#
# JRE version: OpenJDK Runtime Environment Microsoft-12574222 (25.0.1+8) (build 25.0.1+8-LTS)
# Java VM: OpenJDK 64-Bit Server VM Microsoft-12574222 (25.0.1+8-LTS, mixed mode, sharing, tiered, compressed oops, compressed class ptrs, g1 gc, linux-amd64)
# Problematic frame:
# C  [_jpype.cpython-312-x86_64-linux-gnu.so+0x424f3]  JPypeException::toJava() [clone .cold]+0x5d
#
# Core dump will be written. Default location: Core dumps may be processed with "/usr/share/apport/apport -p%p -s%s -c%c -d%d -P%P -u%u -g%g -F%F -- %E" (or dumping to /workspaces/korean_reading_practice/myapp/backend/core.51473)
#
# If you would like to submit a bug report, please visit:
#   https://github.com/microsoft/openjdk/issues
# The crash happened outside the Java Virtual Machine in native code.
# See problematic frame for where to report the bug.
#

---------------  S U M M A R Y ------------

Command Line: -Dfile.encoding=UTF8 -ea -Xmx1024m 

Host: AMD EPYC 7763 64-Core Processor, 2 cores, 7G, Ubuntu 24.04.3 LTS
Time: Tue May 12 21:28:56 2026 UTC elapsed time: 0.331027 seconds (0d 0h 0m 0s)

---------------  T H R E A D  ---------------

Current thread (0x00005f6032e943a0):  JavaThread "main"             [_thread_in_native, id=51473, stack(0x00007ffdb9049000,0x00007ffdb9149000) (1024K)]

Stack: [0x00007ffdb9049000,0x00007ffdb9149000],  sp=0x00007ffdb91441e0,  free space=1004k
Native frames: (J=compiled Java code, j=interpreted, Vv=VM code, C=native code)
C  [_jpype.cpython-312-x86_64-linux-gnu.so+0x424f3]  JPypeException::toJava() [clone .cold]+0x5d
Java frames: (J=compiled Java code, j=interpreted, Vv=VM code)
j  org.jpype.manager.TypeFactoryNative.newWrapper(JJ)V+0
j  org.jpype.JPypeContext.newWrapper(J)V+16
v  ~StubRoutines::call_stub 0x00007c5ec8b38fa6

siginfo: si_signo: 11 (SIGSEGV), si_code: 1 (SEGV_MAPERR), si_addr: 0x0000000000000000

Registers:
RAX=0x00007c5ee098d7d8, RBX=0x00005f60339c7b50, RCX=0x00007c5ee09848d0, RDX=0x00000005f6032e75
RSP=0x00007ffdb91441e0, RBP=0x0000000000000000, RSI=0x0000000000000000, RDI=0x00007ffdb9144168
R8 =0x00005f60315be010, R9 =0x0000000000000007, R10=0x00005f6032e75b70, R11=0xe8838c48f9558b84
R12=0x00007ffdb91441f0, R13=0x00005f60339c7bb8, R14=0x00007ffdb91441e8, R15=0x00005f6032e943a0
RIP=0x00007c5edf4394f3, EFLAGS=0x0000000000010202, CSGSFS=0x002b000000000033, ERR=0x0000000000000006
  TRAPNO=0x000000000000000e

XMM[0]=0x0000000000000000 0x00007c5ee2f8a563
XMM[1]=0x00007c5ee2f8a563 0x00007c5ee2f8a563
XMM[2]=0xffffffffffffffff 0xffffffffffffffff
XMM[3]=0xffffffffffffffff 0xffffffffffffffff
XMM[4]=0xffffffffffffffff 0xffffffffffffffff
XMM[5]=0xffffffffffffffff 0xffffffffffffffff
XMM[6]=0xffffffffffffffff 0xffffffffffffffff
XMM[7]=0xffffffffffffffff 0xffffffffffffffff
XMM[8]=0x0000000000f700f3 0x0000000000f600f2
XMM[9]=0x00000000000000f3 0x00000000000000f2
XMM[10]=0x000000000000000c 0x000000000000000c
XMM[11]=0x000000000000000a 0x000000000000000a
XMM[12]=0x0000000000000008 0x0000000000000008
XMM[13]=0x0000000000000006 0x0000000000000006
XMM[14]=0x0000000000000004 0x0000000000000004
XMM[15]=0x0000000000000002 0x0000000000000002
  MXCSR=0x00001fa2


Register to memory mapping:

RAX=0x00007c5ee098d7d8: <offset 0x000000000027a7d8> in /lib/x86_64-linux-gnu/libstdc++.so.6 at 0x00007c5ee0713000
RBX=0x00005f60339c7b50 points into unknown readable memory: 0x00007c5edf4afa38 | 38 fa 4a df 5e 7c 00 00
RCX=0x00007c5ee09848d0: <offset 0x00000000002718d0> in /lib/x86_64-linux-gnu/libstdc++.so.6 at 0x00007c5ee0713000
RDX=0x00000005f6032e75 is an unknown value
RSP=0x00007ffdb91441e0 is pointing into the stack for thread: 0x00005f6032e943a0
RBP=0x0 is null
RSI=0x0 is null
RDI=0x00007ffdb9144168 is pointing into the stack for thread: 0x00005f6032e943a0
R8 =0x00005f60315be010 points into unknown readable memory: 0x0001000100010005 | 05 00 01 00 01 00 01 00
R9 =0x0000000000000007 is an unknown value
R10=0x00005f6032e75b70 points into unknown readable memory: 0x00000005f6032e75 | 75 2e 03 f6 05 00 00 00
R11=0xe8838c48f9558b84 is an unknown value
R12=0x00007ffdb91441f0 is pointing into the stack for thread: 0x00005f6032e943a0
R13=0x00005f60339c7bb8 points into unknown readable memory: 0x00000000656e6f4e | 4e 6f 6e 65 00 00 00 00
R14=0x00007ffdb91441e8 is pointing into the stack for thread: 0x00005f6032e943a0
R15=0x00005f6032e943a0 is a thread

Top of Stack: (sp=0x00007ffdb91441e0)
0x00007ffdb91441e0:   0000003100000001 00007c5edf4887a0   ....1.....H.^|..
0x00007ffdb91441f0:   00007c5edf488763 00007ffdb9140000   c.H.^|..........
0x00007ffdb9144200:   00007ffdb9144348 00007c5ee07cd0f4   HC........|.^|..
0x00007ffdb9144210:   00007c5e9c40ac08 00007ffdb9144260   ..@.^|..`B......
0x00007ffdb9144220:   00005f60339c79a0 00007ffdb9144258   .y.3`_..XB......
0x00007ffdb9144230:   00007ffdb9144348 00007c5edf43c9e8   HC........C.^|..
0x00007ffdb9144240:   00007ffdb9144260 00007c5edf43ca4b   `B......K.C.^|..
0x00007ffdb9144250:   00007ffd00001fa2 0000000000000001   ................
0x00007ffdb9144260:   00005f6032e94840 00007ffdb9140000   @H.2`_..........
0x00007ffdb9144270:   00007ffdb9144308 0000000000000000   .C..............
0x00007ffdb9144280:   00007c5e9c40ac08 00007c5ec8b44f85   ..@.^|...O..^|..
0x00007ffdb9144290:   00007ffd0000000b 00007ffdb91444f0   .........D......
0x00007ffdb91442a0:   00007ffdb91444f8 00000000ffffffff   .D..............
0x00007ffdb91442b0:   00005f6032e943a0 00007ffdb91442f0   .C.2`_...B......
0x00007ffdb91442c0:   fffffffffffffff7 0000000000000000   ................
0x00007ffdb91442d0:   0000000000000008 00007c5e9c40b288   ..........@.^|..
0x00007ffdb91442e0:   0000000000000000 00000000c0062088   ......... ......
0x00007ffdb91442f0:   00007c5e9c40ac08 0000000000000000   ..@.^|..........
0x00007ffdb9144300:   00007ffdb9144328 00007ffdb91443a8   (C.......C......
0x00007ffdb9144310:   00007c5ec8b40936 0000000000000000   6...^|..........
0x00007ffdb9144320:   00007c5ec8b42437 00005f6033820110   7$..^|.....3`_..
0x00007ffdb9144330:   0000000000000000 00005f603297beb0   ...........2`_..
0x00007ffdb9144340:   0000000000000000 00000000c0062150   ........P!......
0x00007ffdb9144350:   00000000c0062150 00000000c0062150   P!......P!......
0x00007ffdb9144360:   fffffffffffffff5 00007c5e9c40eaa0   ..........@.^|..
0x00007ffdb9144370:   0000000000000006 00007c5e9c40a968   ........h.@.^|..
0x00007ffdb9144380:   0000000000000000 00000000c00612f0   ................
0x00007ffdb9144390:   00007c5e9c40eac8 fffffffffffffff0   ..@.^|..........
0x00007ffdb91443a0:   00007ffdb91443c8 00007ffdb9144440   .C......@D......
0x00007ffdb91443b0:   00007c5ec8b38fa6 0000000000000000   ....^|..........
0x00007ffdb91443c0:   00000000c0062150 00005f6033820110   P!.........3`_..
0x00007ffdb91443d0:   00005f60337596e0 00000000c0061958   ..u3`_..X.......

Instructions: (pc=0x00007c5edf4394f3)
  0x00007c5edf4393f3:   ff ff 48 8b 54 24 30 48 8b 4c 24 38 49 89 c7 48
  0x00007c5edf439403:   89 94 24 90 00 00 00 48 8b 52 e8 48 89 8c 14 90
  0x00007c5edf439413:   00 00 00 48 c7 84 24 98 00 00 00 00 00 00 00 e9
  0x00007c5edf439423:   56 fe ff ff 4c 89 ff e8 21 9c ff ff e9 46 fd ff
  0x00007c5edf439433:   ff 4c 89 f7 48 89 c3 48 89 d5 e8 fe a6 ff ff eb
  0x00007c5edf439443:   a1 ff d0 48 8d 3d 65 ee 04 00 48 89 c6 e8 fb 90
  0x00007c5edf439453:   ff ff e9 27 ff ff ff 48 89 c7 48 89 d0 e9 ab fe
  0x00007c5edf439463:   ff ff 48 8b 7c 24 60 e8 71 00 02 00 49 8d 74 24
  0x00007c5edf439473:   08 4c 89 f7 e8 94 af ff ff e9 fc fd ff ff e8 ca
  0x00007c5edf439483:   b8 ff ff 48 89 c5 e8 f2 b3 ff ff 48 89 ef e8 ba
  0x00007c5edf439493:   b8 ff ff 4c 89 f7 e8 f2 a1 ff ff 4c 89 e7 e8 4a
  0x00007c5edf4394a3:   a7 ff ff 48 89 df 48 83 ed 01 75 59 e8 2c b6 ff
  0x00007c5edf4394b3:   ff 48 8d 3d 9d ee 04 00 48 89 c3 e8 5d 98 ff ff
  0x00007c5edf4394c3:   48 8b 43 20 48 8d 74 24 10 48 8d 7c 24 08 48 8b
  0x00007c5edf4394d3:   50 08 48 8b 08 8b 40 10 48 89 54 24 08 48 8d 54
  0x00007c5edf4394e3:   24 04 89 44 24 04 48 89 4c 24 10 e8 ed 98 ff ff
=>0x00007c5edf4394f3:   c7 04 25 00 00 00 00 00 00 00 00 e8 7d b3 ff ff
  0x00007c5edf439503:   e9 b9 fe 01 00 e8 d3 b5 ff ff 48 8d 3d 44 ee 04
  0x00007c5edf439513:   00 e8 07 98 ff ff c7 04 25 00 00 00 00 00 00 00
  0x00007c5edf439523:   00 e8 57 b3 ff ff e9 93 fe 01 00 4c 89 f7 e8 5a
  0x00007c5edf439533:   a1 ff ff e9 63 ff ff ff 48 89 c3 48 89 d5 e8 3a
  0x00007c5edf439543:   b3 ff ff 48 89 df 48 89 e8 48 83 e8 01 75 52 e8
  0x00007c5edf439553:   89 b5 ff ff 48 8d 74 24 10 c7 44 24 20 b8 01 00
  0x00007c5edf439563:   00 48 89 c7 48 8d 05 75 ed 04 00 48 89 44 24 10
  0x00007c5edf439573:   48 8d 05 be ed 04 00 48 89 44 24 18 e8 5c 94 ff
  0x00007c5edf439583:   ff e8 17 93 ff ff 48 89 c7 48 89 d0 eb bb 48 89
  0x00007c5edf439593:   c3 48 89 d5 e8 e4 b2 ff ff 48 89 df 48 89 e8 eb
  0x00007c5edf4395a3:   a8 e8 a7 b7 ff ff 48 89 c5 e8 cf b2 ff ff 48 89
  0x00007c5edf4395b3:   ef e8 97 b7 ff ff 90 48 8b 73 18 48 85 f6 74 0f
  0x00007c5edf4395c3:   48 8b 05 ee 98 07 00 48 8b 38 e8 0e 93 ff ff 4c
  0x00007c5edf4395d3:   89 f7 e8 76 9a ff ff 48 89 ef e8 6e b7 ff ff 48
  0x00007c5edf4395e3:   89 ef e8 06 a6 ff ff 48 89 df 4c 89 e0 48 83 e8


Stack slot to memory mapping:

stack at sp + 0 slots: 0x0000003100000001 is an unknown value
stack at sp + 1 slots: 0x00007c5edf4887a0: <offset 0x00000000000917a0> in /usr/local/python/3.12.1/lib/python3.12/site-packages/_jpype.cpython-312-x86_64-linux-gnu.so at 0x00007c5edf3f7000
stack at sp + 2 slots: 0x00007c5edf488763: <offset 0x0000000000091763> in /usr/local/python/3.12.1/lib/python3.12/site-packages/_jpype.cpython-312-x86_64-linux-gnu.so at 0x00007c5edf3f7000
stack at sp + 3 slots: 0x00007ffdb9140000 is pointing into the stack for thread: 0x00005f6032e943a0
stack at sp + 4 slots: 0x00007ffdb9144348 is pointing into the stack for thread: 0x00005f6032e943a0
stack at sp + 5 slots: 0x00007c5ee07cd0f4: __cxa_get_globals+0x0000000000000014 in /lib/x86_64-linux-gnu/libstdc++.so.6 at 0x00007c5ee0713000
stack at sp + 6 slots: {method} {0x00007c5e9c40ac08} 'newWrapper' '(JJ)V' in 'org/jpype/manager/TypeFactoryNative'
stack at sp + 7 slots: 0x00007ffdb9144260 is pointing into the stack for thread: 0x00005f6032e943a0

Lock stack of current Java thread (top to bottom):
LockStack[0]: org.jpype.manager.TypeFactoryNative 
{0x00000000c0062150} - klass: 'org/jpype/manager/TypeFactoryNative' - flags: 

 - ---- fields (total size 3 words):
 - public 'context' 'J' @16  0 (0x0000000000000000)


---------------  P R O C E S S  ---------------

Threads class SMR info:
_java_thread_list=0x00007c5e80001900, length=11, elements={
0x00005f6032e943a0, 0x00005f6033762360, 0x00005f6033763c10, 0x00005f60337656e0,
0x00005f6033767080, 0x00005f6033768980, 0x00005f603376a750, 0x00005f603376c1c0,
0x00005f6033797cf0, 0x00005f6033799e30, 0x00007c5e8c001030
}

Java Threads: ( => current thread )
=>0x00005f6032e943a0 JavaThread "main"                              [_thread_in_native, id=51473, stack(0x00007ffdb9049000,0x00007ffdb9149000) (1024K)]
  0x00005f6033762360 JavaThread "Reference Handler"          daemon [_thread_blocked, id=51532, stack(0x00007c5ebd6fc000,0x00007c5ebd7fc000) (1024K)]
  0x00005f6033763c10 JavaThread "Finalizer"                  daemon [_thread_blocked, id=51533, stack(0x00007c5ebd5fb000,0x00007c5ebd6fb000) (1024K)]
  0x00005f60337656e0 JavaThread "Signal Dispatcher"          daemon [_thread_blocked, id=51534, stack(0x00007c5ebd4fa000,0x00007c5ebd5fa000) (1024K)]
  0x00005f6033767080 JavaThread "Service Thread"             daemon [_thread_blocked, id=51535, stack(0x00007c5ebd3f9000,0x00007c5ebd4f9000) (1024K)]
  0x00005f6033768980 JavaThread "Monitor Deflation Thread"   daemon [_thread_blocked, id=51536, stack(0x00007c5ebd2f8000,0x00007c5ebd3f8000) (1024K)]
  0x00005f603376a750 JavaThread "C2 CompilerThread0"         daemon [_thread_blocked, id=51537, stack(0x00007c5ebd1f7000,0x00007c5ebd2f7000) (1024K)]
  0x00005f603376c1c0 JavaThread "C1 CompilerThread0"         daemon [_thread_blocked, id=51538, stack(0x00007c5ebd0f6000,0x00007c5ebd1f6000) (1024K)]
  0x00005f6033797cf0 JavaThread "Notification Thread"        daemon [_thread_blocked, id=51539, stack(0x00007c5ebcff5000,0x00007c5ebd0f5000) (1024K)]
  0x00005f6033799e30 JavaThread "Common-Cleaner"             daemon [_thread_blocked, id=51540, stack(0x00007c5ebcef4000,0x00007c5ebcff4000) (1024K)]
  0x00007c5e8c001030 JavaThread "SIGTERM handler"            daemon [_thread_blocked, id=51543, stack(0x00007c5ebcbf1000,0x00007c5ebccf1000) (1024K)]
Total: 11

Other Threads:
  0x00005f60337574d0 VMThread "VM Thread"                           [id=51531, stack(0x00007c5ebd7fd000,0x00007c5ebd8fd000) (1024K)]
  0x00005f6033748530 WatcherThread "VM Periodic Task Thread"        [id=51530, stack(0x00007c5ebd8fe000,0x00007c5ebd9fe000) (1024K)]
  0x00005f60330796b0 WorkerThread "GC Thread#0"                     [id=51524, stack(0x00007c5ebff00000,0x00007c5ec0000000) (1024K)]
  0x00007c5ea4000fc0 WorkerThread "GC Thread#1"                     [id=51542, stack(0x00007c5ebccf2000,0x00007c5ebcdf2000) (1024K)]
  0x00005f603307a290 ConcurrentGCThread "G1 Main Marker"            [id=51525, stack(0x00007c5ebfdff000,0x00007c5ebfeff000) (1024K)]
  0x00005f603307a730 WorkerThread "G1 Conc#0"                       [id=51526, stack(0x00007c5ebfcfe000,0x00007c5ebfdfe000) (1024K)]
  0x00005f6033619210 ConcurrentGCThread "G1 Refine#0"               [id=51527, stack(0x00007c5ebdb00000,0x00007c5ebdc00000) (1024K)]
  0x00005f603361a3b0 ConcurrentGCThread "G1 Service"                [id=51528, stack(0x00007c5ebd9ff000,0x00007c5ebdaff000) (1024K)]
Total: 8

Threads with active compile tasks:
Total: 0

VM state: not at safepoint (normal execution)

VM Mutex/Monitor currently owned by a thread: None

Heap address: 0x00000000c0000000, size: 1024 MB, Compressed Oops mode: 32-bit

CDS archive(s) mapped at: [0x000000002e000000-0x000000002ed8c000-0x000000002ed8c000), size 14204928, SharedBaseAddress: 0x000000002e000000, ArchiveRelocationMode: 1.
Compressed class space mapped at: 0x000000002f000000-0x000000006f000000, reserved size: 1073741824
UseCompressedClassPointers 1, UseCompactObjectHeaders 0
Narrow klass pointer bits 32, Max shift 3
Narrow klass base: 0x000000002e000000, Narrow klass shift: 0
Encoding Range: [0x000000002e000000 - 0x000000012e000000), (4294967296 bytes)
Klass Range:    [0x000000002e001000 - 0x000000006f000000), (1090514944 bytes)
Klass ID Range:  [4096 - 1090519033) (1090514937)
Protection zone: [0x000000002e000000 - 0x000000002e001000), (4096 bytes)

GC Precious Log:
 CardTable entry size: 512
 Card Set container configuration: InlinePtr #cards 5 size 8 Array Of Cards #cards 10 size 36 Howl #buckets 4 coarsen threshold 1843 Howl Bitmap #cards 512 size 80 coarsen threshold 460 Card regions per heap region 1 cards per card region 2048
 CPUs: 2 total, 2 available
 Memory: 7944M
 Large Page Support: Disabled
 NUMA Support: Disabled
 Compressed Oops: Enabled (32-bit)
 Heap Region Size: 1M
 Heap Min Capacity: 8M
 Heap Initial Capacity: 126M
 Heap Max Capacity: 1G
 Pre-touch: Disabled
 Parallel Workers: 2
 Concurrent Workers: 1
 Concurrent Refinement Workers: 2
 Periodic GC: Disabled
 G1 Time-Based Heap Sizing enabled (uncommit-only)
 Evaluation Interval: 60s, Uncommit Delay: 300s, Min Regions To Uncommit: 10

Heap:
 garbage-first heap   total reserved 1048576K, committed 10240K, used 2113K [0x00000000c0000000, 0x0000000100000000)
  region size 1024K, 1 young (1024K), 0 survivors (0K)

Heap Regions: E=young(eden), S=young(survivor), O=old, HS=humongous(starts), HC=humongous(continues), CS=collection set, F=free, TAMS=top-at-mark-start, PB=parsable bottom
|   0|0x00000000c0000000, 0x00000000c0084258, 0x00000000c0100000| 51%| O|  |TAMS 0x00000000c0000000| PB 0x00000000c0000000| Untracked |  0
|   1|0x00000000c0100000, 0x00000000c018c1a8, 0x00000000c0200000| 54%| O|  |TAMS 0x00000000c0100000| PB 0x00000000c0100000| Untracked |  0
|   2|0x00000000c0200000, 0x00000000c0200000, 0x00000000c0300000|  0%| F|  |TAMS 0x00000000c0200000| PB 0x00000000c0200000| Untracked |  0
|   3|0x00000000c0300000, 0x00000000c0300000, 0x00000000c0400000|  0%| F|  |TAMS 0x00000000c0300000| PB 0x00000000c0300000| Untracked |  0
|   4|0x00000000c0400000, 0x00000000c0400000, 0x00000000c0500000|  0%| F|  |TAMS 0x00000000c0400000| PB 0x00000000c0400000| Untracked |  0
|   5|0x00000000c0500000, 0x00000000c0500000, 0x00000000c0600000|  0%| F|  |TAMS 0x00000000c0500000| PB 0x00000000c0500000| Untracked |  0
|   6|0x00000000c0600000, 0x00000000c0600000, 0x00000000c0700000|  0%| F|  |TAMS 0x00000000c0600000| PB 0x00000000c0600000| Untracked |  0
|   7|0x00000000c0700000, 0x00000000c0700000, 0x00000000c0800000|  0%| F|  |TAMS 0x00000000c0700000| PB 0x00000000c0700000| Untracked |  0
|   8|0x00000000c0800000, 0x00000000c08e6820, 0x00000000c0900000| 90%| E|  |TAMS 0x00000000c0800000| PB 0x00000000c0800000| Complete |  0
|1022|0x00000000ffe00000, 0x00000000fff00000, 0x00000000fff00000|100%| O|  |TAMS 0x00000000ffe00000| PB 0x00000000ffe00000| Untracked |  0

Card table byte_map: [0x00007c5ec1000000,0x00007c5ec1200000] _byte_map_base: 0x00007c5ec0a00000

Marking Bits: (CMBitMap*) 0x00005f6033079b50
 Bits: [0x00007c5ec0000000, 0x00007c5ec1000000)

Polling page: 0x00007c5ee24f0000

Metaspace:
Metaspace        used 1835K, committed 1984K, reserved 1114112K
 class space     used 134K, committed 192K, reserved 1048576K

Usage:
  Non-class:      1.66 MB used.
      Class:    134.28 KB used.
       Both:      1.79 MB used.

Virtual space:
  Non-class space:       64.00 MB reserved,       1.75 MB (  3%) committed,  1 nodes.
      Class space:        1.00 GB reserved,     192.00 KB ( <1%) committed,  1 nodes.
             Both:        1.06 GB reserved,       1.94 MB ( <1%) committed. 

Chunk freelists:
   Non-Class:  11.83 MB
       Class:  15.70 MB
        Both:  27.53 MB

MaxMetaspaceSize: unlimited
CompressedClassSpaceSize: 1.00 GB
Initial GC threshold: 21.00 MB
Current GC threshold: 21.00 MB
CDS: on
 - commit_granule_bytes: 65536.
 - commit_granule_words: 8192.
 - virtual_space_node_default_size: 8388608.
 - enlarge_chunks_in_place: 1.
UseCompressedClassPointers 1, UseCompactObjectHeaders 0
Narrow klass pointer bits 32, Max shift 3
Narrow klass base: 0x000000002e000000, Narrow klass shift: 0
Encoding Range: [0x000000002e000000 - 0x000000012e000000), (4294967296 bytes)
Klass Range:    [0x000000002e001000 - 0x000000006f000000), (1090514944 bytes)
Klass ID Range:  [4096 - 1090519033) (1090514937)
Protection zone: [0x000000002e000000 - 0x000000002e001000), (4096 bytes)


Internal statistics:

num_allocs_failed_limit: 0.
num_arena_births: 46.
num_arena_deaths: 0.
num_vsnodes_births: 2.
num_vsnodes_deaths: 0.
num_space_committed: 31.
num_space_uncommitted: 0.
num_chunks_returned_to_freelist: 0.
num_chunks_taken_from_freelist: 69.
num_chunk_merges: 0.
num_chunk_splits: 41.
num_chunks_enlarged: 17.
num_inconsistent_stats: 0.

CodeHeap 'non-profiled nmethods': size=120040Kb used=144Kb max_used=144Kb free=119895Kb
 bounds [0x00007c5ec90c6000, 0x00007c5ec9336000, 0x00007c5ed0600000]
CodeHeap 'profiled nmethods': size=120032Kb used=914Kb max_used=914Kb free=119117Kb
 bounds [0x00007c5ec1600000, 0x00007c5ec1870000, 0x00007c5ec8b38000]
CodeHeap 'non-nmethods': size=5688Kb used=1326Kb max_used=1339Kb free=4361Kb
 bounds [0x00007c5ec8b38000, 0x00007c5ec8da8000, 0x00007c5ec90c6000]
CodeCache: size=245760Kb, used=2384Kb, max_used=2397Kb, free=243373Kb
 total_blobs=1114, nmethods=704, adapters=315, full_count=0
Compilation: enabled, stopped_count=0, restarted_count=0

Compilation events (20 events):
Event: 0.308 Thread 0x00005f603376c1c0  428       1       java.lang.invoke.MethodTypeForm::parameterSlotCount (5 bytes)
Event: 0.308 Thread 0x00005f603376c1c0 nmethod 428 0x00007c5ec90e8288 code [0x00007c5ec90e8380, 0x00007c5ec90e8440]
Event: 0.308 Thread 0x00005f603376c1c0  565       1       jdk.internal.classfile.impl.BufWriterImpl::thisClass (5 bytes)
Event: 0.308 Thread 0x00005f603376c1c0 nmethod 565 0x00007c5ec90e8588 code [0x00007c5ec90e8680, 0x00007c5ec90e8740]
Event: 0.308 Thread 0x00005f603376c1c0  566       1       jdk.internal.classfile.impl.DirectMethodBuilder::methodName (5 bytes)
Event: 0.308 Thread 0x00005f603376c1c0 nmethod 566 0x00007c5ec90e8888 code [0x00007c5ec90e8980, 0x00007c5ec90e8a40]
Event: 0.308 Thread 0x00005f603376c1c0  645       1       jdk.internal.classfile.impl.StackMapDecoder$StackMapFrameImpl::locals (5 bytes)
Event: 0.308 Thread 0x00005f603376c1c0 nmethod 645 0x00007c5ec90e8b88 code [0x00007c5ec90e8c80, 0x00007c5ec90e8d40]
Event: 0.308 Thread 0x00005f603376c1c0  646       1       jdk.internal.classfile.impl.StackMapDecoder$StackMapFrameImpl::target (5 bytes)
Event: 0.308 Thread 0x00005f603376c1c0 nmethod 646 0x00007c5ec90e8e88 code [0x00007c5ec90e8f80, 0x00007c5ec90e9040]
Event: 0.308 Thread 0x00005f603376c1c0  441       1       jdk.internal.constant.PrimitiveClassDescImpl::descriptorString (5 bytes)
Event: 0.309 Thread 0x00005f603376c1c0 nmethod 441 0x00007c5ec90e9188 code [0x00007c5ec90e9280, 0x00007c5ec90e9340]
Event: 0.309 Thread 0x00005f603376c1c0  644       1       jdk.internal.classfile.impl.AbstractPseudoInstruction$ExceptionCatchImpl::catchTypeEntry (5 bytes)
Event: 0.309 Thread 0x00005f603376c1c0 nmethod 644 0x00007c5ec90e9488 code [0x00007c5ec90e9580, 0x00007c5ec90e9640]
Event: 0.309 Thread 0x00005f603376c1c0  650       1       java.lang.classfile.TypeKind::slotSize (5 bytes)
Event: 0.309 Thread 0x00005f603376c1c0 nmethod 650 0x00007c5ec90e9788 code [0x00007c5ec90e9880, 0x00007c5ec90e9940]
Event: 0.309 Thread 0x00005f603376c1c0  647       1       jdk.internal.classfile.impl.BufWriterImpl::constantPool (5 bytes)
Event: 0.309 Thread 0x00005f603376c1c0 nmethod 647 0x00007c5ec90e9a88 code [0x00007c5ec90e9b80, 0x00007c5ec90e9c40]
Event: 0.309 Thread 0x00005f603376c1c0  648       1       jdk.internal.classfile.impl.AbstractAttributeMapper::name (5 bytes)
Event: 0.309 Thread 0x00005f603376c1c0 nmethod 648 0x00007c5ec90e9d88 code [0x00007c5ec90e9e80, 0x00007c5ec90e9f40]

GC Heap Usage History (2 events):
Event: 0.251 {heap Before GC invocations=0 (full 0):
 garbage-first heap   total reserved 1048576K, committed 131072K, used 6275K [0x00000000c0000000, 0x0000000100000000)
  region size 1024K, 6 young (6144K), 0 survivors (0K)
}
Event: 0.260 {heap After GC invocations=1 (full 1):
 garbage-first heap   total reserved 1048576K, committed 10240K, used 2113K [0x00000000c0000000, 0x0000000100000000)
  region size 1024K, 0 young (0K), 0 survivors (0K)
}

Metaspace Usage History (2 events):
Event: 0.251 {metaspace Before GC invocations=0 (full 0):
 Metaspace       used 1646K, committed 1792K, reserved 1114112K
  class space    used 120K, committed 192K, reserved 1048576K
}
Event: 0.260 {metaspace After GC invocations=1 (full 1):
 Metaspace       used 1646K, committed 1792K, reserved 1114112K
  class space    used 120K, committed 192K, reserved 1048576K
}

Dll operation events (6 events):
Event: 0.002 Loaded shared library /usr/local/sdkman/candidates/java/25.0.1-ms/lib/libjava.so
Event: 0.017 Loaded shared library /usr/local/sdkman/candidates/java/25.0.1-ms/lib/libsimdsort.so
Event: 0.028 Loaded shared library /usr/local/sdkman/candidates/java/25.0.1-ms/lib/libnio.so
Event: 0.032 Loaded shared library /usr/local/sdkman/candidates/java/25.0.1-ms/lib/libzip.so
Event: 0.091 Loaded shared library /usr/local/python/3.12.1/lib/python3.12/site-packages/_jpype.cpython-312-x86_64-linux-gnu.so
Event: 0.127 Loaded shared library /usr/local/sdkman/candidates/java/25.0.1-ms/lib/libjimage.so

Deoptimization events (8 events):
Event: 0.052 Thread 0x00005f6032e943a0 Uncommon trap: trap_request=0xffffff45 fr.pc=0x00007c5ec90c95f8 relative=0x0000000000000078
Event: 0.052 Thread 0x00005f6032e943a0 Uncommon trap: reason=unstable_if action=reinterpret pc=0x00007c5ec90c95f8 method=jdk.internal.misc.Unsafe.convEndian(ZS)S @ 4 c2
Event: 0.052 Thread 0x00005f6032e943a0 DEOPT PACKING pc=0x00007c5ec90c95f8 sp=0x00007ffdb91436d0
Event: 0.052 Thread 0x00005f6032e943a0 DEOPT UNPACKING pc=0x00007c5ec8c57b79 sp=0x00007ffdb9143620 mode 2
Event: 0.085 Thread 0x00005f6032e943a0 Uncommon trap: trap_request=0xffffff45 fr.pc=0x00007c5ec90c92f8 relative=0x0000000000000078
Event: 0.085 Thread 0x00005f6032e943a0 Uncommon trap: reason=unstable_if action=reinterpret pc=0x00007c5ec90c92f8 method=jdk.internal.misc.Unsafe.convEndian(ZI)I @ 4 c2
Event: 0.085 Thread 0x00005f6032e943a0 DEOPT PACKING pc=0x00007c5ec90c92f8 sp=0x00007ffdb9143030
Event: 0.085 Thread 0x00005f6032e943a0 DEOPT UNPACKING pc=0x00007c5ec8c57b79 sp=0x00007ffdb9142f80 mode 2

Classes loaded (20 events):
Event: 0.276 Loading class jdk/internal/logger/LazyLoggers$LazyLoggerAccessor
Event: 0.276 Loading class jdk/internal/logger/LazyLoggers$LoggerAccessor
Event: 0.276 Loading class jdk/internal/logger/LazyLoggers$LoggerAccessor done
Event: 0.276 Loading class jdk/internal/logger/LazyLoggers$LazyLoggerAccessor done
Event: 0.276 Loading class java/lang/System$Logger$Level
Event: 0.276 Loading class java/lang/System$Logger$Level done
Event: 0.277 Loading class jdk/internal/logger/SurrogateLogger
Event: 0.277 Loading class jdk/internal/logger/SimpleConsoleLogger
Event: 0.277 Loading class sun/util/logging/PlatformLogger$ConfigurableBridge$LoggerConfiguration
Event: 0.277 Loading class sun/util/logging/PlatformLogger$ConfigurableBridge$LoggerConfiguration done
Event: 0.277 Loading class jdk/internal/logger/SimpleConsoleLogger done
Event: 0.277 Loading class jdk/internal/logger/SurrogateLogger done
Event: 0.280 Loading class sun/util/logging/PlatformLogger
Event: 0.280 Loading class sun/util/logging/PlatformLogger done
Event: 0.280 Loading class sun/util/logging/PlatformLogger$Level
Event: 0.280 Loading class sun/util/logging/PlatformLogger$Level done
Event: 0.282 Loading class jdk/internal/event/ThreadSleepEvent
Event: 0.282 Loading class jdk/internal/event/Event
Event: 0.282 Loading class jdk/internal/event/Event done
Event: 0.282 Loading class jdk/internal/event/ThreadSleepEvent done

Classes unloaded (0 events):
No events

Classes redefined (0 events):
No events

Internal exceptions (13 events):
Event: 0.073 Thread 0x00005f6032e943a0 Exception <a 'java/lang/NoSuchMethodError'{0x00000000c7c83670}: 'void java.lang.invoke.DirectMethodHandle$Holder.invokeSpecial(java.lang.Object, java.lang.Object, java.lang.Object)'> (0x00000000c7c83670) 
thrown [src/hotspot/share/interpreter/linkResolver.cpp, line 803]
Event: 0.094 Thread 0x00005f6032e943a0 Exception <a 'java/lang/NoSuchMethodError'{0x00000000c7b06850}: 'int java.lang.invoke.DirectMethodHandle$Holder.invokeStaticInit(java.lang.Object, java.lang.Object)'> (0x00000000c7b06850) 
thrown [src/hotspot/share/interpreter/linkResolver.cpp, line 803]
Event: 0.095 Thread 0x00005f6032e943a0 Exception <a 'java/lang/NoSuchMethodError'{0x00000000c7b163f0}: 'java.lang.Object java.lang.invoke.DirectMethodHandle$Holder.invokeStaticInit(java.lang.Object, int)'> (0x00000000c7b163f0) 
thrown [src/hotspot/share/interpreter/linkResolver.cpp, line 803]
Event: 0.099 Thread 0x00005f6032e943a0 Exception <a 'java/lang/NoSuchMethodError'{0x00000000c7b3cb30}: 'java.lang.Object java.lang.invoke.DirectMethodHandle$Holder.newInvokeSpecial(java.lang.Object, java.lang.Object, java.lang.Object, java.lang.Object, java.lang.Object)'> (0x00000000c7b3cb30) 
thrown [src/hotspot/share/interpreter/linkResolver.cpp, line 803]
Event: 0.100 Thread 0x00005f6032e943a0 Exception <a 'java/lang/NoSuchMethodError'{0x00000000c7b94458}: 'void java.lang.invoke.DirectMethodHandle$Holder.invokeStatic(java.lang.Object, java.lang.Object, java.lang.Object, java.lang.Object)'> (0x00000000c7b94458) 
thrown [src/hotspot/share/interpreter/linkResolver.cpp, line 803]
Event: 0.102 Thread 0x00005f6032e943a0 Exception <a 'java/lang/NoSuchMethodError'{0x00000000c7bada68}: 'void java.lang.invoke.DirectMethodHandle$Holder.invokeStatic(java.lang.Object, java.lang.Object, java.lang.Object)'> (0x00000000c7bada68) 
thrown [src/hotspot/share/interpreter/linkResolver.cpp, line 803]
Event: 0.107 Thread 0x00005f6032e943a0 Exception <a 'java/lang/NoSuchMethodError'{0x00000000c7bd7708}: 'java.lang.Object java.lang.invoke.DirectMethodHandle$Holder.invokeInterface(java.lang.Object, java.lang.Object)'> (0x00000000c7bd7708) 
thrown [src/hotspot/share/interpreter/linkResolver.cpp, line 803]
Event: 0.108 Thread 0x00005f6032e943a0 Exception <a 'java/lang/IncompatibleClassChangeError'{0x00000000c7bdfb88}: Found class java.lang.Object, but interface was expected> (0x00000000c7bdfb88) 
thrown [src/hotspot/share/interpreter/linkResolver.cpp, line 871]
Event: 0.108 Thread 0x00005f6032e943a0 Exception <a 'java/lang/NoSuchMethodError'{0x00000000c7be7d80}: 'void java.lang.invoke.DirectMethodHandle$Holder.invokeStatic(java.lang.Object, java.lang.Object)'> (0x00000000c7be7d80) 
thrown [src/hotspot/share/interpreter/linkResolver.cpp, line 803]
Event: 0.111 Thread 0x00005f6032e943a0 Exception <a 'java/lang/NoSuchMethodError'{0x00000000c7bfb7d0}: 'java.lang.Object java.lang.invoke.Invokers$Holder.invokeExact_MT(java.lang.Object, java.lang.Object, java.lang.Object, java.lang.Object, java.lang.Object)'> (0x00000000c7bfb7d0) 
thrown [src/hotspot/share/interpreter/linkResolver.cpp, line 803]
Event: 0.114 Thread 0x00005f6032e943a0 Exception <a 'java/lang/NoSuchMethodError'{0x00000000c7a17a38}: 'int java.lang.invoke.Invokers$Holder.invokeExact_MT(java.lang.Object, java.lang.Object, java.lang.Object)'> (0x00000000c7a17a38) 
thrown [src/hotspot/share/interpreter/linkResolver.cpp, line 803]
Event: 0.131 Thread 0x00005f6032e943a0 Exception <a 'java/lang/NoSuchMethodError'{0x00000000c7a8dbd8}: 'java.lang.Object java.lang.invoke.DirectMethodHandle$Holder.invokeStaticInit(java.lang.Object)'> (0x00000000c7a8dbd8) 
thrown [src/hotspot/share/interpreter/linkResolver.cpp, line 803]
Event: 0.170 Thread 0x00005f6032e943a0 Exception <a 'java/lang/IncompatibleClassChangeError'{0x00000000c7914170}: Found class java.lang.Object, but interface was expected> (0x00000000c7914170) 
thrown [src/hotspot/share/interpreter/linkResolver.cpp, line 871]

VM Operations (4 events):
Event: 0.251 Executing safepoint VM operation: G1CollectFull (System.gc())
Event: 0.260 Executing safepoint VM operation: G1CollectFull (System.gc()) done
Event: 0.287 Executing safepoint VM operation: ThreadDump
Event: 0.290 Executing safepoint VM operation: ThreadDump done

Memory protections (15 events):
Event: 0.002 Protecting memory [0x00007ffdb9049000,0x00007ffdb904d000] with protection modes 0
Event: 0.009 Protecting memory [0x000000002e000000,0x000000002e001000] with protection modes 0
Event: 0.016 Protecting memory [0x00007c5ebd6fc000,0x00007c5ebd700000] with protection modes 0
Event: 0.016 Protecting memory [0x00007c5ebd5fb000,0x00007c5ebd5ff000] with protection modes 0
Event: 0.016 Protecting memory [0x00007c5ebd4fa000,0x00007c5ebd4fe000] with protection modes 0
Event: 0.016 Protecting memory [0x00007c5ebd3f9000,0x00007c5ebd3fd000] with protection modes 0
Event: 0.016 Protecting memory [0x00007c5ebd2f8000,0x00007c5ebd2fc000] with protection modes 0
Event: 0.017 Protecting memory [0x00007c5ebd1f7000,0x00007c5ebd1fb000] with protection modes 0
Event: 0.017 Protecting memory [0x00007c5ebd0f6000,0x00007c5ebd0fa000] with protection modes 0
Event: 0.025 Protecting memory [0x00007c5ebcff5000,0x00007c5ebcff9000] with protection modes 0
Event: 0.027 Protecting memory [0x00007c5ebcef4000,0x00007c5ebcef8000] with protection modes 0
Event: 0.112 Protecting memory [0x00007c5ee06a8000,0x00007c5ee06a9000] with protection modes 1
Event: 0.126 Protecting memory [0x00007c5ebcdf3000,0x00007c5ebcdf7000] with protection modes 0
Event: 0.268 Protecting memory [0x00007c5ebcbf1000,0x00007c5ebcbf5000] with protection modes 0
Event: 0.282 Protecting memory [0x00007c5ebcaf0000,0x00007c5ebcaf4000] with protection modes 0

Nmethod flushes (0 events):
No events

Events (13 events):
Event: 0.010 Thread 0x00005f6032e943a0 Thread added: 0x00005f6032e943a0
Event: 0.016 Thread 0x00005f6032e943a0 Thread added: 0x00005f6033762360
Event: 0.016 Thread 0x00005f6032e943a0 Thread added: 0x00005f6033763c10
Event: 0.016 Thread 0x00005f6032e943a0 Thread added: 0x00005f60337656e0
Event: 0.016 Thread 0x00005f6032e943a0 Thread added: 0x00005f6033767080
Event: 0.016 Thread 0x00005f6032e943a0 Thread added: 0x00005f6033768980
Event: 0.017 Thread 0x00005f6032e943a0 Thread added: 0x00005f603376a750
Event: 0.017 Thread 0x00005f6032e943a0 Thread added: 0x00005f603376c1c0
Event: 0.025 Thread 0x00005f6032e943a0 Thread added: 0x00005f6033797cf0
Event: 0.027 Thread 0x00005f6032e943a0 Thread added: 0x00005f6033799e30
Event: 0.124 Thread 0x00005f6032e943a0 Thread added: 0x00005f60339919d0
Event: 0.268 Thread 0x00005f60337656e0 Thread added: 0x00007c5e8c001030
Event: 0.282 Thread 0x00007c5e8c001030 Thread added: 0x00007c5e8812cad0


Dynamic libraries:
2e000000-2e001000 ---p 00000000 00:00 0 
2e001000-2e4ab000 rw-p 00001000 00:2d 681584                             /usr/local/sdkman/candidates/java/25.0.1-ms/lib/server/classes.jsa
2e4ab000-2ed8c000 rw-p 004ab000 00:2d 681584                             /usr/local/sdkman/candidates/java/25.0.1-ms/lib/server/classes.jsa
2ed8c000-2f000000 ---p 00000000 00:00 0 
2f000000-2f020000 rw-p 00000000 00:00 0 
2f020000-2f040000 ---p 00000000 00:00 0 
2f040000-2f050000 rw-p 00000000 00:00 0 
2f050000-6f000000 ---p 00000000 00:00 0 
c0000000-c0900000 rw-p 00000000 00:00 0 
c0900000-ffe00000 ---p 00000000 00:00 0 
ffe00000-fff00000 rw-p 00dbf000 00:2d 681584                             /usr/local/sdkman/candidates/java/25.0.1-ms/lib/server/classes.jsa
fff00000-100000000 ---p 00000000 00:00 0 
5f60082dc000-5f60083da000 r--p 00000000 00:2d 828064                     /usr/local/python/3.12.1/bin/python3.12
5f60083da000-5f6008677000 r-xp 000fe000 00:2d 828064                     /usr/local/python/3.12.1/bin/python3.12
5f6008677000-5f60087c9000 r--p 0039b000 00:2d 828064                     /usr/local/python/3.12.1/bin/python3.12
5f60087c9000-5f6008840000 r--p 004ed000 00:2d 828064                     /usr/local/python/3.12.1/bin/python3.12
5f6008840000-5f60089ad000 rw-p 00564000 00:2d 828064                     /usr/local/python/3.12.1/bin/python3.12
5f60089ad000-5f60089af000 rw-p 00000000 00:00 0 
5f60315be000-5f6033a44000 rw-p 00000000 00:00 0                          [heap]
7c5e7c000000-7c5e7c529000 rw-p 00000000 00:00 0 
7c5e7c529000-7c5e80000000 ---p 00000000 00:00 0 
7c5e80000000-7c5e80021000 rw-p 00000000 00:00 0 
7c5e80021000-7c5e84000000 ---p 00000000 00:00 0 
7c5e84000000-7c5e84021000 rw-p 00000000 00:00 0 
7c5e84021000-7c5e88000000 ---p 00000000 00:00 0 
7c5e88000000-7c5e88237000 rw-p 00000000 00:00 0 
7c5e88237000-7c5e8c000000 ---p 00000000 00:00 0 
7c5e8c000000-7c5e8c021000 rw-p 00000000 00:00 0 
7c5e8c021000-7c5e90000000 ---p 00000000 00:00 0 
7c5e90000000-7c5e90021000 rw-p 00000000 00:00 0 
7c5e90021000-7c5e94000000 ---p 00000000 00:00 0 
7c5e94000000-7c5e94021000 rw-p 00000000 00:00 0 
7c5e94021000-7c5e98000000 ---p 00000000 00:00 0 
7c5e98000000-7c5e98021000 rw-p 00000000 00:00 0 
7c5e98021000-7c5e9c000000 ---p 00000000 00:00 0 
7c5e9c000000-7c5e9c190000 rw-p 00000000 00:00 0 
7c5e9c190000-7c5e9c400000 ---p 00000000 00:00 0 
7c5e9c400000-7c5e9c430000 rw-p 00000000 00:00 0 
7c5e9c430000-7c5ea0000000 ---p 00000000 00:00 0 
7c5ea0000000-7c5ea0021000 rw-p 00000000 00:00 0 
7c5ea0021000-7c5ea4000000 ---p 00000000 00:00 0 
7c5ea4000000-7c5ea4618000 rw-p 00000000 00:00 0 
7c5ea4618000-7c5ea8000000 ---p 00000000 00:00 0 
7c5ea8000000-7c5ea8021000 rw-p 00000000 00:00 0 
7c5ea8021000-7c5eac000000 ---p 00000000 00:00 0 
7c5eac000000-7c5eac021000 rw-p 00000000 00:00 0 
7c5eac021000-7c5eb0000000 ---p 00000000 00:00 0 
7c5eb0000000-7c5eb0021000 rw-p 00000000 00:00 0 
7c5eb0021000-7c5eb4000000 ---p 00000000 00:00 0 
7c5eb4000000-7c5eb4021000 rw-p 00000000 00:00 0 
7c5eb4021000-7c5eb8000000 ---p 00000000 00:00 0 
7c5eb8000000-7c5eb8021000 rw-p 00000000 00:00 0 
7c5eb8021000-7c5ebc000000 ---p 00000000 00:00 0 
7c5ebcaef000-7c5ebcaf0000 ---p 00000000 00:00 0 
7c5ebcaf0000-7c5ebcaf4000 ---p 00000000 00:00 0 
7c5ebcaf4000-7c5ebcbf0000 rw-p 00000000 00:00 0 
7c5ebcbf0000-7c5ebcbf1000 ---p 00000000 00:00 0 
7c5ebcbf1000-7c5ebcbf5000 ---p 00000000 00:00 0 
7c5ebcbf5000-7c5ebccf1000 rw-p 00000000 00:00 0 
7c5ebccf1000-7c5ebccf2000 ---p 00000000 00:00 0 
7c5ebccf2000-7c5ebcdf2000 rw-p 00000000 00:00 0 
7c5ebcdf2000-7c5ebcdf3000 ---p 00000000 00:00 0 
7c5ebcdf3000-7c5ebcdf7000 ---p 00000000 00:00 0 
7c5ebcdf7000-7c5ebcef3000 rw-p 00000000 00:00 0 
7c5ebcef3000-7c5ebcef4000 ---p 00000000 00:00 0 
7c5ebcef4000-7c5ebcef8000 ---p 00000000 00:00 0 
7c5ebcef8000-7c5ebcff4000 rw-p 00000000 00:00 0 
7c5ebcff4000-7c5ebcff5000 ---p 00000000 00:00 0 
7c5ebcff5000-7c5ebcff9000 ---p 00000000 00:00 0 
7c5ebcff9000-7c5ebd0f5000 rw-p 00000000 00:00 0 
7c5ebd0f5000-7c5ebd0f6000 ---p 00000000 00:00 0 
7c5ebd0f6000-7c5ebd0fa000 ---p 00000000 00:00 0 
7c5ebd0fa000-7c5ebd1f6000 rw-p 00000000 00:00 0 
7c5ebd1f6000-7c5ebd1f7000 ---p 00000000 00:00 0 
7c5ebd1f7000-7c5ebd1fb000 ---p 00000000 00:00 0 
7c5ebd1fb000-7c5ebd2f7000 rw-p 00000000 00:00 0 
7c5ebd2f7000-7c5ebd2f8000 ---p 00000000 00:00 0 
7c5ebd2f8000-7c5ebd2fc000 ---p 00000000 00:00 0 
7c5ebd2fc000-7c5ebd3f8000 rw-p 00000000 00:00 0 
7c5ebd3f8000-7c5ebd3f9000 ---p 00000000 00:00 0 
7c5ebd3f9000-7c5ebd3fd000 ---p 00000000 00:00 0 
7c5ebd3fd000-7c5ebd4f9000 rw-p 00000000 00:00 0 
7c5ebd4f9000-7c5ebd4fa000 ---p 00000000 00:00 0 
7c5ebd4fa000-7c5ebd4fe000 ---p 00000000 00:00 0 
7c5ebd4fe000-7c5ebd5fa000 rw-p 00000000 00:00 0 
7c5ebd5fa000-7c5ebd5fb000 ---p 00000000 00:00 0 
7c5ebd5fb000-7c5ebd5ff000 ---p 00000000 00:00 0 
7c5ebd5ff000-7c5ebd6fb000 rw-p 00000000 00:00 0 
7c5ebd6fb000-7c5ebd6fc000 ---p 00000000 00:00 0 
7c5ebd6fc000-7c5ebd700000 ---p 00000000 00:00 0 
7c5ebd700000-7c5ebd7fc000 rw-p 00000000 00:00 0 
7c5ebd7fc000-7c5ebd7fd000 ---p 00000000 00:00 0 
7c5ebd7fd000-7c5ebd8fd000 rw-p 00000000 00:00 0 
7c5ebd8fd000-7c5ebd8fe000 ---p 00000000 00:00 0 
7c5ebd8fe000-7c5ebd9fe000 rw-p 00000000 00:00 0 
7c5ebd9fe000-7c5ebd9ff000 ---p 00000000 00:00 0 
7c5ebd9ff000-7c5ebdaff000 rw-p 00000000 00:00 0 
7c5ebdaff000-7c5ebdb00000 ---p 00000000 00:00 0 
7c5ebdb00000-7c5ebdc00000 rw-p 00000000 00:00 0 
7c5ebdc00000-7c5ebfc00000 rw-p 00000000 00:00 0 
7c5ebfcbd000-7c5ebfcfa000 r-xp 00000000 00:2d 681571                     /usr/local/sdkman/candidates/java/25.0.1-ms/lib/libsimdsort.so
7c5ebfcfa000-7c5ebfcfb000 ---p 0003d000 00:2d 681571                     /usr/local/sdkman/candidates/java/25.0.1-ms/lib/libsimdsort.so
7c5ebfcfb000-7c5ebfcfc000 r--p 0003d000 00:2d 681571                     /usr/local/sdkman/candidates/java/25.0.1-ms/lib/libsimdsort.so
7c5ebfcfc000-7c5ebfcfd000 rw-p 0003e000 00:2d 681571                     /usr/local/sdkman/candidates/java/25.0.1-ms/lib/libsimdsort.so
7c5ebfcfd000-7c5ebfcfe000 ---p 00000000 00:00 0 
7c5ebfcfe000-7c5ebfdfe000 rw-p 00000000 00:00 0 
7c5ebfdfe000-7c5ebfdff000 ---p 00000000 00:00 0 
7c5ebfdff000-7c5ebfeff000 rw-p 00000000 00:00 0 
7c5ebfeff000-7c5ebff00000 ---p 00000000 00:00 0 
7c5ebff00000-7c5ec0000000 rw-p 00000000 00:00 0 
7c5ec0000000-7c5ec0024000 rw-p 00000000 00:00 0 
7c5ec0024000-7c5ec0ff8000 ---p 00000000 00:00 0 
7c5ec0ff8000-7c5ec0ffc000 rw-p 00000000 00:00 0 
7c5ec0ffc000-7c5ec1000000 ---p 00000000 00:00 0 
7c5ec1000000-7c5ec1005000 rw-p 00000000 00:00 0 
7c5ec1005000-7c5ec11ff000 ---p 00000000 00:00 0 
7c5ec11ff000-7c5ec1205000 rw-p 00000000 00:00 0 
7c5ec1205000-7c5ec13ff000 ---p 00000000 00:00 0 
7c5ec13ff000-7c5ec1400000 rw-p 00000000 00:00 0 
7c5ec142a000-7c5ec142f000 rw-p 00000000 00:00 0 
7c5ec142f000-7c5ec1515000 ---p 00000000 00:00 0 
7c5ec1515000-7c5ec151a000 rw-p 00000000 00:00 0 
7c5ec151a000-7c5ec1600000 ---p 00000000 00:00 0 
7c5ec1600000-7c5ec1870000 rwxp 00000000 00:00 0 
7c5ec1870000-7c5ec8b38000 ---p 00000000 00:00 0 
7c5ec8b38000-7c5ec8da8000 rwxp 00000000 00:00 0 
7c5ec8da8000-7c5ec90c6000 ---p 00000000 00:00 0 
7c5ec90c6000-7c5ec9336000 rwxp 00000000 00:00 0 
7c5ec9336000-7c5ed0600000 ---p 00000000 00:00 0 
7c5ed063a000-7c5ed912d000 r--s 00000000 00:2d 681576                     /usr/local/sdkman/candidates/java/25.0.1-ms/lib/modules
7c5ed912d000-7c5eda6d0000 r-xp 00000000 00:2d 681589                     /usr/local/sdkman/candidates/java/25.0.1-ms/lib/server/libjvm.so
7c5eda6d0000-7c5eda6d1000 ---p 015a3000 00:2d 681589                     /usr/local/sdkman/candidates/java/25.0.1-ms/lib/server/libjvm.so
7c5eda6d1000-7c5eda7ba000 r--p 015a3000 00:2d 681589                     /usr/local/sdkman/candidates/java/25.0.1-ms/lib/server/libjvm.so
7c5eda7ba000-7c5eda7e5000 rw-p 0168c000 00:2d 681589                     /usr/local/sdkman/candidates/java/25.0.1-ms/lib/server/libjvm.so
7c5eda7e5000-7c5eda861000 rw-p 00000000 00:00 0 
7c5eda861000-7c5edaa34000 r--p 00000000 00:2d 1078548                    /usr/local/python/3.12.1/lib/python3.12/site-packages/pymupdf/_mupdf.so
7c5edaa34000-7c5edaedf000 r-xp 001d3000 00:2d 1078548                    /usr/local/python/3.12.1/lib/python3.12/site-packages/pymupdf/_mupdf.so
7c5edaedf000-7c5edb3b9000 r--p 0067e000 00:2d 1078548                    /usr/local/python/3.12.1/lib/python3.12/site-packages/pymupdf/_mupdf.so
7c5edb3b9000-7c5edb3bd000 r--p 00b57000 00:2d 1078548                    /usr/local/python/3.12.1/lib/python3.12/site-packages/pymupdf/_mupdf.so
7c5edb3bd000-7c5edb451000 rw-p 00b5b000 00:2d 1078548                    /usr/local/python/3.12.1/lib/python3.12/site-packages/pymupdf/_mupdf.so
7c5edb451000-7c5edba53000 rw-p 00000000 00:00 0 
7c5edba74000-7c5edba80000 r-xp 00000000 00:2d 681565                     /usr/local/sdkman/candidates/java/25.0.1-ms/lib/libnet.so
7c5edba80000-7c5edba81000 r--p 0000b000 00:2d 681565                     /usr/local/sdkman/candidates/java/25.0.1-ms/lib/libnet.so
7c5edba81000-7c5edba82000 rw-p 0000c000 00:2d 681565                     /usr/local/sdkman/candidates/java/25.0.1-ms/lib/libnet.so
7c5edba82000-7c5edbda5000 rw-p 00000000 00:00 0 
7c5edbda5000-7c5edbe9d000 r--p 00000000 00:2d 1078549                    /usr/local/python/3.12.1/lib/python3.12/site-packages/pymupdf/libmupdfcpp.so.27.2
7c5edbe9d000-7c5edbf48000 r-xp 000f8000 00:2d 1078549                    /usr/local/python/3.12.1/lib/python3.12/site-packages/pymupdf/libmupdfcpp.so.27.2
7c5edbf48000-7c5edbf9e000 r--p 001a3000 00:2d 1078549                    /usr/local/python/3.12.1/lib/python3.12/site-packages/pymupdf/libmupdfcpp.so.27.2
7c5edbf9e000-7c5edbfa0000 r--p 001f8000 00:2d 1078549                    /usr/local/python/3.12.1/lib/python3.12/site-packages/pymupdf/libmupdfcpp.so.27.2
7c5edbfa0000-7c5edbfad000 rw-p 001fa000 00:2d 1078549                    /usr/local/python/3.12.1/lib/python3.12/site-packages/pymupdf/libmupdfcpp.so.27.2
7c5edbfad000-7c5edc0f0000 r--p 00000000 00:2d 1078550                    /usr/local/python/3.12.1/lib/python3.12/site-packages/pymupdf/libmupdf.so.27.2
7c5edc0f0000-7c5edca8c000 r-xp 00143000 00:2d 1078550                    /usr/local/python/3.12.1/lib/python3.12/site-packages/pymupdf/libmupdf.so.27.2
7c5edca8c000-7c5edcf53000 r--p 00adf000 00:2d 1078550                    /usr/local/python/3.12.1/lib/python3.12/site-packages/pymupdf/libmupdf.so.27.2
7c5edcf53000-7c5edcf72000 r--p 00fa6000 00:2d 1078550                    /usr/local/python/3.12.1/lib/python3.12/site-packages/pymupdf/libmupdf.so.27.2
7c5edcf72000-7c5ede114000 rw-p 00fc5000 00:2d 1078550                    /usr/local/python/3.12.1/lib/python3.12/site-packages/pymupdf/libmupdf.so.27.2
7c5ede114000-7c5ede321000 rw-p 00000000 00:00 0 
7c5ede328000-7c5ede5fe000 rw-p 00000000 00:00 0 
7c5ede5fe000-7c5ede64c000 r--p 00000000 00:2d 1065088                    /usr/local/python/3.12.1/lib/python3.12/site-packages/lxml/etree.cpython-312-x86_64-linux-gnu.so
7c5ede64c000-7c5ede971000 r-xp 0004e000 00:2d 1065088                    /usr/local/python/3.12.1/lib/python3.12/site-packages/lxml/etree.cpython-312-x86_64-linux-gnu.so
7c5ede971000-7c5edeaf8000 r--p 00373000 00:2d 1065088                    /usr/local/python/3.12.1/lib/python3.12/site-packages/lxml/etree.cpython-312-x86_64-linux-gnu.so
7c5edeaf8000-7c5edeb07000 r--p 004fa000 00:2d 1065088                    /usr/local/python/3.12.1/lib/python3.12/site-packages/lxml/etree.cpython-312-x86_64-linux-gnu.so
7c5edeb07000-7c5edeb23000 rw-p 00509000 00:2d 1065088                    /usr/local/python/3.12.1/lib/python3.12/site-packages/lxml/etree.cpython-312-x86_64-linux-gnu.so
7c5edeb23000-7c5eded2c000 rw-p 00000000 00:00 0 
7c5eded2c000-7c5eded2f000 r--p 00000000 00:2d 830487                     /usr/local/python/3.12.1/lib/python3.12/lib-dynload/_multibytecodec.cpython-312-x86_64-linux-gnu.so
7c5eded2f000-7c5eded35000 r-xp 00003000 00:2d 830487                     /usr/local/python/3.12.1/lib/python3.12/lib-dynload/_multibytecodec.cpython-312-x86_64-linux-gnu.so
7c5eded35000-7c5eded37000 r--p 00009000 00:2d 830487                     /usr/local/python/3.12.1/lib/python3.12/lib-dynload/_multibytecodec.cpython-312-x86_64-linux-gnu.so
7c5eded37000-7c5eded38000 r--p 0000a000 00:2d 830487                     /usr/local/python/3.12.1/lib/python3.12/lib-dynload/_multibytecodec.cpython-312-x86_64-linux-gnu.so
7c5eded38000-7c5eded39000 rw-p 0000b000 00:2d 830487                     /usr/local/python/3.12.1/lib/python3.12/lib-dynload/_multibytecodec.cpython-312-x86_64-linux-gnu.so
7c5eded39000-7c5eded47000 r--p 00000000 00:2d 795733                     /home/codespace/.local/lib/python3.12/site-packages/charset_normalizer/md__mypyc.cpython-312-x86_64-linux-gnu.so
7c5eded47000-7c5eded67000 r-xp 0000e000 00:2d 795733                     /home/codespace/.local/lib/python3.12/site-packages/charset_normalizer/md__mypyc.cpython-312-x86_64-linux-gnu.so
7c5eded67000-7c5eded71000 r--p 0002e000 00:2d 795733                     /home/codespace/.local/lib/python3.12/site-packages/charset_normalizer/md__mypyc.cpython-312-x86_64-linux-gnu.so
7c5eded71000-7c5eded72000 r--p 00037000 00:2d 795733                     /home/codespace/.local/lib/python3.12/site-packages/charset_normalizer/md__mypyc.cpython-312-x86_64-linux-gnu.so
7c5eded72000-7c5eded76000 rw-p 00038000 00:2d 795733                     /home/codespace/.local/lib/python3.12/site-packages/charset_normalizer/md__mypyc.cpython-312-x86_64-linux-gnu.so
7c5eded76000-7c5edee77000 rw-p 00000000 00:00 0 
7c5edee77000-7c5edee7d000 r--p 00000000 00:2d 830525                     /usr/local/python/3.12.1/lib/python3.12/lib-dynload/pyexpat.cpython-312-x86_64-linux-gnu.so
7c5edee7d000-7c5edeea2000 r-xp 00006000 00:2d 830525                     /usr/local/python/3.12.1/lib/python3.12/lib-dynload/pyexpat.cpython-312-x86_64-linux-gnu.so
7c5edeea2000-7c5edeead000 r--p 0002b000 00:2d 830525                     /usr/local/python/3.12.1/lib/python3.12/lib-dynload/pyexpat.cpython-312-x86_64-linux-gnu.so
7c5edeead000-7c5edeeb0000 r--p 00035000 00:2d 830525                     /usr/local/python/3.12.1/lib/python3.12/lib-dynload/pyexpat.cpython-312-x86_64-linux-gnu.so
7c5edeeb0000-7c5edeeb2000 rw-p 00038000 00:2d 830525                     /usr/local/python/3.12.1/lib/python3.12/lib-dynload/pyexpat.cpython-312-x86_64-linux-gnu.so
7c5edeeb2000-7c5edeeb6000 r--p 00000000 00:2d 830479                     /usr/local/python/3.12.1/lib/python3.12/lib-dynload/_elementtree.cpython-312-x86_64-linux-gnu.so
7c5edeeb6000-7c5edeec2000 r-xp 00004000 00:2d 830479                     /usr/local/python/3.12.1/lib/python3.12/lib-dynload/_elementtree.cpython-312-x86_64-linux-gnu.so
7c5edeec2000-7c5edeec5000 r--p 00010000 00:2d 830479                     /usr/local/python/3.12.1/lib/python3.12/lib-dynload/_elementtree.cpython-312-x86_64-linux-gnu.so
7c5edeec5000-7c5edeec6000 r--p 00012000 00:2d 830479                     /usr/local/python/3.12.1/lib/python3.12/lib-dynload/_elementtree.cpython-312-x86_64-linux-gnu.so
7c5edeec6000-7c5edeec8000 rw-p 00013000 00:2d 830479                     /usr/local/python/3.12.1/lib/python3.12/lib-dynload/_elementtree.cpython-312-x86_64-linux-gnu.so
7c5edeec8000-7c5edf2c8000 rw-p 00000000 00:00 0 
7c5edf2c8000-7c5edf2ca000 r--p 00000000 00:2d 394126                     /usr/lib/x86_64-linux-gnu/libffi.so.8.1.4
7c5edf2ca000-7c5edf2d1000 r-xp 00002000 00:2d 394126                     /usr/lib/x86_64-linux-gnu/libffi.so.8.1.4
7c5edf2d1000-7c5edf2d2000 r--p 00009000 00:2d 394126                     /usr/lib/x86_64-linux-gnu/libffi.so.8.1.4
7c5edf2d2000-7c5edf2d3000 r--p 0000a000 00:2d 394126                     /usr/lib/x86_64-linux-gnu/libffi.so.8.1.4
7c5edf2d3000-7c5edf2d4000 rw-p 0000b000 00:2d 394126                     /usr/lib/x86_64-linux-gnu/libffi.so.8.1.4
7c5edf2d4000-7c5edf2da000 r--p 00000000 00:2d 830473                     /usr/local/python/3.12.1/lib/python3.12/lib-dynload/_ctypes.cpython-312-x86_64-linux-gnu.so
7c5edf2da000-7c5edf2ec000 r-xp 00006000 00:2d 830473                     /usr/local/python/3.12.1/lib/python3.12/lib-dynload/_ctypes.cpython-312-x86_64-linux-gnu.so
7c5edf2ec000-7c5edf2f2000 r--p 00018000 00:2d 830473                     /usr/local/python/3.12.1/lib/python3.12/lib-dynload/_ctypes.cpython-312-x86_64-linux-gnu.so
7c5edf2f2000-7c5edf2f3000 r--p 0001d000 00:2d 830473                     /usr/local/python/3.12.1/lib/python3.12/lib-dynload/_ctypes.cpython-312-x86_64-linux-gnu.so
7c5edf2f3000-7c5edf2f7000 rw-p 0001e000 00:2d 830473                     /usr/local/python/3.12.1/lib/python3.12/lib-dynload/_ctypes.cpython-312-x86_64-linux-gnu.so
7c5edf2f7000-7c5edf3f7000 rw-p 00000000 00:00 0 
7c5edf3f7000-7c5edf432000 r--p 00000000 00:2d 1065257                    /usr/local/python/3.12.1/lib/python3.12/site-packages/_jpype.cpython-312-x86_64-linux-gnu.so
7c5edf432000-7c5edf486000 r-xp 0003b000 00:2d 1065257                    /usr/local/python/3.12.1/lib/python3.12/site-packages/_jpype.cpython-312-x86_64-linux-gnu.so
7c5edf486000-7c5edf4ae000 r--p 0008f000 00:2d 1065257                    /usr/local/python/3.12.1/lib/python3.12/site-packages/_jpype.cpython-312-x86_64-linux-gnu.so
7c5edf4ae000-7c5edf4af000 ---p 000b7000 00:2d 1065257                    /usr/local/python/3.12.1/lib/python3.12/site-packages/_jpype.cpython-312-x86_64-linux-gnu.so
7c5edf4af000-7c5edf4b3000 r--p 000b7000 00:2d 1065257                    /usr/local/python/3.12.1/lib/python3.12/site-packages/_jpype.cpython-312-x86_64-linux-gnu.so
7c5edf4b3000-7c5edf4b7000 rw-p 000bb000 00:2d 1065257                    /usr/local/python/3.12.1/lib/python3.12/site-packages/_jpype.cpython-312-x86_64-linux-gnu.so
7c5edf4b7000-7c5edf5b7000 rw-p 00000000 00:00 0 
7c5edf5b7000-7c5edf5bc000 r--p 00000000 00:2d 1062218                    /usr/local/python/3.12.1/lib/python3.12/site-packages/frozenlist/_frozenlist.cpython-312-x86_64-linux-gnu.so
7c5edf5bc000-7c5edf5c9000 r-xp 00005000 00:2d 1062218                    /usr/local/python/3.12.1/lib/python3.12/site-packages/frozenlist/_frozenlist.cpython-312-x86_64-linux-gnu.so
7c5edf5c9000-7c5edf5cd000 r--p 00012000 00:2d 1062218                    /usr/local/python/3.12.1/lib/python3.12/site-packages/frozenlist/_frozenlist.cpython-312-x86_64-linux-gnu.so
7c5edf5cd000-7c5edf5ce000 r--p 00015000 00:2d 1062218                    /usr/local/python/3.12.1/lib/python3.12/site-packages/frozenlist/_frozenlist.cpython-312-x86_64-linux-gnu.so
7c5edf5ce000-7c5edf5d0000 rw-p 00016000 00:2d 1062218                    /usr/local/python/3.12.1/lib/python3.12/site-packages/frozenlist/_frozenlist.cpython-312-x86_64-linux-gnu.so
7c5edf5d0000-7c5edf6d0000 rw-p 00000000 00:00 0 
7c5edf6d0000-7c5edf6d6000 r--p 00000000 00:2d 1062364                    /usr/local/python/3.12.1/lib/python3.12/site-packages/aiohttp/_websocket/reader_c.cpython-312-x86_64-linux-gnu.so
7c5edf6d6000-7c5edf6f9000 r-xp 00006000 00:2d 1062364                    /usr/local/python/3.12.1/lib/python3.12/site-packages/aiohttp/_websocket/reader_c.cpython-312-x86_64-linux-gnu.so
7c5edf6f9000-7c5edf700000 r--p 00029000 00:2d 1062364                    /usr/local/python/3.12.1/lib/python3.12/site-packages/aiohttp/_websocket/reader_c.cpython-312-x86_64-linux-gnu.so
7c5edf700000-7c5edf702000 r--p 0002f000 00:2d 1062364                    /usr/local/python/3.12.1/lib/python3.12/site-packages/aiohttp/_websocket/reader_c.cpython-312-x86_64-linux-gnu.so
7c5edf702000-7c5edf704000 rw-p 00031000 00:2d 1062364                    /usr/local/python/3.12.1/lib/python3.12/site-packages/aiohttp/_websocket/reader_c.cpython-312-x86_64-linux-gnu.so
7c5edf704000-7c5edf705000 rw-p 00000000 00:00 0 
7c5edf705000-7c5edf708000 r--p 00000000 00:2d 1062359                    /usr/local/python/3.12.1/lib/python3.12/site-packages/aiohttp/_websocket/mask.cpython-312-x86_64-linux-gnu.so
7c5edf708000-7c5edf70d000 r-xp 00003000 00:2d 1062359                    /usr/local/python/3.12.1/lib/python3.12/site-packages/aiohttp/_websocket/mask.cpython-312-x86_64-linux-gnu.so
7c5edf70d000-7c5edf70f000 r--p 00008000 00:2d 1062359                    /usr/local/python/3.12.1/lib/python3.12/site-packages/aiohttp/_websocket/mask.cpython-312-x86_64-linux-gnu.so
7c5edf70f000-7c5edf710000 r--p 00009000 00:2d 1062359                    /usr/local/python/3.12.1/lib/python3.12/site-packages/aiohttp/_websocket/mask.cpython-312-x86_64-linux-gnu.so
7c5edf710000-7c5edf711000 rw-p 0000a000 00:2d 1062359                    /usr/local/python/3.12.1/lib/python3.12/site-packages/aiohttp/_websocket/mask.cpython-312-x86_64-linux-gnu.so
7c5edf711000-7c5edf71b000 r--p 00000000 00:2d 1062299                    /usr/local/python/3.12.1/lib/python3.12/site-packages/aiohttp/_http_parser.cpython-312-x86_64-linux-gnu.so
7c5edf71b000-7c5edf771000 r-xp 0000a000 00:2d 1062299                    /usr/local/python/3.12.1/lib/python3.12/site-packages/aiohttp/_http_parser.cpython-312-x86_64-linux-gnu.so
7c5edf771000-7c5edf77d000 r--p 00060000 00:2d 1062299                    /usr/local/python/3.12.1/lib/python3.12/site-packages/aiohttp/_http_parser.cpython-312-x86_64-linux-gnu.so
7c5edf77d000-7c5edf77f000 r--p 0006c000 00:2d 1062299                    /usr/local/python/3.12.1/lib/python3.12/site-packages/aiohttp/_http_parser.cpython-312-x86_64-linux-gnu.so
7c5edf77f000-7c5edf782000 rw-p 0006e000 00:2d 1062299                    /usr/local/python/3.12.1/lib/python3.12/site-packages/aiohttp/_http_parser.cpython-312-x86_64-linux-gnu.so
7c5edf782000-7c5edf784000 rw-p 00000000 00:00 0 
7c5edf784000-7c5edf787000 r--p 00000000 00:2d 1062301                    /usr/local/python/3.12.1/lib/python3.12/site-packages/aiohttp/_http_writer.cpython-312-x86_64-linux-gnu.so
7c5edf787000-7c5edf78f000 r-xp 00003000 00:2d 1062301                    /usr/local/python/3.12.1/lib/python3.12/site-packages/aiohttp/_http_writer.cpython-312-x86_64-linux-gnu.so
7c5edf78f000-7c5edf791000 r--p 0000b000 00:2d 1062301                    /usr/local/python/3.12.1/lib/python3.12/site-packages/aiohttp/_http_writer.cpython-312-x86_64-linux-gnu.so
7c5edf791000-7c5edf792000 r--p 0000c000 00:2d 1062301                    /usr/local/python/3.12.1/lib/python3.12/site-packages/aiohttp/_http_writer.cpython-312-x86_64-linux-gnu.so
7c5edf792000-7c5edf793000 rw-p 0000d000 00:2d 1062301                    /usr/local/python/3.12.1/lib/python3.12/site-packages/aiohttp/_http_writer.cpython-312-x86_64-linux-gnu.so
7c5edf793000-7c5edf893000 rw-p 00000000 00:00 0 
7c5edf893000-7c5edf897000 r--p 00000000 00:2d 1062176                    /usr/local/python/3.12.1/lib/python3.12/site-packages/propcache/_helpers_c.cpython-312-x86_64-linux-gnu.so
7c5edf897000-7c5edf8a3000 r-xp 00004000 00:2d 1062176                    /usr/local/python/3.12.1/lib/python3.12/site-packages/propcache/_helpers_c.cpython-312-x86_64-linux-gnu.so
7c5edf8a3000-7c5edf8a7000 r--p 00010000 00:2d 1062176                    /usr/local/python/3.12.1/lib/python3.12/site-packages/propcache/_helpers_c.cpython-312-x86_64-linux-gnu.so
7c5edf8a7000-7c5edf8a8000 r--p 00013000 00:2d 1062176                    /usr/local/python/3.12.1/lib/python3.12/site-packages/propcache/_helpers_c.cpython-312-x86_64-linux-gnu.so
7c5edf8a8000-7c5edf8a9000 rw-p 00014000 00:2d 1062176                    /usr/local/python/3.12.1/lib/python3.12/site-packages/propcache/_helpers_c.cpython-312-x86_64-linux-gnu.so
7c5edf8a9000-7c5edf8aa000 rw-p 00000000 00:00 0 
7c5edf8aa000-7c5edf8ad000 r--p 00000000 00:2d 830532                     /usr/local/python/3.12.1/lib/python3.12/lib-dynload/unicodedata.cpython-312-x86_64-linux-gnu.so
7c5edf8ad000-7c5edf8b2000 r-xp 00003000 00:2d 830532                     /usr/local/python/3.12.1/lib/python3.12/lib-dynload/unicodedata.cpython-312-x86_64-linux-gnu.so
7c5edf8b2000-7c5edf9be000 r--p 00008000 00:2d 830532                     /usr/local/python/3.12.1/lib/python3.12/lib-dynload/unicodedata.cpython-312-x86_64-linux-gnu.so
7c5edf9be000-7c5edf9bf000 r--p 00113000 00:2d 830532                     /usr/local/python/3.12.1/lib/python3.12/lib-dynload/unicodedata.cpython-312-x86_64-linux-gnu.so
7c5edf9bf000-7c5edf9c0000 rw-p 00114000 00:2d 830532                     /usr/local/python/3.12.1/lib/python3.12/lib-dynload/unicodedata.cpython-312-x86_64-linux-gnu.so
7c5edf9c0000-7c5edfbc0000 rw-p 00000000 00:00 0 
7c5edfbc0000-7c5edfbe0000 r--p 00000000 00:2d 412047                     /usr/lib/x86_64-linux-gnu/libsqlite3.so.0.8.6
7c5edfbe0000-7c5edfceb000 r-xp 00020000 00:2d 412047                     /usr/lib/x86_64-linux-gnu/libsqlite3.so.0.8.6
7c5edfceb000-7c5edfd1f000 r--p 0012b000 00:2d 412047                     /usr/lib/x86_64-linux-gnu/libsqlite3.so.0.8.6
7c5edfd1f000-7c5edfd23000 r--p 0015e000 00:2d 412047                     /usr/lib/x86_64-linux-gnu/libsqlite3.so.0.8.6
7c5edfd23000-7c5edfd27000 rw-p 00162000 00:2d 412047                     /usr/lib/x86_64-linux-gnu/libsqlite3.so.0.8.6
7c5edfd27000-7c5ee0628000 rw-p 00000000 00:00 0 
7c5ee0628000-7c5ee062f000 r-xp 00000000 00:2d 681575                     /usr/local/sdkman/candidates/java/25.0.1-ms/lib/libzip.so
7c5ee062f000-7c5ee0630000 ---p 00007000 00:2d 681575                     /usr/local/sdkman/candidates/java/25.0.1-ms/lib/libzip.so
7c5ee0630000-7c5ee0631000 r--p 00007000 00:2d 681575                     /usr/local/sdkman/candidates/java/25.0.1-ms/lib/libzip.so
7c5ee0631000-7c5ee0632000 rw-p 00008000 00:2d 681575                     /usr/local/sdkman/candidates/java/25.0.1-ms/lib/libzip.so
7c5ee0632000-7c5ee0646000 r-xp 00000000 00:2d 681566                     /usr/local/sdkman/candidates/java/25.0.1-ms/lib/libnio.so
7c5ee0646000-7c5ee0647000 r--p 00013000 00:2d 681566                     /usr/local/sdkman/candidates/java/25.0.1-ms/lib/libnio.so
7c5ee0647000-7c5ee0648000 rw-p 00014000 00:2d 681566                     /usr/local/sdkman/candidates/java/25.0.1-ms/lib/libnio.so
7c5ee0648000-7c5ee064d000 rw-p 00000000 00:00 0 
7c5ee064d000-7c5ee0654000 ---p 00000000 00:00 0 
7c5ee0654000-7c5ee0674000 r-xp 00000000 00:2d 681551                     /usr/local/sdkman/candidates/java/25.0.1-ms/lib/libjava.so
7c5ee0674000-7c5ee0675000 r--p 0001f000 00:2d 681551                     /usr/local/sdkman/candidates/java/25.0.1-ms/lib/libjava.so
7c5ee0675000-7c5ee0676000 rw-p 00020000 00:2d 681551                     /usr/local/sdkman/candidates/java/25.0.1-ms/lib/libjava.so
7c5ee0676000-7c5ee0677000 rw-p 00000000 00:00 0 
7c5ee0677000-7c5ee067f000 rw-s 00000000 08:11 917569                     /tmp/hsperfdata_codespace/51473
7c5ee067f000-7c5ee069a000 r-xp 00000000 00:2d 681555                     /usr/local/sdkman/candidates/java/25.0.1-ms/lib/libjimage.so
7c5ee069a000-7c5ee069b000 ---p 0001b000 00:2d 681555                     /usr/local/sdkman/candidates/java/25.0.1-ms/lib/libjimage.so
7c5ee069b000-7c5ee069d000 r--p 0001b000 00:2d 681555                     /usr/local/sdkman/candidates/java/25.0.1-ms/lib/libjimage.so
7c5ee069d000-7c5ee069e000 rw-p 0001d000 00:2d 681555                     /usr/local/sdkman/candidates/java/25.0.1-ms/lib/libjimage.so
7c5ee069e000-7c5ee069f000 r--p 00000000 00:2d 394211                     /usr/lib/x86_64-linux-gnu/libutil.so.1
7c5ee069f000-7c5ee06a0000 r-xp 00001000 00:2d 394211                     /usr/lib/x86_64-linux-gnu/libutil.so.1
7c5ee06a0000-7c5ee06a1000 r--p 00002000 00:2d 394211                     /usr/lib/x86_64-linux-gnu/libutil.so.1
7c5ee06a1000-7c5ee06a2000 r--p 00002000 00:2d 394211                     /usr/lib/x86_64-linux-gnu/libutil.so.1
7c5ee06a2000-7c5ee06a3000 rw-p 00003000 00:2d 394211                     /usr/lib/x86_64-linux-gnu/libutil.so.1
7c5ee06a8000-7c5ee06a9000 r--p 00000000 00:00 0 
7c5ee06a9000-7c5ee06aa000 r--p 00000000 00:2d 393777                     /usr/lib/locale/C.utf8/LC_NUMERIC
7c5ee06aa000-7c5ee06b5000 r--p 00000000 00:2d 1078542                    /usr/local/python/3.12.1/lib/python3.12/site-packages/pymupdf/_extra.so
7c5ee06b5000-7c5ee06ce000 r-xp 0000b000 00:2d 1078542                    /usr/local/python/3.12.1/lib/python3.12/site-packages/pymupdf/_extra.so
7c5ee06ce000-7c5ee06d9000 r--p 00024000 00:2d 1078542                    /usr/local/python/3.12.1/lib/python3.12/site-packages/pymupdf/_extra.so
7c5ee06d9000-7c5ee06da000 r--p 0002e000 00:2d 1078542                    /usr/local/python/3.12.1/lib/python3.12/site-packages/pymupdf/_extra.so
7c5ee06da000-7c5ee06dd000 rw-p 0002f000 00:2d 1078542                    /usr/local/python/3.12.1/lib/python3.12/site-packages/pymupdf/_extra.so
7c5ee06dd000-7c5ee06e3000 r--p 00000000 00:2d 1065076                    /usr/local/python/3.12.1/lib/python3.12/site-packages/lxml/_elementpath.cpython-312-x86_64-linux-gnu.so
7c5ee06e3000-7c5ee0707000 r-xp 00006000 00:2d 1065076                    /usr/local/python/3.12.1/lib/python3.12/site-packages/lxml/_elementpath.cpython-312-x86_64-linux-gnu.so
7c5ee0707000-7c5ee070e000 r--p 0002a000 00:2d 1065076                    /usr/local/python/3.12.1/lib/python3.12/site-packages/lxml/_elementpath.cpython-312-x86_64-linux-gnu.so
7c5ee070e000-7c5ee070f000 r--p 00031000 00:2d 1065076                    /usr/local/python/3.12.1/lib/python3.12/site-packages/lxml/_elementpath.cpython-312-x86_64-linux-gnu.so
7c5ee070f000-7c5ee0712000 rw-p 00032000 00:2d 1065076                    /usr/local/python/3.12.1/lib/python3.12/site-packages/lxml/_elementpath.cpython-312-x86_64-linux-gnu.so
7c5ee0712000-7c5ee0713000 rw-p 00000000 00:00 0 
7c5ee0713000-7c5ee07b0000 r--p 00000000 00:2d 394197                     /usr/lib/x86_64-linux-gnu/libstdc++.so.6.0.33
7c5ee07b0000-7c5ee08f8000 r-xp 0009d000 00:2d 394197                     /usr/lib/x86_64-linux-gnu/libstdc++.so.6.0.33
7c5ee08f8000-7c5ee097f000 r--p 001e5000 00:2d 394197                     /usr/lib/x86_64-linux-gnu/libstdc++.so.6.0.33
7c5ee097f000-7c5ee098a000 r--p 0026b000 00:2d 394197                     /usr/lib/x86_64-linux-gnu/libstdc++.so.6.0.33
7c5ee098a000-7c5ee098d000 rw-p 00276000 00:2d 394197                     /usr/lib/x86_64-linux-gnu/libstdc++.so.6.0.33
7c5ee098d000-7c5ee0991000 rw-p 00000000 00:00 0 
7c5ee0991000-7c5ee099a000 r--p 00000000 00:2d 1062870                    /usr/local/python/3.12.1/lib/python3.12/site-packages/greenlet/_greenlet.cpython-312-x86_64-linux-gnu.so
7c5ee099a000-7c5ee09aa000 r-xp 00009000 00:2d 1062870                    /usr/local/python/3.12.1/lib/python3.12/site-packages/greenlet/_greenlet.cpython-312-x86_64-linux-gnu.so
7c5ee09aa000-7c5ee09b0000 r--p 00019000 00:2d 1062870                    /usr/local/python/3.12.1/lib/python3.12/site-packages/greenlet/_greenlet.cpython-312-x86_64-linux-gnu.so
7c5ee09b0000-7c5ee09b1000 r--p 0001f000 00:2d 1062870                    /usr/local/python/3.12.1/lib/python3.12/site-packages/greenlet/_greenlet.cpython-312-x86_64-linux-gnu.so
7c5ee09b1000-7c5ee09b2000 rw-p 00020000 00:2d 1062870                    /usr/local/python/3.12.1/lib/python3.12/site-packages/greenlet/_greenlet.cpython-312-x86_64-linux-gnu.so
7c5ee09b2000-7c5ee09b6000 r--p 00000000 00:2d 1065900                    /usr/local/python/3.12.1/lib/python3.12/site-packages/sqlalchemy/cyextension/util.cpython-312-x86_64-linux-gnu.so
7c5ee09b6000-7c5ee09c6000 r-xp 00004000 00:2d 1065900                    /usr/local/python/3.12.1/lib/python3.12/site-packages/sqlalchemy/cyextension/util.cpython-312-x86_64-linux-gnu.so
7c5ee09c6000-7c5ee09c9000 r--p 00014000 00:2d 1065900                    /usr/local/python/3.12.1/lib/python3.12/site-packages/sqlalchemy/cyextension/util.cpython-312-x86_64-linux-gnu.so
7c5ee09c9000-7c5ee09ca000 r--p 00017000 00:2d 1065900                    /usr/local/python/3.12.1/lib/python3.12/site-packages/sqlalchemy/cyextension/util.cpython-312-x86_64-linux-gnu.so
7c5ee09ca000-7c5ee09cb000 rw-p 00018000 00:2d 1065900                    /usr/local/python/3.12.1/lib/python3.12/site-packages/sqlalchemy/cyextension/util.cpython-312-x86_64-linux-gnu.so
7c5ee09cb000-7c5ee09cc000 rw-p 00000000 00:00 0 
7c5ee09cc000-7c5ee09d0000 r--p 00000000 00:2d 1065898                    /usr/local/python/3.12.1/lib/python3.12/site-packages/sqlalchemy/cyextension/resultproxy.cpython-312-x86_64-linux-gnu.so
7c5ee09d0000-7c5ee09db000 r-xp 00004000 00:2d 1065898                    /usr/local/python/3.12.1/lib/python3.12/site-packages/sqlalchemy/cyextension/resultproxy.cpython-312-x86_64-linux-gnu.so
7c5ee09db000-7c5ee09de000 r--p 0000f000 00:2d 1065898                    /usr/local/python/3.12.1/lib/python3.12/site-packages/sqlalchemy/cyextension/resultproxy.cpython-312-x86_64-linux-gnu.so
7c5ee09de000-7c5ee09df000 r--p 00011000 00:2d 1065898                    /usr/local/python/3.12.1/lib/python3.12/site-packages/sqlalchemy/cyextension/resultproxy.cpython-312-x86_64-linux-gnu.so
7c5ee09df000-7c5ee09e0000 rw-p 00012000 00:2d 1065898                    /usr/local/python/3.12.1/lib/python3.12/site-packages/sqlalchemy/cyextension/resultproxy.cpython-312-x86_64-linux-gnu.so
7c5ee09e0000-7c5ee09e1000 rw-p 00000000 00:00 0 
7c5ee09e1000-7c5ee09e5000 r--p 00000000 00:2d 1065896                    /usr/local/python/3.12.1/lib/python3.12/site-packages/sqlalchemy/cyextension/processors.cpython-312-x86_64-linux-gnu.so
7c5ee09e5000-7c5ee09f0000 r-xp 00004000 00:2d 1065896                    /usr/local/python/3.12.1/lib/python3.12/site-packages/sqlalchemy/cyextension/processors.cpython-312-x86_64-linux-gnu.so
7c5ee09f0000-7c5ee09f3000 r--p 0000f000 00:2d 1065896                    /usr/local/python/3.12.1/lib/python3.12/site-packages/sqlalchemy/cyextension/processors.cpython-312-x86_64-linux-gnu.so
7c5ee09f3000-7c5ee09f4000 r--p 00011000 00:2d 1065896                    /usr/local/python/3.12.1/lib/python3.12/site-packages/sqlalchemy/cyextension/processors.cpython-312-x86_64-linux-gnu.so
7c5ee09f4000-7c5ee09f5000 rw-p 00012000 00:2d 1065896                    /usr/local/python/3.12.1/lib/python3.12/site-packages/sqlalchemy/cyextension/processors.cpython-312-x86_64-linux-gnu.so
7c5ee09f5000-7c5ee09f6000 rw-p 00000000 00:00 0 
7c5ee09f6000-7c5ee09fa000 r--p 00000000 00:2d 1065893                    /usr/local/python/3.12.1/lib/python3.12/site-packages/sqlalchemy/cyextension/immutabledict.cpython-312-x86_64-linux-gnu.so
7c5ee09fa000-7c5ee0a09000 r-xp 00004000 00:2d 1065893                    /usr/local/python/3.12.1/lib/python3.12/site-packages/sqlalchemy/cyextension/immutabledict.cpython-312-x86_64-linux-gnu.so
7c5ee0a09000-7c5ee0a0c000 r--p 00013000 00:2d 1065893                    /usr/local/python/3.12.1/lib/python3.12/site-packages/sqlalchemy/cyextension/immutabledict.cpython-312-x86_64-linux-gnu.so
7c5ee0a0c000-7c5ee0a0d000 r--p 00015000 00:2d 1065893                    /usr/local/python/3.12.1/lib/python3.12/site-packages/sqlalchemy/cyextension/immutabledict.cpython-312-x86_64-linux-gnu.so
7c5ee0a0d000-7c5ee0a0f000 rw-p 00016000 00:2d 1065893                    /usr/local/python/3.12.1/lib/python3.12/site-packages/sqlalchemy/cyextension/immutabledict.cpython-312-x86_64-linux-gnu.so
7c5ee0a0f000-7c5ee0b0f000 rw-p 00000000 00:00 0 
7c5ee0b0f000-7c5ee0b15000 r--p 00000000 00:2d 1065891                    /usr/local/python/3.12.1/lib/python3.12/site-packages/sqlalchemy/cyextension/collections.cpython-312-x86_64-linux-gnu.so
7c5ee0b15000-7c5ee0b3b000 r-xp 00006000 00:2d 1065891                    /usr/local/python/3.12.1/lib/python3.12/site-packages/sqlalchemy/cyextension/collections.cpython-312-x86_64-linux-gnu.so
7c5ee0b3b000-7c5ee0b43000 r--p 0002c000 00:2d 1065891                    /usr/local/python/3.12.1/lib/python3.12/site-packages/sqlalchemy/cyextension/collections.cpython-312-x86_64-linux-gnu.so
7c5ee0b43000-7c5ee0b44000 r--p 00033000 00:2d 1065891                    /usr/local/python/3.12.1/lib/python3.12/site-packages/sqlalchemy/cyextension/collections.cpython-312-x86_64-linux-gnu.so
7c5ee0b44000-7c5ee0b47000 rw-p 00034000 00:2d 1065891                    /usr/local/python/3.12.1/lib/python3.12/site-packages/sqlalchemy/cyextension/collections.cpython-312-x86_64-linux-gnu.so
7c5ee0b47000-7c5ee0c47000 rw-p 00000000 00:00 0 
7c5ee0c47000-7c5ee0c49000 r--p 00000000 00:2d 830462                     /usr/local/python/3.12.1/lib/python3.12/lib-dynload/_blake2.cpython-312-x86_64-linux-gnu.so
7c5ee0c49000-7c5ee0c50000 r-xp 00002000 00:2d 830462                     /usr/local/python/3.12.1/lib/python3.12/lib-dynload/_blake2.cpython-312-x86_64-linux-gnu.so
7c5ee0c50000-7c5ee0c52000 r--p 00009000 00:2d 830462                     /usr/local/python/3.12.1/lib/python3.12/lib-dynload/_blake2.cpython-312-x86_64-linux-gnu.so
7c5ee0c52000-7c5ee0c53000 r--p 0000a000 00:2d 830462                     /usr/local/python/3.12.1/lib/python3.12/lib-dynload/_blake2.cpython-312-x86_64-linux-gnu.so
7c5ee0c53000-7c5ee0c54000 rw-p 0000b000 00:2d 830462                     /usr/local/python/3.12.1/lib/python3.12/lib-dynload/_blake2.cpython-312-x86_64-linux-gnu.so
7c5ee0c54000-7c5ee0c58000 r--p 00000000 00:2d 830481                     /usr/local/python/3.12.1/lib/python3.12/lib-dynload/_hashlib.cpython-312-x86_64-linux-gnu.so
7c5ee0c58000-7c5ee0c5e000 r-xp 00004000 00:2d 830481                     /usr/local/python/3.12.1/lib/python3.12/lib-dynload/_hashlib.cpython-312-x86_64-linux-gnu.so
7c5ee0c5e000-7c5ee0c62000 r--p 0000a000 00:2d 830481                     /usr/local/python/3.12.1/lib/python3.12/lib-dynload/_hashlib.cpython-312-x86_64-linux-gnu.so
7c5ee0c62000-7c5ee0c63000 r--p 0000d000 00:2d 830481                     /usr/local/python/3.12.1/lib/python3.12/lib-dynload/_hashlib.cpython-312-x86_64-linux-gnu.so
7c5ee0c63000-7c5ee0c65000 rw-p 0000e000 00:2d 830481                     /usr/local/python/3.12.1/lib/python3.12/lib-dynload/_hashlib.cpython-312-x86_64-linux-gnu.so
7c5ee0c65000-7c5ee0e65000 rw-p 00000000 00:00 0 
7c5ee0e65000-7c5ee0e67000 r--p 00000000 00:2d 830472                     /usr/local/python/3.12.1/lib/python3.12/lib-dynload/_csv.cpython-312-x86_64-linux-gnu.so
7c5ee0e67000-7c5ee0e6b000 r-xp 00002000 00:2d 830472                     /usr/local/python/3.12.1/lib/python3.12/lib-dynload/_csv.cpython-312-x86_64-linux-gnu.so
7c5ee0e6b000-7c5ee0e6e000 r--p 00006000 00:2d 830472                     /usr/local/python/3.12.1/lib/python3.12/lib-dynload/_csv.cpython-312-x86_64-linux-gnu.so
7c5ee0e6e000-7c5ee0e6f000 r--p 00008000 00:2d 830472                     /usr/local/python/3.12.1/lib/python3.12/lib-dynload/_csv.cpython-312-x86_64-linux-gnu.so
7c5ee0e6f000-7c5ee0e70000 rw-p 00009000 00:2d 830472                     /usr/local/python/3.12.1/lib/python3.12/lib-dynload/_csv.cpython-312-x86_64-linux-gnu.so
7c5ee0e70000-7c5ee0f70000 rw-p 00000000 00:00 0 
7c5ee0f70000-7c5ee0f72000 r--p 00000000 00:2d 830515                     /usr/local/python/3.12.1/lib/python3.12/lib-dynload/_zoneinfo.cpython-312-x86_64-linux-gnu.so
7c5ee0f72000-7c5ee0f77000 r-xp 00002000 00:2d 830515                     /usr/local/python/3.12.1/lib/python3.12/lib-dynload/_zoneinfo.cpython-312-x86_64-linux-gnu.so
7c5ee0f77000-7c5ee0f79000 r--p 00007000 00:2d 830515                     /usr/local/python/3.12.1/lib/python3.12/lib-dynload/_zoneinfo.cpython-312-x86_64-linux-gnu.so
7c5ee0f79000-7c5ee0f7a000 r--p 00008000 00:2d 830515                     /usr/local/python/3.12.1/lib/python3.12/lib-dynload/_zoneinfo.cpython-312-x86_64-linux-gnu.so
7c5ee0f7a000-7c5ee0f7b000 rw-p 00009000 00:2d 830515                     /usr/local/python/3.12.1/lib/python3.12/lib-dynload/_zoneinfo.cpython-312-x86_64-linux-gnu.so
7c5ee0f7b000-7c5ee0f7d000 r--p 00000000 00:2d 394213                     /usr/lib/x86_64-linux-gnu/libuuid.so.1.3.0
7c5ee0f7d000-7c5ee0f82000 r-xp 00002000 00:2d 394213                     /usr/lib/x86_64-linux-gnu/libuuid.so.1.3.0
7c5ee0f82000-7c5ee0f83000 r--p 00007000 00:2d 394213                     /usr/lib/x86_64-linux-gnu/libuuid.so.1.3.0
7c5ee0f83000-7c5ee0f84000 r--p 00007000 00:2d 394213                     /usr/lib/x86_64-linux-gnu/libuuid.so.1.3.0
7c5ee0f84000-7c5ee0f85000 rw-p 00008000 00:2d 394213                     /usr/lib/x86_64-linux-gnu/libuuid.so.1.3.0
7c5ee0f85000-7c5ee0f86000 r--p 00000000 00:2d 393780                     /usr/lib/locale/C.utf8/LC_TIME
7c5ee0f86000-7c5ee0f87000 r--p 00000000 00:2d 393769                     /usr/lib/locale/C.utf8/LC_COLLATE
7c5ee0f87000-7c5ee0f88000 r--p 00000000 00:2d 795731                     /home/codespace/.local/lib/python3.12/site-packages/charset_normalizer/md.cpython-312-x86_64-linux-gnu.so
7c5ee0f88000-7c5ee0f89000 r-xp 00001000 00:2d 795731                     /home/codespace/.local/lib/python3.12/site-packages/charset_normalizer/md.cpython-312-x86_64-linux-gnu.so
7c5ee0f89000-7c5ee0f8a000 r--p 00002000 00:2d 795731                     /home/codespace/.local/lib/python3.12/site-packages/charset_normalizer/md.cpython-312-x86_64-linux-gnu.so
7c5ee0f8a000-7c5ee0f8b000 r--p 00002000 00:2d 795731                     /home/codespace/.local/lib/python3.12/site-packages/charset_normalizer/md.cpython-312-x86_64-linux-gnu.so
7c5ee0f8b000-7c5ee0f8c000 rw-p 00003000 00:2d 795731                     /home/codespace/.local/lib/python3.12/site-packages/charset_normalizer/md.cpython-312-x86_64-linux-gnu.so
7c5ee0f8c000-7c5ee118c000 rw-p 00000000 00:00 0 
7c5ee118c000-7c5ee1193000 r--p 00000000 00:2d 830478                     /usr/local/python/3.12.1/lib/python3.12/lib-dynload/_decimal.cpython-312-x86_64-linux-gnu.so
7c5ee1193000-7c5ee11db000 r-xp 00007000 00:2d 830478                     /usr/local/python/3.12.1/lib/python3.12/lib-dynload/_decimal.cpython-312-x86_64-linux-gnu.so
7c5ee11db000-7c5ee11eb000 r--p 0004f000 00:2d 830478                     /usr/local/python/3.12.1/lib/python3.12/lib-dynload/_decimal.cpython-312-x86_64-linux-gnu.so
7c5ee11eb000-7c5ee11ec000 r--p 0005f000 00:2d 830478                     /usr/local/python/3.12.1/lib/python3.12/lib-dynload/_decimal.cpython-312-x86_64-linux-gnu.so
7c5ee11ec000-7c5ee11ef000 rw-p 00060000 00:2d 830478                     /usr/local/python/3.12.1/lib/python3.12/lib-dynload/_decimal.cpython-312-x86_64-linux-gnu.so
7c5ee11ef000-7c5ee11f0000 r--p 00000000 00:2d 394118                     /usr/lib/x86_64-linux-gnu/libdl.so.2
7c5ee11f0000-7c5ee11f1000 r-xp 00001000 00:2d 394118                     /usr/lib/x86_64-linux-gnu/libdl.so.2
7c5ee11f1000-7c5ee11f2000 r--p 00002000 00:2d 394118                     /usr/lib/x86_64-linux-gnu/libdl.so.2
7c5ee11f2000-7c5ee11f3000 r--p 00002000 00:2d 394118                     /usr/lib/x86_64-linux-gnu/libdl.so.2
7c5ee11f3000-7c5ee11f4000 rw-p 00003000 00:2d 394118                     /usr/lib/x86_64-linux-gnu/libdl.so.2
7c5ee11f4000-7c5ee11f5000 r--p 00000000 00:2d 394183                     /usr/lib/x86_64-linux-gnu/libpthread.so.0
7c5ee11f5000-7c5ee11f6000 r-xp 00001000 00:2d 394183                     /usr/lib/x86_64-linux-gnu/libpthread.so.0
7c5ee11f6000-7c5ee11f7000 r--p 00002000 00:2d 394183                     /usr/lib/x86_64-linux-gnu/libpthread.so.0
7c5ee11f7000-7c5ee11f8000 r--p 00002000 00:2d 394183                     /usr/lib/x86_64-linux-gnu/libpthread.so.0
7c5ee11f8000-7c5ee11f9000 rw-p 00003000 00:2d 394183                     /usr/lib/x86_64-linux-gnu/libpthread.so.0
7c5ee11f9000-7c5ee11fa000 r--p 00000000 00:2d 394185                     /usr/lib/x86_64-linux-gnu/librt.so.1
7c5ee11fa000-7c5ee11fb000 r-xp 00001000 00:2d 394185                     /usr/lib/x86_64-linux-gnu/librt.so.1
7c5ee11fb000-7c5ee11fc000 r--p 00002000 00:2d 394185                     /usr/lib/x86_64-linux-gnu/librt.so.1
7c5ee11fc000-7c5ee11fd000 r--p 00002000 00:2d 394185                     /usr/lib/x86_64-linux-gnu/librt.so.1
7c5ee11fd000-7c5ee11fe000 rw-p 00003000 00:2d 394185                     /usr/lib/x86_64-linux-gnu/librt.so.1
7c5ee11fe000-7c5ee1202000 r--p 00000000 00:2d 394129                     /usr/lib/x86_64-linux-gnu/libgcc_s.so.1
7c5ee1202000-7c5ee1226000 r-xp 00004000 00:2d 394129                     /usr/lib/x86_64-linux-gnu/libgcc_s.so.1
7c5ee1226000-7c5ee122a000 r--p 00028000 00:2d 394129                     /usr/lib/x86_64-linux-gnu/libgcc_s.so.1
7c5ee122a000-7c5ee122b000 r--p 0002b000 00:2d 394129                     /usr/lib/x86_64-linux-gnu/libgcc_s.so.1
7c5ee122b000-7c5ee122c000 rw-p 0002c000 00:2d 394129                     /usr/lib/x86_64-linux-gnu/libgcc_s.so.1
7c5ee122c000-7c5ee1363000 r--p 00000000 00:2d 1063037                    /usr/local/python/3.12.1/lib/python3.12/site-packages/pydantic_core/_pydantic_core.cpython-312-x86_64-linux-gnu.so
7c5ee1363000-7c5ee169d000 r-xp 00136000 00:2d 1063037                    /usr/local/python/3.12.1/lib/python3.12/site-packages/pydantic_core/_pydantic_core.cpython-312-x86_64-linux-gnu.so
7c5ee169d000-7c5ee16d1000 r--p 0046f000 00:2d 1063037                    /usr/local/python/3.12.1/lib/python3.12/site-packages/pydantic_core/_pydantic_core.cpython-312-x86_64-linux-gnu.so
7c5ee16d1000-7c5ee16d7000 rw-p 004a2000 00:2d 1063037                    /usr/local/python/3.12.1/lib/python3.12/site-packages/pydantic_core/_pydantic_core.cpython-312-x86_64-linux-gnu.so
7c5ee16d7000-7c5ee18d7000 rw-p 00000000 00:00 0 
7c5ee18d7000-7c5ee18da000 r--p 00000000 00:2d 394145                     /usr/lib/x86_64-linux-gnu/liblzma.so.5.4.5
7c5ee18da000-7c5ee18fc000 r-xp 00003000 00:2d 394145                     /usr/lib/x86_64-linux-gnu/liblzma.so.5.4.5
7c5ee18fc000-7c5ee1907000 r--p 00025000 00:2d 394145                     /usr/lib/x86_64-linux-gnu/liblzma.so.5.4.5
7c5ee1907000-7c5ee1908000 r--p 00030000 00:2d 394145                     /usr/lib/x86_64-linux-gnu/liblzma.so.5.4.5
7c5ee1908000-7c5ee1909000 rw-p 00031000 00:2d 394145                     /usr/lib/x86_64-linux-gnu/liblzma.so.5.4.5
7c5ee1909000-7c5ee190c000 r--p 00000000 00:2d 830485                     /usr/local/python/3.12.1/lib/python3.12/lib-dynload/_lzma.cpython-312-x86_64-linux-gnu.so
7c5ee190c000-7c5ee1910000 r-xp 00003000 00:2d 830485                     /usr/local/python/3.12.1/lib/python3.12/lib-dynload/_lzma.cpython-312-x86_64-linux-gnu.so
7c5ee1910000-7c5ee1913000 r--p 00007000 00:2d 830485                     /usr/local/python/3.12.1/lib/python3.12/lib-dynload/_lzma.cpython-312-x86_64-linux-gnu.so
7c5ee1913000-7c5ee1914000 r--p 00009000 00:2d 830485                     /usr/local/python/3.12.1/lib/python3.12/lib-dynload/_lzma.cpython-312-x86_64-linux-gnu.so
7c5ee1914000-7c5ee1915000 rw-p 0000a000 00:2d 830485                     /usr/local/python/3.12.1/lib/python3.12/lib-dynload/_lzma.cpython-312-x86_64-linux-gnu.so
7c5ee1915000-7c5ee1917000 r--p 00000000 00:2d 394103                     /usr/lib/x86_64-linux-gnu/libbz2.so.1.0.4
7c5ee1917000-7c5ee1925000 r-xp 00002000 00:2d 394103                     /usr/lib/x86_64-linux-gnu/libbz2.so.1.0.4
7c5ee1925000-7c5ee1927000 r--p 00010000 00:2d 394103                     /usr/lib/x86_64-linux-gnu/libbz2.so.1.0.4
7c5ee1927000-7c5ee1928000 r--p 00011000 00:2d 394103                     /usr/lib/x86_64-linux-gnu/libbz2.so.1.0.4
7c5ee1928000-7c5ee1929000 rw-p 00012000 00:2d 394103                     /usr/lib/x86_64-linux-gnu/libbz2.so.1.0.4
7c5ee1929000-7c5ee192a000 r--p 00000000 00:2d 393775                     /usr/lib/locale/C.utf8/LC_MONETARY
7c5ee192a000-7c5ee192b000 r--p 00000000 00:2d 393774                     /usr/lib/locale/C.utf8/LC_MESSAGES/SYS_LC_MESSAGES
7c5ee192b000-7c5ee192c000 r--p 00000000 00:2d 830511                     /usr/local/python/3.12.1/lib/python3.12/lib-dynload/_uuid.cpython-312-x86_64-linux-gnu.so
7c5ee192c000-7c5ee192d000 r-xp 00001000 00:2d 830511                     /usr/local/python/3.12.1/lib/python3.12/lib-dynload/_uuid.cpython-312-x86_64-linux-gnu.so
7c5ee192d000-7c5ee192e000 r--p 00002000 00:2d 830511                     /usr/local/python/3.12.1/lib/python3.12/lib-dynload/_uuid.cpython-312-x86_64-linux-gnu.so
7c5ee192e000-7c5ee192f000 r--p 00002000 00:2d 830511                     /usr/local/python/3.12.1/lib/python3.12/lib-dynload/_uuid.cpython-312-x86_64-linux-gnu.so
7c5ee192f000-7c5ee1930000 rw-p 00003000 00:2d 830511                     /usr/local/python/3.12.1/lib/python3.12/lib-dynload/_uuid.cpython-312-x86_64-linux-gnu.so
7c5ee1930000-7c5ee1932000 r--p 00000000 00:2d 830463                     /usr/local/python/3.12.1/lib/python3.12/lib-dynload/_bz2.cpython-312-x86_64-linux-gnu.so
7c5ee1932000-7c5ee1934000 r-xp 00002000 00:2d 830463                     /usr/local/python/3.12.1/lib/python3.12/lib-dynload/_bz2.cpython-312-x86_64-linux-gnu.so
7c5ee1934000-7c5ee1935000 r--p 00004000 00:2d 830463                     /usr/local/python/3.12.1/lib/python3.12/lib-dynload/_bz2.cpython-312-x86_64-linux-gnu.so
7c5ee1935000-7c5ee1936000 r--p 00005000 00:2d 830463                     /usr/local/python/3.12.1/lib/python3.12/lib-dynload/_bz2.cpython-312-x86_64-linux-gnu.so
7c5ee1936000-7c5ee1937000 rw-p 00006000 00:2d 830463                     /usr/local/python/3.12.1/lib/python3.12/lib-dynload/_bz2.cpython-312-x86_64-linux-gnu.so
7c5ee1937000-7c5ee1a37000 rw-p 00000000 00:00 0 
7c5ee1a37000-7c5ee1a38000 r--p 00000000 00:2d 393778                     /usr/lib/locale/C.utf8/LC_PAPER
7c5ee1a38000-7c5ee1a39000 r--p 00000000 00:2d 393776                     /usr/lib/locale/C.utf8/LC_NAME
7c5ee1a39000-7c5ee1a3a000 r--p 00000000 00:2d 393768                     /usr/lib/locale/C.utf8/LC_ADDRESS
7c5ee1a3a000-7c5ee1a3b000 r--p 00000000 00:2d 393779                     /usr/lib/locale/C.utf8/LC_TELEPHONE
7c5ee1a3b000-7c5ee1a3d000 r--p 00000000 00:2d 830521                     /usr/local/python/3.12.1/lib/python3.12/lib-dynload/grp.cpython-312-x86_64-linux-gnu.so
7c5ee1a3d000-7c5ee1a3e000 r-xp 00002000 00:2d 830521                     /usr/local/python/3.12.1/lib/python3.12/lib-dynload/grp.cpython-312-x86_64-linux-gnu.so
7c5ee1a3e000-7c5ee1a3f000 r--p 00003000 00:2d 830521                     /usr/local/python/3.12.1/lib/python3.12/lib-dynload/grp.cpython-312-x86_64-linux-gnu.so
7c5ee1a3f000-7c5ee1a40000 r--p 00003000 00:2d 830521                     /usr/local/python/3.12.1/lib/python3.12/lib-dynload/grp.cpython-312-x86_64-linux-gnu.so
7c5ee1a40000-7c5ee1a41000 rw-p 00004000 00:2d 830521                     /usr/local/python/3.12.1/lib/python3.12/lib-dynload/grp.cpython-312-x86_64-linux-gnu.so
7c5ee1a41000-7c5ee1a45000 r--p 00000000 00:2d 1062257                    /usr/local/python/3.12.1/lib/python3.12/site-packages/yarl/_quoting_c.cpython-312-x86_64-linux-gnu.so
7c5ee1a45000-7c5ee1a5a000 r-xp 00004000 00:2d 1062257                    /usr/local/python/3.12.1/lib/python3.12/site-packages/yarl/_quoting_c.cpython-312-x86_64-linux-gnu.so
7c5ee1a5a000-7c5ee1a5e000 r--p 00019000 00:2d 1062257                    /usr/local/python/3.12.1/lib/python3.12/site-packages/yarl/_quoting_c.cpython-312-x86_64-linux-gnu.so
7c5ee1a5e000-7c5ee1a5f000 r--p 0001c000 00:2d 1062257                    /usr/local/python/3.12.1/lib/python3.12/site-packages/yarl/_quoting_c.cpython-312-x86_64-linux-gnu.so
7c5ee1a5f000-7c5ee1a60000 rw-p 0001d000 00:2d 1062257                    /usr/local/python/3.12.1/lib/python3.12/site-packages/yarl/_quoting_c.cpython-312-x86_64-linux-gnu.so
7c5ee1a60000-7c5ee1a61000 rw-p 00000000 00:00 0 
7c5ee1a61000-7c5ee1a65000 r--p 00000000 00:2d 1062199                    /usr/local/python/3.12.1/lib/python3.12/site-packages/multidict/_multidict.cpython-312-x86_64-linux-gnu.so
7c5ee1a65000-7c5ee1a76000 r-xp 00004000 00:2d 1062199                    /usr/local/python/3.12.1/lib/python3.12/site-packages/multidict/_multidict.cpython-312-x86_64-linux-gnu.so
7c5ee1a76000-7c5ee1a79000 r--p 00015000 00:2d 1062199                    /usr/local/python/3.12.1/lib/python3.12/site-packages/multidict/_multidict.cpython-312-x86_64-linux-gnu.so
7c5ee1a79000-7c5ee1a7a000 r--p 00018000 00:2d 1062199                    /usr/local/python/3.12.1/lib/python3.12/site-packages/multidict/_multidict.cpython-312-x86_64-linux-gnu.so
7c5ee1a7a000-7c5ee1a7c000 rw-p 00019000 00:2d 1062199                    /usr/local/python/3.12.1/lib/python3.12/site-packages/multidict/_multidict.cpython-312-x86_64-linux-gnu.so
7c5ee1a7c000-7c5ee1a83000 r--p 00000000 00:2d 830499                     /usr/local/python/3.12.1/lib/python3.12/lib-dynload/_sqlite3.cpython-312-x86_64-linux-gnu.so
7c5ee1a83000-7c5ee1a93000 r-xp 00007000 00:2d 830499                     /usr/local/python/3.12.1/lib/python3.12/lib-dynload/_sqlite3.cpython-312-x86_64-linux-gnu.so
7c5ee1a93000-7c5ee1a9a000 r--p 00017000 00:2d 830499                     /usr/local/python/3.12.1/lib/python3.12/lib-dynload/_sqlite3.cpython-312-x86_64-linux-gnu.so
7c5ee1a9a000-7c5ee1a9b000 r--p 0001e000 00:2d 830499                     /usr/local/python/3.12.1/lib/python3.12/lib-dynload/_sqlite3.cpython-312-x86_64-linux-gnu.so
7c5ee1a9b000-7c5ee1a9d000 rw-p 0001f000 00:2d 830499                     /usr/local/python/3.12.1/lib/python3.12/lib-dynload/_sqlite3.cpython-312-x86_64-linux-gnu.so
7c5ee1a9d000-7c5ee1aa2000 r--p 00000000 00:2d 830477                     /usr/local/python/3.12.1/lib/python3.12/lib-dynload/_datetime.cpython-312-x86_64-linux-gnu.so
7c5ee1aa2000-7c5ee1ab3000 r-xp 00005000 00:2d 830477                     /usr/local/python/3.12.1/lib/python3.12/lib-dynload/_datetime.cpython-312-x86_64-linux-gnu.so
7c5ee1ab3000-7c5ee1ab8000 r--p 00016000 00:2d 830477                     /usr/local/python/3.12.1/lib/python3.12/lib-dynload/_datetime.cpython-312-x86_64-linux-gnu.so
7c5ee1ab8000-7c5ee1ab9000 r--p 0001b000 00:2d 830477                     /usr/local/python/3.12.1/lib/python3.12/lib-dynload/_datetime.cpython-312-x86_64-linux-gnu.so
7c5ee1ab9000-7c5ee1abc000 rw-p 0001c000 00:2d 830477                     /usr/local/python/3.12.1/lib/python3.12/lib-dynload/_datetime.cpython-312-x86_64-linux-gnu.so
7c5ee1abc000-7c5ee1cbc000 rw-p 00000000 00:00 0 
7c5ee1cbc000-7c5ee1cbe000 r--p 00000000 00:2d 830483                     /usr/local/python/3.12.1/lib/python3.12/lib-dynload/_json.cpython-312-x86_64-linux-gnu.so
7c5ee1cbe000-7c5ee1cc4000 r-xp 00002000 00:2d 830483                     /usr/local/python/3.12.1/lib/python3.12/lib-dynload/_json.cpython-312-x86_64-linux-gnu.so
7c5ee1cc4000-7c5ee1cc6000 r--p 00008000 00:2d 830483                     /usr/local/python/3.12.1/lib/python3.12/lib-dynload/_json.cpython-312-x86_64-linux-gnu.so
7c5ee1cc6000-7c5ee1cc7000 r--p 00009000 00:2d 830483                     /usr/local/python/3.12.1/lib/python3.12/lib-dynload/_json.cpython-312-x86_64-linux-gnu.so
7c5ee1cc7000-7c5ee1cc8000 rw-p 0000a000 00:2d 830483                     /usr/local/python/3.12.1/lib/python3.12/lib-dynload/_json.cpython-312-x86_64-linux-gnu.so
7c5ee1cc8000-7c5ee1ccc000 r--p 00000000 00:2d 830460                     /usr/local/python/3.12.1/lib/python3.12/lib-dynload/_asyncio.cpython-312-x86_64-linux-gnu.so
7c5ee1ccc000-7c5ee1cd5000 r-xp 00004000 00:2d 830460                     /usr/local/python/3.12.1/lib/python3.12/lib-dynload/_asyncio.cpython-312-x86_64-linux-gnu.so
7c5ee1cd5000-7c5ee1cd9000 r--p 0000d000 00:2d 830460                     /usr/local/python/3.12.1/lib/python3.12/lib-dynload/_asyncio.cpython-312-x86_64-linux-gnu.so
7c5ee1cd9000-7c5ee1cda000 r--p 00011000 00:2d 830460                     /usr/local/python/3.12.1/lib/python3.12/lib-dynload/_asyncio.cpython-312-x86_64-linux-gnu.so
7c5ee1cda000-7c5ee1cdc000 rw-p 00012000 00:2d 830460                     /usr/local/python/3.12.1/lib/python3.12/lib-dynload/_asyncio.cpython-312-x86_64-linux-gnu.so
7c5ee1cdc000-7c5ee1ddc000 rw-p 00000000 00:00 0 
7c5ee1ddc000-7c5ee1dde000 r--p 00000000 00:2d 394217                     /usr/lib/x86_64-linux-gnu/libz.so.1.3
7c5ee1dde000-7c5ee1df0000 r-xp 00002000 00:2d 394217                     /usr/lib/x86_64-linux-gnu/libz.so.1.3
7c5ee1df0000-7c5ee1df6000 r--p 00014000 00:2d 394217                     /usr/lib/x86_64-linux-gnu/libz.so.1.3
7c5ee1df6000-7c5ee1df7000 r--p 0001a000 00:2d 394217                     /usr/lib/x86_64-linux-gnu/libz.so.1.3
7c5ee1df7000-7c5ee1df8000 rw-p 0001b000 00:2d 394217                     /usr/lib/x86_64-linux-gnu/libz.so.1.3
7c5ee1df8000-7c5ee1eab000 r--p 00000000 00:2d 394114                     /usr/lib/x86_64-linux-gnu/libcrypto.so.3
7c5ee1eab000-7c5ee21de000 r-xp 000b3000 00:2d 394114                     /usr/lib/x86_64-linux-gnu/libcrypto.so.3
7c5ee21de000-7c5ee22a9000 r--p 003e6000 00:2d 394114                     /usr/lib/x86_64-linux-gnu/libcrypto.so.3
7c5ee22a9000-7c5ee2305000 r--p 004b0000 00:2d 394114                     /usr/lib/x86_64-linux-gnu/libcrypto.so.3
7c5ee2305000-7c5ee2308000 rw-p 0050c000 00:2d 394114                     /usr/lib/x86_64-linux-gnu/libcrypto.so.3
7c5ee2308000-7c5ee230b000 rw-p 00000000 00:00 0 
7c5ee230b000-7c5ee2329000 r--p 00000000 00:2d 394195                     /usr/lib/x86_64-linux-gnu/libssl.so.3
7c5ee2329000-7c5ee238b000 r-xp 0001e000 00:2d 394195                     /usr/lib/x86_64-linux-gnu/libssl.so.3
7c5ee238b000-7c5ee23a7000 r--p 00080000 00:2d 394195                     /usr/lib/x86_64-linux-gnu/libssl.so.3
7c5ee23a7000-7c5ee23b1000 r--p 0009c000 00:2d 394195                     /usr/lib/x86_64-linux-gnu/libssl.so.3
7c5ee23b1000-7c5ee23b5000 rw-p 000a6000 00:2d 394195                     /usr/lib/x86_64-linux-gnu/libssl.so.3
7c5ee23b5000-7c5ee23c7000 r--p 00000000 00:2d 830500                     /usr/local/python/3.12.1/lib/python3.12/lib-dynload/_ssl.cpython-312-x86_64-linux-gnu.so
7c5ee23c7000-7c5ee23d6000 r-xp 00012000 00:2d 830500                     /usr/local/python/3.12.1/lib/python3.12/lib-dynload/_ssl.cpython-312-x86_64-linux-gnu.so
7c5ee23d6000-7c5ee23e4000 r--p 00021000 00:2d 830500                     /usr/local/python/3.12.1/lib/python3.12/lib-dynload/_ssl.cpython-312-x86_64-linux-gnu.so
7c5ee23e4000-7c5ee23e5000 r--p 0002e000 00:2d 830500                     /usr/local/python/3.12.1/lib/python3.12/lib-dynload/_ssl.cpython-312-x86_64-linux-gnu.so
7c5ee23e5000-7c5ee23ee000 rw-p 0002f000 00:2d 830500                     /usr/local/python/3.12.1/lib/python3.12/lib-dynload/_ssl.cpython-312-x86_64-linux-gnu.so
7c5ee23ee000-7c5ee24ee000 rw-p 00000000 00:00 0 
7c5ee24ee000-7c5ee24ef000 r--p 00000000 00:2d 393772                     /usr/lib/locale/C.utf8/LC_MEASUREMENT
7c5ee24ef000-7c5ee24f0000 r--p 00000000 00:2d 393771                     /usr/lib/locale/C.utf8/LC_IDENTIFICATION
7c5ee24f0000-7c5ee24f1000 ---p 00000000 00:00 0 
7c5ee24f1000-7c5ee24f2000 r--p 00000000 00:00 0 
7c5ee24f2000-7c5ee24f5000 r--p 00000000 00:2d 830536                     /usr/local/python/3.12.1/lib/python3.12/lib-dynload/zlib.cpython-312-x86_64-linux-gnu.so
7c5ee24f5000-7c5ee24fc000 r-xp 00003000 00:2d 830536                     /usr/local/python/3.12.1/lib/python3.12/lib-dynload/zlib.cpython-312-x86_64-linux-gnu.so
7c5ee24fc000-7c5ee24ff000 r--p 0000a000 00:2d 830536                     /usr/local/python/3.12.1/lib/python3.12/lib-dynload/zlib.cpython-312-x86_64-linux-gnu.so
7c5ee24ff000-7c5ee2500000 r--p 0000c000 00:2d 830536                     /usr/local/python/3.12.1/lib/python3.12/lib-dynload/zlib.cpython-312-x86_64-linux-gnu.so
7c5ee2500000-7c5ee2501000 rw-p 0000d000 00:2d 830536                     /usr/local/python/3.12.1/lib/python3.12/lib-dynload/zlib.cpython-312-x86_64-linux-gnu.so
7c5ee2501000-7c5ee2503000 r--p 00000000 00:2d 830496                     /usr/local/python/3.12.1/lib/python3.12/lib-dynload/_sha2.cpython-312-x86_64-linux-gnu.so
7c5ee2503000-7c5ee250e000 r-xp 00002000 00:2d 830496                     /usr/local/python/3.12.1/lib/python3.12/lib-dynload/_sha2.cpython-312-x86_64-linux-gnu.so
7c5ee250e000-7c5ee2510000 r--p 0000d000 00:2d 830496                     /usr/local/python/3.12.1/lib/python3.12/lib-dynload/_sha2.cpython-312-x86_64-linux-gnu.so
7c5ee2510000-7c5ee2511000 r--p 0000e000 00:2d 830496                     /usr/local/python/3.12.1/lib/python3.12/lib-dynload/_sha2.cpython-312-x86_64-linux-gnu.so
7c5ee2511000-7c5ee2512000 rw-p 0000f000 00:2d 830496                     /usr/local/python/3.12.1/lib/python3.12/lib-dynload/_sha2.cpython-312-x86_64-linux-gnu.so
7c5ee2512000-7c5ee2514000 r--p 00000000 00:2d 830494                     /usr/local/python/3.12.1/lib/python3.12/lib-dynload/_random.cpython-312-x86_64-linux-gnu.so
7c5ee2514000-7c5ee2516000 r-xp 00002000 00:2d 830494                     /usr/local/python/3.12.1/lib/python3.12/lib-dynload/_random.cpython-312-x86_64-linux-gnu.so
7c5ee2516000-7c5ee2517000 r--p 00004000 00:2d 830494                     /usr/local/python/3.12.1/lib/python3.12/lib-dynload/_random.cpython-312-x86_64-linux-gnu.so
7c5ee2517000-7c5ee2518000 r--p 00004000 00:2d 830494                     /usr/local/python/3.12.1/lib/python3.12/lib-dynload/_random.cpython-312-x86_64-linux-gnu.so
7c5ee2518000-7c5ee2519000 rw-p 00005000 00:2d 830494                     /usr/local/python/3.12.1/lib/python3.12/lib-dynload/_random.cpython-312-x86_64-linux-gnu.so
7c5ee2519000-7c5ee251b000 r--p 00000000 00:2d 830461                     /usr/local/python/3.12.1/lib/python3.12/lib-dynload/_bisect.cpython-312-x86_64-linux-gnu.so
7c5ee251b000-7c5ee251e000 r-xp 00002000 00:2d 830461                     /usr/local/python/3.12.1/lib/python3.12/lib-dynload/_bisect.cpython-312-x86_64-linux-gnu.so
7c5ee251e000-7c5ee251f000 r--p 00005000 00:2d 830461                     /usr/local/python/3.12.1/lib/python3.12/lib-dynload/_bisect.cpython-312-x86_64-linux-gnu.so
7c5ee251f000-7c5ee2520000 r--p 00005000 00:2d 830461                     /usr/local/python/3.12.1/lib/python3.12/lib-dynload/_bisect.cpython-312-x86_64-linux-gnu.so
7c5ee2520000-7c5ee2521000 rw-p 00006000 00:2d 830461                     /usr/local/python/3.12.1/lib/python3.12/lib-dynload/_bisect.cpython-312-x86_64-linux-gnu.so
7c5ee2521000-7c5ee2621000 rw-p 00000000 00:00 0 
7c5ee2621000-7c5ee2622000 ---p 00000000 00:00 0 
7c5ee2622000-7c5ee2624000 r--p 00000000 00:2d 830493                     /usr/local/python/3.12.1/lib/python3.12/lib-dynload/_queue.cpython-312-x86_64-linux-gnu.so
7c5ee2624000-7c5ee2626000 r-xp 00002000 00:2d 830493                     /usr/local/python/3.12.1/lib/python3.12/lib-dynload/_queue.cpython-312-x86_64-linux-gnu.so
7c5ee2626000-7c5ee2627000 r--p 00004000 00:2d 830493                     /usr/local/python/3.12.1/lib/python3.12/lib-dynload/_queue.cpython-312-x86_64-linux-gnu.so
7c5ee2627000-7c5ee2628000 r--p 00004000 00:2d 830493                     /usr/local/python/3.12.1/lib/python3.12/lib-dynload/_queue.cpython-312-x86_64-linux-gnu.so
7c5ee2628000-7c5ee2629000 rw-p 00005000 00:2d 830493                     /usr/local/python/3.12.1/lib/python3.12/lib-dynload/_queue.cpython-312-x86_64-linux-gnu.so
7c5ee2629000-7c5ee262a000 r--p 00000000 00:2d 830470                     /usr/local/python/3.12.1/lib/python3.12/lib-dynload/_contextvars.cpython-312-x86_64-linux-gnu.so
7c5ee262a000-7c5ee262b000 r-xp 00001000 00:2d 830470                     /usr/local/python/3.12.1/lib/python3.12/lib-dynload/_contextvars.cpython-312-x86_64-linux-gnu.so
7c5ee262b000-7c5ee262c000 r--p 00002000 00:2d 830470                     /usr/local/python/3.12.1/lib/python3.12/lib-dynload/_contextvars.cpython-312-x86_64-linux-gnu.so
7c5ee262c000-7c5ee262d000 r--p 00002000 00:2d 830470                     /usr/local/python/3.12.1/lib/python3.12/lib-dynload/_contextvars.cpython-312-x86_64-linux-gnu.so
7c5ee262d000-7c5ee262e000 rw-p 00003000 00:2d 830470                     /usr/local/python/3.12.1/lib/python3.12/lib-dynload/_contextvars.cpython-312-x86_64-linux-gnu.so
7c5ee262e000-7c5ee262f000 r--p 00000000 00:2d 830489                     /usr/local/python/3.12.1/lib/python3.12/lib-dynload/_opcode.cpython-312-x86_64-linux-gnu.so
7c5ee262f000-7c5ee2630000 r-xp 00001000 00:2d 830489                     /usr/local/python/3.12.1/lib/python3.12/lib-dynload/_opcode.cpython-312-x86_64-linux-gnu.so
7c5ee2630000-7c5ee2631000 r--p 00002000 00:2d 830489                     /usr/local/python/3.12.1/lib/python3.12/lib-dynload/_opcode.cpython-312-x86_64-linux-gnu.so
7c5ee2631000-7c5ee2632000 r--p 00002000 00:2d 830489                     /usr/local/python/3.12.1/lib/python3.12/lib-dynload/_opcode.cpython-312-x86_64-linux-gnu.so
7c5ee2632000-7c5ee2633000 rw-p 00003000 00:2d 830489                     /usr/local/python/3.12.1/lib/python3.12/lib-dynload/_opcode.cpython-312-x86_64-linux-gnu.so
7c5ee2633000-7c5ee2635000 r--p 00000000 00:2d 830518                     /usr/local/python/3.12.1/lib/python3.12/lib-dynload/binascii.cpython-312-x86_64-linux-gnu.so
7c5ee2635000-7c5ee2638000 r-xp 00002000 00:2d 830518                     /usr/local/python/3.12.1/lib/python3.12/lib-dynload/binascii.cpython-312-x86_64-linux-gnu.so
7c5ee2638000-7c5ee263a000 r--p 00005000 00:2d 830518                     /usr/local/python/3.12.1/lib/python3.12/lib-dynload/binascii.cpython-312-x86_64-linux-gnu.so
7c5ee263a000-7c5ee263b000 r--p 00006000 00:2d 830518                     /usr/local/python/3.12.1/lib/python3.12/lib-dynload/binascii.cpython-312-x86_64-linux-gnu.so
7c5ee263b000-7c5ee263c000 rw-p 00007000 00:2d 830518                     /usr/local/python/3.12.1/lib/python3.12/lib-dynload/binascii.cpython-312-x86_64-linux-gnu.so
7c5ee263c000-7c5ee263d000 r--p 00000000 00:2d 830482                     /usr/local/python/3.12.1/lib/python3.12/lib-dynload/_heapq.cpython-312-x86_64-linux-gnu.so
7c5ee263d000-7c5ee263f000 r-xp 00001000 00:2d 830482                     /usr/local/python/3.12.1/lib/python3.12/lib-dynload/_heapq.cpython-312-x86_64-linux-gnu.so
7c5ee263f000-7c5ee2642000 r--p 00003000 00:2d 830482                     /usr/local/python/3.12.1/lib/python3.12/lib-dynload/_heapq.cpython-312-x86_64-linux-gnu.so
7c5ee2642000-7c5ee2643000 r--p 00005000 00:2d 830482                     /usr/local/python/3.12.1/lib/python3.12/lib-dynload/_heapq.cpython-312-x86_64-linux-gnu.so
7c5ee2643000-7c5ee2644000 rw-p 00006000 00:2d 830482                     /usr/local/python/3.12.1/lib/python3.12/lib-dynload/_heapq.cpython-312-x86_64-linux-gnu.so
7c5ee2644000-7c5ee2645000 r--p 00000000 00:2d 830491                     /usr/local/python/3.12.1/lib/python3.12/lib-dynload/_posixshmem.cpython-312-x86_64-linux-gnu.so
7c5ee2645000-7c5ee2646000 r-xp 00001000 00:2d 830491                     /usr/local/python/3.12.1/lib/python3.12/lib-dynload/_posixshmem.cpython-312-x86_64-linux-gnu.so
7c5ee2646000-7c5ee2647000 r--p 00002000 00:2d 830491                     /usr/local/python/3.12.1/lib/python3.12/lib-dynload/_posixshmem.cpython-312-x86_64-linux-gnu.so
7c5ee2647000-7c5ee2648000 r--p 00002000 00:2d 830491                     /usr/local/python/3.12.1/lib/python3.12/lib-dynload/_posixshmem.cpython-312-x86_64-linux-gnu.so
7c5ee2648000-7c5ee2649000 rw-p 00003000 00:2d 830491                     /usr/local/python/3.12.1/lib/python3.12/lib-dynload/_posixshmem.cpython-312-x86_64-linux-gnu.so
7c5ee2649000-7c5ee264b000 r--p 00000000 00:2d 830488                     /usr/local/python/3.12.1/lib/python3.12/lib-dynload/_multiprocessing.cpython-312-x86_64-linux-gnu.so
7c5ee264b000-7c5ee264d000 r-xp 00002000 00:2d 830488                     /usr/local/python/3.12.1/lib/python3.12/lib-dynload/_multiprocessing.cpython-312-x86_64-linux-gnu.so
7c5ee264d000-7c5ee264e000 r--p 00004000 00:2d 830488                     /usr/local/python/3.12.1/lib/python3.12/lib-dynload/_multiprocessing.cpython-312-x86_64-linux-gnu.so
7c5ee264e000-7c5ee264f000 r--p 00004000 00:2d 830488                     /usr/local/python/3.12.1/lib/python3.12/lib-dynload/_multiprocessing.cpython-312-x86_64-linux-gnu.so
7c5ee264f000-7c5ee2650000 rw-p 00005000 00:2d 830488                     /usr/local/python/3.12.1/lib/python3.12/lib-dynload/_multiprocessing.cpython-312-x86_64-linux-gnu.so
7c5ee2650000-7c5ee2652000 r--p 00000000 00:2d 830492                     /usr/local/python/3.12.1/lib/python3.12/lib-dynload/_posixsubprocess.cpython-312-x86_64-linux-gnu.so
7c5ee2652000-7c5ee2655000 r-xp 00002000 00:2d 830492                     /usr/local/python/3.12.1/lib/python3.12/lib-dynload/_posixsubprocess.cpython-312-x86_64-linux-gnu.so
7c5ee2655000-7c5ee2656000 r--p 00005000 00:2d 830492                     /usr/local/python/3.12.1/lib/python3.12/lib-dynload/_posixsubprocess.cpython-312-x86_64-linux-gnu.so
7c5ee2656000-7c5ee2657000 r--p 00005000 00:2d 830492                     /usr/local/python/3.12.1/lib/python3.12/lib-dynload/_posixsubprocess.cpython-312-x86_64-linux-gnu.so
7c5ee2657000-7c5ee2658000 rw-p 00006000 00:2d 830492                     /usr/local/python/3.12.1/lib/python3.12/lib-dynload/_posixsubprocess.cpython-312-x86_64-linux-gnu.so
7c5ee2658000-7c5ee2659000 r--p 00000000 00:2d 830520                     /usr/local/python/3.12.1/lib/python3.12/lib-dynload/fcntl.cpython-312-x86_64-linux-gnu.so
7c5ee2659000-7c5ee265b000 r-xp 00001000 00:2d 830520                     /usr/local/python/3.12.1/lib/python3.12/lib-dynload/fcntl.cpython-312-x86_64-linux-gnu.so
7c5ee265b000-7c5ee265d000 r--p 00003000 00:2d 830520                     /usr/local/python/3.12.1/lib/python3.12/lib-dynload/fcntl.cpython-312-x86_64-linux-gnu.so
7c5ee265d000-7c5ee265e000 r--p 00004000 00:2d 830520                     /usr/local/python/3.12.1/lib/python3.12/lib-dynload/fcntl.cpython-312-x86_64-linux-gnu.so
7c5ee265e000-7c5ee265f000 rw-p 00005000 00:2d 830520                     /usr/local/python/3.12.1/lib/python3.12/lib-dynload/fcntl.cpython-312-x86_64-linux-gnu.so
7c5ee265f000-7c5ee2663000 r--p 00000000 00:2d 830516                     /usr/local/python/3.12.1/lib/python3.12/lib-dynload/array.cpython-312-x86_64-linux-gnu.so
7c5ee2663000-7c5ee266b000 r-xp 00004000 00:2d 830516                     /usr/local/python/3.12.1/lib/python3.12/lib-dynload/array.cpython-312-x86_64-linux-gnu.so
7c5ee266b000-7c5ee266f000 r--p 0000c000 00:2d 830516                     /usr/local/python/3.12.1/lib/python3.12/lib-dynload/array.cpython-312-x86_64-linux-gnu.so
7c5ee266f000-7c5ee2670000 r--p 0000f000 00:2d 830516                     /usr/local/python/3.12.1/lib/python3.12/lib-dynload/array.cpython-312-x86_64-linux-gnu.so
7c5ee2670000-7c5ee2671000 rw-p 00010000 00:2d 830516                     /usr/local/python/3.12.1/lib/python3.12/lib-dynload/array.cpython-312-x86_64-linux-gnu.so
7c5ee2671000-7c5ee2673000 r--p 00000000 00:2d 830528                     /usr/local/python/3.12.1/lib/python3.12/lib-dynload/select.cpython-312-x86_64-linux-gnu.so
7c5ee2673000-7c5ee2676000 r-xp 00002000 00:2d 830528                     /usr/local/python/3.12.1/lib/python3.12/lib-dynload/select.cpython-312-x86_64-linux-gnu.so
7c5ee2676000-7c5ee2678000 r--p 00005000 00:2d 830528                     /usr/local/python/3.12.1/lib/python3.12/lib-dynload/select.cpython-312-x86_64-linux-gnu.so
7c5ee2678000-7c5ee2679000 r--p 00006000 00:2d 830528                     /usr/local/python/3.12.1/lib/python3.12/lib-dynload/select.cpython-312-x86_64-linux-gnu.so
7c5ee2679000-7c5ee267a000 rw-p 00007000 00:2d 830528                     /usr/local/python/3.12.1/lib/python3.12/lib-dynload/select.cpython-312-x86_64-linux-gnu.so
7c5ee267a000-7c5ee267d000 r--p 00000000 00:2d 830522                     /usr/local/python/3.12.1/lib/python3.12/lib-dynload/math.cpython-312-x86_64-linux-gnu.so
7c5ee267d000-7c5ee2689000 r-xp 00003000 00:2d 830522                     /usr/local/python/3.12.1/lib/python3.12/lib-dynload/math.cpython-312-x86_64-linux-gnu.so
7c5ee2689000-7c5ee268e000 r--p 0000f000 00:2d 830522                     /usr/local/python/3.12.1/lib/python3.12/lib-dynload/math.cpython-312-x86_64-linux-gnu.so
7c5ee268e000-7c5ee268f000 r--p 00013000 00:2d 830522                     /usr/local/python/3.12.1/lib/python3.12/lib-dynload/math.cpython-312-x86_64-linux-gnu.so
7c5ee268f000-7c5ee2690000 rw-p 00014000 00:2d 830522                     /usr/local/python/3.12.1/lib/python3.12/lib-dynload/math.cpython-312-x86_64-linux-gnu.so
7c5ee2690000-7c5ee2694000 r--p 00000000 00:2d 830498                     /usr/local/python/3.12.1/lib/python3.12/lib-dynload/_socket.cpython-312-x86_64-linux-gnu.so
7c5ee2694000-7c5ee26a1000 r-xp 00004000 00:2d 830498                     /usr/local/python/3.12.1/lib/python3.12/lib-dynload/_socket.cpython-312-x86_64-linux-gnu.so
7c5ee26a1000-7c5ee26aa000 r--p 00011000 00:2d 830498                     /usr/local/python/3.12.1/lib/python3.12/lib-dynload/_socket.cpython-312-x86_64-linux-gnu.so
7c5ee26aa000-7c5ee26ab000 r--p 00019000 00:2d 830498                     /usr/local/python/3.12.1/lib/python3.12/lib-dynload/_socket.cpython-312-x86_64-linux-gnu.so
7c5ee26ab000-7c5ee26ac000 rw-p 0001a000 00:2d 830498                     /usr/local/python/3.12.1/lib/python3.12/lib-dynload/_socket.cpython-312-x86_64-linux-gnu.so
7c5ee26ac000-7c5ee26b1000 r--p 00000000 00:2d 830490                     /usr/local/python/3.12.1/lib/python3.12/lib-dynload/_pickle.cpython-312-x86_64-linux-gnu.so
7c5ee26b1000-7c5ee26c3000 r-xp 00005000 00:2d 830490                     /usr/local/python/3.12.1/lib/python3.12/lib-dynload/_pickle.cpython-312-x86_64-linux-gnu.so
7c5ee26c3000-7c5ee26c9000 r--p 00017000 00:2d 830490                     /usr/local/python/3.12.1/lib/python3.12/lib-dynload/_pickle.cpython-312-x86_64-linux-gnu.so
7c5ee26c9000-7c5ee26ca000 r--p 0001c000 00:2d 830490                     /usr/local/python/3.12.1/lib/python3.12/lib-dynload/_pickle.cpython-312-x86_64-linux-gnu.so
7c5ee26ca000-7c5ee26cb000 rw-p 0001d000 00:2d 830490                     /usr/local/python/3.12.1/lib/python3.12/lib-dynload/_pickle.cpython-312-x86_64-linux-gnu.so
7c5ee26cb000-7c5ee26ce000 r--p 00000000 00:2d 830502                     /usr/local/python/3.12.1/lib/python3.12/lib-dynload/_struct.cpython-312-x86_64-linux-gnu.so
7c5ee26ce000-7c5ee26d4000 r-xp 00003000 00:2d 830502                     /usr/local/python/3.12.1/lib/python3.12/lib-dynload/_struct.cpython-312-x86_64-linux-gnu.so
7c5ee26d4000-7c5ee26d7000 r--p 00009000 00:2d 830502                     /usr/local/python/3.12.1/lib/python3.12/lib-dynload/_struct.cpython-312-x86_64-linux-gnu.so
7c5ee26d7000-7c5ee26d8000 r--p 0000c000 00:2d 830502                     /usr/local/python/3.12.1/lib/python3.12/lib-dynload/_struct.cpython-312-x86_64-linux-gnu.so
7c5ee26d8000-7c5ee26d9000 rw-p 0000d000 00:2d 830502                     /usr/local/python/3.12.1/lib/python3.12/lib-dynload/_struct.cpython-312-x86_64-linux-gnu.so
7c5ee26d9000-7c5ee2a3f000 rw-p 00000000 00:00 0 
7c5ee2a3f000-7c5ee2a98000 r--p 00000000 00:2d 393770                     /usr/lib/locale/C.utf8/LC_CTYPE
7c5ee2a98000-7c5ee2d83000 r--p 00000000 00:2d 531685                     /usr/lib/locale/locale-archive
7c5ee2d83000-7c5ee2d86000 rw-p 00000000 00:00 0 
7c5ee2d86000-7c5ee2dae000 r--p 00000000 00:2d 394104                     /usr/lib/x86_64-linux-gnu/libc.so.6
7c5ee2dae000-7c5ee2f36000 r-xp 00028000 00:2d 394104                     /usr/lib/x86_64-linux-gnu/libc.so.6
7c5ee2f36000-7c5ee2f85000 r--p 001b0000 00:2d 394104                     /usr/lib/x86_64-linux-gnu/libc.so.6
7c5ee2f85000-7c5ee2f89000 r--p 001fe000 00:2d 394104                     /usr/lib/x86_64-linux-gnu/libc.so.6
7c5ee2f89000-7c5ee2f8b000 rw-p 00202000 00:2d 394104                     /usr/lib/x86_64-linux-gnu/libc.so.6
7c5ee2f8b000-7c5ee2f98000 rw-p 00000000 00:00 0 
7c5ee2f98000-7c5ee2fa8000 r--p 00000000 00:2d 394146                     /usr/lib/x86_64-linux-gnu/libm.so.6
7c5ee2fa8000-7c5ee3027000 r-xp 00010000 00:2d 394146                     /usr/lib/x86_64-linux-gnu/libm.so.6
7c5ee3027000-7c5ee307f000 r--p 0008f000 00:2d 394146                     /usr/lib/x86_64-linux-gnu/libm.so.6
7c5ee307f000-7c5ee3080000 r--p 000e7000 00:2d 394146                     /usr/lib/x86_64-linux-gnu/libm.so.6
7c5ee3080000-7c5ee3081000 rw-p 000e8000 00:2d 394146                     /usr/lib/x86_64-linux-gnu/libm.so.6
7c5ee3081000-7c5ee3088000 r--s 00000000 00:2d 394075                     /usr/lib/x86_64-linux-gnu/gconv/gconv-modules.cache
7c5ee3088000-7c5ee308a000 rw-p 00000000 00:00 0 
7c5ee308a000-7c5ee308b000 r--p 00000000 00:2d 394084                     /usr/lib/x86_64-linux-gnu/ld-linux-x86-64.so.2
7c5ee308b000-7c5ee30b6000 r-xp 00001000 00:2d 394084                     /usr/lib/x86_64-linux-gnu/ld-linux-x86-64.so.2
7c5ee30b6000-7c5ee30c0000 r--p 0002c000 00:2d 394084                     /usr/lib/x86_64-linux-gnu/ld-linux-x86-64.so.2
7c5ee30c0000-7c5ee30c2000 r--p 00036000 00:2d 394084                     /usr/lib/x86_64-linux-gnu/ld-linux-x86-64.so.2
7c5ee30c2000-7c5ee30c4000 rw-p 00038000 00:2d 394084                     /usr/lib/x86_64-linux-gnu/ld-linux-x86-64.so.2
7ffdb9049000-7ffdb904d000 ---p 00000000 00:00 0 
7ffdb904d000-7ffdb9149000 rw-p 00000000 00:00 0                          [stack]
7ffdb915d000-7ffdb9161000 r--p 00000000 00:00 0                          [vvar]
7ffdb9161000-7ffdb9163000 r-xp 00000000 00:00 0                          [vdso]
ffffffffff600000-ffffffffff601000 --xp 00000000 00:00 0                  [vsyscall]
Total number of mappings: 612

JVMTI agents: none


VM Arguments:
jvm_args: -Dfile.encoding=UTF8 -ea -Xmx1024m 
java_command: <unknown>
java_class_path (initial): /usr/local/python/3.12.1/lib/python3.12/site-packages/konlpy/java:/usr/local/python/3.12.1/lib/python3.12/site-packages/konlpy/java/bin:/usr/local/python/3.12.1/lib/python3.12/site-packages/konlpy/java/open-korean-text-2.1.0.jar:/usr/local/python/3.12.1/lib/python3.12/site-packages/konlpy/java/scala-library-2.12.3.jar:/usr/local/python/3.12.1/lib/python3.12/site-packages/konlpy/java/shineware-ds-1.0.jar:/usr/local/python/3.12.1/lib/python3.12/site-packages/konlpy/java/snakeyaml-1.12.jar:/usr/local/python/3.12.1/lib/python3.12/site-packages/konlpy/java/shineware-common-1.0.jar:/usr/local/python/3.12.1/lib/python3.12/site-packages/konlpy/java/jhannanum-0.8.4.jar:/usr/local/python/3.12.1/lib/python3.12/site-packages/konlpy/java/twitter-text-1.14.7.jar:/usr/local/python/3.12.1/lib/python3.12/site-packages/konlpy/java/aho-corasick.jar:/usr/local/python/3.12.1/lib/python3.12/site-packages/konlpy/java/komoran-3.0.jar:/usr/local/python/3.12.1/lib/python3.12/site-packages/konlpy/java/kkma-2.0.jar:/usr/local/python/3.12.1/lib/python3.12/site-packages/konlpy/java/jhannanum-0.8.4.jar:/usr/local/python/3.12.1/lib/python3.12/site-packages/konlpy/java/kkma-2.0.jar:/usr/local/python/3.12.1/lib/python3.12/site-packages/konlpy/java/aho-corasick.jar:/usr/local/python/3.12.1/lib/python3.12/site-packages/konlpy/java/shineware-common-1.0.jar:/usr/local/python/3.12.1/lib/python3.12/site-packages/konlpy/java/shineware-ds-1.0.jar:/usr/local/python/3.12.1/lib/python3.12/site-packages/konlpy/java/komoran-3.0.jar:/usr/local/python/3.12.1/lib/python3.12/site-packages/konlpy/java/snakeyaml-1.12.jar:/usr/local/python/3.12.1/lib/python3.12/site-packages/konlpy/java/scala-library-2.12.3.jar:/usr/local/python/3.12.1/lib/python3.12/site-packages/konlpy/java/open-korean-text-2.1.0.jar:/usr/local/python/3.12.1/lib/python3.12/site-packages/konlpy/java/twitter-text-1.14.7.jar:/usr/local/python/3.12.1/lib/python3.12/site-packages/konlpy/java/open-korean-text-2.1.0.jar:/usr/local/python/3.12.1/lib/python3.12/site-packages/konlpy/java/scala-library-2.12.3.jar:/usr/local/python/3.12.1/lib/python3.12/site-packages/konlpy/java/shineware-ds-1.0.jar:/usr/local/python/3.12.1/lib/python3.12/site-packages/konlpy/java/snakeyaml-1.12.jar:/usr/local/python/3.12.1/lib/python3.12/site-packages/konlpy/java/shineware-common-1.0.jar:/usr/local/python/3.12.1/lib/python3.12/site-packages/konlpy/java/jhannanum-0.8.4.jar:/usr/local/python/3.12.1/lib/python3.12/site-packages/konlpy/java/twitter-text-1.14.7.jar:/usr/local/python/3.12.1/lib/python3.12/site-packages/konlpy/java/aho-corasick.jar:/usr/local/python/3.12.1/lib/python3.12/site-packages/konlpy/java/komoran-3.0.jar:/usr/local/python/3.12.1/lib/python3.12/site-packages/konlpy/java/kkma-2.0.jar:/usr/local/python/3.12.1/lib/python3.12/site-packages/org.jpype.jar
Launcher Type: generic

[Global flags]
     intx CICompilerCount                          = 2                                         {product} {ergonomic}
     uint ConcGCThreads                            = 1                                         {product} {ergonomic}
     uint G1ConcRefinementThreads                  = 2                                         {product} {ergonomic}
   size_t G1HeapRegionSize                         = 1048576                                   {product} {ergonomic}
   size_t InitialHeapSize                          = 132120576                                 {product} {ergonomic}
   size_t MarkStackSize                            = 4194304                                   {product} {ergonomic}
   size_t MarkStackSizeMax                         = 536870912                                 {product} {ergonomic}
   size_t MaxHeapSize                              = 1073741824                                {product} {command line}
   size_t MaxNewSize                               = 643825664                                 {product} {ergonomic}
   size_t MinHeapDeltaBytes                        = 1048576                                   {product} {ergonomic}
   size_t MinHeapSize                              = 8388608                                   {product} {ergonomic}
    uintx NonNMethodCodeHeapSize                   = 5824512                                {pd product} {ergonomic}
    uintx NonProfiledCodeHeapSize                  = 122920960                              {pd product} {ergonomic}
    uintx ProfiledCodeHeapSize                     = 122912768                              {pd product} {ergonomic}
    uintx ReservedCodeCacheSize                    = 251658240                              {pd product} {ergonomic}
     bool SegmentedCodeCache                       = true                                      {product} {ergonomic}
   size_t SoftMaxHeapSize                          = 1073741824                             {manageable} {ergonomic}
     bool UseCompressedOops                        = true                           {product lp64_product} {ergonomic}
     bool UseG1GC                                  = true                                      {product} {ergonomic}

Logging:
Log output configuration:
 #0: stdout all=warning uptime,level,tags foldmultilines=false
 #1: stderr all=off uptime,level,tags foldmultilines=false

Release file:
IMPLEMENTOR="Microsoft"
IMPLEMENTOR_VERSION="Microsoft-12574222"
JAVA_RUNTIME_VERSION="25.0.1+8-LTS"
JAVA_VERSION="25.0.1"
JAVA_VERSION_DATE="2025-10-21"
LIBC="gnu"
MODULES="java.base java.compiler java.datatransfer java.xml java.prefs java.desktop java.instrument java.logging java.management java.security.sasl java.naming java.rmi java.management.rmi java.net.http java.scripting java.security.jgss java.transaction.xa java.sql java.sql.rowset java.xml.crypto java.se java.smartcardio jdk.accessibility jdk.internal.jvmstat jdk.attach jdk.charsets jdk.internal.opt jdk.zipfs jdk.compiler jdk.crypto.cryptoki jdk.crypto.ec jdk.dynalink jdk.internal.ed jdk.editpad jdk.internal.vm.ci jdk.graal.compiler jdk.graal.compiler.management jdk.hotspot.agent jdk.httpserver jdk.incubator.vector jdk.internal.le jdk.internal.md jdk.jartool jdk.javadoc jdk.jcmd jdk.management jdk.management.agent jdk.jconsole jdk.jdeps jdk.jdwp.agent jdk.jdi jdk.jfr jdk.jlink jdk.jpackage jdk.jshell jdk.jsobject jdk.jstatd jdk.localedata jdk.management.jfr jdk.naming.dns jdk.naming.rmi jdk.net jdk.nio.mapmode jdk.sctp jdk.security.auth jdk.security.jgss jdk.unsupported jdk.unsupported.desktop jdk.xml.dom"
OS_ARCH="x86_64"
OS_NAME="Linux"
SOURCE=".:git:a34d2ff2d503"

Environment Variables:
JAVA_HOME=/usr/local/sdkman/candidates/java/current
PATH=/usr/local/rvm/gems/ruby-3.4.7/bin:/usr/local/rvm/gems/ruby-3.4.7@global/bin:/usr/local/rvm/rubies/ruby-3.4.7/bin:/vscode/bin/linux-x64/41dd792b5e652393e7787322889ed5fdc58bd75b/bin/remote-cli:/home/codespace/.local/bin:/home/codespace/.dotnet:/home/codespace/nvm/current/bin:/home/codespace/.php/current/bin:/home/codespace/.python/current/bin:/home/codespace/java/current/bin:/home/codespace/.ruby/current/bin:/home/codespace/.local/bin:/usr/local/python/current/bin:/usr/local/py-utils/bin:/usr/local/jupyter:/usr/local/oryx:/usr/local/go/bin:/go/bin:/usr/local/sdkman/bin:/usr/local/sdkman/candidates/java/current/bin:/usr/local/sdkman/candidates/gradle/current/bin:/usr/local/sdkman/candidates/maven/current/bin:/usr/local/sdkman/candidates/ant/current/bin:/usr/local/rvm/gems/default/bin:/usr/local/rvm/gems/default@global/bin:/usr/local/rvm/rubies/default/bin:/usr/local/share/rbenv/bin:/usr/local/php/current/bin:/opt/conda/bin:/usr/local/nvs:/usr/local/share/nvm/versions/node/v24.11.1/bin:/usr/local/hugo/bin:/usr/local/sbin:/usr/local/bin:/usr/sbin:/usr/bin:/sbin:/bin:/usr/share/dotnet:/home/codespace/.dotnet/tools:/usr/local/rvm/bin
SHELL=/bin/bash
LANG=C.UTF-8
TERM=xterm-256color

Active Locale:
LC_ALL=C.UTF-8
LC_COLLATE=C.UTF-8
LC_CTYPE=C.UTF-8
LC_MESSAGES=C.UTF-8
LC_MONETARY=C.UTF-8
LC_NUMERIC=C.UTF-8
LC_TIME=C.UTF-8

Signal Handlers:
   SIGSEGV: crash_handler in libjvm.so, mask=11100100010111111101111111111110, flags=SA_RESTART|SA_SIGINFO, unblocked
    SIGBUS: crash_handler in libjvm.so, mask=11100100010111111101111111111110, flags=SA_RESTART|SA_SIGINFO, unblocked
    SIGFPE: crash_handler in libjvm.so, mask=11100100010111111101111111111110, flags=SA_RESTART|SA_SIGINFO, unblocked
   SIGPIPE: javaSignalHandler in libjvm.so, mask=11100100010111111101111111111110, flags=SA_RESTART|SA_SIGINFO, blocked
   SIGXFSZ: javaSignalHandler in libjvm.so, mask=11100100010111111101111111111110, flags=SA_RESTART|SA_SIGINFO, blocked
    SIGILL: crash_handler in libjvm.so, mask=11100100010111111101111111111110, flags=SA_RESTART|SA_SIGINFO, unblocked
   SIGUSR2: SR_handler in libjvm.so, mask=00000000000000000000000000000000, flags=SA_RESTART|SA_SIGINFO, blocked
    SIGHUP: UserHandler in libjvm.so, mask=11100100010111111101111111111110, flags=SA_RESTART|SA_SIGINFO, blocked
    SIGINT: UserHandler in libjvm.so, mask=11100100010111111101111111111110, flags=SA_RESTART|SA_SIGINFO, blocked
   SIGTERM: UserHandler in libjvm.so, mask=11100100010111111101111111111110, flags=SA_RESTART|SA_SIGINFO, blocked
   SIGQUIT: UserHandler in libjvm.so, mask=11100100010111111101111111111110, flags=SA_RESTART|SA_SIGINFO, blocked
   SIGTRAP: crash_handler in libjvm.so, mask=11100100010111111101111111111110, flags=SA_RESTART|SA_SIGINFO, unblocked


Compilation memory statistics disabled.

Periodic native trim disabled

---------------  S Y S T E M  ---------------

OS:
DISTRIB_ID=Ubuntu
DISTRIB_RELEASE=24.04
DISTRIB_CODENAME=noble
DISTRIB_DESCRIPTION="Ubuntu 24.04.3 LTS"
uname: Linux 6.8.0-1044-azure #50~22.04.1-Ubuntu SMP Wed Dec  3 15:13:22 UTC 2025 x86_64
OS uptime: 0 days 1:43 hours
libc: glibc 2.39 NPTL 2.39 
rlimit (soft/hard): STACK 8192k/infinity , CORE infinity/infinity , NPROC infinity/infinity , NOFILE 524288/524288 , AS infinity/infinity , CPU infinity/infinity , DATA infinity/infinity , FSIZE infinity/infinity , MEMLOCK 8192k/8192k
load average: 1.71 1.86 1.83

/proc/meminfo:
MemTotal:        8135224 kB
MemFree:          221716 kB
MemAvailable:    4789772 kB
Buffers:          237996 kB
Cached:          4445648 kB
SwapCached:            0 kB
Active:          4151148 kB
Inactive:        3210272 kB
Active(anon):    2273524 kB
Inactive(anon):   479620 kB
Active(file):    1877624 kB
Inactive(file):  2730652 kB
Unevictable:       30908 kB
Mlocked:           27836 kB
SwapTotal:             0 kB
SwapFree:              0 kB
Zswap:                 0 kB
Zswapped:              0 kB
Dirty:              7200 kB
Writeback:             0 kB
AnonPages:       2670124 kB
Mapped:           759220 kB
Shmem:             66272 kB
KReclaimable:     273408 kB
Slab:             376140 kB
SReclaimable:     273408 kB
SUnreclaim:       102732 kB
KernelStack:       10944 kB
PageTables:        32976 kB
SecPageTables:         0 kB
NFS_Unstable:          0 kB
Bounce:                0 kB
WritebackTmp:          0 kB
CommitLimit:     4067612 kB
Committed_AS:    6507976 kB
VmallocTotal:   34359738367 kB
VmallocUsed:       43936 kB
VmallocChunk:          0 kB
Percpu:             1248 kB
HardwareCorrupted:     0 kB
AnonHugePages:   1171456 kB
ShmemHugePages:        0 kB
ShmemPmdMapped:        0 kB
FileHugePages:         0 kB
FilePmdMapped:         0 kB
Unaccepted:            0 kB
HugePages_Total:       0
HugePages_Free:        0
HugePages_Rsvd:        0
HugePages_Surp:        0
Hugepagesize:       2048 kB
Hugetlb:               0 kB
DirectMap4k:      135104 kB
DirectMap2M:     6156288 kB
DirectMap1G:     4194304 kB

/sys/kernel/mm/transparent_hugepage/enabled: [always] madvise never
/sys/kernel/mm/transparent_hugepage/hpage_pmd_size: 2097152
/sys/kernel/mm/transparent_hugepage/shmem_enabled: always within_size advise [never] deny force
/sys/kernel/mm/transparent_hugepage/defrag (defrag/compaction efforts parameter): always defer defer+madvise [madvise] never

Process Memory:
Virtual Size: 3839724K (peak: 3839724K)
Resident Set Size: 182320K (peak: 185788K) (anon: 124080K, file: 58240K, shmem: 0K)
Swapped out: 0K
C-Heap outstanding allocations: 51057K, retained: 8938K
glibc malloc tunables: (default)

/proc/sys/kernel/threads-max (system-wide limit on the number of threads): 63498
/proc/sys/vm/max_map_count (maximum number of memory map areas a process may have): 65530
/proc/sys/vm/swappiness (control to define how aggressively the kernel swaps out anonymous memory): 60
/proc/sys/kernel/pid_max (system-wide limit on number of process identifiers): 4194304

container information not found.
Hyper-V virtualization detected
Steal ticks since vm start: 0
Steal ticks percentage since vm start:  0.000

CPU: total 2 (initial active 2) (16 cores per cpu, 2 threads per core) family 25 model 1 stepping 1 microcode 0xffffffff, cx8, cmov, fxsr, ht, mmx, 3dnowpref, sse, sse2, sse3, ssse3, sse4a, sse4.1, sse4.2, popcnt, lzcnt, tsc, tscinvbit, avx, avx2, aes, erms, clmul, bmi1, bmi2, adx, sha, fma, vzeroupper, clflush, clflushopt, clwb, hv, rdtscp, rdpid, fsrm, f16c, cet_ss
CPU Model and flags from /proc/cpuinfo:
model name	: AMD EPYC 7763 64-Core Processor
flags		: fpu vme de pse tsc msr pae mce cx8 apic sep mtrr pge mca cmov pat pse36 clflush mmx fxsr sse sse2 ht syscall nx mmxext fxsr_opt pdpe1gb rdtscp lm constant_tsc rep_good nopl tsc_reliable nonstop_tsc cpuid extd_apicid aperfmperf tsc_known_freq pni pclmulqdq ssse3 fma cx16 pcid sse4_1 sse4_2 movbe popcnt aes xsave avx f16c rdrand hypervisor lahf_lm cmp_legacy svm cr8_legacy abm sse4a misalignsse 3dnowprefetch osvw topoext vmmcall fsgsbase bmi1 avx2 smep bmi2 erms invpcid rdseed adx smap clflushopt clwb sha_ni xsaveopt xsavec xgetbv1 xsaves user_shstk clzero xsaveerptr rdpru arat npt nrip_save tsc_scale vmcb_clean flushbyasid decodeassists pausefilter pfthreshold v_vmsave_vmload umip vaes vpclmulqdq rdpid fsrm

Online cpus: 0-1
Offline cpus: 
BIOS frequency limitation: <Not Available>
Frequency switch latency (ns): <Not Available>
Available cpu frequencies: <Not Available>
Current governor: <Not Available>
Core performance/turbo boost: <Not Available>

Memory: 4k page, physical 8135224k(4789772k free), swap 0k(0k free)
Page Sizes: 4k

vm_info: OpenJDK 64-Bit Server VM (25.0.1+8-LTS) for linux-amd64 JRE (25.0.1+8-LTS), built on 2025-10-13T21:28:09Z with gcc 11.3.0

END.
