#
# A fatal error has been detected by the Java Runtime Environment:
#
#  SIGSEGV (0xb) at pc=0x0000762317c8d4f3, pid=29264, tid=29264
#
# JRE version: OpenJDK Runtime Environment Microsoft-12574222 (25.0.1+8) (build 25.0.1+8-LTS)
# Java VM: OpenJDK 64-Bit Server VM Microsoft-12574222 (25.0.1+8-LTS, mixed mode, sharing, tiered, compressed oops, compressed class ptrs, g1 gc, linux-amd64)
# Problematic frame:
# C  [_jpype.cpython-312-x86_64-linux-gnu.so+0x424f3]  JPypeException::toJava() [clone .cold]+0x5d
#
# Core dump will be written. Default location: Core dumps may be processed with "/usr/share/apport/apport -p%p -s%s -c%c -d%d -P%P -u%u -g%g -F%F -- %E" (or dumping to /workspaces/korean_reading_practice/myapp/backend/core.29264)
#
# If you would like to submit a bug report, please visit:
#   https://github.com/microsoft/openjdk/issues
# The crash happened outside the Java Virtual Machine in native code.
# See problematic frame for where to report the bug.
#

---------------  S U M M A R Y ------------

Command Line: -Dfile.encoding=UTF8 -ea -Xmx1024m 

Host: AMD EPYC 7763 64-Core Processor, 2 cores, 7G, Ubuntu 24.04.3 LTS
Time: Tue May 12 20:55:14 2026 UTC elapsed time: 0.322134 seconds (0d 0h 0m 0s)

---------------  T H R E A D  ---------------

Current thread (0x000060dabbd12490):  JavaThread "main"             [_thread_in_native, id=29264, stack(0x00007ffd96115000,0x00007ffd96215000) (1024K)]

Stack: [0x00007ffd96115000,0x00007ffd96215000],  sp=0x00007ffd96210110,  free space=1004k
Native frames: (J=compiled Java code, j=interpreted, Vv=VM code, C=native code)
C  [_jpype.cpython-312-x86_64-linux-gnu.so+0x424f3]  JPypeException::toJava() [clone .cold]+0x5d
Java frames: (J=compiled Java code, j=interpreted, Vv=VM code)
j  org.jpype.manager.TypeFactoryNative.newWrapper(JJ)V+0
j  org.jpype.JPypeContext.newWrapper(J)V+16
v  ~StubRoutines::call_stub 0x0000762301338fa6

siginfo: si_signo: 11 (SIGSEGV), si_code: 1 (SEGV_MAPERR), si_addr: 0x0000000000000000

Registers:
RAX=0x00007623191e17d8, RBX=0x000060dabc7f23f0, RCX=0x00007623191d88d0, RDX=0x000000060dabbd26
RSP=0x00007ffd96210110, RBP=0x0000000000000000, RSI=0x0000000000000000, RDI=0x00007ffd96210098
R8 =0x000060daba495010, R9 =0x0000000000000007, R10=0x000060dabbd26c30, R11=0x58d4d4ea3da0c707
R12=0x00007ffd96210120, R13=0x000060dabc7f2358, R14=0x00007ffd96210118, R15=0x000060dabbd12490
RIP=0x0000762317c8d4f3, EFLAGS=0x0000000000010206, CSGSFS=0x002b000000000033, ERR=0x0000000000000006
  TRAPNO=0x000000000000000e

XMM[0]=0x0000000000000000 0x000076231b7de563
XMM[1]=0x000076231b7de563 0x000076231b7de563
XMM[2]=0xffffffffffffffff 0xffffffffffffffff
XMM[3]=0xffffffffffffffff 0xffffffffffffffff
XMM[4]=0xffffffffffffffff 0xffffffffffffffff
XMM[5]=0xffffffffffffffff 0xffffffffffffffff
XMM[6]=0xffffffffffffffff 0xffffffffffffffff
XMM[7]=0xffffffffffffffff 0xffffffffffffffff
XMM[8]=0x0000000000f700f3 0x0000000000f600f2
XMM[9]=0x00000000000000f3 0x00000000000000f2
XMM[10]=0x000000000000000c 0x000000000000000c
XMM[11]=0x000000000000000a 0x000000000000000a
XMM[12]=0x0000000000000008 0x0000000000000008
XMM[13]=0x0000000000000006 0x0000000000000006
XMM[14]=0x0000000000000004 0x0000000000000004
XMM[15]=0x0000000000000002 0x0000000000000002
  MXCSR=0x00001fa2


Register to memory mapping:

RAX=0x00007623191e17d8: <offset 0x000000000027a7d8> in /lib/x86_64-linux-gnu/libstdc++.so.6 at 0x0000762318f67000
RBX=0x000060dabc7f23f0 points into unknown readable memory: 0x0000762317d03a38 | 38 3a d0 17 23 76 00 00
RCX=0x00007623191d88d0: <offset 0x00000000002718d0> in /lib/x86_64-linux-gnu/libstdc++.so.6 at 0x0000762318f67000
RDX=0x000000060dabbd26 is an unknown value
RSP=0x00007ffd96210110 is pointing into the stack for thread: 0x000060dabbd12490
RBP=0x0 is null
RSI=0x0 is null
RDI=0x00007ffd96210098 is pointing into the stack for thread: 0x000060dabbd12490
R8 =0x000060daba495010 points into unknown readable memory: 0x0001000000010005 | 05 00 01 00 00 00 01 00
R9 =0x0000000000000007 is an unknown value
R10=0x000060dabbd26c30 points into unknown readable memory: 0x000000060dabbd26 | 26 bd ab 0d 06 00 00 00
R11=0x58d4d4ea3da0c707 is an unknown value
R12=0x00007ffd96210120 is pointing into the stack for thread: 0x000060dabbd12490
R13=0x000060dabc7f2358 points into unknown readable memory: 0x00000000656e6f4e | 4e 6f 6e 65 00 00 00 00
R14=0x00007ffd96210118 is pointing into the stack for thread: 0x000060dabbd12490
R15=0x000060dabbd12490 is a thread

Top of Stack: (sp=0x00007ffd96210110)
0x00007ffd96210110:   0000003100000001 0000762317cdc7a0   ....1.......#v..
0x00007ffd96210120:   0000762317cdc763 00007ffd96210000   c...#v....!.....
0x00007ffd96210130:   00007ffd96210278 00007623190210f4   x.!.........#v..
0x00007ffd96210140:   00007622d840ac08 00007ffd96210190   ..@."v....!.....
0x00007ffd96210150:   000060dabc7f2210 00007ffd96210188   ."...`....!.....
0x00007ffd96210160:   00007ffd96210278 0000762317c909e8   x.!.........#v..
0x00007ffd96210170:   00007ffd96210190 0000762317c90a4b   ..!.....K...#v..
0x00007ffd96210180:   00007ffd00001fa2 0000000000000001   ................
0x00007ffd96210190:   000060dabbd12930 00007ffd96210000   0)...`....!.....
0x00007ffd962101a0:   00007ffd96210238 0000000000000000   8.!.............
0x00007ffd962101b0:   00007622d840ac08 0000762301344f85   ..@."v...O4.#v..
0x00007ffd962101c0:   00007ffd0000000b 00007ffd96210420   ........ .!.....
0x00007ffd962101d0:   00007ffd96210428 00000000ffffffff   (.!.............
0x00007ffd962101e0:   000060dabbd12490 00007ffd96210220   .$...`.. .!.....
0x00007ffd962101f0:   fffffffffffffff7 0000000000000000   ................
0x00007ffd96210200:   0000000000000008 00007622d840b288   ..........@."v..
0x00007ffd96210210:   0000000000000000 00000000c006b308   ................
0x00007ffd96210220:   00007622d840ac08 0000000000000000   ..@."v..........
0x00007ffd96210230:   00007ffd96210258 00007ffd962102d8   X.!.......!.....
0x00007ffd96210240:   0000762301340936 0000000000000000   6.4.#v..........
0x00007ffd96210250:   0000762301342437 000060dabb8807e0   7$4.#v.......`..
0x00007ffd96210260:   0000000000000000 000060dabb853310   .........3...`..
0x00007ffd96210270:   0000000000000000 00000000c006b3d0   ................
0x00007ffd96210280:   00000000c7cf7ce0 00000000c006b3d0   .|..............
0x00007ffd96210290:   fffffffffffffff5 00007622d840eaa0   ..........@."v..
0x00007ffd962102a0:   0000000000000006 00007622d840a968   ........h.@."v..
0x00007ffd962102b0:   0000000000000000 00000000c006a570   ........p.......
0x00007ffd962102c0:   00007622d840eac8 fffffffffffffff0   ..@."v..........
0x00007ffd962102d0:   00007ffd962102f8 00007ffd96210370   ..!.....p.!.....
0x00007ffd962102e0:   0000762301338fa6 0000000000000000   ..3.#v..........
0x00007ffd962102f0:   00000000c006b3d0 000060dabb8807e0   .............`..
0x00007ffd96210300:   000060dabc631290 00000000c006abd8   ..c..`..........

Instructions: (pc=0x0000762317c8d4f3)
  0x0000762317c8d3f3:   ff ff 48 8b 54 24 30 48 8b 4c 24 38 49 89 c7 48
  0x0000762317c8d403:   89 94 24 90 00 00 00 48 8b 52 e8 48 89 8c 14 90
  0x0000762317c8d413:   00 00 00 48 c7 84 24 98 00 00 00 00 00 00 00 e9
  0x0000762317c8d423:   56 fe ff ff 4c 89 ff e8 21 9c ff ff e9 46 fd ff
  0x0000762317c8d433:   ff 4c 89 f7 48 89 c3 48 89 d5 e8 fe a6 ff ff eb
  0x0000762317c8d443:   a1 ff d0 48 8d 3d 65 ee 04 00 48 89 c6 e8 fb 90
  0x0000762317c8d453:   ff ff e9 27 ff ff ff 48 89 c7 48 89 d0 e9 ab fe
  0x0000762317c8d463:   ff ff 48 8b 7c 24 60 e8 71 00 02 00 49 8d 74 24
  0x0000762317c8d473:   08 4c 89 f7 e8 94 af ff ff e9 fc fd ff ff e8 ca
  0x0000762317c8d483:   b8 ff ff 48 89 c5 e8 f2 b3 ff ff 48 89 ef e8 ba
  0x0000762317c8d493:   b8 ff ff 4c 89 f7 e8 f2 a1 ff ff 4c 89 e7 e8 4a
  0x0000762317c8d4a3:   a7 ff ff 48 89 df 48 83 ed 01 75 59 e8 2c b6 ff
  0x0000762317c8d4b3:   ff 48 8d 3d 9d ee 04 00 48 89 c3 e8 5d 98 ff ff
  0x0000762317c8d4c3:   48 8b 43 20 48 8d 74 24 10 48 8d 7c 24 08 48 8b
  0x0000762317c8d4d3:   50 08 48 8b 08 8b 40 10 48 89 54 24 08 48 8d 54
  0x0000762317c8d4e3:   24 04 89 44 24 04 48 89 4c 24 10 e8 ed 98 ff ff
=>0x0000762317c8d4f3:   c7 04 25 00 00 00 00 00 00 00 00 e8 7d b3 ff ff
  0x0000762317c8d503:   e9 b9 fe 01 00 e8 d3 b5 ff ff 48 8d 3d 44 ee 04
  0x0000762317c8d513:   00 e8 07 98 ff ff c7 04 25 00 00 00 00 00 00 00
  0x0000762317c8d523:   00 e8 57 b3 ff ff e9 93 fe 01 00 4c 89 f7 e8 5a
  0x0000762317c8d533:   a1 ff ff e9 63 ff ff ff 48 89 c3 48 89 d5 e8 3a
  0x0000762317c8d543:   b3 ff ff 48 89 df 48 89 e8 48 83 e8 01 75 52 e8
  0x0000762317c8d553:   89 b5 ff ff 48 8d 74 24 10 c7 44 24 20 b8 01 00
  0x0000762317c8d563:   00 48 89 c7 48 8d 05 75 ed 04 00 48 89 44 24 10
  0x0000762317c8d573:   48 8d 05 be ed 04 00 48 89 44 24 18 e8 5c 94 ff
  0x0000762317c8d583:   ff e8 17 93 ff ff 48 89 c7 48 89 d0 eb bb 48 89
  0x0000762317c8d593:   c3 48 89 d5 e8 e4 b2 ff ff 48 89 df 48 89 e8 eb
  0x0000762317c8d5a3:   a8 e8 a7 b7 ff ff 48 89 c5 e8 cf b2 ff ff 48 89
  0x0000762317c8d5b3:   ef e8 97 b7 ff ff 90 48 8b 73 18 48 85 f6 74 0f
  0x0000762317c8d5c3:   48 8b 05 ee 98 07 00 48 8b 38 e8 0e 93 ff ff 4c
  0x0000762317c8d5d3:   89 f7 e8 76 9a ff ff 48 89 ef e8 6e b7 ff ff 48
  0x0000762317c8d5e3:   89 ef e8 06 a6 ff ff 48 89 df 4c 89 e0 48 83 e8


Stack slot to memory mapping:

stack at sp + 0 slots: 0x0000003100000001 is an unknown value
stack at sp + 1 slots: 0x0000762317cdc7a0: <offset 0x00000000000917a0> in /usr/local/python/3.12.1/lib/python3.12/site-packages/_jpype.cpython-312-x86_64-linux-gnu.so at 0x0000762317c4b000
stack at sp + 2 slots: 0x0000762317cdc763: <offset 0x0000000000091763> in /usr/local/python/3.12.1/lib/python3.12/site-packages/_jpype.cpython-312-x86_64-linux-gnu.so at 0x0000762317c4b000
stack at sp + 3 slots: 0x00007ffd96210000 is pointing into the stack for thread: 0x000060dabbd12490
stack at sp + 4 slots: 0x00007ffd96210278 is pointing into the stack for thread: 0x000060dabbd12490
stack at sp + 5 slots: 0x00007623190210f4: __cxa_get_globals+0x0000000000000014 in /lib/x86_64-linux-gnu/libstdc++.so.6 at 0x0000762318f67000
stack at sp + 6 slots: {method} {0x00007622d840ac08} 'newWrapper' '(JJ)V' in 'org/jpype/manager/TypeFactoryNative'
stack at sp + 7 slots: 0x00007ffd96210190 is pointing into the stack for thread: 0x000060dabbd12490

Lock stack of current Java thread (top to bottom):
LockStack[0]: org.jpype.manager.TypeFactoryNative 
{0x00000000c006b3d0} - klass: 'org/jpype/manager/TypeFactoryNative' - flags: 

 - ---- fields (total size 3 words):
 - public 'context' 'J' @16  0 (0x0000000000000000)


---------------  P R O C E S S  ---------------

Threads class SMR info:
_java_thread_list=0x00007622bc32f3b0, length=13, elements={
0x000060dabbd12490, 0x000060dabc639f10, 0x000060dabc63b7c0, 0x000060dabc63d290,
0x000060dabc63ec30, 0x000060dabc640530, 0x000060dabc642300, 0x000060dabc643d70,
0x000060dabc65fb70, 0x000060dabc661cb0, 0x000060dabc7a9c70, 0x00007622cc001030,
0x00007622bc32d520
}

Java Threads: ( => current thread )
=>0x000060dabbd12490 JavaThread "main"                              [_thread_in_native, id=29264, stack(0x00007ffd96115000,0x00007ffd96215000) (1024K)]
  0x000060dabc639f10 JavaThread "Reference Handler"          daemon [_thread_blocked, id=29301, stack(0x00007622e9f00000,0x00007622ea000000) (1024K)]
  0x000060dabc63b7c0 JavaThread "Finalizer"                  daemon [_thread_blocked, id=29302, stack(0x00007622e9dff000,0x00007622e9eff000) (1024K)]
  0x000060dabc63d290 JavaThread "Signal Dispatcher"          daemon [_thread_blocked, id=29303, stack(0x00007622e9cfe000,0x00007622e9dfe000) (1024K)]
  0x000060dabc63ec30 JavaThread "Service Thread"             daemon [_thread_blocked, id=29304, stack(0x00007622e9bfd000,0x00007622e9cfd000) (1024K)]
  0x000060dabc640530 JavaThread "Monitor Deflation Thread"   daemon [_thread_blocked, id=29305, stack(0x00007622e9afc000,0x00007622e9bfc000) (1024K)]
  0x000060dabc642300 JavaThread "C2 CompilerThread0"         daemon [_thread_blocked, id=29306, stack(0x00007622e99fb000,0x00007622e9afb000) (1024K)]
  0x000060dabc643d70 JavaThread "C1 CompilerThread0"         daemon [_thread_blocked, id=29307, stack(0x00007622e98fa000,0x00007622e99fa000) (1024K)]
  0x000060dabc65fb70 JavaThread "Notification Thread"        daemon [_thread_blocked, id=29308, stack(0x00007622e97f9000,0x00007622e98f9000) (1024K)]
  0x000060dabc661cb0 JavaThread "Common-Cleaner"             daemon [_thread_blocked, id=29309, stack(0x00007622e96f8000,0x00007622e97f8000) (1024K)]
  0x000060dabc7a9c70 JavaThread "Python Reference Queue"     daemon [_thread_in_native, id=29323, stack(0x00007622e95f7000,0x00007622e96f7000) (1024K)]
  0x00007622cc001030 JavaThread "SIGTERM handler"            daemon [_thread_blocked, id=29324, stack(0x00007622e94f6000,0x00007622e95f6000) (1024K)]
  0x00007622bc32d520 JavaThread "Thread-0"                          [_thread_blocked, id=29325, stack(0x00007622e93f5000,0x00007622e94f5000) (1024K)]
Total: 13

Other Threads:
  0x000060dabc62ef50 VMThread "VM Thread"                           [id=29300, stack(0x00007622f80fa000,0x00007622f81fa000) (1024K)]
  0x000060dabc61fd70 WatcherThread "VM Periodic Task Thread"        [id=29299, stack(0x00007622f81fb000,0x00007622f82fb000) (1024K)]
  0x000060dabbedec20 WorkerThread "GC Thread#0"                     [id=29293, stack(0x00007622f8700000,0x00007622f8800000) (1024K)]
  0x00007622d0000fc0 WorkerThread "GC Thread#1"                     [id=29326, stack(0x00007622e92f4000,0x00007622e93f4000) (1024K)]
  0x000060dabbdbe710 ConcurrentGCThread "G1 Main Marker"            [id=29294, stack(0x00007622f85ff000,0x00007622f86ff000) (1024K)]
  0x000060dabbdbebb0 WorkerThread "G1 Conc#0"                       [id=29295, stack(0x00007622f84fe000,0x00007622f85fe000) (1024K)]
  0x000060dabc4f0b60 ConcurrentGCThread "G1 Refine#0"               [id=29296, stack(0x00007622f83fd000,0x00007622f84fd000) (1024K)]
  0x000060dabc4f1d00 ConcurrentGCThread "G1 Service"                [id=29297, stack(0x00007622f82fc000,0x00007622f83fc000) (1024K)]
Total: 8

Threads with active compile tasks:
Total: 0

VM state: not at safepoint (normal execution)

VM Mutex/Monitor currently owned by a thread: None

Heap address: 0x00000000c0000000, size: 1024 MB, Compressed Oops mode: 32-bit

CDS archive(s) mapped at: [0x0000000019000000-0x0000000019d8c000-0x0000000019d8c000), size 14204928, SharedBaseAddress: 0x0000000019000000, ArchiveRelocationMode: 1.
Compressed class space mapped at: 0x000000001a000000-0x000000005a000000, reserved size: 1073741824
UseCompressedClassPointers 1, UseCompactObjectHeaders 0
Narrow klass pointer bits 32, Max shift 3
Narrow klass base: 0x0000000019000000, Narrow klass shift: 0
Encoding Range: [0x0000000019000000 - 0x0000000119000000), (4294967296 bytes)
Klass Range:    [0x0000000019001000 - 0x000000005a000000), (1090514944 bytes)
Klass ID Range:  [4096 - 1090519033) (1090514937)
Protection zone: [0x0000000019000000 - 0x0000000019001000), (4096 bytes)

GC Precious Log:
 CardTable entry size: 512
 Card Set container configuration: InlinePtr #cards 5 size 8 Array Of Cards #cards 10 size 36 Howl #buckets 4 coarsen threshold 1843 Howl Bitmap #cards 512 size 80 coarsen threshold 460 Card regions per heap region 1 cards per card region 2048
 CPUs: 2 total, 2 available
 Memory: 7944M
 Large Page Support: Disabled
 NUMA Support: Disabled
 Compressed Oops: Enabled (32-bit)
 Heap Region Size: 1M
 Heap Min Capacity: 8M
 Heap Initial Capacity: 126M
 Heap Max Capacity: 1G
 Pre-touch: Disabled
 Parallel Workers: 2
 Concurrent Workers: 1
 Concurrent Refinement Workers: 2
 Periodic GC: Disabled
 G1 Time-Based Heap Sizing enabled (uncommit-only)
 Evaluation Interval: 60s, Uncommit Delay: 300s, Min Regions To Uncommit: 10

Heap:
 garbage-first heap   total reserved 1048576K, committed 10240K, used 2126K [0x00000000c0000000, 0x0000000100000000)
  region size 1024K, 1 young (1024K), 0 survivors (0K)

Heap Regions: E=young(eden), S=young(survivor), O=old, HS=humongous(starts), HC=humongous(continues), CS=collection set, F=free, TAMS=top-at-mark-start, PB=parsable bottom
|   0|0x00000000c0000000, 0x00000000c008d398, 0x00000000c0100000| 55%| O|  |TAMS 0x00000000c0000000| PB 0x00000000c0000000| Untracked |  0
|   1|0x00000000c0100000, 0x00000000c0186778, 0x00000000c0200000| 52%| O|  |TAMS 0x00000000c0100000| PB 0x00000000c0100000| Untracked |  0
|   2|0x00000000c0200000, 0x00000000c0200000, 0x00000000c0300000|  0%| F|  |TAMS 0x00000000c0200000| PB 0x00000000c0200000| Untracked |  0
|   3|0x00000000c0300000, 0x00000000c0300000, 0x00000000c0400000|  0%| F|  |TAMS 0x00000000c0300000| PB 0x00000000c0300000| Untracked |  0
|   4|0x00000000c0400000, 0x00000000c0400000, 0x00000000c0500000|  0%| F|  |TAMS 0x00000000c0400000| PB 0x00000000c0400000| Untracked |  0
|   5|0x00000000c0500000, 0x00000000c0500000, 0x00000000c0600000|  0%| F|  |TAMS 0x00000000c0500000| PB 0x00000000c0500000| Untracked |  0
|   6|0x00000000c0600000, 0x00000000c0600000, 0x00000000c0700000|  0%| F|  |TAMS 0x00000000c0600000| PB 0x00000000c0600000| Untracked |  0
|   7|0x00000000c0700000, 0x00000000c0700000, 0x00000000c0800000|  0%| F|  |TAMS 0x00000000c0700000| PB 0x00000000c0700000| Untracked |  0
|   8|0x00000000c0800000, 0x00000000c088f670, 0x00000000c0900000| 56%| E|  |TAMS 0x00000000c0800000| PB 0x00000000c0800000| Complete |  0
|1022|0x00000000ffe00000, 0x00000000fff00000, 0x00000000fff00000|100%| O|  |TAMS 0x00000000ffe00000| PB 0x00000000ffe00000| Untracked |  0

Card table byte_map: [0x00007622f9800000,0x00007622f9a00000] _byte_map_base: 0x00007622f9200000

Marking Bits: (CMBitMap*) 0x000060dabbd43630
 Bits: [0x00007622f8800000, 0x00007622f9800000)

Polling page: 0x000076231ad44000

Metaspace:
Metaspace        used 1829K, committed 1984K, reserved 1114112K
 class space     used 133K, committed 192K, reserved 1048576K

Usage:
  Non-class:      1.66 MB used.
      Class:    133.17 KB used.
       Both:      1.79 MB used.

Virtual space:
  Non-class space:       64.00 MB reserved,       1.75 MB (  3%) committed,  1 nodes.
      Class space:        1.00 GB reserved,     192.00 KB ( <1%) committed,  1 nodes.
             Both:        1.06 GB reserved,       1.94 MB ( <1%) committed. 

Chunk freelists:
   Non-Class:  11.84 MB
       Class:  15.70 MB
        Both:  27.54 MB

MaxMetaspaceSize: unlimited
CompressedClassSpaceSize: 1.00 GB
Initial GC threshold: 21.00 MB
Current GC threshold: 21.00 MB
CDS: on
 - commit_granule_bytes: 65536.
 - commit_granule_words: 8192.
 - virtual_space_node_default_size: 8388608.
 - enlarge_chunks_in_place: 1.
UseCompressedClassPointers 1, UseCompactObjectHeaders 0
Narrow klass pointer bits 32, Max shift 3
Narrow klass base: 0x0000000019000000, Narrow klass shift: 0
Encoding Range: [0x0000000019000000 - 0x0000000119000000), (4294967296 bytes)
Klass Range:    [0x0000000019001000 - 0x000000005a000000), (1090514944 bytes)
Klass ID Range:  [4096 - 1090519033) (1090514937)
Protection zone: [0x0000000019000000 - 0x0000000019001000), (4096 bytes)


Internal statistics:

num_allocs_failed_limit: 0.
num_arena_births: 46.
num_arena_deaths: 0.
num_vsnodes_births: 2.
num_vsnodes_deaths: 0.
num_space_committed: 31.
num_space_uncommitted: 0.
num_chunks_returned_to_freelist: 0.
num_chunks_taken_from_freelist: 68.
num_chunk_merges: 0.
num_chunk_splits: 40.
num_chunks_enlarged: 17.
num_inconsistent_stats: 0.

CodeHeap 'non-profiled nmethods': size=120040Kb used=146Kb max_used=146Kb free=119893Kb
 bounds [0x00007623018c6000, 0x0000762301b36000, 0x0000762308e00000]
CodeHeap 'profiled nmethods': size=120032Kb used=910Kb max_used=910Kb free=119121Kb
 bounds [0x00007622f9e00000, 0x00007622fa070000, 0x0000762301338000]
CodeHeap 'non-nmethods': size=5688Kb used=1326Kb max_used=1339Kb free=4361Kb
 bounds [0x0000762301338000, 0x00007623015a8000, 0x00007623018c6000]
CodeCache: size=245760Kb, used=2382Kb, max_used=2395Kb, free=243375Kb
 total_blobs=1142, nmethods=732, adapters=315, full_count=0
Compilation: enabled, stopped_count=0, restarted_count=0

Compilation events (20 events):
Event: 0.316 Thread 0x000060dabc643d70 nmethod 674 0x00007622f9ec4608 code [0x00007622f9ec4700, 0x00007622f9ec47f0]
Event: 0.316 Thread 0x000060dabc643d70  666       1       java.util.stream.AbstractPipeline::getStreamAndOpFlags (5 bytes)
Event: 0.317 Thread 0x000060dabc643d70 nmethod 666 0x00007623018e4908 code [0x00007623018e4a00, 0x00007623018e4ac0]
Event: 0.317 Thread 0x000060dabc643d70  669       1       java.util.stream.Collectors$CollectorImpl::supplier (5 bytes)
Event: 0.317 Thread 0x000060dabc643d70 nmethod 669 0x00007623018e4c08 code [0x00007623018e4d00, 0x00007623018e4dc0]
Event: 0.317 Thread 0x000060dabc643d70  670       1       java.util.stream.Collectors$CollectorImpl::accumulator (5 bytes)
Event: 0.317 Thread 0x000060dabc643d70 nmethod 670 0x00007623018e4f08 code [0x00007623018e5000, 0x00007623018e50c0]
Event: 0.317 Thread 0x000060dabc643d70  671       1       java.util.stream.Collectors$CollectorImpl::combiner (5 bytes)
Event: 0.317 Thread 0x000060dabc643d70 nmethod 671 0x00007623018e5208 code [0x00007623018e5300, 0x00007623018e53c0]
Event: 0.317 Thread 0x000060dabc643d70  672       1       java.util.stream.ReduceOps$Box::get (5 bytes)
Event: 0.317 Thread 0x000060dabc643d70 nmethod 672 0x00007623018e5508 code [0x00007623018e5600, 0x00007623018e56c0]
Event: 0.317 Thread 0x000060dabc643d70  673       1       java.util.stream.Collectors$CollectorImpl::finisher (5 bytes)
Event: 0.317 Thread 0x000060dabc643d70 nmethod 673 0x00007623018e5808 code [0x00007623018e5900, 0x00007623018e59c0]
Event: 0.317 Thread 0x000060dabc643d70  699       3       java.util.jar.JarFile::getEntry (35 bytes)
Event: 0.317 Thread 0x000060dabc643d70 nmethod 699 0x00007622f9ec4908 code [0x00007622f9ec4a00, 0x00007622f9ec4ed0]
Event: 0.317 Thread 0x000060dabc643d70  700   !   3       jdk.internal.loader.URLClassPath$JarLoader::getResource (39 bytes)
Event: 0.317 Thread 0x000060dabc643d70 nmethod 700 0x00007622f9ec4f08 code [0x00007622f9ec5000, 0x00007622f9ec5558]
Event: 0.317 Thread 0x000060dabc643d70  701       3       java.util.jar.JarFile::getJarEntry (9 bytes)
Event: 0.317 Thread 0x000060dabc643d70 nmethod 701 0x00007622f9ec5588 code [0x00007622f9ec5680, 0x00007622f9ec5908]
Event: 0.317 Thread 0x000060dabc643d70  437       3       java.lang.ClassLoader::checkName (37 bytes)

GC Heap Usage History (2 events):
Event: 0.306 {heap Before GC invocations=0 (full 0):
 garbage-first heap   total reserved 1048576K, committed 131072K, used 6275K [0x00000000c0000000, 0x0000000100000000)
  region size 1024K, 6 young (6144K), 0 survivors (0K)
}
Event: 0.313 {heap After GC invocations=1 (full 1):
 garbage-first heap   total reserved 1048576K, committed 10240K, used 2126K [0x00000000c0000000, 0x0000000100000000)
  region size 1024K, 0 young (0K), 0 survivors (0K)
}

Metaspace Usage History (2 events):
Event: 0.306 {metaspace Before GC invocations=0 (full 0):
 Metaspace       used 1782K, committed 1920K, reserved 1114112K
  class space    used 132K, committed 192K, reserved 1048576K
}
Event: 0.313 {metaspace After GC invocations=1 (full 1):
 Metaspace       used 1782K, committed 1920K, reserved 1114112K
  class space    used 132K, committed 192K, reserved 1048576K
}

Dll operation events (6 events):
Event: 0.003 Loaded shared library /usr/local/sdkman/candidates/java/25.0.1-ms/lib/libjava.so
Event: 0.018 Loaded shared library /usr/local/sdkman/candidates/java/25.0.1-ms/lib/libsimdsort.so
Event: 0.027 Loaded shared library /usr/local/sdkman/candidates/java/25.0.1-ms/lib/libnio.so
Event: 0.031 Loaded shared library /usr/local/sdkman/candidates/java/25.0.1-ms/lib/libzip.so
Event: 0.089 Loaded shared library /usr/local/python/3.12.1/lib/python3.12/site-packages/_jpype.cpython-312-x86_64-linux-gnu.so
Event: 0.170 Loaded shared library /usr/local/sdkman/candidates/java/25.0.1-ms/lib/libjimage.so

Deoptimization events (8 events):
Event: 0.053 Thread 0x000060dabbd12490 Uncommon trap: trap_request=0xffffff45 fr.pc=0x00007623018c95f8 relative=0x0000000000000078
Event: 0.053 Thread 0x000060dabbd12490 Uncommon trap: reason=unstable_if action=reinterpret pc=0x00007623018c95f8 method=jdk.internal.misc.Unsafe.convEndian(ZS)S @ 4 c2
Event: 0.053 Thread 0x000060dabbd12490 DEOPT PACKING pc=0x00007623018c95f8 sp=0x00007ffd9620f600
Event: 0.053 Thread 0x000060dabbd12490 DEOPT UNPACKING pc=0x00007623013c61f9 sp=0x00007ffd9620f550 mode 2
Event: 0.084 Thread 0x000060dabbd12490 Uncommon trap: trap_request=0xffffff45 fr.pc=0x00007623018c92f8 relative=0x0000000000000078
Event: 0.084 Thread 0x000060dabbd12490 Uncommon trap: reason=unstable_if action=reinterpret pc=0x00007623018c92f8 method=jdk.internal.misc.Unsafe.convEndian(ZI)I @ 4 c2
Event: 0.084 Thread 0x000060dabbd12490 DEOPT PACKING pc=0x00007623018c92f8 sp=0x00007ffd9620ef60
Event: 0.084 Thread 0x000060dabbd12490 DEOPT UNPACKING pc=0x00007623013c61f9 sp=0x00007ffd9620eeb0 mode 2

Classes loaded (20 events):
Event: 0.298 Loading class java/lang/System$Logger$Level
Event: 0.298 Loading class java/lang/System$Logger$Level done
Event: 0.298 Loading class jdk/internal/logger/SurrogateLogger
Event: 0.298 Loading class jdk/internal/logger/SimpleConsoleLogger
Event: 0.298 Loading class sun/util/logging/PlatformLogger$ConfigurableBridge$LoggerConfiguration
Event: 0.298 Loading class sun/util/logging/PlatformLogger$ConfigurableBridge$LoggerConfiguration done
Event: 0.298 Loading class jdk/internal/logger/SimpleConsoleLogger done
Event: 0.298 Loading class jdk/internal/logger/SurrogateLogger done
Event: 0.298 Loading class sun/util/logging/PlatformLogger
Event: 0.299 Loading class sun/util/logging/PlatformLogger done
Event: 0.299 Loading class sun/util/logging/PlatformLogger$Level
Event: 0.299 Loading class sun/util/logging/PlatformLogger$Level done
Event: 0.300 Loading class jdk/internal/event/ThreadSleepEvent
Event: 0.300 Loading class jdk/internal/event/Event
Event: 0.300 Loading class jdk/internal/event/Event done
Event: 0.300 Loading class jdk/internal/event/ThreadSleepEvent done
Event: 0.304 Loading class java/util/Spliterator$OfInt
Event: 0.304 Loading class java/util/Spliterator$OfPrimitive
Event: 0.305 Loading class java/util/Spliterator$OfPrimitive done
Event: 0.305 Loading class java/util/Spliterator$OfInt done

Classes unloaded (0 events):
No events

Classes redefined (0 events):
No events

Internal exceptions (13 events):
Event: 0.069 Thread 0x000060dabbd12490 Exception <a 'java/lang/NoSuchMethodError'{0x00000000c7c83670}: 'void java.lang.invoke.DirectMethodHandle$Holder.invokeSpecial(java.lang.Object, java.lang.Object, java.lang.Object)'> (0x00000000c7c83670) 
thrown [src/hotspot/share/interpreter/linkResolver.cpp, line 803]
Event: 0.093 Thread 0x000060dabbd12490 Exception <a 'java/lang/NoSuchMethodError'{0x00000000c7b06850}: 'int java.lang.invoke.DirectMethodHandle$Holder.invokeStaticInit(java.lang.Object, java.lang.Object)'> (0x00000000c7b06850) 
thrown [src/hotspot/share/interpreter/linkResolver.cpp, line 803]
Event: 0.094 Thread 0x000060dabbd12490 Exception <a 'java/lang/NoSuchMethodError'{0x00000000c7b163f0}: 'java.lang.Object java.lang.invoke.DirectMethodHandle$Holder.invokeStaticInit(java.lang.Object, int)'> (0x00000000c7b163f0) 
thrown [src/hotspot/share/interpreter/linkResolver.cpp, line 803]
Event: 0.098 Thread 0x000060dabbd12490 Exception <a 'java/lang/NoSuchMethodError'{0x00000000c7b3cb30}: 'java.lang.Object java.lang.invoke.DirectMethodHandle$Holder.newInvokeSpecial(java.lang.Object, java.lang.Object, java.lang.Object, java.lang.Object, java.lang.Object)'> (0x00000000c7b3cb30) 
thrown [src/hotspot/share/interpreter/linkResolver.cpp, line 803]
Event: 0.099 Thread 0x000060dabbd12490 Exception <a 'java/lang/NoSuchMethodError'{0x00000000c7b94458}: 'void java.lang.invoke.DirectMethodHandle$Holder.invokeStatic(java.lang.Object, java.lang.Object, java.lang.Object, java.lang.Object)'> (0x00000000c7b94458) 
thrown [src/hotspot/share/interpreter/linkResolver.cpp, line 803]
Event: 0.101 Thread 0x000060dabbd12490 Exception <a 'java/lang/NoSuchMethodError'{0x00000000c7bada68}: 'void java.lang.invoke.DirectMethodHandle$Holder.invokeStatic(java.lang.Object, java.lang.Object, java.lang.Object)'> (0x00000000c7bada68) 
thrown [src/hotspot/share/interpreter/linkResolver.cpp, line 803]
Event: 0.108 Thread 0x000060dabbd12490 Exception <a 'java/lang/NoSuchMethodError'{0x00000000c7bd7708}: 'java.lang.Object java.lang.invoke.DirectMethodHandle$Holder.invokeInterface(java.lang.Object, java.lang.Object)'> (0x00000000c7bd7708) 
thrown [src/hotspot/share/interpreter/linkResolver.cpp, line 803]
Event: 0.109 Thread 0x000060dabbd12490 Exception <a 'java/lang/IncompatibleClassChangeError'{0x00000000c7bdfb88}: Found class java.lang.Object, but interface was expected> (0x00000000c7bdfb88) 
thrown [src/hotspot/share/interpreter/linkResolver.cpp, line 871]
Event: 0.110 Thread 0x000060dabbd12490 Exception <a 'java/lang/NoSuchMethodError'{0x00000000c7be7d80}: 'void java.lang.invoke.DirectMethodHandle$Holder.invokeStatic(java.lang.Object, java.lang.Object)'> (0x00000000c7be7d80) 
thrown [src/hotspot/share/interpreter/linkResolver.cpp, line 803]
Event: 0.113 Thread 0x000060dabbd12490 Exception <a 'java/lang/NoSuchMethodError'{0x00000000c7bfb7d0}: 'java.lang.Object java.lang.invoke.Invokers$Holder.invokeExact_MT(java.lang.Object, java.lang.Object, java.lang.Object, java.lang.Object, java.lang.Object)'> (0x00000000c7bfb7d0) 
thrown [src/hotspot/share/interpreter/linkResolver.cpp, line 803]
Event: 0.119 Thread 0x000060dabbd12490 Exception <a 'java/lang/NoSuchMethodError'{0x00000000c7a17a38}: 'int java.lang.invoke.Invokers$Holder.invokeExact_MT(java.lang.Object, java.lang.Object, java.lang.Object)'> (0x00000000c7a17a38) 
thrown [src/hotspot/share/interpreter/linkResolver.cpp, line 803]
Event: 0.181 Thread 0x000060dabbd12490 Exception <a 'java/lang/NoSuchMethodError'{0x00000000c7a8dbd8}: 'java.lang.Object java.lang.invoke.DirectMethodHandle$Holder.invokeStaticInit(java.lang.Object)'> (0x00000000c7a8dbd8) 
thrown [src/hotspot/share/interpreter/linkResolver.cpp, line 803]
Event: 0.242 Thread 0x000060dabbd12490 Exception <a 'java/lang/IncompatibleClassChangeError'{0x00000000c7914170}: Found class java.lang.Object, but interface was expected> (0x00000000c7914170) 
thrown [src/hotspot/share/interpreter/linkResolver.cpp, line 871]

VM Operations (4 events):
Event: 0.306 Executing safepoint VM operation: G1CollectFull (System.gc())
Event: 0.313 Executing safepoint VM operation: G1CollectFull (System.gc()) done
Event: 0.315 Executing safepoint VM operation: ThreadDump
Event: 0.315 Executing safepoint VM operation: ThreadDump done

Memory protections (15 events):
Event: 0.002 Protecting memory [0x00007ffd96115000,0x00007ffd96119000] with protection modes 0
Event: 0.009 Protecting memory [0x0000000019000000,0x0000000019001000] with protection modes 0
Event: 0.016 Protecting memory [0x00007622e9f00000,0x00007622e9f04000] with protection modes 0
Event: 0.016 Protecting memory [0x00007622e9dff000,0x00007622e9e03000] with protection modes 0
Event: 0.016 Protecting memory [0x00007622e9cfe000,0x00007622e9d02000] with protection modes 0
Event: 0.016 Protecting memory [0x00007622e9bfd000,0x00007622e9c01000] with protection modes 0
Event: 0.016 Protecting memory [0x00007622e9afc000,0x00007622e9b00000] with protection modes 0
Event: 0.017 Protecting memory [0x00007622e99fb000,0x00007622e99ff000] with protection modes 0
Event: 0.017 Protecting memory [0x00007622e98fa000,0x00007622e98fe000] with protection modes 0
Event: 0.025 Protecting memory [0x00007622e97f9000,0x00007622e97fd000] with protection modes 0
Event: 0.027 Protecting memory [0x00007622e96f8000,0x00007622e96fc000] with protection modes 0
Event: 0.117 Protecting memory [0x0000762318dfc000,0x0000762318dfd000] with protection modes 1
Event: 0.164 Protecting memory [0x00007622e95f7000,0x00007622e95fb000] with protection modes 0
Event: 0.290 Protecting memory [0x00007622e94f6000,0x00007622e94fa000] with protection modes 0
Event: 0.299 Protecting memory [0x00007622e93f5000,0x00007622e93f9000] with protection modes 0

Nmethod flushes (0 events):
No events

Events (13 events):
Event: 0.010 Thread 0x000060dabbd12490 Thread added: 0x000060dabbd12490
Event: 0.016 Thread 0x000060dabbd12490 Thread added: 0x000060dabc639f10
Event: 0.016 Thread 0x000060dabbd12490 Thread added: 0x000060dabc63b7c0
Event: 0.016 Thread 0x000060dabbd12490 Thread added: 0x000060dabc63d290
Event: 0.016 Thread 0x000060dabbd12490 Thread added: 0x000060dabc63ec30
Event: 0.016 Thread 0x000060dabbd12490 Thread added: 0x000060dabc640530
Event: 0.017 Thread 0x000060dabbd12490 Thread added: 0x000060dabc642300
Event: 0.017 Thread 0x000060dabbd12490 Thread added: 0x000060dabc643d70
Event: 0.025 Thread 0x000060dabbd12490 Thread added: 0x000060dabc65fb70
Event: 0.027 Thread 0x000060dabbd12490 Thread added: 0x000060dabc661cb0
Event: 0.164 Thread 0x000060dabbd12490 Thread added: 0x000060dabc7a9c70
Event: 0.290 Thread 0x000060dabc63d290 Thread added: 0x00007622cc001030
Event: 0.299 Thread 0x00007622cc001030 Thread added: 0x00007622bc32d520


Dynamic libraries:
19000000-19001000 ---p 00000000 00:00 0 
19001000-194ab000 rw-p 00001000 00:2d 681584                             /usr/local/sdkman/candidates/java/25.0.1-ms/lib/server/classes.jsa
194ab000-19d8c000 rw-p 004ab000 00:2d 681584                             /usr/local/sdkman/candidates/java/25.0.1-ms/lib/server/classes.jsa
19d8c000-1a000000 ---p 00000000 00:00 0 
1a000000-1a020000 rw-p 00000000 00:00 0 
1a020000-1a040000 ---p 00000000 00:00 0 
1a040000-1a050000 rw-p 00000000 00:00 0 
1a050000-5a000000 ---p 00000000 00:00 0 
c0000000-c0900000 rw-p 00000000 00:00 0 
c0900000-ffe00000 ---p 00000000 00:00 0 
ffe00000-fff00000 rw-p 00dbf000 00:2d 681584                             /usr/local/sdkman/candidates/java/25.0.1-ms/lib/server/classes.jsa
fff00000-100000000 ---p 00000000 00:00 0 
60daa700f000-60daa710d000 r--p 00000000 00:2d 828064                     /usr/local/python/3.12.1/bin/python3.12
60daa710d000-60daa73aa000 r-xp 000fe000 00:2d 828064                     /usr/local/python/3.12.1/bin/python3.12
60daa73aa000-60daa74fc000 r--p 0039b000 00:2d 828064                     /usr/local/python/3.12.1/bin/python3.12
60daa74fc000-60daa7573000 r--p 004ed000 00:2d 828064                     /usr/local/python/3.12.1/bin/python3.12
60daa7573000-60daa76e0000 rw-p 00564000 00:2d 828064                     /usr/local/python/3.12.1/bin/python3.12
60daa76e0000-60daa76e2000 rw-p 00000000 00:00 0 
60daba495000-60dabc86f000 rw-p 00000000 00:00 0                          [heap]
7622b0000000-7622b0021000 rw-p 00000000 00:00 0 
7622b0021000-7622b4000000 ---p 00000000 00:00 0 
7622b8000000-7622b82ae000 rw-p 00000000 00:00 0 
7622b82ae000-7622bc000000 ---p 00000000 00:00 0 
7622bc000000-7622bc558000 rw-p 00000000 00:00 0 
7622bc558000-7622c0000000 ---p 00000000 00:00 0 
7622c0000000-7622c0021000 rw-p 00000000 00:00 0 
7622c0021000-7622c4000000 ---p 00000000 00:00 0 
7622c4000000-7622c4021000 rw-p 00000000 00:00 0 
7622c4021000-7622c8000000 ---p 00000000 00:00 0 
7622c8000000-7622c8021000 rw-p 00000000 00:00 0 
7622c8021000-7622cc000000 ---p 00000000 00:00 0 
7622cc000000-7622cc021000 rw-p 00000000 00:00 0 
7622cc021000-7622d0000000 ---p 00000000 00:00 0 
7622d0000000-7622d0619000 rw-p 00000000 00:00 0 
7622d0619000-7622d4000000 ---p 00000000 00:00 0 
7622d4000000-7622d4021000 rw-p 00000000 00:00 0 
7622d4021000-7622d8000000 ---p 00000000 00:00 0 
7622d8000000-7622d8190000 rw-p 00000000 00:00 0 
7622d8190000-7622d8400000 ---p 00000000 00:00 0 
7622d8400000-7622d8430000 rw-p 00000000 00:00 0 
7622d8430000-7622dc000000 ---p 00000000 00:00 0 
7622dc000000-7622dc021000 rw-p 00000000 00:00 0 
7622dc021000-7622e0000000 ---p 00000000 00:00 0 
7622e0000000-7622e0021000 rw-p 00000000 00:00 0 
7622e0021000-7622e4000000 ---p 00000000 00:00 0 
7622e4000000-7622e4021000 rw-p 00000000 00:00 0 
7622e4021000-7622e8000000 ---p 00000000 00:00 0 
7622e92f3000-7622e92f4000 ---p 00000000 00:00 0 
7622e92f4000-7622e93f4000 rw-p 00000000 00:00 0 
7622e93f4000-7622e93f5000 ---p 00000000 00:00 0 
7622e93f5000-7622e93f9000 ---p 00000000 00:00 0 
7622e93f9000-7622e94f5000 rw-p 00000000 00:00 0 
7622e94f5000-7622e94f6000 ---p 00000000 00:00 0 
7622e94f6000-7622e94fa000 ---p 00000000 00:00 0 
7622e94fa000-7622e95f6000 rw-p 00000000 00:00 0 
7622e95f6000-7622e95f7000 ---p 00000000 00:00 0 
7622e95f7000-7622e95fb000 ---p 00000000 00:00 0 
7622e95fb000-7622e96f7000 rw-p 00000000 00:00 0 
7622e96f7000-7622e96f8000 ---p 00000000 00:00 0 
7622e96f8000-7622e96fc000 ---p 00000000 00:00 0 
7622e96fc000-7622e97f8000 rw-p 00000000 00:00 0 
7622e97f8000-7622e97f9000 ---p 00000000 00:00 0 
7622e97f9000-7622e97fd000 ---p 00000000 00:00 0 
7622e97fd000-7622e98f9000 rw-p 00000000 00:00 0 
7622e98f9000-7622e98fa000 ---p 00000000 00:00 0 
7622e98fa000-7622e98fe000 ---p 00000000 00:00 0 
7622e98fe000-7622e99fa000 rw-p 00000000 00:00 0 
7622e99fa000-7622e99fb000 ---p 00000000 00:00 0 
7622e99fb000-7622e99ff000 ---p 00000000 00:00 0 
7622e99ff000-7622e9afb000 rw-p 00000000 00:00 0 
7622e9afb000-7622e9afc000 ---p 00000000 00:00 0 
7622e9afc000-7622e9b00000 ---p 00000000 00:00 0 
7622e9b00000-7622e9bfc000 rw-p 00000000 00:00 0 
7622e9bfc000-7622e9bfd000 ---p 00000000 00:00 0 
7622e9bfd000-7622e9c01000 ---p 00000000 00:00 0 
7622e9c01000-7622e9cfd000 rw-p 00000000 00:00 0 
7622e9cfd000-7622e9cfe000 ---p 00000000 00:00 0 
7622e9cfe000-7622e9d02000 ---p 00000000 00:00 0 
7622e9d02000-7622e9dfe000 rw-p 00000000 00:00 0 
7622e9dfe000-7622e9dff000 ---p 00000000 00:00 0 
7622e9dff000-7622e9e03000 ---p 00000000 00:00 0 
7622e9e03000-7622e9eff000 rw-p 00000000 00:00 0 
7622e9eff000-7622e9f00000 ---p 00000000 00:00 0 
7622e9f00000-7622e9f04000 ---p 00000000 00:00 0 
7622e9f04000-7622ea000000 rw-p 00000000 00:00 0 
7622ea000000-7622ec021000 rw-p 00000000 00:00 0 
7622ec021000-7622f0000000 ---p 00000000 00:00 0 
7622f0000000-7622f0021000 rw-p 00000000 00:00 0 
7622f0021000-7622f4000000 ---p 00000000 00:00 0 
7622f4000000-7622f4021000 rw-p 00000000 00:00 0 
7622f4021000-7622f8000000 ---p 00000000 00:00 0 
7622f80f9000-7622f80fa000 ---p 00000000 00:00 0 
7622f80fa000-7622f81fa000 rw-p 00000000 00:00 0 
7622f81fa000-7622f81fb000 ---p 00000000 00:00 0 
7622f81fb000-7622f82fb000 rw-p 00000000 00:00 0 
7622f82fb000-7622f82fc000 ---p 00000000 00:00 0 
7622f82fc000-7622f83fc000 rw-p 00000000 00:00 0 
7622f83fc000-7622f83fd000 ---p 00000000 00:00 0 
7622f83fd000-7622f84fd000 rw-p 00000000 00:00 0 
7622f84fd000-7622f84fe000 ---p 00000000 00:00 0 
7622f84fe000-7622f85fe000 rw-p 00000000 00:00 0 
7622f85fe000-7622f85ff000 ---p 00000000 00:00 0 
7622f85ff000-7622f86ff000 rw-p 00000000 00:00 0 
7622f86ff000-7622f8700000 ---p 00000000 00:00 0 
7622f8700000-7622f8800000 rw-p 00000000 00:00 0 
7622f8800000-7622f8824000 rw-p 00000000 00:00 0 
7622f8824000-7622f97f8000 ---p 00000000 00:00 0 
7622f97f8000-7622f97fc000 rw-p 00000000 00:00 0 
7622f97fc000-7622f9800000 ---p 00000000 00:00 0 
7622f9800000-7622f9805000 rw-p 00000000 00:00 0 
7622f9805000-7622f99ff000 ---p 00000000 00:00 0 
7622f99ff000-7622f9a05000 rw-p 00000000 00:00 0 
7622f9a05000-7622f9bff000 ---p 00000000 00:00 0 
7622f9bff000-7622f9c00000 rw-p 00000000 00:00 0 
7622f9c2a000-7622f9c2f000 rw-p 00000000 00:00 0 
7622f9c2f000-7622f9d15000 ---p 00000000 00:00 0 
7622f9d15000-7622f9d1a000 rw-p 00000000 00:00 0 
7622f9d1a000-7622f9e00000 ---p 00000000 00:00 0 
7622f9e00000-7622fa070000 rwxp 00000000 00:00 0 
7622fa070000-762301338000 ---p 00000000 00:00 0 
762301338000-7623015a8000 rwxp 00000000 00:00 0 
7623015a8000-7623018c6000 ---p 00000000 00:00 0 
7623018c6000-762301b36000 rwxp 00000000 00:00 0 
762301b36000-762308e00000 ---p 00000000 00:00 0 
762308e4e000-762308e8b000 r-xp 00000000 00:2d 681571                     /usr/local/sdkman/candidates/java/25.0.1-ms/lib/libsimdsort.so
762308e8b000-762308e8c000 ---p 0003d000 00:2d 681571                     /usr/local/sdkman/candidates/java/25.0.1-ms/lib/libsimdsort.so
762308e8c000-762308e8d000 r--p 0003d000 00:2d 681571                     /usr/local/sdkman/candidates/java/25.0.1-ms/lib/libsimdsort.so
762308e8d000-762308e8e000 rw-p 0003e000 00:2d 681571                     /usr/local/sdkman/candidates/java/25.0.1-ms/lib/libsimdsort.so
762308e8e000-762311981000 r--s 00000000 00:2d 681576                     /usr/local/sdkman/candidates/java/25.0.1-ms/lib/modules
762311981000-762312f24000 r-xp 00000000 00:2d 681589                     /usr/local/sdkman/candidates/java/25.0.1-ms/lib/server/libjvm.so
762312f24000-762312f25000 ---p 015a3000 00:2d 681589                     /usr/local/sdkman/candidates/java/25.0.1-ms/lib/server/libjvm.so
762312f25000-76231300e000 r--p 015a3000 00:2d 681589                     /usr/local/sdkman/candidates/java/25.0.1-ms/lib/server/libjvm.so
76231300e000-762313039000 rw-p 0168c000 00:2d 681589                     /usr/local/sdkman/candidates/java/25.0.1-ms/lib/server/libjvm.so
762313039000-7623130b5000 rw-p 00000000 00:00 0 
7623130b5000-762313288000 r--p 00000000 00:2d 1078548                    /usr/local/python/3.12.1/lib/python3.12/site-packages/pymupdf/_mupdf.so
762313288000-762313733000 r-xp 001d3000 00:2d 1078548                    /usr/local/python/3.12.1/lib/python3.12/site-packages/pymupdf/_mupdf.so
762313733000-762313c0d000 r--p 0067e000 00:2d 1078548                    /usr/local/python/3.12.1/lib/python3.12/site-packages/pymupdf/_mupdf.so
762313c0d000-762313c11000 r--p 00b57000 00:2d 1078548                    /usr/local/python/3.12.1/lib/python3.12/site-packages/pymupdf/_mupdf.so
762313c11000-762313ca5000 rw-p 00b5b000 00:2d 1078548                    /usr/local/python/3.12.1/lib/python3.12/site-packages/pymupdf/_mupdf.so
762313ca5000-7623142a7000 rw-p 00000000 00:00 0 
7623142c8000-7623142d4000 r-xp 00000000 00:2d 681565                     /usr/local/sdkman/candidates/java/25.0.1-ms/lib/libnet.so
7623142d4000-7623142d5000 r--p 0000b000 00:2d 681565                     /usr/local/sdkman/candidates/java/25.0.1-ms/lib/libnet.so
7623142d5000-7623142d6000 rw-p 0000c000 00:2d 681565                     /usr/local/sdkman/candidates/java/25.0.1-ms/lib/libnet.so
7623142d6000-7623145f9000 rw-p 00000000 00:00 0 
7623145f9000-7623146f1000 r--p 00000000 00:2d 1078549                    /usr/local/python/3.12.1/lib/python3.12/site-packages/pymupdf/libmupdfcpp.so.27.2
7623146f1000-76231479c000 r-xp 000f8000 00:2d 1078549                    /usr/local/python/3.12.1/lib/python3.12/site-packages/pymupdf/libmupdfcpp.so.27.2
76231479c000-7623147f2000 r--p 001a3000 00:2d 1078549                    /usr/local/python/3.12.1/lib/python3.12/site-packages/pymupdf/libmupdfcpp.so.27.2
7623147f2000-7623147f4000 r--p 001f8000 00:2d 1078549                    /usr/local/python/3.12.1/lib/python3.12/site-packages/pymupdf/libmupdfcpp.so.27.2
7623147f4000-762314801000 rw-p 001fa000 00:2d 1078549                    /usr/local/python/3.12.1/lib/python3.12/site-packages/pymupdf/libmupdfcpp.so.27.2
762314801000-762314944000 r--p 00000000 00:2d 1078550                    /usr/local/python/3.12.1/lib/python3.12/site-packages/pymupdf/libmupdf.so.27.2
762314944000-7623152e0000 r-xp 00143000 00:2d 1078550                    /usr/local/python/3.12.1/lib/python3.12/site-packages/pymupdf/libmupdf.so.27.2
7623152e0000-7623157a7000 r--p 00adf000 00:2d 1078550                    /usr/local/python/3.12.1/lib/python3.12/site-packages/pymupdf/libmupdf.so.27.2
7623157a7000-7623157c6000 r--p 00fa6000 00:2d 1078550                    /usr/local/python/3.12.1/lib/python3.12/site-packages/pymupdf/libmupdf.so.27.2
7623157c6000-762316968000 rw-p 00fc5000 00:2d 1078550                    /usr/local/python/3.12.1/lib/python3.12/site-packages/pymupdf/libmupdf.so.27.2
762316968000-762316b75000 rw-p 00000000 00:00 0 
762316b7c000-762316e52000 rw-p 00000000 00:00 0 
762316e52000-762316ea0000 r--p 00000000 00:2d 1065088                    /usr/local/python/3.12.1/lib/python3.12/site-packages/lxml/etree.cpython-312-x86_64-linux-gnu.so
762316ea0000-7623171c5000 r-xp 0004e000 00:2d 1065088                    /usr/local/python/3.12.1/lib/python3.12/site-packages/lxml/etree.cpython-312-x86_64-linux-gnu.so
7623171c5000-76231734c000 r--p 00373000 00:2d 1065088                    /usr/local/python/3.12.1/lib/python3.12/site-packages/lxml/etree.cpython-312-x86_64-linux-gnu.so
76231734c000-76231735b000 r--p 004fa000 00:2d 1065088                    /usr/local/python/3.12.1/lib/python3.12/site-packages/lxml/etree.cpython-312-x86_64-linux-gnu.so
76231735b000-762317377000 rw-p 00509000 00:2d 1065088                    /usr/local/python/3.12.1/lib/python3.12/site-packages/lxml/etree.cpython-312-x86_64-linux-gnu.so
762317377000-762317580000 rw-p 00000000 00:00 0 
762317580000-762317583000 r--p 00000000 00:2d 830487                     /usr/local/python/3.12.1/lib/python3.12/lib-dynload/_multibytecodec.cpython-312-x86_64-linux-gnu.so
762317583000-762317589000 r-xp 00003000 00:2d 830487                     /usr/local/python/3.12.1/lib/python3.12/lib-dynload/_multibytecodec.cpython-312-x86_64-linux-gnu.so
762317589000-76231758b000 r--p 00009000 00:2d 830487                     /usr/local/python/3.12.1/lib/python3.12/lib-dynload/_multibytecodec.cpython-312-x86_64-linux-gnu.so
76231758b000-76231758c000 r--p 0000a000 00:2d 830487                     /usr/local/python/3.12.1/lib/python3.12/lib-dynload/_multibytecodec.cpython-312-x86_64-linux-gnu.so
76231758c000-76231758d000 rw-p 0000b000 00:2d 830487                     /usr/local/python/3.12.1/lib/python3.12/lib-dynload/_multibytecodec.cpython-312-x86_64-linux-gnu.so
76231758d000-76231759b000 r--p 00000000 00:2d 795733                     /home/codespace/.local/lib/python3.12/site-packages/charset_normalizer/md__mypyc.cpython-312-x86_64-linux-gnu.so
76231759b000-7623175bb000 r-xp 0000e000 00:2d 795733                     /home/codespace/.local/lib/python3.12/site-packages/charset_normalizer/md__mypyc.cpython-312-x86_64-linux-gnu.so
7623175bb000-7623175c5000 r--p 0002e000 00:2d 795733                     /home/codespace/.local/lib/python3.12/site-packages/charset_normalizer/md__mypyc.cpython-312-x86_64-linux-gnu.so
7623175c5000-7623175c6000 r--p 00037000 00:2d 795733                     /home/codespace/.local/lib/python3.12/site-packages/charset_normalizer/md__mypyc.cpython-312-x86_64-linux-gnu.so
7623175c6000-7623175ca000 rw-p 00038000 00:2d 795733                     /home/codespace/.local/lib/python3.12/site-packages/charset_normalizer/md__mypyc.cpython-312-x86_64-linux-gnu.so
7623175ca000-7623176cb000 rw-p 00000000 00:00 0 
7623176cb000-7623176d1000 r--p 00000000 00:2d 830525                     /usr/local/python/3.12.1/lib/python3.12/lib-dynload/pyexpat.cpython-312-x86_64-linux-gnu.so
7623176d1000-7623176f6000 r-xp 00006000 00:2d 830525                     /usr/local/python/3.12.1/lib/python3.12/lib-dynload/pyexpat.cpython-312-x86_64-linux-gnu.so
7623176f6000-762317701000 r--p 0002b000 00:2d 830525                     /usr/local/python/3.12.1/lib/python3.12/lib-dynload/pyexpat.cpython-312-x86_64-linux-gnu.so
762317701000-762317704000 r--p 00035000 00:2d 830525                     /usr/local/python/3.12.1/lib/python3.12/lib-dynload/pyexpat.cpython-312-x86_64-linux-gnu.so
762317704000-762317706000 rw-p 00038000 00:2d 830525                     /usr/local/python/3.12.1/lib/python3.12/lib-dynload/pyexpat.cpython-312-x86_64-linux-gnu.so
762317706000-76231770a000 r--p 00000000 00:2d 830479                     /usr/local/python/3.12.1/lib/python3.12/lib-dynload/_elementtree.cpython-312-x86_64-linux-gnu.so
76231770a000-762317716000 r-xp 00004000 00:2d 830479                     /usr/local/python/3.12.1/lib/python3.12/lib-dynload/_elementtree.cpython-312-x86_64-linux-gnu.so
762317716000-762317719000 r--p 00010000 00:2d 830479                     /usr/local/python/3.12.1/lib/python3.12/lib-dynload/_elementtree.cpython-312-x86_64-linux-gnu.so
762317719000-76231771a000 r--p 00012000 00:2d 830479                     /usr/local/python/3.12.1/lib/python3.12/lib-dynload/_elementtree.cpython-312-x86_64-linux-gnu.so
76231771a000-76231771c000 rw-p 00013000 00:2d 830479                     /usr/local/python/3.12.1/lib/python3.12/lib-dynload/_elementtree.cpython-312-x86_64-linux-gnu.so
76231771c000-762317b1c000 rw-p 00000000 00:00 0 
762317b1c000-762317b1e000 r--p 00000000 00:2d 394126                     /usr/lib/x86_64-linux-gnu/libffi.so.8.1.4
762317b1e000-762317b25000 r-xp 00002000 00:2d 394126                     /usr/lib/x86_64-linux-gnu/libffi.so.8.1.4
762317b25000-762317b26000 r--p 00009000 00:2d 394126                     /usr/lib/x86_64-linux-gnu/libffi.so.8.1.4
762317b26000-762317b27000 r--p 0000a000 00:2d 394126                     /usr/lib/x86_64-linux-gnu/libffi.so.8.1.4
762317b27000-762317b28000 rw-p 0000b000 00:2d 394126                     /usr/lib/x86_64-linux-gnu/libffi.so.8.1.4
762317b28000-762317b2e000 r--p 00000000 00:2d 830473                     /usr/local/python/3.12.1/lib/python3.12/lib-dynload/_ctypes.cpython-312-x86_64-linux-gnu.so
762317b2e000-762317b40000 r-xp 00006000 00:2d 830473                     /usr/local/python/3.12.1/lib/python3.12/lib-dynload/_ctypes.cpython-312-x86_64-linux-gnu.so
762317b40000-762317b46000 r--p 00018000 00:2d 830473                     /usr/local/python/3.12.1/lib/python3.12/lib-dynload/_ctypes.cpython-312-x86_64-linux-gnu.so
762317b46000-762317b47000 r--p 0001d000 00:2d 830473                     /usr/local/python/3.12.1/lib/python3.12/lib-dynload/_ctypes.cpython-312-x86_64-linux-gnu.so
762317b47000-762317b4b000 rw-p 0001e000 00:2d 830473                     /usr/local/python/3.12.1/lib/python3.12/lib-dynload/_ctypes.cpython-312-x86_64-linux-gnu.so
762317b4b000-762317c4b000 rw-p 00000000 00:00 0 
762317c4b000-762317c86000 r--p 00000000 00:2d 1065257                    /usr/local/python/3.12.1/lib/python3.12/site-packages/_jpype.cpython-312-x86_64-linux-gnu.so
762317c86000-762317cda000 r-xp 0003b000 00:2d 1065257                    /usr/local/python/3.12.1/lib/python3.12/site-packages/_jpype.cpython-312-x86_64-linux-gnu.so
762317cda000-762317d02000 r--p 0008f000 00:2d 1065257                    /usr/local/python/3.12.1/lib/python3.12/site-packages/_jpype.cpython-312-x86_64-linux-gnu.so
762317d02000-762317d03000 ---p 000b7000 00:2d 1065257                    /usr/local/python/3.12.1/lib/python3.12/site-packages/_jpype.cpython-312-x86_64-linux-gnu.so
762317d03000-762317d07000 r--p 000b7000 00:2d 1065257                    /usr/local/python/3.12.1/lib/python3.12/site-packages/_jpype.cpython-312-x86_64-linux-gnu.so
762317d07000-762317d0b000 rw-p 000bb000 00:2d 1065257                    /usr/local/python/3.12.1/lib/python3.12/site-packages/_jpype.cpython-312-x86_64-linux-gnu.so
762317d0b000-762317e0b000 rw-p 00000000 00:00 0 
762317e0b000-762317e10000 r--p 00000000 00:2d 1062218                    /usr/local/python/3.12.1/lib/python3.12/site-packages/frozenlist/_frozenlist.cpython-312-x86_64-linux-gnu.so
762317e10000-762317e1d000 r-xp 00005000 00:2d 1062218                    /usr/local/python/3.12.1/lib/python3.12/site-packages/frozenlist/_frozenlist.cpython-312-x86_64-linux-gnu.so
762317e1d000-762317e21000 r--p 00012000 00:2d 1062218                    /usr/local/python/3.12.1/lib/python3.12/site-packages/frozenlist/_frozenlist.cpython-312-x86_64-linux-gnu.so
762317e21000-762317e22000 r--p 00015000 00:2d 1062218                    /usr/local/python/3.12.1/lib/python3.12/site-packages/frozenlist/_frozenlist.cpython-312-x86_64-linux-gnu.so
762317e22000-762317e24000 rw-p 00016000 00:2d 1062218                    /usr/local/python/3.12.1/lib/python3.12/site-packages/frozenlist/_frozenlist.cpython-312-x86_64-linux-gnu.so
762317e24000-762317f24000 rw-p 00000000 00:00 0 
762317f24000-762317f2a000 r--p 00000000 00:2d 1062364                    /usr/local/python/3.12.1/lib/python3.12/site-packages/aiohttp/_websocket/reader_c.cpython-312-x86_64-linux-gnu.so
762317f2a000-762317f4d000 r-xp 00006000 00:2d 1062364                    /usr/local/python/3.12.1/lib/python3.12/site-packages/aiohttp/_websocket/reader_c.cpython-312-x86_64-linux-gnu.so
762317f4d000-762317f54000 r--p 00029000 00:2d 1062364                    /usr/local/python/3.12.1/lib/python3.12/site-packages/aiohttp/_websocket/reader_c.cpython-312-x86_64-linux-gnu.so
762317f54000-762317f56000 r--p 0002f000 00:2d 1062364                    /usr/local/python/3.12.1/lib/python3.12/site-packages/aiohttp/_websocket/reader_c.cpython-312-x86_64-linux-gnu.so
762317f56000-762317f58000 rw-p 00031000 00:2d 1062364                    /usr/local/python/3.12.1/lib/python3.12/site-packages/aiohttp/_websocket/reader_c.cpython-312-x86_64-linux-gnu.so
762317f58000-762317f59000 rw-p 00000000 00:00 0 
762317f59000-762317f5c000 r--p 00000000 00:2d 1062359                    /usr/local/python/3.12.1/lib/python3.12/site-packages/aiohttp/_websocket/mask.cpython-312-x86_64-linux-gnu.so
762317f5c000-762317f61000 r-xp 00003000 00:2d 1062359                    /usr/local/python/3.12.1/lib/python3.12/site-packages/aiohttp/_websocket/mask.cpython-312-x86_64-linux-gnu.so
762317f61000-762317f63000 r--p 00008000 00:2d 1062359                    /usr/local/python/3.12.1/lib/python3.12/site-packages/aiohttp/_websocket/mask.cpython-312-x86_64-linux-gnu.so
762317f63000-762317f64000 r--p 00009000 00:2d 1062359                    /usr/local/python/3.12.1/lib/python3.12/site-packages/aiohttp/_websocket/mask.cpython-312-x86_64-linux-gnu.so
762317f64000-762317f65000 rw-p 0000a000 00:2d 1062359                    /usr/local/python/3.12.1/lib/python3.12/site-packages/aiohttp/_websocket/mask.cpython-312-x86_64-linux-gnu.so
762317f65000-762317f6f000 r--p 00000000 00:2d 1062299                    /usr/local/python/3.12.1/lib/python3.12/site-packages/aiohttp/_http_parser.cpython-312-x86_64-linux-gnu.so
762317f6f000-762317fc5000 r-xp 0000a000 00:2d 1062299                    /usr/local/python/3.12.1/lib/python3.12/site-packages/aiohttp/_http_parser.cpython-312-x86_64-linux-gnu.so
762317fc5000-762317fd1000 r--p 00060000 00:2d 1062299                    /usr/local/python/3.12.1/lib/python3.12/site-packages/aiohttp/_http_parser.cpython-312-x86_64-linux-gnu.so
762317fd1000-762317fd3000 r--p 0006c000 00:2d 1062299                    /usr/local/python/3.12.1/lib/python3.12/site-packages/aiohttp/_http_parser.cpython-312-x86_64-linux-gnu.so
762317fd3000-762317fd6000 rw-p 0006e000 00:2d 1062299                    /usr/local/python/3.12.1/lib/python3.12/site-packages/aiohttp/_http_parser.cpython-312-x86_64-linux-gnu.so
762317fd6000-762317fd8000 rw-p 00000000 00:00 0 
762317fd8000-762317fdb000 r--p 00000000 00:2d 1062301                    /usr/local/python/3.12.1/lib/python3.12/site-packages/aiohttp/_http_writer.cpython-312-x86_64-linux-gnu.so
762317fdb000-762317fe3000 r-xp 00003000 00:2d 1062301                    /usr/local/python/3.12.1/lib/python3.12/site-packages/aiohttp/_http_writer.cpython-312-x86_64-linux-gnu.so
762317fe3000-762317fe5000 r--p 0000b000 00:2d 1062301                    /usr/local/python/3.12.1/lib/python3.12/site-packages/aiohttp/_http_writer.cpython-312-x86_64-linux-gnu.so
762317fe5000-762317fe6000 r--p 0000c000 00:2d 1062301                    /usr/local/python/3.12.1/lib/python3.12/site-packages/aiohttp/_http_writer.cpython-312-x86_64-linux-gnu.so
762317fe6000-762317fe7000 rw-p 0000d000 00:2d 1062301                    /usr/local/python/3.12.1/lib/python3.12/site-packages/aiohttp/_http_writer.cpython-312-x86_64-linux-gnu.so
762317fe7000-7623180e7000 rw-p 00000000 00:00 0 
7623180e7000-7623180eb000 r--p 00000000 00:2d 1062176                    /usr/local/python/3.12.1/lib/python3.12/site-packages/propcache/_helpers_c.cpython-312-x86_64-linux-gnu.so
7623180eb000-7623180f7000 r-xp 00004000 00:2d 1062176                    /usr/local/python/3.12.1/lib/python3.12/site-packages/propcache/_helpers_c.cpython-312-x86_64-linux-gnu.so
7623180f7000-7623180fb000 r--p 00010000 00:2d 1062176                    /usr/local/python/3.12.1/lib/python3.12/site-packages/propcache/_helpers_c.cpython-312-x86_64-linux-gnu.so
7623180fb000-7623180fc000 r--p 00013000 00:2d 1062176                    /usr/local/python/3.12.1/lib/python3.12/site-packages/propcache/_helpers_c.cpython-312-x86_64-linux-gnu.so
7623180fc000-7623180fd000 rw-p 00014000 00:2d 1062176                    /usr/local/python/3.12.1/lib/python3.12/site-packages/propcache/_helpers_c.cpython-312-x86_64-linux-gnu.so
7623180fd000-7623180fe000 rw-p 00000000 00:00 0 
7623180fe000-762318101000 r--p 00000000 00:2d 830532                     /usr/local/python/3.12.1/lib/python3.12/lib-dynload/unicodedata.cpython-312-x86_64-linux-gnu.so
762318101000-762318106000 r-xp 00003000 00:2d 830532                     /usr/local/python/3.12.1/lib/python3.12/lib-dynload/unicodedata.cpython-312-x86_64-linux-gnu.so
762318106000-762318212000 r--p 00008000 00:2d 830532                     /usr/local/python/3.12.1/lib/python3.12/lib-dynload/unicodedata.cpython-312-x86_64-linux-gnu.so
762318212000-762318213000 r--p 00113000 00:2d 830532                     /usr/local/python/3.12.1/lib/python3.12/lib-dynload/unicodedata.cpython-312-x86_64-linux-gnu.so
762318213000-762318214000 rw-p 00114000 00:2d 830532                     /usr/local/python/3.12.1/lib/python3.12/lib-dynload/unicodedata.cpython-312-x86_64-linux-gnu.so
762318214000-762318414000 rw-p 00000000 00:00 0 
762318414000-762318434000 r--p 00000000 00:2d 412047                     /usr/lib/x86_64-linux-gnu/libsqlite3.so.0.8.6
762318434000-76231853f000 r-xp 00020000 00:2d 412047                     /usr/lib/x86_64-linux-gnu/libsqlite3.so.0.8.6
76231853f000-762318573000 r--p 0012b000 00:2d 412047                     /usr/lib/x86_64-linux-gnu/libsqlite3.so.0.8.6
762318573000-762318577000 r--p 0015e000 00:2d 412047                     /usr/lib/x86_64-linux-gnu/libsqlite3.so.0.8.6
762318577000-76231857b000 rw-p 00162000 00:2d 412047                     /usr/lib/x86_64-linux-gnu/libsqlite3.so.0.8.6
76231857b000-762318d7c000 rw-p 00000000 00:00 0 
762318d7c000-762318d83000 r-xp 00000000 00:2d 681575                     /usr/local/sdkman/candidates/java/25.0.1-ms/lib/libzip.so
762318d83000-762318d84000 ---p 00007000 00:2d 681575                     /usr/local/sdkman/candidates/java/25.0.1-ms/lib/libzip.so
762318d84000-762318d85000 r--p 00007000 00:2d 681575                     /usr/local/sdkman/candidates/java/25.0.1-ms/lib/libzip.so
762318d85000-762318d86000 rw-p 00008000 00:2d 681575                     /usr/local/sdkman/candidates/java/25.0.1-ms/lib/libzip.so
762318d86000-762318d9a000 r-xp 00000000 00:2d 681566                     /usr/local/sdkman/candidates/java/25.0.1-ms/lib/libnio.so
762318d9a000-762318d9b000 r--p 00013000 00:2d 681566                     /usr/local/sdkman/candidates/java/25.0.1-ms/lib/libnio.so
762318d9b000-762318d9c000 rw-p 00014000 00:2d 681566                     /usr/local/sdkman/candidates/java/25.0.1-ms/lib/libnio.so
762318d9c000-762318da1000 rw-p 00000000 00:00 0 
762318da1000-762318da8000 ---p 00000000 00:00 0 
762318da8000-762318dc8000 r-xp 00000000 00:2d 681551                     /usr/local/sdkman/candidates/java/25.0.1-ms/lib/libjava.so
762318dc8000-762318dc9000 r--p 0001f000 00:2d 681551                     /usr/local/sdkman/candidates/java/25.0.1-ms/lib/libjava.so
762318dc9000-762318dca000 rw-p 00020000 00:2d 681551                     /usr/local/sdkman/candidates/java/25.0.1-ms/lib/libjava.so
762318dca000-762318dcb000 rw-p 00000000 00:00 0 
762318dcb000-762318dd3000 rw-s 00000000 08:11 917569                     /tmp/hsperfdata_codespace/29264
762318dd3000-762318dee000 r-xp 00000000 00:2d 681555                     /usr/local/sdkman/candidates/java/25.0.1-ms/lib/libjimage.so
762318dee000-762318def000 ---p 0001b000 00:2d 681555                     /usr/local/sdkman/candidates/java/25.0.1-ms/lib/libjimage.so
762318def000-762318df1000 r--p 0001b000 00:2d 681555                     /usr/local/sdkman/candidates/java/25.0.1-ms/lib/libjimage.so
762318df1000-762318df2000 rw-p 0001d000 00:2d 681555                     /usr/local/sdkman/candidates/java/25.0.1-ms/lib/libjimage.so
762318df2000-762318df3000 r--p 00000000 00:2d 394211                     /usr/lib/x86_64-linux-gnu/libutil.so.1
762318df3000-762318df4000 r-xp 00001000 00:2d 394211                     /usr/lib/x86_64-linux-gnu/libutil.so.1
762318df4000-762318df5000 r--p 00002000 00:2d 394211                     /usr/lib/x86_64-linux-gnu/libutil.so.1
762318df5000-762318df6000 r--p 00002000 00:2d 394211                     /usr/lib/x86_64-linux-gnu/libutil.so.1
762318df6000-762318df7000 rw-p 00003000 00:2d 394211                     /usr/lib/x86_64-linux-gnu/libutil.so.1
762318dfc000-762318dfd000 r--p 00000000 00:00 0 
762318dfd000-762318dfe000 r--p 00000000 00:2d 393777                     /usr/lib/locale/C.utf8/LC_NUMERIC
762318dfe000-762318e09000 r--p 00000000 00:2d 1078542                    /usr/local/python/3.12.1/lib/python3.12/site-packages/pymupdf/_extra.so
762318e09000-762318e22000 r-xp 0000b000 00:2d 1078542                    /usr/local/python/3.12.1/lib/python3.12/site-packages/pymupdf/_extra.so
762318e22000-762318e2d000 r--p 00024000 00:2d 1078542                    /usr/local/python/3.12.1/lib/python3.12/site-packages/pymupdf/_extra.so
762318e2d000-762318e2e000 r--p 0002e000 00:2d 1078542                    /usr/local/python/3.12.1/lib/python3.12/site-packages/pymupdf/_extra.so
762318e2e000-762318e31000 rw-p 0002f000 00:2d 1078542                    /usr/local/python/3.12.1/lib/python3.12/site-packages/pymupdf/_extra.so
762318e31000-762318e37000 r--p 00000000 00:2d 1065076                    /usr/local/python/3.12.1/lib/python3.12/site-packages/lxml/_elementpath.cpython-312-x86_64-linux-gnu.so
762318e37000-762318e5b000 r-xp 00006000 00:2d 1065076                    /usr/local/python/3.12.1/lib/python3.12/site-packages/lxml/_elementpath.cpython-312-x86_64-linux-gnu.so
762318e5b000-762318e62000 r--p 0002a000 00:2d 1065076                    /usr/local/python/3.12.1/lib/python3.12/site-packages/lxml/_elementpath.cpython-312-x86_64-linux-gnu.so
762318e62000-762318e63000 r--p 00031000 00:2d 1065076                    /usr/local/python/3.12.1/lib/python3.12/site-packages/lxml/_elementpath.cpython-312-x86_64-linux-gnu.so
762318e63000-762318e66000 rw-p 00032000 00:2d 1065076                    /usr/local/python/3.12.1/lib/python3.12/site-packages/lxml/_elementpath.cpython-312-x86_64-linux-gnu.so
762318e66000-762318f67000 rw-p 00000000 00:00 0 
762318f67000-762319004000 r--p 00000000 00:2d 394197                     /usr/lib/x86_64-linux-gnu/libstdc++.so.6.0.33
762319004000-76231914c000 r-xp 0009d000 00:2d 394197                     /usr/lib/x86_64-linux-gnu/libstdc++.so.6.0.33
76231914c000-7623191d3000 r--p 001e5000 00:2d 394197                     /usr/lib/x86_64-linux-gnu/libstdc++.so.6.0.33
7623191d3000-7623191de000 r--p 0026b000 00:2d 394197                     /usr/lib/x86_64-linux-gnu/libstdc++.so.6.0.33
7623191de000-7623191e1000 rw-p 00276000 00:2d 394197                     /usr/lib/x86_64-linux-gnu/libstdc++.so.6.0.33
7623191e1000-7623191e5000 rw-p 00000000 00:00 0 
7623191e5000-7623191ee000 r--p 00000000 00:2d 1062870                    /usr/local/python/3.12.1/lib/python3.12/site-packages/greenlet/_greenlet.cpython-312-x86_64-linux-gnu.so
7623191ee000-7623191fe000 r-xp 00009000 00:2d 1062870                    /usr/local/python/3.12.1/lib/python3.12/site-packages/greenlet/_greenlet.cpython-312-x86_64-linux-gnu.so
7623191fe000-762319204000 r--p 00019000 00:2d 1062870                    /usr/local/python/3.12.1/lib/python3.12/site-packages/greenlet/_greenlet.cpython-312-x86_64-linux-gnu.so
762319204000-762319205000 r--p 0001f000 00:2d 1062870                    /usr/local/python/3.12.1/lib/python3.12/site-packages/greenlet/_greenlet.cpython-312-x86_64-linux-gnu.so
762319205000-762319206000 rw-p 00020000 00:2d 1062870                    /usr/local/python/3.12.1/lib/python3.12/site-packages/greenlet/_greenlet.cpython-312-x86_64-linux-gnu.so
762319206000-76231920a000 r--p 00000000 00:2d 1065900                    /usr/local/python/3.12.1/lib/python3.12/site-packages/sqlalchemy/cyextension/util.cpython-312-x86_64-linux-gnu.so
76231920a000-76231921a000 r-xp 00004000 00:2d 1065900                    /usr/local/python/3.12.1/lib/python3.12/site-packages/sqlalchemy/cyextension/util.cpython-312-x86_64-linux-gnu.so
76231921a000-76231921d000 r--p 00014000 00:2d 1065900                    /usr/local/python/3.12.1/lib/python3.12/site-packages/sqlalchemy/cyextension/util.cpython-312-x86_64-linux-gnu.so
76231921d000-76231921e000 r--p 00017000 00:2d 1065900                    /usr/local/python/3.12.1/lib/python3.12/site-packages/sqlalchemy/cyextension/util.cpython-312-x86_64-linux-gnu.so
76231921e000-76231921f000 rw-p 00018000 00:2d 1065900                    /usr/local/python/3.12.1/lib/python3.12/site-packages/sqlalchemy/cyextension/util.cpython-312-x86_64-linux-gnu.so
76231921f000-762319220000 rw-p 00000000 00:00 0 
762319220000-762319224000 r--p 00000000 00:2d 1065898                    /usr/local/python/3.12.1/lib/python3.12/site-packages/sqlalchemy/cyextension/resultproxy.cpython-312-x86_64-linux-gnu.so
762319224000-76231922f000 r-xp 00004000 00:2d 1065898                    /usr/local/python/3.12.1/lib/python3.12/site-packages/sqlalchemy/cyextension/resultproxy.cpython-312-x86_64-linux-gnu.so
76231922f000-762319232000 r--p 0000f000 00:2d 1065898                    /usr/local/python/3.12.1/lib/python3.12/site-packages/sqlalchemy/cyextension/resultproxy.cpython-312-x86_64-linux-gnu.so
762319232000-762319233000 r--p 00011000 00:2d 1065898                    /usr/local/python/3.12.1/lib/python3.12/site-packages/sqlalchemy/cyextension/resultproxy.cpython-312-x86_64-linux-gnu.so
762319233000-762319234000 rw-p 00012000 00:2d 1065898                    /usr/local/python/3.12.1/lib/python3.12/site-packages/sqlalchemy/cyextension/resultproxy.cpython-312-x86_64-linux-gnu.so
762319234000-762319235000 rw-p 00000000 00:00 0 
762319235000-762319239000 r--p 00000000 00:2d 1065896                    /usr/local/python/3.12.1/lib/python3.12/site-packages/sqlalchemy/cyextension/processors.cpython-312-x86_64-linux-gnu.so
762319239000-762319244000 r-xp 00004000 00:2d 1065896                    /usr/local/python/3.12.1/lib/python3.12/site-packages/sqlalchemy/cyextension/processors.cpython-312-x86_64-linux-gnu.so
762319244000-762319247000 r--p 0000f000 00:2d 1065896                    /usr/local/python/3.12.1/lib/python3.12/site-packages/sqlalchemy/cyextension/processors.cpython-312-x86_64-linux-gnu.so
762319247000-762319248000 r--p 00011000 00:2d 1065896                    /usr/local/python/3.12.1/lib/python3.12/site-packages/sqlalchemy/cyextension/processors.cpython-312-x86_64-linux-gnu.so
762319248000-762319249000 rw-p 00012000 00:2d 1065896                    /usr/local/python/3.12.1/lib/python3.12/site-packages/sqlalchemy/cyextension/processors.cpython-312-x86_64-linux-gnu.so
762319249000-76231924a000 rw-p 00000000 00:00 0 
76231924a000-76231924e000 r--p 00000000 00:2d 1065893                    /usr/local/python/3.12.1/lib/python3.12/site-packages/sqlalchemy/cyextension/immutabledict.cpython-312-x86_64-linux-gnu.so
76231924e000-76231925d000 r-xp 00004000 00:2d 1065893                    /usr/local/python/3.12.1/lib/python3.12/site-packages/sqlalchemy/cyextension/immutabledict.cpython-312-x86_64-linux-gnu.so
76231925d000-762319260000 r--p 00013000 00:2d 1065893                    /usr/local/python/3.12.1/lib/python3.12/site-packages/sqlalchemy/cyextension/immutabledict.cpython-312-x86_64-linux-gnu.so
762319260000-762319261000 r--p 00015000 00:2d 1065893                    /usr/local/python/3.12.1/lib/python3.12/site-packages/sqlalchemy/cyextension/immutabledict.cpython-312-x86_64-linux-gnu.so
762319261000-762319263000 rw-p 00016000 00:2d 1065893                    /usr/local/python/3.12.1/lib/python3.12/site-packages/sqlalchemy/cyextension/immutabledict.cpython-312-x86_64-linux-gnu.so
762319263000-762319363000 rw-p 00000000 00:00 0 
762319363000-762319369000 r--p 00000000 00:2d 1065891                    /usr/local/python/3.12.1/lib/python3.12/site-packages/sqlalchemy/cyextension/collections.cpython-312-x86_64-linux-gnu.so
762319369000-76231938f000 r-xp 00006000 00:2d 1065891                    /usr/local/python/3.12.1/lib/python3.12/site-packages/sqlalchemy/cyextension/collections.cpython-312-x86_64-linux-gnu.so
76231938f000-762319397000 r--p 0002c000 00:2d 1065891                    /usr/local/python/3.12.1/lib/python3.12/site-packages/sqlalchemy/cyextension/collections.cpython-312-x86_64-linux-gnu.so
762319397000-762319398000 r--p 00033000 00:2d 1065891                    /usr/local/python/3.12.1/lib/python3.12/site-packages/sqlalchemy/cyextension/collections.cpython-312-x86_64-linux-gnu.so
762319398000-76231939b000 rw-p 00034000 00:2d 1065891                    /usr/local/python/3.12.1/lib/python3.12/site-packages/sqlalchemy/cyextension/collections.cpython-312-x86_64-linux-gnu.so
76231939b000-76231949b000 rw-p 00000000 00:00 0 
76231949b000-76231949d000 r--p 00000000 00:2d 830462                     /usr/local/python/3.12.1/lib/python3.12/lib-dynload/_blake2.cpython-312-x86_64-linux-gnu.so
76231949d000-7623194a4000 r-xp 00002000 00:2d 830462                     /usr/local/python/3.12.1/lib/python3.12/lib-dynload/_blake2.cpython-312-x86_64-linux-gnu.so
7623194a4000-7623194a6000 r--p 00009000 00:2d 830462                     /usr/local/python/3.12.1/lib/python3.12/lib-dynload/_blake2.cpython-312-x86_64-linux-gnu.so
7623194a6000-7623194a7000 r--p 0000a000 00:2d 830462                     /usr/local/python/3.12.1/lib/python3.12/lib-dynload/_blake2.cpython-312-x86_64-linux-gnu.so
7623194a7000-7623194a8000 rw-p 0000b000 00:2d 830462                     /usr/local/python/3.12.1/lib/python3.12/lib-dynload/_blake2.cpython-312-x86_64-linux-gnu.so
7623194a8000-7623194ac000 r--p 00000000 00:2d 830481                     /usr/local/python/3.12.1/lib/python3.12/lib-dynload/_hashlib.cpython-312-x86_64-linux-gnu.so
7623194ac000-7623194b2000 r-xp 00004000 00:2d 830481                     /usr/local/python/3.12.1/lib/python3.12/lib-dynload/_hashlib.cpython-312-x86_64-linux-gnu.so
7623194b2000-7623194b6000 r--p 0000a000 00:2d 830481                     /usr/local/python/3.12.1/lib/python3.12/lib-dynload/_hashlib.cpython-312-x86_64-linux-gnu.so
7623194b6000-7623194b7000 r--p 0000d000 00:2d 830481                     /usr/local/python/3.12.1/lib/python3.12/lib-dynload/_hashlib.cpython-312-x86_64-linux-gnu.so
7623194b7000-7623194b9000 rw-p 0000e000 00:2d 830481                     /usr/local/python/3.12.1/lib/python3.12/lib-dynload/_hashlib.cpython-312-x86_64-linux-gnu.so
7623194b9000-7623196b9000 rw-p 00000000 00:00 0 
7623196b9000-7623196bb000 r--p 00000000 00:2d 830472                     /usr/local/python/3.12.1/lib/python3.12/lib-dynload/_csv.cpython-312-x86_64-linux-gnu.so
7623196bb000-7623196bf000 r-xp 00002000 00:2d 830472                     /usr/local/python/3.12.1/lib/python3.12/lib-dynload/_csv.cpython-312-x86_64-linux-gnu.so
7623196bf000-7623196c2000 r--p 00006000 00:2d 830472                     /usr/local/python/3.12.1/lib/python3.12/lib-dynload/_csv.cpython-312-x86_64-linux-gnu.so
7623196c2000-7623196c3000 r--p 00008000 00:2d 830472                     /usr/local/python/3.12.1/lib/python3.12/lib-dynload/_csv.cpython-312-x86_64-linux-gnu.so
7623196c3000-7623196c4000 rw-p 00009000 00:2d 830472                     /usr/local/python/3.12.1/lib/python3.12/lib-dynload/_csv.cpython-312-x86_64-linux-gnu.so
7623196c4000-7623197c4000 rw-p 00000000 00:00 0 
7623197c4000-7623197c6000 r--p 00000000 00:2d 830515                     /usr/local/python/3.12.1/lib/python3.12/lib-dynload/_zoneinfo.cpython-312-x86_64-linux-gnu.so
7623197c6000-7623197cb000 r-xp 00002000 00:2d 830515                     /usr/local/python/3.12.1/lib/python3.12/lib-dynload/_zoneinfo.cpython-312-x86_64-linux-gnu.so
7623197cb000-7623197cd000 r--p 00007000 00:2d 830515                     /usr/local/python/3.12.1/lib/python3.12/lib-dynload/_zoneinfo.cpython-312-x86_64-linux-gnu.so
7623197cd000-7623197ce000 r--p 00008000 00:2d 830515                     /usr/local/python/3.12.1/lib/python3.12/lib-dynload/_zoneinfo.cpython-312-x86_64-linux-gnu.so
7623197ce000-7623197cf000 rw-p 00009000 00:2d 830515                     /usr/local/python/3.12.1/lib/python3.12/lib-dynload/_zoneinfo.cpython-312-x86_64-linux-gnu.so
7623197cf000-7623197d1000 r--p 00000000 00:2d 394213                     /usr/lib/x86_64-linux-gnu/libuuid.so.1.3.0
7623197d1000-7623197d6000 r-xp 00002000 00:2d 394213                     /usr/lib/x86_64-linux-gnu/libuuid.so.1.3.0
7623197d6000-7623197d7000 r--p 00007000 00:2d 394213                     /usr/lib/x86_64-linux-gnu/libuuid.so.1.3.0
7623197d7000-7623197d8000 r--p 00007000 00:2d 394213                     /usr/lib/x86_64-linux-gnu/libuuid.so.1.3.0
7623197d8000-7623197d9000 rw-p 00008000 00:2d 394213                     /usr/lib/x86_64-linux-gnu/libuuid.so.1.3.0
7623197d9000-7623197da000 r--p 00000000 00:2d 393780                     /usr/lib/locale/C.utf8/LC_TIME
7623197da000-7623197db000 r--p 00000000 00:2d 393769                     /usr/lib/locale/C.utf8/LC_COLLATE
7623197db000-7623197dc000 r--p 00000000 00:2d 795731                     /home/codespace/.local/lib/python3.12/site-packages/charset_normalizer/md.cpython-312-x86_64-linux-gnu.so
7623197dc000-7623197dd000 r-xp 00001000 00:2d 795731                     /home/codespace/.local/lib/python3.12/site-packages/charset_normalizer/md.cpython-312-x86_64-linux-gnu.so
7623197dd000-7623197de000 r--p 00002000 00:2d 795731                     /home/codespace/.local/lib/python3.12/site-packages/charset_normalizer/md.cpython-312-x86_64-linux-gnu.so
7623197de000-7623197df000 r--p 00002000 00:2d 795731                     /home/codespace/.local/lib/python3.12/site-packages/charset_normalizer/md.cpython-312-x86_64-linux-gnu.so
7623197df000-7623197e0000 rw-p 00003000 00:2d 795731                     /home/codespace/.local/lib/python3.12/site-packages/charset_normalizer/md.cpython-312-x86_64-linux-gnu.so
7623197e0000-7623199e0000 rw-p 00000000 00:00 0 
7623199e0000-7623199e7000 r--p 00000000 00:2d 830478                     /usr/local/python/3.12.1/lib/python3.12/lib-dynload/_decimal.cpython-312-x86_64-linux-gnu.so
7623199e7000-762319a2f000 r-xp 00007000 00:2d 830478                     /usr/local/python/3.12.1/lib/python3.12/lib-dynload/_decimal.cpython-312-x86_64-linux-gnu.so
762319a2f000-762319a3f000 r--p 0004f000 00:2d 830478                     /usr/local/python/3.12.1/lib/python3.12/lib-dynload/_decimal.cpython-312-x86_64-linux-gnu.so
762319a3f000-762319a40000 r--p 0005f000 00:2d 830478                     /usr/local/python/3.12.1/lib/python3.12/lib-dynload/_decimal.cpython-312-x86_64-linux-gnu.so
762319a40000-762319a43000 rw-p 00060000 00:2d 830478                     /usr/local/python/3.12.1/lib/python3.12/lib-dynload/_decimal.cpython-312-x86_64-linux-gnu.so
762319a43000-762319a44000 r--p 00000000 00:2d 394118                     /usr/lib/x86_64-linux-gnu/libdl.so.2
762319a44000-762319a45000 r-xp 00001000 00:2d 394118                     /usr/lib/x86_64-linux-gnu/libdl.so.2
762319a45000-762319a46000 r--p 00002000 00:2d 394118                     /usr/lib/x86_64-linux-gnu/libdl.so.2
762319a46000-762319a47000 r--p 00002000 00:2d 394118                     /usr/lib/x86_64-linux-gnu/libdl.so.2
762319a47000-762319a48000 rw-p 00003000 00:2d 394118                     /usr/lib/x86_64-linux-gnu/libdl.so.2
762319a48000-762319a49000 r--p 00000000 00:2d 394183                     /usr/lib/x86_64-linux-gnu/libpthread.so.0
762319a49000-762319a4a000 r-xp 00001000 00:2d 394183                     /usr/lib/x86_64-linux-gnu/libpthread.so.0
762319a4a000-762319a4b000 r--p 00002000 00:2d 394183                     /usr/lib/x86_64-linux-gnu/libpthread.so.0
762319a4b000-762319a4c000 r--p 00002000 00:2d 394183                     /usr/lib/x86_64-linux-gnu/libpthread.so.0
762319a4c000-762319a4d000 rw-p 00003000 00:2d 394183                     /usr/lib/x86_64-linux-gnu/libpthread.so.0
762319a4d000-762319a4e000 r--p 00000000 00:2d 394185                     /usr/lib/x86_64-linux-gnu/librt.so.1
762319a4e000-762319a4f000 r-xp 00001000 00:2d 394185                     /usr/lib/x86_64-linux-gnu/librt.so.1
762319a4f000-762319a50000 r--p 00002000 00:2d 394185                     /usr/lib/x86_64-linux-gnu/librt.so.1
762319a50000-762319a51000 r--p 00002000 00:2d 394185                     /usr/lib/x86_64-linux-gnu/librt.so.1
762319a51000-762319a52000 rw-p 00003000 00:2d 394185                     /usr/lib/x86_64-linux-gnu/librt.so.1
762319a52000-762319a56000 r--p 00000000 00:2d 394129                     /usr/lib/x86_64-linux-gnu/libgcc_s.so.1
762319a56000-762319a7a000 r-xp 00004000 00:2d 394129                     /usr/lib/x86_64-linux-gnu/libgcc_s.so.1
762319a7a000-762319a7e000 r--p 00028000 00:2d 394129                     /usr/lib/x86_64-linux-gnu/libgcc_s.so.1
762319a7e000-762319a7f000 r--p 0002b000 00:2d 394129                     /usr/lib/x86_64-linux-gnu/libgcc_s.so.1
762319a7f000-762319a80000 rw-p 0002c000 00:2d 394129                     /usr/lib/x86_64-linux-gnu/libgcc_s.so.1
762319a80000-762319bb7000 r--p 00000000 00:2d 1063037                    /usr/local/python/3.12.1/lib/python3.12/site-packages/pydantic_core/_pydantic_core.cpython-312-x86_64-linux-gnu.so
762319bb7000-762319ef1000 r-xp 00136000 00:2d 1063037                    /usr/local/python/3.12.1/lib/python3.12/site-packages/pydantic_core/_pydantic_core.cpython-312-x86_64-linux-gnu.so
762319ef1000-762319f25000 r--p 0046f000 00:2d 1063037                    /usr/local/python/3.12.1/lib/python3.12/site-packages/pydantic_core/_pydantic_core.cpython-312-x86_64-linux-gnu.so
762319f25000-762319f2b000 rw-p 004a2000 00:2d 1063037                    /usr/local/python/3.12.1/lib/python3.12/site-packages/pydantic_core/_pydantic_core.cpython-312-x86_64-linux-gnu.so
762319f2b000-76231a12b000 rw-p 00000000 00:00 0 
76231a12b000-76231a12e000 r--p 00000000 00:2d 394145                     /usr/lib/x86_64-linux-gnu/liblzma.so.5.4.5
76231a12e000-76231a150000 r-xp 00003000 00:2d 394145                     /usr/lib/x86_64-linux-gnu/liblzma.so.5.4.5
76231a150000-76231a15b000 r--p 00025000 00:2d 394145                     /usr/lib/x86_64-linux-gnu/liblzma.so.5.4.5
76231a15b000-76231a15c000 r--p 00030000 00:2d 394145                     /usr/lib/x86_64-linux-gnu/liblzma.so.5.4.5
76231a15c000-76231a15d000 rw-p 00031000 00:2d 394145                     /usr/lib/x86_64-linux-gnu/liblzma.so.5.4.5
76231a15d000-76231a160000 r--p 00000000 00:2d 830485                     /usr/local/python/3.12.1/lib/python3.12/lib-dynload/_lzma.cpython-312-x86_64-linux-gnu.so
76231a160000-76231a164000 r-xp 00003000 00:2d 830485                     /usr/local/python/3.12.1/lib/python3.12/lib-dynload/_lzma.cpython-312-x86_64-linux-gnu.so
76231a164000-76231a167000 r--p 00007000 00:2d 830485                     /usr/local/python/3.12.1/lib/python3.12/lib-dynload/_lzma.cpython-312-x86_64-linux-gnu.so
76231a167000-76231a168000 r--p 00009000 00:2d 830485                     /usr/local/python/3.12.1/lib/python3.12/lib-dynload/_lzma.cpython-312-x86_64-linux-gnu.so
76231a168000-76231a169000 rw-p 0000a000 00:2d 830485                     /usr/local/python/3.12.1/lib/python3.12/lib-dynload/_lzma.cpython-312-x86_64-linux-gnu.so
76231a169000-76231a16b000 r--p 00000000 00:2d 394103                     /usr/lib/x86_64-linux-gnu/libbz2.so.1.0.4
76231a16b000-76231a179000 r-xp 00002000 00:2d 394103                     /usr/lib/x86_64-linux-gnu/libbz2.so.1.0.4
76231a179000-76231a17b000 r--p 00010000 00:2d 394103                     /usr/lib/x86_64-linux-gnu/libbz2.so.1.0.4
76231a17b000-76231a17c000 r--p 00011000 00:2d 394103                     /usr/lib/x86_64-linux-gnu/libbz2.so.1.0.4
76231a17c000-76231a17d000 rw-p 00012000 00:2d 394103                     /usr/lib/x86_64-linux-gnu/libbz2.so.1.0.4
76231a17d000-76231a17e000 r--p 00000000 00:2d 393775                     /usr/lib/locale/C.utf8/LC_MONETARY
76231a17e000-76231a17f000 r--p 00000000 00:2d 393774                     /usr/lib/locale/C.utf8/LC_MESSAGES/SYS_LC_MESSAGES
76231a17f000-76231a180000 r--p 00000000 00:2d 830511                     /usr/local/python/3.12.1/lib/python3.12/lib-dynload/_uuid.cpython-312-x86_64-linux-gnu.so
76231a180000-76231a181000 r-xp 00001000 00:2d 830511                     /usr/local/python/3.12.1/lib/python3.12/lib-dynload/_uuid.cpython-312-x86_64-linux-gnu.so
76231a181000-76231a182000 r--p 00002000 00:2d 830511                     /usr/local/python/3.12.1/lib/python3.12/lib-dynload/_uuid.cpython-312-x86_64-linux-gnu.so
76231a182000-76231a183000 r--p 00002000 00:2d 830511                     /usr/local/python/3.12.1/lib/python3.12/lib-dynload/_uuid.cpython-312-x86_64-linux-gnu.so
76231a183000-76231a184000 rw-p 00003000 00:2d 830511                     /usr/local/python/3.12.1/lib/python3.12/lib-dynload/_uuid.cpython-312-x86_64-linux-gnu.so
76231a184000-76231a186000 r--p 00000000 00:2d 830463                     /usr/local/python/3.12.1/lib/python3.12/lib-dynload/_bz2.cpython-312-x86_64-linux-gnu.so
76231a186000-76231a188000 r-xp 00002000 00:2d 830463                     /usr/local/python/3.12.1/lib/python3.12/lib-dynload/_bz2.cpython-312-x86_64-linux-gnu.so
76231a188000-76231a189000 r--p 00004000 00:2d 830463                     /usr/local/python/3.12.1/lib/python3.12/lib-dynload/_bz2.cpython-312-x86_64-linux-gnu.so
76231a189000-76231a18a000 r--p 00005000 00:2d 830463                     /usr/local/python/3.12.1/lib/python3.12/lib-dynload/_bz2.cpython-312-x86_64-linux-gnu.so
76231a18a000-76231a18b000 rw-p 00006000 00:2d 830463                     /usr/local/python/3.12.1/lib/python3.12/lib-dynload/_bz2.cpython-312-x86_64-linux-gnu.so
76231a18b000-76231a28b000 rw-p 00000000 00:00 0 
76231a28b000-76231a28c000 r--p 00000000 00:2d 393778                     /usr/lib/locale/C.utf8/LC_PAPER
76231a28c000-76231a28d000 r--p 00000000 00:2d 393776                     /usr/lib/locale/C.utf8/LC_NAME
76231a28d000-76231a28e000 r--p 00000000 00:2d 393768                     /usr/lib/locale/C.utf8/LC_ADDRESS
76231a28e000-76231a28f000 r--p 00000000 00:2d 393779                     /usr/lib/locale/C.utf8/LC_TELEPHONE
76231a28f000-76231a291000 r--p 00000000 00:2d 830521                     /usr/local/python/3.12.1/lib/python3.12/lib-dynload/grp.cpython-312-x86_64-linux-gnu.so
76231a291000-76231a292000 r-xp 00002000 00:2d 830521                     /usr/local/python/3.12.1/lib/python3.12/lib-dynload/grp.cpython-312-x86_64-linux-gnu.so
76231a292000-76231a293000 r--p 00003000 00:2d 830521                     /usr/local/python/3.12.1/lib/python3.12/lib-dynload/grp.cpython-312-x86_64-linux-gnu.so
76231a293000-76231a294000 r--p 00003000 00:2d 830521                     /usr/local/python/3.12.1/lib/python3.12/lib-dynload/grp.cpython-312-x86_64-linux-gnu.so
76231a294000-76231a295000 rw-p 00004000 00:2d 830521                     /usr/local/python/3.12.1/lib/python3.12/lib-dynload/grp.cpython-312-x86_64-linux-gnu.so
76231a295000-76231a299000 r--p 00000000 00:2d 1062257                    /usr/local/python/3.12.1/lib/python3.12/site-packages/yarl/_quoting_c.cpython-312-x86_64-linux-gnu.so
76231a299000-76231a2ae000 r-xp 00004000 00:2d 1062257                    /usr/local/python/3.12.1/lib/python3.12/site-packages/yarl/_quoting_c.cpython-312-x86_64-linux-gnu.so
76231a2ae000-76231a2b2000 r--p 00019000 00:2d 1062257                    /usr/local/python/3.12.1/lib/python3.12/site-packages/yarl/_quoting_c.cpython-312-x86_64-linux-gnu.so
76231a2b2000-76231a2b3000 r--p 0001c000 00:2d 1062257                    /usr/local/python/3.12.1/lib/python3.12/site-packages/yarl/_quoting_c.cpython-312-x86_64-linux-gnu.so
76231a2b3000-76231a2b4000 rw-p 0001d000 00:2d 1062257                    /usr/local/python/3.12.1/lib/python3.12/site-packages/yarl/_quoting_c.cpython-312-x86_64-linux-gnu.so
76231a2b4000-76231a2b5000 rw-p 00000000 00:00 0 
76231a2b5000-76231a2b9000 r--p 00000000 00:2d 1062199                    /usr/local/python/3.12.1/lib/python3.12/site-packages/multidict/_multidict.cpython-312-x86_64-linux-gnu.so
76231a2b9000-76231a2ca000 r-xp 00004000 00:2d 1062199                    /usr/local/python/3.12.1/lib/python3.12/site-packages/multidict/_multidict.cpython-312-x86_64-linux-gnu.so
76231a2ca000-76231a2cd000 r--p 00015000 00:2d 1062199                    /usr/local/python/3.12.1/lib/python3.12/site-packages/multidict/_multidict.cpython-312-x86_64-linux-gnu.so
76231a2cd000-76231a2ce000 r--p 00018000 00:2d 1062199                    /usr/local/python/3.12.1/lib/python3.12/site-packages/multidict/_multidict.cpython-312-x86_64-linux-gnu.so
76231a2ce000-76231a2d0000 rw-p 00019000 00:2d 1062199                    /usr/local/python/3.12.1/lib/python3.12/site-packages/multidict/_multidict.cpython-312-x86_64-linux-gnu.so
76231a2d0000-76231a2d7000 r--p 00000000 00:2d 830499                     /usr/local/python/3.12.1/lib/python3.12/lib-dynload/_sqlite3.cpython-312-x86_64-linux-gnu.so
76231a2d7000-76231a2e7000 r-xp 00007000 00:2d 830499                     /usr/local/python/3.12.1/lib/python3.12/lib-dynload/_sqlite3.cpython-312-x86_64-linux-gnu.so
76231a2e7000-76231a2ee000 r--p 00017000 00:2d 830499                     /usr/local/python/3.12.1/lib/python3.12/lib-dynload/_sqlite3.cpython-312-x86_64-linux-gnu.so
76231a2ee000-76231a2ef000 r--p 0001e000 00:2d 830499                     /usr/local/python/3.12.1/lib/python3.12/lib-dynload/_sqlite3.cpython-312-x86_64-linux-gnu.so
76231a2ef000-76231a2f1000 rw-p 0001f000 00:2d 830499                     /usr/local/python/3.12.1/lib/python3.12/lib-dynload/_sqlite3.cpython-312-x86_64-linux-gnu.so
76231a2f1000-76231a2f6000 r--p 00000000 00:2d 830477                     /usr/local/python/3.12.1/lib/python3.12/lib-dynload/_datetime.cpython-312-x86_64-linux-gnu.so
76231a2f6000-76231a307000 r-xp 00005000 00:2d 830477                     /usr/local/python/3.12.1/lib/python3.12/lib-dynload/_datetime.cpython-312-x86_64-linux-gnu.so
76231a307000-76231a30c000 r--p 00016000 00:2d 830477                     /usr/local/python/3.12.1/lib/python3.12/lib-dynload/_datetime.cpython-312-x86_64-linux-gnu.so
76231a30c000-76231a30d000 r--p 0001b000 00:2d 830477                     /usr/local/python/3.12.1/lib/python3.12/lib-dynload/_datetime.cpython-312-x86_64-linux-gnu.so
76231a30d000-76231a310000 rw-p 0001c000 00:2d 830477                     /usr/local/python/3.12.1/lib/python3.12/lib-dynload/_datetime.cpython-312-x86_64-linux-gnu.so
76231a310000-76231a510000 rw-p 00000000 00:00 0 
76231a510000-76231a512000 r--p 00000000 00:2d 830483                     /usr/local/python/3.12.1/lib/python3.12/lib-dynload/_json.cpython-312-x86_64-linux-gnu.so
76231a512000-76231a518000 r-xp 00002000 00:2d 830483                     /usr/local/python/3.12.1/lib/python3.12/lib-dynload/_json.cpython-312-x86_64-linux-gnu.so
76231a518000-76231a51a000 r--p 00008000 00:2d 830483                     /usr/local/python/3.12.1/lib/python3.12/lib-dynload/_json.cpython-312-x86_64-linux-gnu.so
76231a51a000-76231a51b000 r--p 00009000 00:2d 830483                     /usr/local/python/3.12.1/lib/python3.12/lib-dynload/_json.cpython-312-x86_64-linux-gnu.so
76231a51b000-76231a51c000 rw-p 0000a000 00:2d 830483                     /usr/local/python/3.12.1/lib/python3.12/lib-dynload/_json.cpython-312-x86_64-linux-gnu.so
76231a51c000-76231a520000 r--p 00000000 00:2d 830460                     /usr/local/python/3.12.1/lib/python3.12/lib-dynload/_asyncio.cpython-312-x86_64-linux-gnu.so
76231a520000-76231a529000 r-xp 00004000 00:2d 830460                     /usr/local/python/3.12.1/lib/python3.12/lib-dynload/_asyncio.cpython-312-x86_64-linux-gnu.so
76231a529000-76231a52d000 r--p 0000d000 00:2d 830460                     /usr/local/python/3.12.1/lib/python3.12/lib-dynload/_asyncio.cpython-312-x86_64-linux-gnu.so
76231a52d000-76231a52e000 r--p 00011000 00:2d 830460                     /usr/local/python/3.12.1/lib/python3.12/lib-dynload/_asyncio.cpython-312-x86_64-linux-gnu.so
76231a52e000-76231a530000 rw-p 00012000 00:2d 830460                     /usr/local/python/3.12.1/lib/python3.12/lib-dynload/_asyncio.cpython-312-x86_64-linux-gnu.so
76231a530000-76231a630000 rw-p 00000000 00:00 0 
76231a630000-76231a632000 r--p 00000000 00:2d 394217                     /usr/lib/x86_64-linux-gnu/libz.so.1.3
76231a632000-76231a644000 r-xp 00002000 00:2d 394217                     /usr/lib/x86_64-linux-gnu/libz.so.1.3
76231a644000-76231a64a000 r--p 00014000 00:2d 394217                     /usr/lib/x86_64-linux-gnu/libz.so.1.3
76231a64a000-76231a64b000 r--p 0001a000 00:2d 394217                     /usr/lib/x86_64-linux-gnu/libz.so.1.3
76231a64b000-76231a64c000 rw-p 0001b000 00:2d 394217                     /usr/lib/x86_64-linux-gnu/libz.so.1.3
76231a64c000-76231a6ff000 r--p 00000000 00:2d 394114                     /usr/lib/x86_64-linux-gnu/libcrypto.so.3
76231a6ff000-76231aa32000 r-xp 000b3000 00:2d 394114                     /usr/lib/x86_64-linux-gnu/libcrypto.so.3
76231aa32000-76231aafd000 r--p 003e6000 00:2d 394114                     /usr/lib/x86_64-linux-gnu/libcrypto.so.3
76231aafd000-76231ab59000 r--p 004b0000 00:2d 394114                     /usr/lib/x86_64-linux-gnu/libcrypto.so.3
76231ab59000-76231ab5c000 rw-p 0050c000 00:2d 394114                     /usr/lib/x86_64-linux-gnu/libcrypto.so.3
76231ab5c000-76231ab5f000 rw-p 00000000 00:00 0 
76231ab5f000-76231ab7d000 r--p 00000000 00:2d 394195                     /usr/lib/x86_64-linux-gnu/libssl.so.3
76231ab7d000-76231abdf000 r-xp 0001e000 00:2d 394195                     /usr/lib/x86_64-linux-gnu/libssl.so.3
76231abdf000-76231abfb000 r--p 00080000 00:2d 394195                     /usr/lib/x86_64-linux-gnu/libssl.so.3
76231abfb000-76231ac05000 r--p 0009c000 00:2d 394195                     /usr/lib/x86_64-linux-gnu/libssl.so.3
76231ac05000-76231ac09000 rw-p 000a6000 00:2d 394195                     /usr/lib/x86_64-linux-gnu/libssl.so.3
76231ac09000-76231ac1b000 r--p 00000000 00:2d 830500                     /usr/local/python/3.12.1/lib/python3.12/lib-dynload/_ssl.cpython-312-x86_64-linux-gnu.so
76231ac1b000-76231ac2a000 r-xp 00012000 00:2d 830500                     /usr/local/python/3.12.1/lib/python3.12/lib-dynload/_ssl.cpython-312-x86_64-linux-gnu.so
76231ac2a000-76231ac38000 r--p 00021000 00:2d 830500                     /usr/local/python/3.12.1/lib/python3.12/lib-dynload/_ssl.cpython-312-x86_64-linux-gnu.so
76231ac38000-76231ac39000 r--p 0002e000 00:2d 830500                     /usr/local/python/3.12.1/lib/python3.12/lib-dynload/_ssl.cpython-312-x86_64-linux-gnu.so
76231ac39000-76231ac42000 rw-p 0002f000 00:2d 830500                     /usr/local/python/3.12.1/lib/python3.12/lib-dynload/_ssl.cpython-312-x86_64-linux-gnu.so
76231ac42000-76231ad42000 rw-p 00000000 00:00 0 
76231ad42000-76231ad43000 r--p 00000000 00:2d 393772                     /usr/lib/locale/C.utf8/LC_MEASUREMENT
76231ad43000-76231ad44000 r--p 00000000 00:2d 393771                     /usr/lib/locale/C.utf8/LC_IDENTIFICATION
76231ad44000-76231ad45000 ---p 00000000 00:00 0 
76231ad45000-76231ad46000 r--p 00000000 00:00 0 
76231ad46000-76231ad49000 r--p 00000000 00:2d 830536                     /usr/local/python/3.12.1/lib/python3.12/lib-dynload/zlib.cpython-312-x86_64-linux-gnu.so
76231ad49000-76231ad50000 r-xp 00003000 00:2d 830536                     /usr/local/python/3.12.1/lib/python3.12/lib-dynload/zlib.cpython-312-x86_64-linux-gnu.so
76231ad50000-76231ad53000 r--p 0000a000 00:2d 830536                     /usr/local/python/3.12.1/lib/python3.12/lib-dynload/zlib.cpython-312-x86_64-linux-gnu.so
76231ad53000-76231ad54000 r--p 0000c000 00:2d 830536                     /usr/local/python/3.12.1/lib/python3.12/lib-dynload/zlib.cpython-312-x86_64-linux-gnu.so
76231ad54000-76231ad55000 rw-p 0000d000 00:2d 830536                     /usr/local/python/3.12.1/lib/python3.12/lib-dynload/zlib.cpython-312-x86_64-linux-gnu.so
76231ad55000-76231ad57000 r--p 00000000 00:2d 830496                     /usr/local/python/3.12.1/lib/python3.12/lib-dynload/_sha2.cpython-312-x86_64-linux-gnu.so
76231ad57000-76231ad62000 r-xp 00002000 00:2d 830496                     /usr/local/python/3.12.1/lib/python3.12/lib-dynload/_sha2.cpython-312-x86_64-linux-gnu.so
76231ad62000-76231ad64000 r--p 0000d000 00:2d 830496                     /usr/local/python/3.12.1/lib/python3.12/lib-dynload/_sha2.cpython-312-x86_64-linux-gnu.so
76231ad64000-76231ad65000 r--p 0000e000 00:2d 830496                     /usr/local/python/3.12.1/lib/python3.12/lib-dynload/_sha2.cpython-312-x86_64-linux-gnu.so
76231ad65000-76231ad66000 rw-p 0000f000 00:2d 830496                     /usr/local/python/3.12.1/lib/python3.12/lib-dynload/_sha2.cpython-312-x86_64-linux-gnu.so
76231ad66000-76231ad68000 r--p 00000000 00:2d 830494                     /usr/local/python/3.12.1/lib/python3.12/lib-dynload/_random.cpython-312-x86_64-linux-gnu.so
76231ad68000-76231ad6a000 r-xp 00002000 00:2d 830494                     /usr/local/python/3.12.1/lib/python3.12/lib-dynload/_random.cpython-312-x86_64-linux-gnu.so
76231ad6a000-76231ad6b000 r--p 00004000 00:2d 830494                     /usr/local/python/3.12.1/lib/python3.12/lib-dynload/_random.cpython-312-x86_64-linux-gnu.so
76231ad6b000-76231ad6c000 r--p 00004000 00:2d 830494                     /usr/local/python/3.12.1/lib/python3.12/lib-dynload/_random.cpython-312-x86_64-linux-gnu.so
76231ad6c000-76231ad6d000 rw-p 00005000 00:2d 830494                     /usr/local/python/3.12.1/lib/python3.12/lib-dynload/_random.cpython-312-x86_64-linux-gnu.so
76231ad6d000-76231ad6f000 r--p 00000000 00:2d 830461                     /usr/local/python/3.12.1/lib/python3.12/lib-dynload/_bisect.cpython-312-x86_64-linux-gnu.so
76231ad6f000-76231ad72000 r-xp 00002000 00:2d 830461                     /usr/local/python/3.12.1/lib/python3.12/lib-dynload/_bisect.cpython-312-x86_64-linux-gnu.so
76231ad72000-76231ad73000 r--p 00005000 00:2d 830461                     /usr/local/python/3.12.1/lib/python3.12/lib-dynload/_bisect.cpython-312-x86_64-linux-gnu.so
76231ad73000-76231ad74000 r--p 00005000 00:2d 830461                     /usr/local/python/3.12.1/lib/python3.12/lib-dynload/_bisect.cpython-312-x86_64-linux-gnu.so
76231ad74000-76231ad75000 rw-p 00006000 00:2d 830461                     /usr/local/python/3.12.1/lib/python3.12/lib-dynload/_bisect.cpython-312-x86_64-linux-gnu.so
76231ad75000-76231ae75000 rw-p 00000000 00:00 0 
76231ae75000-76231ae76000 ---p 00000000 00:00 0 
76231ae76000-76231ae78000 r--p 00000000 00:2d 830493                     /usr/local/python/3.12.1/lib/python3.12/lib-dynload/_queue.cpython-312-x86_64-linux-gnu.so
76231ae78000-76231ae7a000 r-xp 00002000 00:2d 830493                     /usr/local/python/3.12.1/lib/python3.12/lib-dynload/_queue.cpython-312-x86_64-linux-gnu.so
76231ae7a000-76231ae7b000 r--p 00004000 00:2d 830493                     /usr/local/python/3.12.1/lib/python3.12/lib-dynload/_queue.cpython-312-x86_64-linux-gnu.so
76231ae7b000-76231ae7c000 r--p 00004000 00:2d 830493                     /usr/local/python/3.12.1/lib/python3.12/lib-dynload/_queue.cpython-312-x86_64-linux-gnu.so
76231ae7c000-76231ae7d000 rw-p 00005000 00:2d 830493                     /usr/local/python/3.12.1/lib/python3.12/lib-dynload/_queue.cpython-312-x86_64-linux-gnu.so
76231ae7d000-76231ae7e000 r--p 00000000 00:2d 830470                     /usr/local/python/3.12.1/lib/python3.12/lib-dynload/_contextvars.cpython-312-x86_64-linux-gnu.so
76231ae7e000-76231ae7f000 r-xp 00001000 00:2d 830470                     /usr/local/python/3.12.1/lib/python3.12/lib-dynload/_contextvars.cpython-312-x86_64-linux-gnu.so
76231ae7f000-76231ae80000 r--p 00002000 00:2d 830470                     /usr/local/python/3.12.1/lib/python3.12/lib-dynload/_contextvars.cpython-312-x86_64-linux-gnu.so
76231ae80000-76231ae81000 r--p 00002000 00:2d 830470                     /usr/local/python/3.12.1/lib/python3.12/lib-dynload/_contextvars.cpython-312-x86_64-linux-gnu.so
76231ae81000-76231ae82000 rw-p 00003000 00:2d 830470                     /usr/local/python/3.12.1/lib/python3.12/lib-dynload/_contextvars.cpython-312-x86_64-linux-gnu.so
76231ae82000-76231ae83000 r--p 00000000 00:2d 830489                     /usr/local/python/3.12.1/lib/python3.12/lib-dynload/_opcode.cpython-312-x86_64-linux-gnu.so
76231ae83000-76231ae84000 r-xp 00001000 00:2d 830489                     /usr/local/python/3.12.1/lib/python3.12/lib-dynload/_opcode.cpython-312-x86_64-linux-gnu.so
76231ae84000-76231ae85000 r--p 00002000 00:2d 830489                     /usr/local/python/3.12.1/lib/python3.12/lib-dynload/_opcode.cpython-312-x86_64-linux-gnu.so
76231ae85000-76231ae86000 r--p 00002000 00:2d 830489                     /usr/local/python/3.12.1/lib/python3.12/lib-dynload/_opcode.cpython-312-x86_64-linux-gnu.so
76231ae86000-76231ae87000 rw-p 00003000 00:2d 830489                     /usr/local/python/3.12.1/lib/python3.12/lib-dynload/_opcode.cpython-312-x86_64-linux-gnu.so
76231ae87000-76231ae89000 r--p 00000000 00:2d 830518                     /usr/local/python/3.12.1/lib/python3.12/lib-dynload/binascii.cpython-312-x86_64-linux-gnu.so
76231ae89000-76231ae8c000 r-xp 00002000 00:2d 830518                     /usr/local/python/3.12.1/lib/python3.12/lib-dynload/binascii.cpython-312-x86_64-linux-gnu.so
76231ae8c000-76231ae8e000 r--p 00005000 00:2d 830518                     /usr/local/python/3.12.1/lib/python3.12/lib-dynload/binascii.cpython-312-x86_64-linux-gnu.so
76231ae8e000-76231ae8f000 r--p 00006000 00:2d 830518                     /usr/local/python/3.12.1/lib/python3.12/lib-dynload/binascii.cpython-312-x86_64-linux-gnu.so
76231ae8f000-76231ae90000 rw-p 00007000 00:2d 830518                     /usr/local/python/3.12.1/lib/python3.12/lib-dynload/binascii.cpython-312-x86_64-linux-gnu.so
76231ae90000-76231ae91000 r--p 00000000 00:2d 830482                     /usr/local/python/3.12.1/lib/python3.12/lib-dynload/_heapq.cpython-312-x86_64-linux-gnu.so
76231ae91000-76231ae93000 r-xp 00001000 00:2d 830482                     /usr/local/python/3.12.1/lib/python3.12/lib-dynload/_heapq.cpython-312-x86_64-linux-gnu.so
76231ae93000-76231ae96000 r--p 00003000 00:2d 830482                     /usr/local/python/3.12.1/lib/python3.12/lib-dynload/_heapq.cpython-312-x86_64-linux-gnu.so
76231ae96000-76231ae97000 r--p 00005000 00:2d 830482                     /usr/local/python/3.12.1/lib/python3.12/lib-dynload/_heapq.cpython-312-x86_64-linux-gnu.so
76231ae97000-76231ae98000 rw-p 00006000 00:2d 830482                     /usr/local/python/3.12.1/lib/python3.12/lib-dynload/_heapq.cpython-312-x86_64-linux-gnu.so
76231ae98000-76231ae99000 r--p 00000000 00:2d 830491                     /usr/local/python/3.12.1/lib/python3.12/lib-dynload/_posixshmem.cpython-312-x86_64-linux-gnu.so
76231ae99000-76231ae9a000 r-xp 00001000 00:2d 830491                     /usr/local/python/3.12.1/lib/python3.12/lib-dynload/_posixshmem.cpython-312-x86_64-linux-gnu.so
76231ae9a000-76231ae9b000 r--p 00002000 00:2d 830491                     /usr/local/python/3.12.1/lib/python3.12/lib-dynload/_posixshmem.cpython-312-x86_64-linux-gnu.so
76231ae9b000-76231ae9c000 r--p 00002000 00:2d 830491                     /usr/local/python/3.12.1/lib/python3.12/lib-dynload/_posixshmem.cpython-312-x86_64-linux-gnu.so
76231ae9c000-76231ae9d000 rw-p 00003000 00:2d 830491                     /usr/local/python/3.12.1/lib/python3.12/lib-dynload/_posixshmem.cpython-312-x86_64-linux-gnu.so
76231ae9d000-76231ae9f000 r--p 00000000 00:2d 830488                     /usr/local/python/3.12.1/lib/python3.12/lib-dynload/_multiprocessing.cpython-312-x86_64-linux-gnu.so
76231ae9f000-76231aea1000 r-xp 00002000 00:2d 830488                     /usr/local/python/3.12.1/lib/python3.12/lib-dynload/_multiprocessing.cpython-312-x86_64-linux-gnu.so
76231aea1000-76231aea2000 r--p 00004000 00:2d 830488                     /usr/local/python/3.12.1/lib/python3.12/lib-dynload/_multiprocessing.cpython-312-x86_64-linux-gnu.so
76231aea2000-76231aea3000 r--p 00004000 00:2d 830488                     /usr/local/python/3.12.1/lib/python3.12/lib-dynload/_multiprocessing.cpython-312-x86_64-linux-gnu.so
76231aea3000-76231aea4000 rw-p 00005000 00:2d 830488                     /usr/local/python/3.12.1/lib/python3.12/lib-dynload/_multiprocessing.cpython-312-x86_64-linux-gnu.so
76231aea4000-76231aea6000 r--p 00000000 00:2d 830492                     /usr/local/python/3.12.1/lib/python3.12/lib-dynload/_posixsubprocess.cpython-312-x86_64-linux-gnu.so
76231aea6000-76231aea9000 r-xp 00002000 00:2d 830492                     /usr/local/python/3.12.1/lib/python3.12/lib-dynload/_posixsubprocess.cpython-312-x86_64-linux-gnu.so
76231aea9000-76231aeaa000 r--p 00005000 00:2d 830492                     /usr/local/python/3.12.1/lib/python3.12/lib-dynload/_posixsubprocess.cpython-312-x86_64-linux-gnu.so
76231aeaa000-76231aeab000 r--p 00005000 00:2d 830492                     /usr/local/python/3.12.1/lib/python3.12/lib-dynload/_posixsubprocess.cpython-312-x86_64-linux-gnu.so
76231aeab000-76231aeac000 rw-p 00006000 00:2d 830492                     /usr/local/python/3.12.1/lib/python3.12/lib-dynload/_posixsubprocess.cpython-312-x86_64-linux-gnu.so
76231aeac000-76231aead000 r--p 00000000 00:2d 830520                     /usr/local/python/3.12.1/lib/python3.12/lib-dynload/fcntl.cpython-312-x86_64-linux-gnu.so
76231aead000-76231aeaf000 r-xp 00001000 00:2d 830520                     /usr/local/python/3.12.1/lib/python3.12/lib-dynload/fcntl.cpython-312-x86_64-linux-gnu.so
76231aeaf000-76231aeb1000 r--p 00003000 00:2d 830520                     /usr/local/python/3.12.1/lib/python3.12/lib-dynload/fcntl.cpython-312-x86_64-linux-gnu.so
76231aeb1000-76231aeb2000 r--p 00004000 00:2d 830520                     /usr/local/python/3.12.1/lib/python3.12/lib-dynload/fcntl.cpython-312-x86_64-linux-gnu.so
76231aeb2000-76231aeb3000 rw-p 00005000 00:2d 830520                     /usr/local/python/3.12.1/lib/python3.12/lib-dynload/fcntl.cpython-312-x86_64-linux-gnu.so
76231aeb3000-76231aeb7000 r--p 00000000 00:2d 830516                     /usr/local/python/3.12.1/lib/python3.12/lib-dynload/array.cpython-312-x86_64-linux-gnu.so
76231aeb7000-76231aebf000 r-xp 00004000 00:2d 830516                     /usr/local/python/3.12.1/lib/python3.12/lib-dynload/array.cpython-312-x86_64-linux-gnu.so
76231aebf000-76231aec3000 r--p 0000c000 00:2d 830516                     /usr/local/python/3.12.1/lib/python3.12/lib-dynload/array.cpython-312-x86_64-linux-gnu.so
76231aec3000-76231aec4000 r--p 0000f000 00:2d 830516                     /usr/local/python/3.12.1/lib/python3.12/lib-dynload/array.cpython-312-x86_64-linux-gnu.so
76231aec4000-76231aec5000 rw-p 00010000 00:2d 830516                     /usr/local/python/3.12.1/lib/python3.12/lib-dynload/array.cpython-312-x86_64-linux-gnu.so
76231aec5000-76231aec7000 r--p 00000000 00:2d 830528                     /usr/local/python/3.12.1/lib/python3.12/lib-dynload/select.cpython-312-x86_64-linux-gnu.so
76231aec7000-76231aeca000 r-xp 00002000 00:2d 830528                     /usr/local/python/3.12.1/lib/python3.12/lib-dynload/select.cpython-312-x86_64-linux-gnu.so
76231aeca000-76231aecc000 r--p 00005000 00:2d 830528                     /usr/local/python/3.12.1/lib/python3.12/lib-dynload/select.cpython-312-x86_64-linux-gnu.so
76231aecc000-76231aecd000 r--p 00006000 00:2d 830528                     /usr/local/python/3.12.1/lib/python3.12/lib-dynload/select.cpython-312-x86_64-linux-gnu.so
76231aecd000-76231aece000 rw-p 00007000 00:2d 830528                     /usr/local/python/3.12.1/lib/python3.12/lib-dynload/select.cpython-312-x86_64-linux-gnu.so
76231aece000-76231aed1000 r--p 00000000 00:2d 830522                     /usr/local/python/3.12.1/lib/python3.12/lib-dynload/math.cpython-312-x86_64-linux-gnu.so
76231aed1000-76231aedd000 r-xp 00003000 00:2d 830522                     /usr/local/python/3.12.1/lib/python3.12/lib-dynload/math.cpython-312-x86_64-linux-gnu.so
76231aedd000-76231aee2000 r--p 0000f000 00:2d 830522                     /usr/local/python/3.12.1/lib/python3.12/lib-dynload/math.cpython-312-x86_64-linux-gnu.so
76231aee2000-76231aee3000 r--p 00013000 00:2d 830522                     /usr/local/python/3.12.1/lib/python3.12/lib-dynload/math.cpython-312-x86_64-linux-gnu.so
76231aee3000-76231aee4000 rw-p 00014000 00:2d 830522                     /usr/local/python/3.12.1/lib/python3.12/lib-dynload/math.cpython-312-x86_64-linux-gnu.so
76231aee4000-76231aee8000 r--p 00000000 00:2d 830498                     /usr/local/python/3.12.1/lib/python3.12/lib-dynload/_socket.cpython-312-x86_64-linux-gnu.so
76231aee8000-76231aef5000 r-xp 00004000 00:2d 830498                     /usr/local/python/3.12.1/lib/python3.12/lib-dynload/_socket.cpython-312-x86_64-linux-gnu.so
76231aef5000-76231aefe000 r--p 00011000 00:2d 830498                     /usr/local/python/3.12.1/lib/python3.12/lib-dynload/_socket.cpython-312-x86_64-linux-gnu.so
76231aefe000-76231aeff000 r--p 00019000 00:2d 830498                     /usr/local/python/3.12.1/lib/python3.12/lib-dynload/_socket.cpython-312-x86_64-linux-gnu.so
76231aeff000-76231af00000 rw-p 0001a000 00:2d 830498                     /usr/local/python/3.12.1/lib/python3.12/lib-dynload/_socket.cpython-312-x86_64-linux-gnu.so
76231af00000-76231af05000 r--p 00000000 00:2d 830490                     /usr/local/python/3.12.1/lib/python3.12/lib-dynload/_pickle.cpython-312-x86_64-linux-gnu.so
76231af05000-76231af17000 r-xp 00005000 00:2d 830490                     /usr/local/python/3.12.1/lib/python3.12/lib-dynload/_pickle.cpython-312-x86_64-linux-gnu.so
76231af17000-76231af1d000 r--p 00017000 00:2d 830490                     /usr/local/python/3.12.1/lib/python3.12/lib-dynload/_pickle.cpython-312-x86_64-linux-gnu.so
76231af1d000-76231af1e000 r--p 0001c000 00:2d 830490                     /usr/local/python/3.12.1/lib/python3.12/lib-dynload/_pickle.cpython-312-x86_64-linux-gnu.so
76231af1e000-76231af1f000 rw-p 0001d000 00:2d 830490                     /usr/local/python/3.12.1/lib/python3.12/lib-dynload/_pickle.cpython-312-x86_64-linux-gnu.so
76231af1f000-76231af22000 r--p 00000000 00:2d 830502                     /usr/local/python/3.12.1/lib/python3.12/lib-dynload/_struct.cpython-312-x86_64-linux-gnu.so
76231af22000-76231af28000 r-xp 00003000 00:2d 830502                     /usr/local/python/3.12.1/lib/python3.12/lib-dynload/_struct.cpython-312-x86_64-linux-gnu.so
76231af28000-76231af2b000 r--p 00009000 00:2d 830502                     /usr/local/python/3.12.1/lib/python3.12/lib-dynload/_struct.cpython-312-x86_64-linux-gnu.so
76231af2b000-76231af2c000 r--p 0000c000 00:2d 830502                     /usr/local/python/3.12.1/lib/python3.12/lib-dynload/_struct.cpython-312-x86_64-linux-gnu.so
76231af2c000-76231af2d000 rw-p 0000d000 00:2d 830502                     /usr/local/python/3.12.1/lib/python3.12/lib-dynload/_struct.cpython-312-x86_64-linux-gnu.so
76231af2d000-76231b293000 rw-p 00000000 00:00 0 
76231b293000-76231b2ec000 r--p 00000000 00:2d 393770                     /usr/lib/locale/C.utf8/LC_CTYPE
76231b2ec000-76231b5d7000 r--p 00000000 00:2d 531685                     /usr/lib/locale/locale-archive
76231b5d7000-76231b5da000 rw-p 00000000 00:00 0 
76231b5da000-76231b602000 r--p 00000000 00:2d 394104                     /usr/lib/x86_64-linux-gnu/libc.so.6
76231b602000-76231b78a000 r-xp 00028000 00:2d 394104                     /usr/lib/x86_64-linux-gnu/libc.so.6
76231b78a000-76231b7d9000 r--p 001b0000 00:2d 394104                     /usr/lib/x86_64-linux-gnu/libc.so.6
76231b7d9000-76231b7dd000 r--p 001fe000 00:2d 394104                     /usr/lib/x86_64-linux-gnu/libc.so.6
76231b7dd000-76231b7df000 rw-p 00202000 00:2d 394104                     /usr/lib/x86_64-linux-gnu/libc.so.6
76231b7df000-76231b7ec000 rw-p 00000000 00:00 0 
76231b7ec000-76231b7fc000 r--p 00000000 00:2d 394146                     /usr/lib/x86_64-linux-gnu/libm.so.6
76231b7fc000-76231b87b000 r-xp 00010000 00:2d 394146                     /usr/lib/x86_64-linux-gnu/libm.so.6
76231b87b000-76231b8d3000 r--p 0008f000 00:2d 394146                     /usr/lib/x86_64-linux-gnu/libm.so.6
76231b8d3000-76231b8d4000 r--p 000e7000 00:2d 394146                     /usr/lib/x86_64-linux-gnu/libm.so.6
76231b8d4000-76231b8d5000 rw-p 000e8000 00:2d 394146                     /usr/lib/x86_64-linux-gnu/libm.so.6
76231b8d5000-76231b8dc000 r--s 00000000 00:2d 394075                     /usr/lib/x86_64-linux-gnu/gconv/gconv-modules.cache
76231b8dc000-76231b8de000 rw-p 00000000 00:00 0 
76231b8de000-76231b8df000 r--p 00000000 00:2d 394084                     /usr/lib/x86_64-linux-gnu/ld-linux-x86-64.so.2
76231b8df000-76231b90a000 r-xp 00001000 00:2d 394084                     /usr/lib/x86_64-linux-gnu/ld-linux-x86-64.so.2
76231b90a000-76231b914000 r--p 0002c000 00:2d 394084                     /usr/lib/x86_64-linux-gnu/ld-linux-x86-64.so.2
76231b914000-76231b916000 r--p 00036000 00:2d 394084                     /usr/lib/x86_64-linux-gnu/ld-linux-x86-64.so.2
76231b916000-76231b918000 rw-p 00038000 00:2d 394084                     /usr/lib/x86_64-linux-gnu/ld-linux-x86-64.so.2
7ffd96115000-7ffd96119000 ---p 00000000 00:00 0 
7ffd96119000-7ffd96215000 rw-p 00000000 00:00 0                          [stack]
7ffd96221000-7ffd96225000 r--p 00000000 00:00 0                          [vvar]
7ffd96225000-7ffd96227000 r-xp 00000000 00:00 0                          [vdso]
ffffffffff600000-ffffffffff601000 --xp 00000000 00:00 0                  [vsyscall]
Total number of mappings: 611

JVMTI agents: none


VM Arguments:
jvm_args: -Dfile.encoding=UTF8 -ea -Xmx1024m 
java_command: <unknown>
java_class_path (initial): /usr/local/python/3.12.1/lib/python3.12/site-packages/konlpy/java:/usr/local/python/3.12.1/lib/python3.12/site-packages/konlpy/java/bin:/usr/local/python/3.12.1/lib/python3.12/site-packages/konlpy/java/open-korean-text-2.1.0.jar:/usr/local/python/3.12.1/lib/python3.12/site-packages/konlpy/java/scala-library-2.12.3.jar:/usr/local/python/3.12.1/lib/python3.12/site-packages/konlpy/java/shineware-ds-1.0.jar:/usr/local/python/3.12.1/lib/python3.12/site-packages/konlpy/java/snakeyaml-1.12.jar:/usr/local/python/3.12.1/lib/python3.12/site-packages/konlpy/java/shineware-common-1.0.jar:/usr/local/python/3.12.1/lib/python3.12/site-packages/konlpy/java/jhannanum-0.8.4.jar:/usr/local/python/3.12.1/lib/python3.12/site-packages/konlpy/java/twitter-text-1.14.7.jar:/usr/local/python/3.12.1/lib/python3.12/site-packages/konlpy/java/aho-corasick.jar:/usr/local/python/3.12.1/lib/python3.12/site-packages/konlpy/java/komoran-3.0.jar:/usr/local/python/3.12.1/lib/python3.12/site-packages/konlpy/java/kkma-2.0.jar:/usr/local/python/3.12.1/lib/python3.12/site-packages/konlpy/java/jhannanum-0.8.4.jar:/usr/local/python/3.12.1/lib/python3.12/site-packages/konlpy/java/kkma-2.0.jar:/usr/local/python/3.12.1/lib/python3.12/site-packages/konlpy/java/aho-corasick.jar:/usr/local/python/3.12.1/lib/python3.12/site-packages/konlpy/java/shineware-common-1.0.jar:/usr/local/python/3.12.1/lib/python3.12/site-packages/konlpy/java/shineware-ds-1.0.jar:/usr/local/python/3.12.1/lib/python3.12/site-packages/konlpy/java/komoran-3.0.jar:/usr/local/python/3.12.1/lib/python3.12/site-packages/konlpy/java/snakeyaml-1.12.jar:/usr/local/python/3.12.1/lib/python3.12/site-packages/konlpy/java/scala-library-2.12.3.jar:/usr/local/python/3.12.1/lib/python3.12/site-packages/konlpy/java/open-korean-text-2.1.0.jar:/usr/local/python/3.12.1/lib/python3.12/site-packages/konlpy/java/twitter-text-1.14.7.jar:/usr/local/python/3.12.1/lib/python3.12/site-packages/konlpy/java/open-korean-text-2.1.0.jar:/usr/local/python/3.12.1/lib/python3.12/site-packages/konlpy/java/scala-library-2.12.3.jar:/usr/local/python/3.12.1/lib/python3.12/site-packages/konlpy/java/shineware-ds-1.0.jar:/usr/local/python/3.12.1/lib/python3.12/site-packages/konlpy/java/snakeyaml-1.12.jar:/usr/local/python/3.12.1/lib/python3.12/site-packages/konlpy/java/shineware-common-1.0.jar:/usr/local/python/3.12.1/lib/python3.12/site-packages/konlpy/java/jhannanum-0.8.4.jar:/usr/local/python/3.12.1/lib/python3.12/site-packages/konlpy/java/twitter-text-1.14.7.jar:/usr/local/python/3.12.1/lib/python3.12/site-packages/konlpy/java/aho-corasick.jar:/usr/local/python/3.12.1/lib/python3.12/site-packages/konlpy/java/komoran-3.0.jar:/usr/local/python/3.12.1/lib/python3.12/site-packages/konlpy/java/kkma-2.0.jar:/usr/local/python/3.12.1/lib/python3.12/site-packages/org.jpype.jar
Launcher Type: generic

[Global flags]
     intx CICompilerCount                          = 2                                         {product} {ergonomic}
     uint ConcGCThreads                            = 1                                         {product} {ergonomic}
     uint G1ConcRefinementThreads                  = 2                                         {product} {ergonomic}
   size_t G1HeapRegionSize                         = 1048576                                   {product} {ergonomic}
   size_t InitialHeapSize                          = 132120576                                 {product} {ergonomic}
   size_t MarkStackSize                            = 4194304                                   {product} {ergonomic}
   size_t MarkStackSizeMax                         = 536870912                                 {product} {ergonomic}
   size_t MaxHeapSize                              = 1073741824                                {product} {command line}
   size_t MaxNewSize                               = 643825664                                 {product} {ergonomic}
   size_t MinHeapDeltaBytes                        = 1048576                                   {product} {ergonomic}
   size_t MinHeapSize                              = 8388608                                   {product} {ergonomic}
    uintx NonNMethodCodeHeapSize                   = 5824512                                {pd product} {ergonomic}
    uintx NonProfiledCodeHeapSize                  = 122920960                              {pd product} {ergonomic}
    uintx ProfiledCodeHeapSize                     = 122912768                              {pd product} {ergonomic}
    uintx ReservedCodeCacheSize                    = 251658240                              {pd product} {ergonomic}
     bool SegmentedCodeCache                       = true                                      {product} {ergonomic}
   size_t SoftMaxHeapSize                          = 1073741824                             {manageable} {ergonomic}
     bool UseCompressedOops                        = true                           {product lp64_product} {ergonomic}
     bool UseG1GC                                  = true                                      {product} {ergonomic}

Logging:
Log output configuration:
 #0: stdout all=warning uptime,level,tags foldmultilines=false
 #1: stderr all=off uptime,level,tags foldmultilines=false

Release file:
IMPLEMENTOR="Microsoft"
IMPLEMENTOR_VERSION="Microsoft-12574222"
JAVA_RUNTIME_VERSION="25.0.1+8-LTS"
JAVA_VERSION="25.0.1"
JAVA_VERSION_DATE="2025-10-21"
LIBC="gnu"
MODULES="java.base java.compiler java.datatransfer java.xml java.prefs java.desktop java.instrument java.logging java.management java.security.sasl java.naming java.rmi java.management.rmi java.net.http java.scripting java.security.jgss java.transaction.xa java.sql java.sql.rowset java.xml.crypto java.se java.smartcardio jdk.accessibility jdk.internal.jvmstat jdk.attach jdk.charsets jdk.internal.opt jdk.zipfs jdk.compiler jdk.crypto.cryptoki jdk.crypto.ec jdk.dynalink jdk.internal.ed jdk.editpad jdk.internal.vm.ci jdk.graal.compiler jdk.graal.compiler.management jdk.hotspot.agent jdk.httpserver jdk.incubator.vector jdk.internal.le jdk.internal.md jdk.jartool jdk.javadoc jdk.jcmd jdk.management jdk.management.agent jdk.jconsole jdk.jdeps jdk.jdwp.agent jdk.jdi jdk.jfr jdk.jlink jdk.jpackage jdk.jshell jdk.jsobject jdk.jstatd jdk.localedata jdk.management.jfr jdk.naming.dns jdk.naming.rmi jdk.net jdk.nio.mapmode jdk.sctp jdk.security.auth jdk.security.jgss jdk.unsupported jdk.unsupported.desktop jdk.xml.dom"
OS_ARCH="x86_64"
OS_NAME="Linux"
SOURCE=".:git:a34d2ff2d503"

Environment Variables:
JAVA_HOME=/usr/local/sdkman/candidates/java/current
PATH=/usr/local/rvm/gems/ruby-3.4.7/bin:/usr/local/rvm/gems/ruby-3.4.7@global/bin:/usr/local/rvm/rubies/ruby-3.4.7/bin:/vscode/bin/linux-x64/41dd792b5e652393e7787322889ed5fdc58bd75b/bin/remote-cli:/home/codespace/.local/bin:/home/codespace/.dotnet:/home/codespace/nvm/current/bin:/home/codespace/.php/current/bin:/home/codespace/.python/current/bin:/home/codespace/java/current/bin:/home/codespace/.ruby/current/bin:/home/codespace/.local/bin:/usr/local/python/current/bin:/usr/local/py-utils/bin:/usr/local/jupyter:/usr/local/oryx:/usr/local/go/bin:/go/bin:/usr/local/sdkman/bin:/usr/local/sdkman/candidates/java/current/bin:/usr/local/sdkman/candidates/gradle/current/bin:/usr/local/sdkman/candidates/maven/current/bin:/usr/local/sdkman/candidates/ant/current/bin:/usr/local/rvm/gems/default/bin:/usr/local/rvm/gems/default@global/bin:/usr/local/rvm/rubies/default/bin:/usr/local/share/rbenv/bin:/usr/local/php/current/bin:/opt/conda/bin:/usr/local/nvs:/usr/local/share/nvm/versions/node/v24.11.1/bin:/usr/local/hugo/bin:/usr/local/sbin:/usr/local/bin:/usr/sbin:/usr/bin:/sbin:/bin:/usr/share/dotnet:/home/codespace/.dotnet/tools:/usr/local/rvm/bin
SHELL=/bin/bash
LANG=C.UTF-8
TERM=xterm-256color

Active Locale:
LC_ALL=C.UTF-8
LC_COLLATE=C.UTF-8
LC_CTYPE=C.UTF-8
LC_MESSAGES=C.UTF-8
LC_MONETARY=C.UTF-8
LC_NUMERIC=C.UTF-8
LC_TIME=C.UTF-8

Signal Handlers:
   SIGSEGV: crash_handler in libjvm.so, mask=11100100010111111101111111111110, flags=SA_RESTART|SA_SIGINFO, unblocked
    SIGBUS: crash_handler in libjvm.so, mask=11100100010111111101111111111110, flags=SA_RESTART|SA_SIGINFO, unblocked
    SIGFPE: crash_handler in libjvm.so, mask=11100100010111111101111111111110, flags=SA_RESTART|SA_SIGINFO, unblocked
   SIGPIPE: javaSignalHandler in libjvm.so, mask=11100100010111111101111111111110, flags=SA_RESTART|SA_SIGINFO, blocked
   SIGXFSZ: javaSignalHandler in libjvm.so, mask=11100100010111111101111111111110, flags=SA_RESTART|SA_SIGINFO, blocked
    SIGILL: crash_handler in libjvm.so, mask=11100100010111111101111111111110, flags=SA_RESTART|SA_SIGINFO, unblocked
   SIGUSR2: SR_handler in libjvm.so, mask=00000000000000000000000000000000, flags=SA_RESTART|SA_SIGINFO, blocked
    SIGHUP: UserHandler in libjvm.so, mask=11100100010111111101111111111110, flags=SA_RESTART|SA_SIGINFO, blocked
    SIGINT: UserHandler in libjvm.so, mask=11100100010111111101111111111110, flags=SA_RESTART|SA_SIGINFO, blocked
   SIGTERM: UserHandler in libjvm.so, mask=11100100010111111101111111111110, flags=SA_RESTART|SA_SIGINFO, blocked
   SIGQUIT: UserHandler in libjvm.so, mask=11100100010111111101111111111110, flags=SA_RESTART|SA_SIGINFO, blocked
   SIGTRAP: crash_handler in libjvm.so, mask=11100100010111111101111111111110, flags=SA_RESTART|SA_SIGINFO, unblocked


Compilation memory statistics disabled.

Periodic native trim disabled

---------------  S Y S T E M  ---------------

OS:
DISTRIB_ID=Ubuntu
DISTRIB_RELEASE=24.04
DISTRIB_CODENAME=noble
DISTRIB_DESCRIPTION="Ubuntu 24.04.3 LTS"
uname: Linux 6.8.0-1044-azure #50~22.04.1-Ubuntu SMP Wed Dec  3 15:13:22 UTC 2025 x86_64
OS uptime: 0 days 1:09 hours
libc: glibc 2.39 NPTL 2.39 
rlimit (soft/hard): STACK 8192k/infinity , CORE infinity/infinity , NPROC infinity/infinity , NOFILE 524288/524288 , AS infinity/infinity , CPU infinity/infinity , DATA infinity/infinity , FSIZE infinity/infinity , MEMLOCK 8192k/8192k
load average: 2.91 2.30 1.86

/proc/meminfo:
MemTotal:        8135224 kB
MemFree:          593592 kB
MemAvailable:    5821980 kB
Buffers:          221308 kB
Cached:          5113096 kB
SwapCached:            0 kB
Active:          3979904 kB
Inactive:        2978540 kB
Active(anon):    1563824 kB
Inactive(anon):   135336 kB
Active(file):    2416080 kB
Inactive(file):  2843204 kB
Unevictable:       30908 kB
Mlocked:           27836 kB
SwapTotal:             0 kB
SwapFree:              0 kB
Zswap:                 0 kB
Zswapped:              0 kB
Dirty:              7092 kB
Writeback:             0 kB
AnonPages:       1627636 kB
Mapped:           748328 kB
Shmem:             66008 kB
KReclaimable:     282732 kB
Slab:             384592 kB
SReclaimable:     282732 kB
SUnreclaim:       101860 kB
KernelStack:       10704 kB
PageTables:        30332 kB
SecPageTables:         0 kB
NFS_Unstable:          0 kB
Bounce:                0 kB
WritebackTmp:          0 kB
CommitLimit:     4067612 kB
Committed_AS:    5293340 kB
VmallocTotal:   34359738367 kB
VmallocUsed:       43696 kB
VmallocChunk:          0 kB
Percpu:             1224 kB
HardwareCorrupted:     0 kB
AnonHugePages:    663552 kB
ShmemHugePages:        0 kB
ShmemPmdMapped:        0 kB
FileHugePages:         0 kB
FilePmdMapped:         0 kB
Unaccepted:            0 kB
HugePages_Total:       0
HugePages_Free:        0
HugePages_Rsvd:        0
HugePages_Surp:        0
Hugepagesize:       2048 kB
Hugetlb:               0 kB
DirectMap4k:      135104 kB
DirectMap2M:     6156288 kB
DirectMap1G:     4194304 kB

/sys/kernel/mm/transparent_hugepage/enabled: [always] madvise never
/sys/kernel/mm/transparent_hugepage/hpage_pmd_size: 2097152
/sys/kernel/mm/transparent_hugepage/shmem_enabled: always within_size advise [never] deny force
/sys/kernel/mm/transparent_hugepage/defrag (defrag/compaction efforts parameter): always defer defer+madvise [madvise] never

Process Memory:
Virtual Size: 3839040K (peak: 3892312K)
Resident Set Size: 181760K (peak: 184548K) (anon: 123008K, file: 58752K, shmem: 0K)
Swapped out: 0K
C-Heap outstanding allocations: 51051K, retained: 8932K
glibc malloc tunables: (default)

/proc/sys/kernel/threads-max (system-wide limit on the number of threads): 63498
/proc/sys/vm/max_map_count (maximum number of memory map areas a process may have): 65530
/proc/sys/vm/swappiness (control to define how aggressively the kernel swaps out anonymous memory): 60
/proc/sys/kernel/pid_max (system-wide limit on number of process identifiers): 4194304

container information not found.
Hyper-V virtualization detected
Steal ticks since vm start: 0
Steal ticks percentage since vm start:  0.000

CPU: total 2 (initial active 2) (16 cores per cpu, 2 threads per core) family 25 model 1 stepping 1 microcode 0xffffffff, cx8, cmov, fxsr, ht, mmx, 3dnowpref, sse, sse2, sse3, ssse3, sse4a, sse4.1, sse4.2, popcnt, lzcnt, tsc, tscinvbit, avx, avx2, aes, erms, clmul, bmi1, bmi2, adx, sha, fma, vzeroupper, clflush, clflushopt, clwb, hv, rdtscp, rdpid, fsrm, f16c, cet_ss
CPU Model and flags from /proc/cpuinfo:
model name	: AMD EPYC 7763 64-Core Processor
flags		: fpu vme de pse tsc msr pae mce cx8 apic sep mtrr pge mca cmov pat pse36 clflush mmx fxsr sse sse2 ht syscall nx mmxext fxsr_opt pdpe1gb rdtscp lm constant_tsc rep_good nopl tsc_reliable nonstop_tsc cpuid extd_apicid aperfmperf tsc_known_freq pni pclmulqdq ssse3 fma cx16 pcid sse4_1 sse4_2 movbe popcnt aes xsave avx f16c rdrand hypervisor lahf_lm cmp_legacy svm cr8_legacy abm sse4a misalignsse 3dnowprefetch osvw topoext vmmcall fsgsbase bmi1 avx2 smep bmi2 erms invpcid rdseed adx smap clflushopt clwb sha_ni xsaveopt xsavec xgetbv1 xsaves user_shstk clzero xsaveerptr rdpru arat npt nrip_save tsc_scale vmcb_clean flushbyasid decodeassists pausefilter pfthreshold v_vmsave_vmload umip vaes vpclmulqdq rdpid fsrm

Online cpus: 0-1
Offline cpus: 
BIOS frequency limitation: <Not Available>
Frequency switch latency (ns): <Not Available>
Available cpu frequencies: <Not Available>
Current governor: <Not Available>
Core performance/turbo boost: <Not Available>

Memory: 4k page, physical 8135224k(5821980k free), swap 0k(0k free)
Page Sizes: 4k

vm_info: OpenJDK 64-Bit Server VM (25.0.1+8-LTS) for linux-amd64 JRE (25.0.1+8-LTS), built on 2025-10-13T21:28:09Z with gcc 11.3.0

END.
