#
# A fatal error has been detected by the Java Runtime Environment:
#
#  SIGSEGV (0xb) at pc=0x00007bd315f3d4f3, pid=58321, tid=58321
#
# JRE version: OpenJDK Runtime Environment Microsoft-12574222 (25.0.1+8) (build 25.0.1+8-LTS)
# Java VM: OpenJDK 64-Bit Server VM Microsoft-12574222 (25.0.1+8-LTS, mixed mode, sharing, tiered, compressed oops, compressed class ptrs, g1 gc, linux-amd64)
# Problematic frame:
# C  [_jpype.cpython-312-x86_64-linux-gnu.so+0x424f3]  JPypeException::toJava() [clone .cold]+0x5d
#
# Core dump will be written. Default location: Core dumps may be processed with "/usr/share/apport/apport -p%p -s%s -c%c -d%d -P%P -u%u -g%g -F%F -- %E" (or dumping to /workspaces/korean_reading_practice/myapp/backend/core.58321)
#
# If you would like to submit a bug report, please visit:
#   https://github.com/microsoft/openjdk/issues
# The crash happened outside the Java Virtual Machine in native code.
# See problematic frame for where to report the bug.
#

---------------  S U M M A R Y ------------

Command Line: -Dfile.encoding=UTF8 -ea -Xmx1024m 

Host: AMD EPYC 9V74 80-Core Processor, 2 cores, 7G, Ubuntu 24.04.3 LTS
Time: Fri May  8 01:38:12 2026 UTC elapsed time: 1.194334 seconds (0d 0h 0m 1s)

---------------  T H R E A D  ---------------

Current thread (0x0000624afc9323d0):  JavaThread "main"             [_thread_in_native, id=58321, stack(0x00007fff07250000,0x00007fff07350000) (1024K)]

Stack: [0x00007fff07250000,0x00007fff07350000],  sp=0x00007fff0734b8d0,  free space=1006k
Native frames: (J=compiled Java code, j=interpreted, Vv=VM code, C=native code)
C  [_jpype.cpython-312-x86_64-linux-gnu.so+0x424f3]  JPypeException::toJava() [clone .cold]+0x5d
Java frames: (J=compiled Java code, j=interpreted, Vv=VM code)
j  org.jpype.manager.TypeFactoryNative.newWrapper(JJ)V+0
j  org.jpype.JPypeContext.newWrapper(J)V+16
v  ~StubRoutines::call_stub 0x00007bd2ff538fa6

siginfo: si_signo: 11 (SIGSEGV), si_code: 1 (SEGV_MAPERR), si_addr: 0x0000000000000000

Registers:
RAX=0x00007bd3174917d8, RBX=0x0000624afd50d3e0, RCX=0x00007bd3174888d0, RDX=0x0000000624afc913
RSP=0x00007fff0734b8d0, RBP=0x0000000000000000, RSI=0x0000000000000000, RDI=0x00007fff0734b858
R8 =0x0000624afb05b010, R9 =0x0000000000000007, R10=0x0000624afc913ba0, R11=0x403941f88925a331
R12=0x00007fff0734b8e0, R13=0x0000624afc598af8, R14=0x00007fff0734b8d8, R15=0x0000624afc9323d0
RIP=0x00007bd315f3d4f3, EFLAGS=0x0000000000010202, CSGSFS=0x002b000000000033, ERR=0x0000000000000006
  TRAPNO=0x000000000000000e

XMM[0]=0x0000000000000000 0x00007bd319a89563
XMM[1]=0x00007bd319a89563 0x00007bd319a89563
XMM[2]=0xffffffffffffffff 0xffffffffffffffff
XMM[3]=0xffffffffffffffff 0xffffffffffffffff
XMM[4]=0xffffffffffffffff 0xffffffffffffffff
XMM[5]=0xffffffffffffffff 0xffffffffffffffff
XMM[6]=0xffffffffffffffff 0xffffffffffffffff
XMM[7]=0xffffffffffffffff 0xffffffffffffffff
XMM[8]=0x0000000000f700f3 0x0000000000f600f2
XMM[9]=0x00000000000000f3 0x00000000000000f2
XMM[10]=0x000000000000000c 0x000000000000000c
XMM[11]=0x000000000000000a 0x000000000000000a
XMM[12]=0x0000000000000008 0x0000000000000008
XMM[13]=0x0000000000000006 0x0000000000000006
XMM[14]=0x0000000000000004 0x0000000000000004
XMM[15]=0x0000000000000002 0x0000000000000002
  MXCSR=0x00001fa2


Register to memory mapping:

RAX=0x00007bd3174917d8: <offset 0x000000000027a7d8> in /lib/x86_64-linux-gnu/libstdc++.so.6 at 0x00007bd317217000
RBX=0x0000624afd50d3e0 points into unknown readable memory: 0x00007bd315fb3a38 | 38 3a fb 15 d3 7b 00 00
RCX=0x00007bd3174888d0: <offset 0x00000000002718d0> in /lib/x86_64-linux-gnu/libstdc++.so.6 at 0x00007bd317217000
RDX=0x0000000624afc913 is an unknown value
RSP=0x00007fff0734b8d0 is pointing into the stack for thread: 0x0000624afc9323d0
RBP=0x0 is null
RSI=0x0 is null
RDI=0x00007fff0734b858 is pointing into the stack for thread: 0x0000624afc9323d0
R8 =0x0000624afb05b010 points into unknown readable memory: 0x0001000000010002 | 02 00 01 00 00 00 01 00
R9 =0x0000000000000007 is an unknown value
R10=0x0000624afc913ba0 points into unknown readable memory: 0x0000000624afc913 | 13 c9 af 24 06 00 00 00
R11=0x403941f88925a331 is an unknown value
R12=0x00007fff0734b8e0 is pointing into the stack for thread: 0x0000624afc9323d0
R13=0x0000624afc598af8 points into unknown readable memory: 0x726956206176614a | 4a 61 76 61 20 56 69 72
R14=0x00007fff0734b8d8 is pointing into the stack for thread: 0x0000624afc9323d0
R15=0x0000624afc9323d0 is a thread

Top of Stack: (sp=0x00007fff0734b8d0)
0x00007fff0734b8d0:   0000003100000001 00007bd315f8c7a0   ....1........{..
0x00007fff0734b8e0:   00007bd315f8c763 00007fff07340000   c....{....4.....
0x00007fff0734b8f0:   00007fff0734ba38 00007bd3172d10f4   8.4.......-..{..
0x00007fff0734b900:   00007bd2d440ac08 00007fff0734b950   ..@..{..P.4.....
0x00007fff0734b910:   0000624afd525280 00007fff0734b948   .RR.Jb..H.4.....
0x00007fff0734b920:   00007fff0734ba38 00007bd315f409e8   8.4..........{..
0x00007fff0734b930:   00007fff0734b950 00007bd315f40a4b   P.4.....K....{..
0x00007fff0734b940:   00007fff0734bab8 0000000000000001   ..4.............
0x00007fff0734b950:   0000624afc932870 0000624afd470000   p(..Jb....G.Jb..
0x00007fff0734b960:   00007fff0734b9f8 0000000000000000   ..4.............
0x00007fff0734b970:   00007bd2d440ac08 00007bd2ff544f85   ..@..{...OT..{..
0x00007fff0734b980:   0000624afd29b040 0000000000000000   @.).Jb..........
0x00007fff0734b990:   00000000c24657b8 00000000c24657a0   .WF......WF.....
0x00007fff0734b9a0:   00000000c2465790 00000000ffe7c260   .WF.....`.......
0x00007fff0734b9b0:   fffffffffffffff7 0000000000000000   ................
0x00007fff0734b9c0:   0000000000000008 00007bd2d440b288   ..........@..{..
0x00007fff0734b9d0:   0000000000000000 00000000c00617e0   ................
0x00007fff0734b9e0:   00007bd2d440ac08 0000000000000000   ..@..{..........
0x00007fff0734b9f0:   00007fff0734ba18 00007fff0734ba98   ..4.......4.....
0x00007fff0734ba00:   00007bd2ff540936 0000000000000000   6.T..{..........
0x00007fff0734ba10:   00007bd2ff542437 0000624afd479010   7$T..{....G.Jb..
0x00007fff0734ba20:   0000000000000000 0000624afc4171d0   .........qA.Jb..
0x00007fff0734ba30:   0000000000000000 00000000c00618a8   ................
0x00007fff0734ba40:   00000000c0062150 00000000c00618a8   P!..............
0x00007fff0734ba50:   fffffffffffffff5 00007bd2d440eaa0   ..........@..{..
0x00007fff0734ba60:   0000000000000006 00007bd2d440a968   ........h.@..{..
0x00007fff0734ba70:   0000000000000000 00000000c0060a68   ........h.......
0x00007fff0734ba80:   00007bd2d440eac8 fffffffffffffff0   ..@..{..........
0x00007fff0734ba90:   00007fff0734bab8 00007fff0734bb30   ..4.....0.4.....
0x00007fff0734baa0:   00007bd2ff538fa6 0000000000000000   ..S..{..........
0x00007fff0734bab0:   00000000c00618a8 0000624afd479010   ..........G.Jb..
0x00007fff0734bac0:   00000000000003d8 00000000c00610d0   ................

Instructions: (pc=0x00007bd315f3d4f3)
  0x00007bd315f3d3f3:   ff ff 48 8b 54 24 30 48 8b 4c 24 38 49 89 c7 48
  0x00007bd315f3d403:   89 94 24 90 00 00 00 48 8b 52 e8 48 89 8c 14 90
  0x00007bd315f3d413:   00 00 00 48 c7 84 24 98 00 00 00 00 00 00 00 e9
  0x00007bd315f3d423:   56 fe ff ff 4c 89 ff e8 21 9c ff ff e9 46 fd ff
  0x00007bd315f3d433:   ff 4c 89 f7 48 89 c3 48 89 d5 e8 fe a6 ff ff eb
  0x00007bd315f3d443:   a1 ff d0 48 8d 3d 65 ee 04 00 48 89 c6 e8 fb 90
  0x00007bd315f3d453:   ff ff e9 27 ff ff ff 48 89 c7 48 89 d0 e9 ab fe
  0x00007bd315f3d463:   ff ff 48 8b 7c 24 60 e8 71 00 02 00 49 8d 74 24
  0x00007bd315f3d473:   08 4c 89 f7 e8 94 af ff ff e9 fc fd ff ff e8 ca
  0x00007bd315f3d483:   b8 ff ff 48 89 c5 e8 f2 b3 ff ff 48 89 ef e8 ba
  0x00007bd315f3d493:   b8 ff ff 4c 89 f7 e8 f2 a1 ff ff 4c 89 e7 e8 4a
  0x00007bd315f3d4a3:   a7 ff ff 48 89 df 48 83 ed 01 75 59 e8 2c b6 ff
  0x00007bd315f3d4b3:   ff 48 8d 3d 9d ee 04 00 48 89 c3 e8 5d 98 ff ff
  0x00007bd315f3d4c3:   48 8b 43 20 48 8d 74 24 10 48 8d 7c 24 08 48 8b
  0x00007bd315f3d4d3:   50 08 48 8b 08 8b 40 10 48 89 54 24 08 48 8d 54
  0x00007bd315f3d4e3:   24 04 89 44 24 04 48 89 4c 24 10 e8 ed 98 ff ff
=>0x00007bd315f3d4f3:   c7 04 25 00 00 00 00 00 00 00 00 e8 7d b3 ff ff
  0x00007bd315f3d503:   e9 b9 fe 01 00 e8 d3 b5 ff ff 48 8d 3d 44 ee 04
  0x00007bd315f3d513:   00 e8 07 98 ff ff c7 04 25 00 00 00 00 00 00 00
  0x00007bd315f3d523:   00 e8 57 b3 ff ff e9 93 fe 01 00 4c 89 f7 e8 5a
  0x00007bd315f3d533:   a1 ff ff e9 63 ff ff ff 48 89 c3 48 89 d5 e8 3a
  0x00007bd315f3d543:   b3 ff ff 48 89 df 48 89 e8 48 83 e8 01 75 52 e8
  0x00007bd315f3d553:   89 b5 ff ff 48 8d 74 24 10 c7 44 24 20 b8 01 00
  0x00007bd315f3d563:   00 48 89 c7 48 8d 05 75 ed 04 00 48 89 44 24 10
  0x00007bd315f3d573:   48 8d 05 be ed 04 00 48 89 44 24 18 e8 5c 94 ff
  0x00007bd315f3d583:   ff e8 17 93 ff ff 48 89 c7 48 89 d0 eb bb 48 89
  0x00007bd315f3d593:   c3 48 89 d5 e8 e4 b2 ff ff 48 89 df 48 89 e8 eb
  0x00007bd315f3d5a3:   a8 e8 a7 b7 ff ff 48 89 c5 e8 cf b2 ff ff 48 89
  0x00007bd315f3d5b3:   ef e8 97 b7 ff ff 90 48 8b 73 18 48 85 f6 74 0f
  0x00007bd315f3d5c3:   48 8b 05 ee 98 07 00 48 8b 38 e8 0e 93 ff ff 4c
  0x00007bd315f3d5d3:   89 f7 e8 76 9a ff ff 48 89 ef e8 6e b7 ff ff 48
  0x00007bd315f3d5e3:   89 ef e8 06 a6 ff ff 48 89 df 4c 89 e0 48 83 e8


Stack slot to memory mapping:

stack at sp + 0 slots: 0x0000003100000001 is an unknown value
stack at sp + 1 slots: 0x00007bd315f8c7a0: <offset 0x00000000000917a0> in /usr/local/python/3.12.1/lib/python3.12/site-packages/_jpype.cpython-312-x86_64-linux-gnu.so at 0x00007bd315efb000
stack at sp + 2 slots: 0x00007bd315f8c763: <offset 0x0000000000091763> in /usr/local/python/3.12.1/lib/python3.12/site-packages/_jpype.cpython-312-x86_64-linux-gnu.so at 0x00007bd315efb000
stack at sp + 3 slots: 0x00007fff07340000 is pointing into the stack for thread: 0x0000624afc9323d0
stack at sp + 4 slots: 0x00007fff0734ba38 is pointing into the stack for thread: 0x0000624afc9323d0
stack at sp + 5 slots: 0x00007bd3172d10f4: __cxa_get_globals+0x0000000000000014 in /lib/x86_64-linux-gnu/libstdc++.so.6 at 0x00007bd317217000
stack at sp + 6 slots: {method} {0x00007bd2d440ac08} 'newWrapper' '(JJ)V' in 'org/jpype/manager/TypeFactoryNative'
stack at sp + 7 slots: 0x00007fff0734b950 is pointing into the stack for thread: 0x0000624afc9323d0

Lock stack of current Java thread (top to bottom):
LockStack[0]: org.jpype.manager.TypeFactoryNative 
{0x00000000c00618a8} - klass: 'org/jpype/manager/TypeFactoryNative' - flags: 

 - ---- fields (total size 3 words):
 - public 'context' 'J' @16  0 (0x0000000000000000)


---------------  P R O C E S S  ---------------

Threads class SMR info:
_java_thread_list=0x00007bd2ac001b60, length=11, elements={
0x0000624afc9323d0, 0x0000624afd1ffd60, 0x0000624afd201610, 0x0000624afd2030e0,
0x0000624afd204a80, 0x0000624afd206380, 0x0000624afd208150, 0x0000624afd209bc0,
0x0000624afd21ddf0, 0x0000624afd21ff30, 0x00007bd2c4001030
}

Java Threads: ( => current thread )
=>0x0000624afc9323d0 JavaThread "main"                              [_thread_in_native, id=58321, stack(0x00007fff07250000,0x00007fff07350000) (1024K)]
  0x0000624afd1ffd60 JavaThread "Reference Handler"          daemon [_thread_blocked, id=58341, stack(0x00007bd2f41fd000,0x00007bd2f42fd000) (1024K)]
  0x0000624afd201610 JavaThread "Finalizer"                  daemon [_thread_blocked, id=58342, stack(0x00007bd2f40fc000,0x00007bd2f41fc000) (1024K)]
  0x0000624afd2030e0 JavaThread "Signal Dispatcher"          daemon [_thread_blocked, id=58343, stack(0x00007bd2cbf00000,0x00007bd2cc000000) (1024K)]
  0x0000624afd204a80 JavaThread "Service Thread"             daemon [_thread_blocked, id=58344, stack(0x00007bd2cbdff000,0x00007bd2cbeff000) (1024K)]
  0x0000624afd206380 JavaThread "Monitor Deflation Thread"   daemon [_thread_blocked, id=58345, stack(0x00007bd2cbcfe000,0x00007bd2cbdfe000) (1024K)]
  0x0000624afd208150 JavaThread "C2 CompilerThread0"         daemon [_thread_blocked, id=58346, stack(0x00007bd2cbbfd000,0x00007bd2cbcfd000) (1024K)]
  0x0000624afd209bc0 JavaThread "C1 CompilerThread0"         daemon [_thread_blocked, id=58347, stack(0x00007bd2cbafc000,0x00007bd2cbbfc000) (1024K)]
  0x0000624afd21ddf0 JavaThread "Notification Thread"        daemon [_thread_blocked, id=58348, stack(0x00007bd2cb9fb000,0x00007bd2cbafb000) (1024K)]
  0x0000624afd21ff30 JavaThread "Common-Cleaner"             daemon [_thread_blocked, id=58349, stack(0x00007bd2cb8fa000,0x00007bd2cb9fa000) (1024K)]
  0x00007bd2c4001030 JavaThread "SIGTERM handler"            daemon [_thread_blocked, id=58383, stack(0x00007bd2cb5f7000,0x00007bd2cb6f7000) (1024K)]
Total: 11

Other Threads:
  0x0000624afd1f5140 VMThread "VM Thread"                           [id=58340, stack(0x00007bd2f42fe000,0x00007bd2f43fe000) (1024K)]
  0x0000624afd1e6080 WatcherThread "VM Periodic Task Thread"        [id=58339, stack(0x00007bd2f43ff000,0x00007bd2f44ff000) (1024K)]
  0x0000624afc984ee0 WorkerThread "GC Thread#0"                     [id=58333, stack(0x00007bd2f7e15000,0x00007bd2f7f15000) (1024K)]
  0x00007bd2dc000fc0 WorkerThread "GC Thread#1"                     [id=58351, stack(0x00007bd2cb6f8000,0x00007bd2cb7f8000) (1024K)]
  0x0000624afca0e270 ConcurrentGCThread "G1 Main Marker"            [id=58334, stack(0x00007bd2f6900000,0x00007bd2f6a00000) (1024K)]
  0x0000624afca0e710 WorkerThread "G1 Conc#0"                       [id=58335, stack(0x00007bd2f67ff000,0x00007bd2f68ff000) (1024K)]
  0x0000624afd0b6dc0 ConcurrentGCThread "G1 Refine#0"               [id=58336, stack(0x00007bd2f66fe000,0x00007bd2f67fe000) (1024K)]
  0x0000624afd0b7f60 ConcurrentGCThread "G1 Service"                [id=58337, stack(0x00007bd2f4500000,0x00007bd2f4600000) (1024K)]
Total: 8

Threads with active compile tasks:
Total: 0

VM state: not at safepoint (normal execution)

VM Mutex/Monitor currently owned by a thread: None

Heap address: 0x00000000c0000000, size: 1024 MB, Compressed Oops mode: 32-bit

CDS archive(s) mapped at: [0x0000000027000000-0x0000000027d8c000-0x0000000027d8c000), size 14204928, SharedBaseAddress: 0x0000000027000000, ArchiveRelocationMode: 1.
Compressed class space mapped at: 0x0000000028000000-0x0000000068000000, reserved size: 1073741824
UseCompressedClassPointers 1, UseCompactObjectHeaders 0
Narrow klass pointer bits 32, Max shift 3
Narrow klass base: 0x0000000027000000, Narrow klass shift: 0
Encoding Range: [0x0000000027000000 - 0x0000000127000000), (4294967296 bytes)
Klass Range:    [0x0000000027001000 - 0x0000000068000000), (1090514944 bytes)
Klass ID Range:  [4096 - 1090519033) (1090514937)
Protection zone: [0x0000000027000000 - 0x0000000027001000), (4096 bytes)

GC Precious Log:
 CardTable entry size: 512
 Card Set container configuration: InlinePtr #cards 5 size 8 Array Of Cards #cards 10 size 36 Howl #buckets 4 coarsen threshold 1843 Howl Bitmap #cards 512 size 80 coarsen threshold 460 Card regions per heap region 1 cards per card region 2048
 CPUs: 2 total, 2 available
 Memory: 7944M
 Large Page Support: Disabled
 NUMA Support: Disabled
 Compressed Oops: Enabled (32-bit)
 Heap Region Size: 1M
 Heap Min Capacity: 8M
 Heap Initial Capacity: 126M
 Heap Max Capacity: 1G
 Pre-touch: Disabled
 Parallel Workers: 2
 Concurrent Workers: 1
 Concurrent Refinement Workers: 2
 Periodic GC: Disabled
 G1 Time-Based Heap Sizing enabled (uncommit-only)
 Evaluation Interval: 60s, Uncommit Delay: 300s, Min Regions To Uncommit: 10

Heap:
 garbage-first heap   total reserved 1048576K, committed 24576K, used 6216K [0x00000000c0000000, 0x0000000100000000)
  region size 1024K, 1 young (1024K), 0 survivors (0K)

Heap Regions: E=young(eden), S=young(survivor), O=old, HS=humongous(starts), HC=humongous(continues), CS=collection set, F=free, TAMS=top-at-mark-start, PB=parsable bottom
|   0|0x00000000c0000000, 0x00000000c00fffd0, 0x00000000c0100000| 99%| O|  |TAMS 0x00000000c0000000| PB 0x00000000c0000000| Untracked |  0
|   1|0x00000000c0100000, 0x00000000c0200000, 0x00000000c0200000|100%| O|  |TAMS 0x00000000c0100000| PB 0x00000000c0100000| Untracked |  0
|   2|0x00000000c0200000, 0x00000000c02fffb8, 0x00000000c0300000| 99%| O|  |TAMS 0x00000000c0200000| PB 0x00000000c0200000| Untracked |  0
|   3|0x00000000c0300000, 0x00000000c03e87e0, 0x00000000c0400000| 90%| O|  |TAMS 0x00000000c0300000| PB 0x00000000c0300000| Untracked |  0
|   4|0x00000000c0400000, 0x00000000c04fffe0, 0x00000000c0500000| 99%| O|  |TAMS 0x00000000c0400000| PB 0x00000000c0400000| Untracked |  0
|   5|0x00000000c0500000, 0x00000000c0500000, 0x00000000c0600000|  0%| F|  |TAMS 0x00000000c0500000| PB 0x00000000c0500000| Untracked |  0
|   6|0x00000000c0600000, 0x00000000c0629a68, 0x00000000c0700000| 16%| O|  |TAMS 0x00000000c0600000| PB 0x00000000c0600000| Untracked |  0
|   7|0x00000000c0700000, 0x00000000c0700000, 0x00000000c0800000|  0%| F|  |TAMS 0x00000000c0700000| PB 0x00000000c0700000| Untracked |  0
|   8|0x00000000c0800000, 0x00000000c0800000, 0x00000000c0900000|  0%| F|  |TAMS 0x00000000c0800000| PB 0x00000000c0800000| Untracked |  0
|   9|0x00000000c0900000, 0x00000000c0900000, 0x00000000c0a00000|  0%| F|  |TAMS 0x00000000c0900000| PB 0x00000000c0900000| Untracked |  0
|  10|0x00000000c0a00000, 0x00000000c0a00000, 0x00000000c0b00000|  0%| F|  |TAMS 0x00000000c0a00000| PB 0x00000000c0a00000| Untracked |  0
|  11|0x00000000c0b00000, 0x00000000c0b00000, 0x00000000c0c00000|  0%| F|  |TAMS 0x00000000c0b00000| PB 0x00000000c0b00000| Untracked |  0
|  12|0x00000000c0c00000, 0x00000000c0c00000, 0x00000000c0d00000|  0%| F|  |TAMS 0x00000000c0c00000| PB 0x00000000c0c00000| Untracked |  0
|  13|0x00000000c0d00000, 0x00000000c0d00000, 0x00000000c0e00000|  0%| F|  |TAMS 0x00000000c0d00000| PB 0x00000000c0d00000| Untracked |  0
|  14|0x00000000c0e00000, 0x00000000c0e00000, 0x00000000c0f00000|  0%| F|  |TAMS 0x00000000c0e00000| PB 0x00000000c0e00000| Untracked |  0
|  15|0x00000000c0f00000, 0x00000000c0f00000, 0x00000000c1000000|  0%| F|  |TAMS 0x00000000c0f00000| PB 0x00000000c0f00000| Untracked |  0
|  16|0x00000000c1000000, 0x00000000c1000000, 0x00000000c1100000|  0%| F|  |TAMS 0x00000000c1000000| PB 0x00000000c1000000| Untracked |  0
|  17|0x00000000c1100000, 0x00000000c1100000, 0x00000000c1200000|  0%| F|  |TAMS 0x00000000c1100000| PB 0x00000000c1100000| Untracked |  0
|  18|0x00000000c1200000, 0x00000000c1200000, 0x00000000c1300000|  0%| F|  |TAMS 0x00000000c1200000| PB 0x00000000c1200000| Untracked |  0
|  19|0x00000000c1300000, 0x00000000c1300000, 0x00000000c1400000|  0%| F|  |TAMS 0x00000000c1300000| PB 0x00000000c1300000| Untracked |  0
|  20|0x00000000c1400000, 0x00000000c1400000, 0x00000000c1500000|  0%| F|  |TAMS 0x00000000c1400000| PB 0x00000000c1400000| Untracked |  0
|  21|0x00000000c1500000, 0x00000000c1500000, 0x00000000c1600000|  0%| F|  |TAMS 0x00000000c1500000| PB 0x00000000c1500000| Untracked |  0
|  22|0x00000000c1600000, 0x00000000c16faf58, 0x00000000c1700000| 98%| E|  |TAMS 0x00000000c1600000| PB 0x00000000c1600000| Complete |  0
|1022|0x00000000ffe00000, 0x00000000fff00000, 0x00000000fff00000|100%| O|  |TAMS 0x00000000ffe00000| PB 0x00000000ffe00000| Untracked |  0

Card table byte_map: [0x00007bd2f7a00000,0x00007bd2f7c00000] _byte_map_base: 0x00007bd2f7400000

Marking Bits: (CMBitMap*) 0x0000624afc8d9120
 Bits: [0x00007bd2f6a00000, 0x00007bd2f7a00000)

Polling page: 0x00007bd318537000

Metaspace:
Metaspace        used 2616K, committed 2816K, reserved 1114112K
 class space     used 181K, committed 256K, reserved 1048576K

Usage:
  Non-class:      2.38 MB used.
      Class:    181.46 KB used.
       Both:      2.56 MB used.

Virtual space:
  Non-class space:       64.00 MB reserved,       2.50 MB (  4%) committed,  1 nodes.
      Class space:        1.00 GB reserved,     256.00 KB ( <1%) committed,  1 nodes.
             Both:        1.06 GB reserved,       2.75 MB ( <1%) committed. 

Chunk freelists:
   Non-Class:  11.72 MB
       Class:  15.70 MB
        Both:  27.42 MB

MaxMetaspaceSize: unlimited
CompressedClassSpaceSize: 1.00 GB
Initial GC threshold: 21.00 MB
Current GC threshold: 21.00 MB
CDS: on
 - commit_granule_bytes: 65536.
 - commit_granule_words: 8192.
 - virtual_space_node_default_size: 8388608.
 - enlarge_chunks_in_place: 1.
UseCompressedClassPointers 1, UseCompactObjectHeaders 0
Narrow klass pointer bits 32, Max shift 3
Narrow klass base: 0x0000000027000000, Narrow klass shift: 0
Encoding Range: [0x0000000027000000 - 0x0000000127000000), (4294967296 bytes)
Klass Range:    [0x0000000027001000 - 0x0000000068000000), (1090514944 bytes)
Klass ID Range:  [4096 - 1090519033) (1090514937)
Protection zone: [0x0000000027000000 - 0x0000000027001000), (4096 bytes)


Internal statistics:

num_allocs_failed_limit: 0.
num_arena_births: 48.
num_arena_deaths: 0.
num_vsnodes_births: 2.
num_vsnodes_deaths: 0.
num_space_committed: 44.
num_space_uncommitted: 0.
num_chunks_returned_to_freelist: 0.
num_chunks_taken_from_freelist: 76.
num_chunk_merges: 0.
num_chunk_splits: 46.
num_chunks_enlarged: 22.
num_inconsistent_stats: 0.

CodeHeap 'non-profiled nmethods': size=120040Kb used=240Kb max_used=240Kb free=119799Kb
 bounds [0x00007bd2ffac6000, 0x00007bd2ffd36000, 0x00007bd307000000]
CodeHeap 'profiled nmethods': size=120032Kb used=1259Kb max_used=1281Kb free=118772Kb
 bounds [0x00007bd2f8000000, 0x00007bd2f8270000, 0x00007bd2ff538000]
CodeHeap 'non-nmethods': size=5688Kb used=1335Kb max_used=1387Kb free=4352Kb
 bounds [0x00007bd2ff538000, 0x00007bd2ff7a8000, 0x00007bd2ffac6000]
CodeCache: size=245760Kb, used=2834Kb, max_used=2908Kb, free=242923Kb
 total_blobs=1430, nmethods=1016, adapters=318, full_count=0
Compilation: enabled, stopped_count=0, restarted_count=0

Compilation events (20 events):
Event: 0.981 Thread 0x0000624afd208150 1036       4       java.lang.String::<init> (16 bytes)
Event: 0.992 Thread 0x0000624afd208150 nmethod 1036 0x00007bd2ffaff988 code [0x00007bd2ffaffa80, 0x00007bd2ffaffb68]
Event: 0.992 Thread 0x0000624afd208150 1037       4       jdk.internal.jimage.ImageLocation::getAttributeString (54 bytes)
Event: 1.135 Thread 0x0000624afd208150 nmethod 1037 0x00007bd2ffaffc88 code [0x00007bd2ffaffd80, 0x00007bd2ffb00588]
Event: 1.135 Thread 0x0000624afd208150 1038       4       jdk.internal.jimage.BasicImageReader::getString (35 bytes)
Event: 1.162 Thread 0x0000624afd209bc0 1258   !   2       java.util.jar.JarFile::checkForSpecialAttributes (163 bytes)
Event: 1.163 Thread 0x0000624afd209bc0 nmethod 1258 0x00007bd2f800df88 code [0x00007bd2f800e080, 0x00007bd2f800ea40]
Event: 1.170 Thread 0x0000624afd208150 nmethod 1038 0x00007bd2ffb00608 code [0x00007bd2ffb00700, 0x00007bd2ffb00e50]
Event: 1.170 Thread 0x0000624afd208150 1039       4       jdk.internal.jimage.ImageLocation::getAttribute (44 bytes)
Event: 1.172 Thread 0x0000624afd208150 nmethod 1039 0x00007bd2ffb00e88 code [0x00007bd2ffb00f80, 0x00007bd2ffb01050]
Event: 1.172 Thread 0x0000624afd208150 1032       4       java.lang.StringCoding::hasNegatives (16 bytes)
Event: 1.174 Thread 0x0000624afd208150 nmethod 1032 0x00007bd2ffb01188 code [0x00007bd2ffb01280, 0x00007bd2ffb01430]
Event: 1.174 Thread 0x0000624afd208150 1128       4       java.util.Spliterators$1Adapter::accept (11 bytes)
Event: 1.175 Thread 0x0000624afd208150 nmethod 1128 0x00007bd2ffb01488 code [0x00007bd2ffb01580, 0x00007bd2ffb016e0]
Event: 1.175 Thread 0x0000624afd208150 1135       4       java.util.stream.StreamSpliterators$WrappingSpliterator$$Lambda/0x00000000280206e8::accept (9 bytes)
Event: 1.175 Thread 0x0000624afd208150 nmethod 1135 0x00007bd2ffb01788 code [0x00007bd2ffb01880, 0x00007bd2ffb01920]
Event: 1.175 Thread 0x0000624afd208150 1133       4       jdk.internal.jrtfs.JrtFileAttributes::isDirectory (8 bytes)
Event: 1.175 Thread 0x0000624afd208150 nmethod 1133 0x00007bd2ffb01a88 code [0x00007bd2ffb01b80, 0x00007bd2ffb01c20]
Event: 1.175 Thread 0x0000624afd208150 1140   !   4       java.nio.file.spi.FileSystemProvider::readAttributesIfExists (12 bytes)
Event: 1.177 Thread 0x0000624afd208150 nmethod 1140 0x00007bd2ffb01d88 code [0x00007bd2ffb01e80, 0x00007bd2ffb01f48]

GC Heap Usage History (12 events):
Event: 0.207 {heap Before GC invocations=0 (full 0):
 garbage-first heap   total reserved 1048576K, committed 131072K, used 6275K [0x00000000c0000000, 0x0000000100000000)
  region size 1024K, 6 young (6144K), 0 survivors (0K)
}
Event: 0.218 {heap After GC invocations=1 (full 1):
 garbage-first heap   total reserved 1048576K, committed 10240K, used 2113K [0x00000000c0000000, 0x0000000100000000)
  region size 1024K, 0 young (0K), 0 survivors (0K)
}
Event: 0.349 {heap Before GC invocations=1 (full 1):
 garbage-first heap   total reserved 1048576K, committed 10240K, used 5185K [0x00000000c0000000, 0x0000000100000000)
  region size 1024K, 3 young (3072K), 0 survivors (0K)
}
Event: 0.352 {heap After GC invocations=2 (full 1):
 garbage-first heap   total reserved 1048576K, committed 10240K, used 2689K [0x00000000c0000000, 0x0000000100000000)
  region size 1024K, 1 young (1024K), 1 survivors (1024K)
}
Event: 0.396 {heap Before GC invocations=2 (full 1):
 garbage-first heap   total reserved 1048576K, committed 10240K, used 4737K [0x00000000c0000000, 0x0000000100000000)
  region size 1024K, 3 young (3072K), 1 survivors (1024K)
}
Event: 0.398 {heap After GC invocations=3 (full 1):
 garbage-first heap   total reserved 1048576K, committed 10240K, used 2949K [0x00000000c0000000, 0x0000000100000000)
  region size 1024K, 1 young (1024K), 1 survivors (1024K)
}
Event: 0.411 {heap Before GC invocations=3 (full 1):
 garbage-first heap   total reserved 1048576K, committed 10240K, used 4997K [0x00000000c0000000, 0x0000000100000000)
  region size 1024K, 3 young (3072K), 1 survivors (1024K)
}
Event: 0.416 {heap After GC invocations=4 (full 1):
 garbage-first heap   total reserved 1048576K, committed 10240K, used 3053K [0x00000000c0000000, 0x0000000100000000)
  region size 1024K, 1 young (1024K), 1 survivors (1024K)
}
Event: 0.444 {heap Before GC invocations=4 (full 1):
 garbage-first heap   total reserved 1048576K, committed 10240K, used 6125K [0x00000000c0000000, 0x0000000100000000)
  region size 1024K, 4 young (4096K), 1 survivors (1024K)
}
Event: 0.448 {heap After GC invocations=5 (full 1):
 garbage-first heap   total reserved 1048576K, committed 69632K, used 3344K [0x00000000c0000000, 0x0000000100000000)
  region size 1024K, 1 young (1024K), 1 survivors (1024K)
}
Event: 0.816 {heap Before GC invocations=5 (full 1):
 garbage-first heap   total reserved 1048576K, committed 69632K, used 34064K [0x00000000c0000000, 0x0000000100000000)
  region size 1024K, 32 young (32768K), 1 survivors (1024K)
}
Event: 0.847 {heap After GC invocations=6 (full 2):
 garbage-first heap   total reserved 1048576K, committed 24576K, used 6216K [0x00000000c0000000, 0x0000000100000000)
  region size 1024K, 0 young (0K), 0 survivors (0K)
}

Metaspace Usage History (12 events):
Event: 0.207 {metaspace Before GC invocations=0 (full 0):
 Metaspace       used 1643K, committed 1792K, reserved 1114112K
  class space    used 120K, committed 192K, reserved 1048576K
}
Event: 0.218 {metaspace After GC invocations=1 (full 1):
 Metaspace       used 1643K, committed 1792K, reserved 1114112K
  class space    used 120K, committed 192K, reserved 1048576K
}
Event: 0.349 {metaspace Before GC invocations=1 (full 1):
 Metaspace       used 2254K, committed 2496K, reserved 1114112K
  class space    used 160K, committed 256K, reserved 1048576K
}
Event: 0.352 {metaspace After GC invocations=2 (full 1):
 Metaspace       used 2254K, committed 2496K, reserved 1114112K
  class space    used 160K, committed 256K, reserved 1048576K
}
Event: 0.396 {metaspace Before GC invocations=2 (full 1):
 Metaspace       used 2296K, committed 2496K, reserved 1114112K
  class space    used 160K, committed 256K, reserved 1048576K
}
Event: 0.398 {metaspace After GC invocations=3 (full 1):
 Metaspace       used 2296K, committed 2496K, reserved 1114112K
  class space    used 160K, committed 256K, reserved 1048576K
}
Event: 0.411 {metaspace Before GC invocations=3 (full 1):
 Metaspace       used 2320K, committed 2560K, reserved 1114112K
  class space    used 160K, committed 256K, reserved 1048576K
}
Event: 0.416 {metaspace After GC invocations=4 (full 1):
 Metaspace       used 2320K, committed 2560K, reserved 1114112K
  class space    used 160K, committed 256K, reserved 1048576K
}
Event: 0.444 {metaspace Before GC invocations=4 (full 1):
 Metaspace       used 2329K, committed 2560K, reserved 1114112K
  class space    used 160K, committed 256K, reserved 1048576K
}
Event: 0.448 {metaspace After GC invocations=5 (full 1):
 Metaspace       used 2329K, committed 2560K, reserved 1114112K
  class space    used 160K, committed 256K, reserved 1048576K
}
Event: 0.816 {metaspace Before GC invocations=5 (full 1):
 Metaspace       used 2509K, committed 2688K, reserved 1114112K
  class space    used 168K, committed 256K, reserved 1048576K
}
Event: 0.847 {metaspace After GC invocations=6 (full 2):
 Metaspace       used 2509K, committed 2688K, reserved 1114112K
  class space    used 168K, committed 256K, reserved 1048576K
}

Dll operation events (6 events):
Event: 0.003 Loaded shared library /usr/local/sdkman/candidates/java/25.0.1-ms/lib/libjava.so
Event: 0.020 Loaded shared library /usr/local/sdkman/candidates/java/25.0.1-ms/lib/libsimdsort.so
Event: 0.030 Loaded shared library /usr/local/sdkman/candidates/java/25.0.1-ms/lib/libnio.so
Event: 0.033 Loaded shared library /usr/local/sdkman/candidates/java/25.0.1-ms/lib/libzip.so
Event: 0.089 Loaded shared library /usr/local/python/3.12.1/lib/python3.12/site-packages/_jpype.cpython-312-x86_64-linux-gnu.so
Event: 0.130 Loaded shared library /usr/local/sdkman/candidates/java/25.0.1-ms/lib/libjimage.so

Deoptimization events (20 events):
Event: 0.667 Thread 0x0000624afc9323d0 DEOPT PACKING pc=0x00007bd2f80e5df0 sp=0x00007fff0734a520
Event: 0.667 Thread 0x0000624afc9323d0 DEOPT UNPACKING pc=0x00007bd2ff588fef sp=0x00007fff073499e8 mode 0
Event: 0.668 Thread 0x0000624afc9323d0 DEOPT PACKING pc=0x00007bd2f80e5df0 sp=0x00007fff0734a520
Event: 0.668 Thread 0x0000624afc9323d0 DEOPT UNPACKING pc=0x00007bd2ff588fef sp=0x00007fff073499e8 mode 0
Event: 0.672 Thread 0x0000624afc9323d0 DEOPT PACKING pc=0x00007bd2f80e5df0 sp=0x00007fff0734a5d0
Event: 0.672 Thread 0x0000624afc9323d0 DEOPT UNPACKING pc=0x00007bd2ff588fef sp=0x00007fff07349a98 mode 0
Event: 0.673 Thread 0x0000624afc9323d0 DEOPT PACKING pc=0x00007bd2f80e5df0 sp=0x00007fff0734a520
Event: 0.673 Thread 0x0000624afc9323d0 DEOPT UNPACKING pc=0x00007bd2ff588fef sp=0x00007fff073499e8 mode 0
Event: 0.676 Thread 0x0000624afc9323d0 DEOPT PACKING pc=0x00007bd2f80e5df0 sp=0x00007fff0734a520
Event: 0.676 Thread 0x0000624afc9323d0 DEOPT UNPACKING pc=0x00007bd2ff588fef sp=0x00007fff073499e8 mode 0
Event: 0.677 Thread 0x0000624afc9323d0 DEOPT PACKING pc=0x00007bd2f80e5df0 sp=0x00007fff0734a520
Event: 0.677 Thread 0x0000624afc9323d0 DEOPT UNPACKING pc=0x00007bd2ff588fef sp=0x00007fff073499e8 mode 0
Event: 0.681 Thread 0x0000624afc9323d0 DEOPT PACKING pc=0x00007bd2f80e5df0 sp=0x00007fff0734a5d0
Event: 0.681 Thread 0x0000624afc9323d0 DEOPT UNPACKING pc=0x00007bd2ff588fef sp=0x00007fff07349a98 mode 0
Event: 0.684 Thread 0x0000624afc9323d0 DEOPT PACKING pc=0x00007bd2f80e5df0 sp=0x00007fff0734a5d0
Event: 0.684 Thread 0x0000624afc9323d0 DEOPT UNPACKING pc=0x00007bd2ff588fef sp=0x00007fff07349a98 mode 0
Event: 0.688 Thread 0x0000624afc9323d0 DEOPT PACKING pc=0x00007bd2f80e5df0 sp=0x00007fff0734a520
Event: 0.688 Thread 0x0000624afc9323d0 DEOPT UNPACKING pc=0x00007bd2ff588fef sp=0x00007fff073499e8 mode 0
Event: 0.689 Thread 0x0000624afc9323d0 DEOPT PACKING pc=0x00007bd2f80e5df0 sp=0x00007fff0734a520
Event: 0.689 Thread 0x0000624afc9323d0 DEOPT UNPACKING pc=0x00007bd2ff588fef sp=0x00007fff073499e8 mode 0

Classes loaded (20 events):
Event: 1.166 Loading class jdk/internal/logger/LazyLoggers$LazyLoggerAccessor
Event: 1.166 Loading class jdk/internal/logger/LazyLoggers$LoggerAccessor
Event: 1.166 Loading class jdk/internal/logger/LazyLoggers$LoggerAccessor done
Event: 1.166 Loading class jdk/internal/logger/LazyLoggers$LazyLoggerAccessor done
Event: 1.166 Loading class java/lang/System$Logger$Level
Event: 1.166 Loading class java/lang/System$Logger$Level done
Event: 1.166 Loading class jdk/internal/logger/SurrogateLogger
Event: 1.166 Loading class jdk/internal/logger/SimpleConsoleLogger
Event: 1.166 Loading class sun/util/logging/PlatformLogger$ConfigurableBridge$LoggerConfiguration
Event: 1.166 Loading class sun/util/logging/PlatformLogger$ConfigurableBridge$LoggerConfiguration done
Event: 1.166 Loading class jdk/internal/logger/SimpleConsoleLogger done
Event: 1.166 Loading class jdk/internal/logger/SurrogateLogger done
Event: 1.166 Loading class sun/util/logging/PlatformLogger
Event: 1.167 Loading class sun/util/logging/PlatformLogger done
Event: 1.167 Loading class sun/util/logging/PlatformLogger$Level
Event: 1.167 Loading class sun/util/logging/PlatformLogger$Level done
Event: 1.171 Loading class jdk/internal/event/ThreadSleepEvent
Event: 1.171 Loading class jdk/internal/event/Event
Event: 1.171 Loading class jdk/internal/event/Event done
Event: 1.171 Loading class jdk/internal/event/ThreadSleepEvent done

Classes unloaded (0 events):
No events

Classes redefined (0 events):
No events

Internal exceptions (13 events):
Event: 0.067 Thread 0x0000624afc9323d0 Exception <a 'java/lang/NoSuchMethodError'{0x00000000c7c83670}: 'void java.lang.invoke.DirectMethodHandle$Holder.invokeSpecial(java.lang.Object, java.lang.Object, java.lang.Object)'> (0x00000000c7c83670) 
thrown [src/hotspot/share/interpreter/linkResolver.cpp, line 803]
Event: 0.092 Thread 0x0000624afc9323d0 Exception <a 'java/lang/NoSuchMethodError'{0x00000000c7b06850}: 'int java.lang.invoke.DirectMethodHandle$Holder.invokeStaticInit(java.lang.Object, java.lang.Object)'> (0x00000000c7b06850) 
thrown [src/hotspot/share/interpreter/linkResolver.cpp, line 803]
Event: 0.095 Thread 0x0000624afc9323d0 Exception <a 'java/lang/NoSuchMethodError'{0x00000000c7b163f0}: 'java.lang.Object java.lang.invoke.DirectMethodHandle$Holder.invokeStaticInit(java.lang.Object, int)'> (0x00000000c7b163f0) 
thrown [src/hotspot/share/interpreter/linkResolver.cpp, line 803]
Event: 0.101 Thread 0x0000624afc9323d0 Exception <a 'java/lang/NoSuchMethodError'{0x00000000c7b3cb30}: 'java.lang.Object java.lang.invoke.DirectMethodHandle$Holder.newInvokeSpecial(java.lang.Object, java.lang.Object, java.lang.Object, java.lang.Object, java.lang.Object)'> (0x00000000c7b3cb30) 
thrown [src/hotspot/share/interpreter/linkResolver.cpp, line 803]
Event: 0.104 Thread 0x0000624afc9323d0 Exception <a 'java/lang/NoSuchMethodError'{0x00000000c7b94458}: 'void java.lang.invoke.DirectMethodHandle$Holder.invokeStatic(java.lang.Object, java.lang.Object, java.lang.Object, java.lang.Object)'> (0x00000000c7b94458) 
thrown [src/hotspot/share/interpreter/linkResolver.cpp, line 803]
Event: 0.106 Thread 0x0000624afc9323d0 Exception <a 'java/lang/NoSuchMethodError'{0x00000000c7bada68}: 'void java.lang.invoke.DirectMethodHandle$Holder.invokeStatic(java.lang.Object, java.lang.Object, java.lang.Object)'> (0x00000000c7bada68) 
thrown [src/hotspot/share/interpreter/linkResolver.cpp, line 803]
Event: 0.111 Thread 0x0000624afc9323d0 Exception <a 'java/lang/NoSuchMethodError'{0x00000000c7bd7708}: 'java.lang.Object java.lang.invoke.DirectMethodHandle$Holder.invokeInterface(java.lang.Object, java.lang.Object)'> (0x00000000c7bd7708) 
thrown [src/hotspot/share/interpreter/linkResolver.cpp, line 803]
Event: 0.112 Thread 0x0000624afc9323d0 Exception <a 'java/lang/IncompatibleClassChangeError'{0x00000000c7bdfb88}: Found class java.lang.Object, but interface was expected> (0x00000000c7bdfb88) 
thrown [src/hotspot/share/interpreter/linkResolver.cpp, line 871]
Event: 0.112 Thread 0x0000624afc9323d0 Exception <a 'java/lang/NoSuchMethodError'{0x00000000c7be7d80}: 'void java.lang.invoke.DirectMethodHandle$Holder.invokeStatic(java.lang.Object, java.lang.Object)'> (0x00000000c7be7d80) 
thrown [src/hotspot/share/interpreter/linkResolver.cpp, line 803]
Event: 0.114 Thread 0x0000624afc9323d0 Exception <a 'java/lang/NoSuchMethodError'{0x00000000c7bfb7d0}: 'java.lang.Object java.lang.invoke.Invokers$Holder.invokeExact_MT(java.lang.Object, java.lang.Object, java.lang.Object, java.lang.Object, java.lang.Object)'> (0x00000000c7bfb7d0) 
thrown [src/hotspot/share/interpreter/linkResolver.cpp, line 803]
Event: 0.117 Thread 0x0000624afc9323d0 Exception <a 'java/lang/NoSuchMethodError'{0x00000000c7a17a38}: 'int java.lang.invoke.Invokers$Holder.invokeExact_MT(java.lang.Object, java.lang.Object, java.lang.Object)'> (0x00000000c7a17a38) 
thrown [src/hotspot/share/interpreter/linkResolver.cpp, line 803]
Event: 0.135 Thread 0x0000624afc9323d0 Exception <a 'java/lang/NoSuchMethodError'{0x00000000c7a8dbd8}: 'java.lang.Object java.lang.invoke.DirectMethodHandle$Holder.invokeStaticInit(java.lang.Object)'> (0x00000000c7a8dbd8) 
thrown [src/hotspot/share/interpreter/linkResolver.cpp, line 803]
Event: 0.164 Thread 0x0000624afc9323d0 Exception <a 'java/lang/IncompatibleClassChangeError'{0x00000000c7914170}: Found class java.lang.Object, but interface was expected> (0x00000000c7914170) 
thrown [src/hotspot/share/interpreter/linkResolver.cpp, line 871]

VM Operations (20 events):
Event: 0.207 Executing safepoint VM operation: G1CollectFull (System.gc())
Event: 0.218 Executing safepoint VM operation: G1CollectFull (System.gc()) done
Event: 0.331 Executing non-safepoint VM operation: HandshakeAllThreads (Deoptimize)
Event: 0.331 Executing non-safepoint VM operation: HandshakeAllThreads (Deoptimize) done
Event: 0.340 Executing non-safepoint VM operation: HandshakeAllThreads (Deoptimize)
Event: 0.340 Executing non-safepoint VM operation: HandshakeAllThreads (Deoptimize) done
Event: 0.349 Executing safepoint VM operation: G1CollectForAllocation (G1 Evacuation Pause)
Event: 0.352 Executing safepoint VM operation: G1CollectForAllocation (G1 Evacuation Pause) done
Event: 0.392 Executing safepoint VM operation: G1CollectForAllocation (G1 Evacuation Pause)
Event: 0.398 Executing safepoint VM operation: G1CollectForAllocation (G1 Evacuation Pause) done
Event: 0.411 Executing safepoint VM operation: G1CollectForAllocation (G1 Evacuation Pause)
Event: 0.421 Executing safepoint VM operation: G1CollectForAllocation (G1 Evacuation Pause) done
Event: 0.444 Executing safepoint VM operation: G1CollectForAllocation (G1 Evacuation Pause)
Event: 0.448 Executing safepoint VM operation: G1CollectForAllocation (G1 Evacuation Pause) done
Event: 0.696 Executing non-safepoint VM operation: HandshakeAllThreads (Deoptimize)
Event: 0.696 Executing non-safepoint VM operation: HandshakeAllThreads (Deoptimize) done
Event: 0.816 Executing safepoint VM operation: G1CollectFull (System.gc())
Event: 0.847 Executing safepoint VM operation: G1CollectFull (System.gc()) done
Event: 1.178 Executing safepoint VM operation: ThreadDump
Event: 1.178 Executing safepoint VM operation: ThreadDump done

Memory protections (15 events):
Event: 0.003 Protecting memory [0x00007fff07250000,0x00007fff07254000] with protection modes 0
Event: 0.011 Protecting memory [0x0000000027000000,0x0000000027001000] with protection modes 0
Event: 0.018 Protecting memory [0x00007bd2f41fd000,0x00007bd2f4201000] with protection modes 0
Event: 0.018 Protecting memory [0x00007bd2f40fc000,0x00007bd2f4100000] with protection modes 0
Event: 0.019 Protecting memory [0x00007bd2cbf00000,0x00007bd2cbf04000] with protection modes 0
Event: 0.019 Protecting memory [0x00007bd2cbdff000,0x00007bd2cbe03000] with protection modes 0
Event: 0.019 Protecting memory [0x00007bd2cbcfe000,0x00007bd2cbd02000] with protection modes 0
Event: 0.019 Protecting memory [0x00007bd2cbbfd000,0x00007bd2cbc01000] with protection modes 0
Event: 0.020 Protecting memory [0x00007bd2cbafc000,0x00007bd2cbb00000] with protection modes 0
Event: 0.027 Protecting memory [0x00007bd2cb9fb000,0x00007bd2cb9ff000] with protection modes 0
Event: 0.029 Protecting memory [0x00007bd2cb8fa000,0x00007bd2cb8fe000] with protection modes 0
Event: 0.116 Protecting memory [0x00007bd3170a7000,0x00007bd3170a8000] with protection modes 1
Event: 0.127 Protecting memory [0x00007bd2cb7f9000,0x00007bd2cb7fd000] with protection modes 0
Event: 1.155 Protecting memory [0x00007bd2cb5f7000,0x00007bd2cb5fb000] with protection modes 0
Event: 1.170 Protecting memory [0x00007bd2cb4f6000,0x00007bd2cb4fa000] with protection modes 0

Nmethod flushes (20 events):
Event: 0.832 Thread 0x0000624afd1f5140 flushing  nmethod 0x00007bd2f8004e08
Event: 0.832 Thread 0x0000624afd1f5140 flushing  nmethod 0x00007bd2f8005708
Event: 0.832 Thread 0x0000624afd1f5140 flushing  nmethod 0x00007bd2f8006988
Event: 0.832 Thread 0x0000624afd1f5140 flushing  nmethod 0x00007bd2f800ca88
Event: 0.832 Thread 0x0000624afd1f5140 flushing  nmethod 0x00007bd2f800df88
Event: 0.832 Thread 0x0000624afd1f5140 flushing  nmethod 0x00007bd2f800e288
Event: 0.832 Thread 0x0000624afd1f5140 flushing  nmethod 0x00007bd2f800e588
Event: 0.832 Thread 0x0000624afd1f5140 flushing  nmethod 0x00007bd2f800f008
Event: 0.832 Thread 0x0000624afd1f5140 flushing  nmethod 0x00007bd2f800f388
Event: 0.832 Thread 0x0000624afd1f5140 flushing  nmethod 0x00007bd2f8010808
Event: 0.832 Thread 0x0000624afd1f5140 flushing  nmethod 0x00007bd2f8011208
Event: 0.832 Thread 0x0000624afd1f5140 flushing  nmethod 0x00007bd2f8011b08
Event: 0.832 Thread 0x0000624afd1f5140 flushing  nmethod 0x00007bd2f8019f08
Event: 0.832 Thread 0x0000624afd1f5140 flushing  nmethod 0x00007bd2f801cd08
Event: 0.832 Thread 0x0000624afd1f5140 flushing  nmethod 0x00007bd2f802ef08
Event: 0.832 Thread 0x0000624afd1f5140 flushing  nmethod 0x00007bd2f807c188
Event: 0.832 Thread 0x0000624afd1f5140 flushing  nmethod 0x00007bd2f807d808
Event: 0.832 Thread 0x0000624afd1f5140 flushing  nmethod 0x00007bd2f807ed08
Event: 0.832 Thread 0x0000624afd1f5140 flushing  nmethod 0x00007bd2f8083e08
Event: 0.832 Thread 0x0000624afd1f5140 flushing  nmethod 0x00007bd2f8084108

Events (13 events):
Event: 0.013 Thread 0x0000624afc9323d0 Thread added: 0x0000624afc9323d0
Event: 0.018 Thread 0x0000624afc9323d0 Thread added: 0x0000624afd1ffd60
Event: 0.018 Thread 0x0000624afc9323d0 Thread added: 0x0000624afd201610
Event: 0.019 Thread 0x0000624afc9323d0 Thread added: 0x0000624afd2030e0
Event: 0.019 Thread 0x0000624afc9323d0 Thread added: 0x0000624afd204a80
Event: 0.019 Thread 0x0000624afc9323d0 Thread added: 0x0000624afd206380
Event: 0.019 Thread 0x0000624afc9323d0 Thread added: 0x0000624afd208150
Event: 0.019 Thread 0x0000624afc9323d0 Thread added: 0x0000624afd209bc0
Event: 0.027 Thread 0x0000624afc9323d0 Thread added: 0x0000624afd21ddf0
Event: 0.029 Thread 0x0000624afc9323d0 Thread added: 0x0000624afd21ff30
Event: 0.126 Thread 0x0000624afc9323d0 Thread added: 0x0000624afd467ba0
Event: 1.155 Thread 0x0000624afd2030e0 Thread added: 0x00007bd2c4001030
Event: 1.170 Thread 0x00007bd2c4001030 Thread added: 0x00007bd2b4196990


Dynamic libraries:
27000000-27001000 ---p 00000000 00:00 0 
27001000-274ab000 rw-p 00001000 00:2d 681584                             /usr/local/sdkman/candidates/java/25.0.1-ms/lib/server/classes.jsa
274ab000-27d8c000 rw-p 004ab000 00:2d 681584                             /usr/local/sdkman/candidates/java/25.0.1-ms/lib/server/classes.jsa
27d8c000-28000000 ---p 00000000 00:00 0 
28000000-28030000 rw-p 00000000 00:00 0 
28030000-28040000 ---p 00000000 00:00 0 
28040000-28050000 rw-p 00000000 00:00 0 
28050000-68000000 ---p 00000000 00:00 0 
c0000000-c1700000 rw-p 00000000 00:00 0 
c1700000-ffe00000 ---p 00000000 00:00 0 
ffe00000-fff00000 rw-p 00dbf000 00:2d 681584                             /usr/local/sdkman/candidates/java/25.0.1-ms/lib/server/classes.jsa
fff00000-100000000 ---p 00000000 00:00 0 
624aee06d000-624aee16b000 r--p 00000000 00:2d 828064                     /usr/local/python/3.12.1/bin/python3.12
624aee16b000-624aee408000 r-xp 000fe000 00:2d 828064                     /usr/local/python/3.12.1/bin/python3.12
624aee408000-624aee55a000 r--p 0039b000 00:2d 828064                     /usr/local/python/3.12.1/bin/python3.12
624aee55a000-624aee5d1000 r--p 004ed000 00:2d 828064                     /usr/local/python/3.12.1/bin/python3.12
624aee5d1000-624aee73e000 rw-p 00564000 00:2d 828064                     /usr/local/python/3.12.1/bin/python3.12
624aee73e000-624aee740000 rw-p 00000000 00:00 0 
624afb05b000-624afd5af000 rw-p 00000000 00:00 0                          [heap]
7bd2ac000000-7bd2ac021000 rw-p 00000000 00:00 0 
7bd2ac021000-7bd2b0000000 ---p 00000000 00:00 0 
7bd2b4000000-7bd2b477e000 rw-p 00000000 00:00 0 
7bd2b477e000-7bd2b8000000 ---p 00000000 00:00 0 
7bd2b8000000-7bd2b8532000 rw-p 00000000 00:00 0 
7bd2b8532000-7bd2bc000000 ---p 00000000 00:00 0 
7bd2bc000000-7bd2bc021000 rw-p 00000000 00:00 0 
7bd2bc021000-7bd2c0000000 ---p 00000000 00:00 0 
7bd2c0000000-7bd2c0021000 rw-p 00000000 00:00 0 
7bd2c0021000-7bd2c4000000 ---p 00000000 00:00 0 
7bd2c4000000-7bd2c4021000 rw-p 00000000 00:00 0 
7bd2c4021000-7bd2c8000000 ---p 00000000 00:00 0 
7bd2cb4f5000-7bd2cb4f6000 ---p 00000000 00:00 0 
7bd2cb4f6000-7bd2cb4fa000 ---p 00000000 00:00 0 
7bd2cb4fa000-7bd2cb5f6000 rw-p 00000000 00:00 0 
7bd2cb5f6000-7bd2cb5f7000 ---p 00000000 00:00 0 
7bd2cb5f7000-7bd2cb5fb000 ---p 00000000 00:00 0 
7bd2cb5fb000-7bd2cb6f7000 rw-p 00000000 00:00 0 
7bd2cb6f7000-7bd2cb6f8000 ---p 00000000 00:00 0 
7bd2cb6f8000-7bd2cb7f8000 rw-p 00000000 00:00 0 
7bd2cb7f8000-7bd2cb7f9000 ---p 00000000 00:00 0 
7bd2cb7f9000-7bd2cb7fd000 ---p 00000000 00:00 0 
7bd2cb7fd000-7bd2cb8f9000 rw-p 00000000 00:00 0 
7bd2cb8f9000-7bd2cb8fa000 ---p 00000000 00:00 0 
7bd2cb8fa000-7bd2cb8fe000 ---p 00000000 00:00 0 
7bd2cb8fe000-7bd2cb9fa000 rw-p 00000000 00:00 0 
7bd2cb9fa000-7bd2cb9fb000 ---p 00000000 00:00 0 
7bd2cb9fb000-7bd2cb9ff000 ---p 00000000 00:00 0 
7bd2cb9ff000-7bd2cbafb000 rw-p 00000000 00:00 0 
7bd2cbafb000-7bd2cbafc000 ---p 00000000 00:00 0 
7bd2cbafc000-7bd2cbb00000 ---p 00000000 00:00 0 
7bd2cbb00000-7bd2cbbfc000 rw-p 00000000 00:00 0 
7bd2cbbfc000-7bd2cbbfd000 ---p 00000000 00:00 0 
7bd2cbbfd000-7bd2cbc01000 ---p 00000000 00:00 0 
7bd2cbc01000-7bd2cbcfd000 rw-p 00000000 00:00 0 
7bd2cbcfd000-7bd2cbcfe000 ---p 00000000 00:00 0 
7bd2cbcfe000-7bd2cbd02000 ---p 00000000 00:00 0 
7bd2cbd02000-7bd2cbdfe000 rw-p 00000000 00:00 0 
7bd2cbdfe000-7bd2cbdff000 ---p 00000000 00:00 0 
7bd2cbdff000-7bd2cbe03000 ---p 00000000 00:00 0 
7bd2cbe03000-7bd2cbeff000 rw-p 00000000 00:00 0 
7bd2cbeff000-7bd2cbf00000 ---p 00000000 00:00 0 
7bd2cbf00000-7bd2cbf04000 ---p 00000000 00:00 0 
7bd2cbf04000-7bd2cc000000 rw-p 00000000 00:00 0 
7bd2cc000000-7bd2cc021000 rw-p 00000000 00:00 0 
7bd2cc021000-7bd2d0000000 ---p 00000000 00:00 0 
7bd2d0000000-7bd2d0021000 rw-p 00000000 00:00 0 
7bd2d0021000-7bd2d4000000 ---p 00000000 00:00 0 
7bd2d4000000-7bd2d4230000 rw-p 00000000 00:00 0 
7bd2d4230000-7bd2d4400000 ---p 00000000 00:00 0 
7bd2d4400000-7bd2d4450000 rw-p 00000000 00:00 0 
7bd2d4450000-7bd2d8000000 ---p 00000000 00:00 0 
7bd2d8000000-7bd2d8021000 rw-p 00000000 00:00 0 
7bd2d8021000-7bd2dc000000 ---p 00000000 00:00 0 
7bd2dc000000-7bd2dc818000 rw-p 00000000 00:00 0 
7bd2dc818000-7bd2e0000000 ---p 00000000 00:00 0 
7bd2e0000000-7bd2e0021000 rw-p 00000000 00:00 0 
7bd2e0021000-7bd2e4000000 ---p 00000000 00:00 0 
7bd2e4000000-7bd2e4021000 rw-p 00000000 00:00 0 
7bd2e4021000-7bd2e8000000 ---p 00000000 00:00 0 
7bd2e8000000-7bd2e8021000 rw-p 00000000 00:00 0 
7bd2e8021000-7bd2ec000000 ---p 00000000 00:00 0 
7bd2ec000000-7bd2ec021000 rw-p 00000000 00:00 0 
7bd2ec021000-7bd2f0000000 ---p 00000000 00:00 0 
7bd2f0000000-7bd2f0021000 rw-p 00000000 00:00 0 
7bd2f0021000-7bd2f4000000 ---p 00000000 00:00 0 
7bd2f40fb000-7bd2f40fc000 ---p 00000000 00:00 0 
7bd2f40fc000-7bd2f4100000 ---p 00000000 00:00 0 
7bd2f4100000-7bd2f41fc000 rw-p 00000000 00:00 0 
7bd2f41fc000-7bd2f41fd000 ---p 00000000 00:00 0 
7bd2f41fd000-7bd2f4201000 ---p 00000000 00:00 0 
7bd2f4201000-7bd2f42fd000 rw-p 00000000 00:00 0 
7bd2f42fd000-7bd2f42fe000 ---p 00000000 00:00 0 
7bd2f42fe000-7bd2f43fe000 rw-p 00000000 00:00 0 
7bd2f43fe000-7bd2f43ff000 ---p 00000000 00:00 0 
7bd2f43ff000-7bd2f44ff000 rw-p 00000000 00:00 0 
7bd2f44ff000-7bd2f4500000 ---p 00000000 00:00 0 
7bd2f4500000-7bd2f4600000 rw-p 00000000 00:00 0 
7bd2f4600000-7bd2f6600000 rw-p 00000000 00:00 0 
7bd2f66fd000-7bd2f66fe000 ---p 00000000 00:00 0 
7bd2f66fe000-7bd2f67fe000 rw-p 00000000 00:00 0 
7bd2f67fe000-7bd2f67ff000 ---p 00000000 00:00 0 
7bd2f67ff000-7bd2f68ff000 rw-p 00000000 00:00 0 
7bd2f68ff000-7bd2f6900000 ---p 00000000 00:00 0 
7bd2f6900000-7bd2f6a00000 rw-p 00000000 00:00 0 
7bd2f6a00000-7bd2f6a5c000 rw-p 00000000 00:00 0 
7bd2f6a5c000-7bd2f79f8000 ---p 00000000 00:00 0 
7bd2f79f8000-7bd2f79fc000 rw-p 00000000 00:00 0 
7bd2f79fc000-7bd2f7a00000 ---p 00000000 00:00 0 
7bd2f7a00000-7bd2f7a0c000 rw-p 00000000 00:00 0 
7bd2f7a0c000-7bd2f7bff000 ---p 00000000 00:00 0 
7bd2f7bff000-7bd2f7c0c000 rw-p 00000000 00:00 0 
7bd2f7c0c000-7bd2f7dff000 ---p 00000000 00:00 0 
7bd2f7dff000-7bd2f7e00000 rw-p 00000000 00:00 0 
7bd2f7e14000-7bd2f7e15000 ---p 00000000 00:00 0 
7bd2f7e15000-7bd2f7f15000 rw-p 00000000 00:00 0 
7bd2f7f15000-7bd2f7f1a000 rw-p 00000000 00:00 0 
7bd2f7f1a000-7bd2f8000000 ---p 00000000 00:00 0 
7bd2f8000000-7bd2f8270000 rwxp 00000000 00:00 0 
7bd2f8270000-7bd2ff538000 ---p 00000000 00:00 0 
7bd2ff538000-7bd2ff7a8000 rwxp 00000000 00:00 0 
7bd2ff7a8000-7bd2ffac6000 ---p 00000000 00:00 0 
7bd2ffac6000-7bd2ffd36000 rwxp 00000000 00:00 0 
7bd2ffd36000-7bd307000000 ---p 00000000 00:00 0 
7bd307013000-7bd307050000 r-xp 00000000 00:2d 681571                     /usr/local/sdkman/candidates/java/25.0.1-ms/lib/libsimdsort.so
7bd307050000-7bd307051000 ---p 0003d000 00:2d 681571                     /usr/local/sdkman/candidates/java/25.0.1-ms/lib/libsimdsort.so
7bd307051000-7bd307052000 r--p 0003d000 00:2d 681571                     /usr/local/sdkman/candidates/java/25.0.1-ms/lib/libsimdsort.so
7bd307052000-7bd307053000 rw-p 0003e000 00:2d 681571                     /usr/local/sdkman/candidates/java/25.0.1-ms/lib/libsimdsort.so
7bd307053000-7bd307058000 rw-p 00000000 00:00 0 
7bd307058000-7bd30713e000 ---p 00000000 00:00 0 
7bd30713e000-7bd30fc31000 r--s 00000000 00:2d 681576                     /usr/local/sdkman/candidates/java/25.0.1-ms/lib/modules
7bd30fc31000-7bd3111d4000 r-xp 00000000 00:2d 681589                     /usr/local/sdkman/candidates/java/25.0.1-ms/lib/server/libjvm.so
7bd3111d4000-7bd3111d5000 ---p 015a3000 00:2d 681589                     /usr/local/sdkman/candidates/java/25.0.1-ms/lib/server/libjvm.so
7bd3111d5000-7bd3112be000 r--p 015a3000 00:2d 681589                     /usr/local/sdkman/candidates/java/25.0.1-ms/lib/server/libjvm.so
7bd3112be000-7bd3112e9000 rw-p 0168c000 00:2d 681589                     /usr/local/sdkman/candidates/java/25.0.1-ms/lib/server/libjvm.so
7bd3112e9000-7bd311365000 rw-p 00000000 00:00 0 
7bd311365000-7bd311538000 r--p 00000000 00:2d 1078548                    /usr/local/python/3.12.1/lib/python3.12/site-packages/pymupdf/_mupdf.so
7bd311538000-7bd3119e3000 r-xp 001d3000 00:2d 1078548                    /usr/local/python/3.12.1/lib/python3.12/site-packages/pymupdf/_mupdf.so
7bd3119e3000-7bd311ebd000 r--p 0067e000 00:2d 1078548                    /usr/local/python/3.12.1/lib/python3.12/site-packages/pymupdf/_mupdf.so
7bd311ebd000-7bd311ec1000 r--p 00b57000 00:2d 1078548                    /usr/local/python/3.12.1/lib/python3.12/site-packages/pymupdf/_mupdf.so
7bd311ec1000-7bd311f55000 rw-p 00b5b000 00:2d 1078548                    /usr/local/python/3.12.1/lib/python3.12/site-packages/pymupdf/_mupdf.so
7bd311f55000-7bd312557000 rw-p 00000000 00:00 0 
7bd312578000-7bd312584000 r-xp 00000000 00:2d 681565                     /usr/local/sdkman/candidates/java/25.0.1-ms/lib/libnet.so
7bd312584000-7bd312585000 r--p 0000b000 00:2d 681565                     /usr/local/sdkman/candidates/java/25.0.1-ms/lib/libnet.so
7bd312585000-7bd312586000 rw-p 0000c000 00:2d 681565                     /usr/local/sdkman/candidates/java/25.0.1-ms/lib/libnet.so
7bd312586000-7bd3128a9000 rw-p 00000000 00:00 0 
7bd3128a9000-7bd3129a1000 r--p 00000000 00:2d 1078549                    /usr/local/python/3.12.1/lib/python3.12/site-packages/pymupdf/libmupdfcpp.so.27.2
7bd3129a1000-7bd312a4c000 r-xp 000f8000 00:2d 1078549                    /usr/local/python/3.12.1/lib/python3.12/site-packages/pymupdf/libmupdfcpp.so.27.2
7bd312a4c000-7bd312aa2000 r--p 001a3000 00:2d 1078549                    /usr/local/python/3.12.1/lib/python3.12/site-packages/pymupdf/libmupdfcpp.so.27.2
7bd312aa2000-7bd312aa4000 r--p 001f8000 00:2d 1078549                    /usr/local/python/3.12.1/lib/python3.12/site-packages/pymupdf/libmupdfcpp.so.27.2
7bd312aa4000-7bd312ab1000 rw-p 001fa000 00:2d 1078549                    /usr/local/python/3.12.1/lib/python3.12/site-packages/pymupdf/libmupdfcpp.so.27.2
7bd312ab1000-7bd312bf4000 r--p 00000000 00:2d 1078550                    /usr/local/python/3.12.1/lib/python3.12/site-packages/pymupdf/libmupdf.so.27.2
7bd312bf4000-7bd313590000 r-xp 00143000 00:2d 1078550                    /usr/local/python/3.12.1/lib/python3.12/site-packages/pymupdf/libmupdf.so.27.2
7bd313590000-7bd313a57000 r--p 00adf000 00:2d 1078550                    /usr/local/python/3.12.1/lib/python3.12/site-packages/pymupdf/libmupdf.so.27.2
7bd313a57000-7bd313a76000 r--p 00fa6000 00:2d 1078550                    /usr/local/python/3.12.1/lib/python3.12/site-packages/pymupdf/libmupdf.so.27.2
7bd313a76000-7bd314c18000 rw-p 00fc5000 00:2d 1078550                    /usr/local/python/3.12.1/lib/python3.12/site-packages/pymupdf/libmupdf.so.27.2
7bd314c18000-7bd314e25000 rw-p 00000000 00:00 0 
7bd314e2c000-7bd315102000 rw-p 00000000 00:00 0 
7bd315102000-7bd315150000 r--p 00000000 00:2d 1065088                    /usr/local/python/3.12.1/lib/python3.12/site-packages/lxml/etree.cpython-312-x86_64-linux-gnu.so
7bd315150000-7bd315475000 r-xp 0004e000 00:2d 1065088                    /usr/local/python/3.12.1/lib/python3.12/site-packages/lxml/etree.cpython-312-x86_64-linux-gnu.so
7bd315475000-7bd3155fc000 r--p 00373000 00:2d 1065088                    /usr/local/python/3.12.1/lib/python3.12/site-packages/lxml/etree.cpython-312-x86_64-linux-gnu.so
7bd3155fc000-7bd31560b000 r--p 004fa000 00:2d 1065088                    /usr/local/python/3.12.1/lib/python3.12/site-packages/lxml/etree.cpython-312-x86_64-linux-gnu.so
7bd31560b000-7bd315627000 rw-p 00509000 00:2d 1065088                    /usr/local/python/3.12.1/lib/python3.12/site-packages/lxml/etree.cpython-312-x86_64-linux-gnu.so
7bd315627000-7bd315830000 rw-p 00000000 00:00 0 
7bd315830000-7bd315833000 r--p 00000000 00:2d 830487                     /usr/local/python/3.12.1/lib/python3.12/lib-dynload/_multibytecodec.cpython-312-x86_64-linux-gnu.so
7bd315833000-7bd315839000 r-xp 00003000 00:2d 830487                     /usr/local/python/3.12.1/lib/python3.12/lib-dynload/_multibytecodec.cpython-312-x86_64-linux-gnu.so
7bd315839000-7bd31583b000 r--p 00009000 00:2d 830487                     /usr/local/python/3.12.1/lib/python3.12/lib-dynload/_multibytecodec.cpython-312-x86_64-linux-gnu.so
7bd31583b000-7bd31583c000 r--p 0000a000 00:2d 830487                     /usr/local/python/3.12.1/lib/python3.12/lib-dynload/_multibytecodec.cpython-312-x86_64-linux-gnu.so
7bd31583c000-7bd31583d000 rw-p 0000b000 00:2d 830487                     /usr/local/python/3.12.1/lib/python3.12/lib-dynload/_multibytecodec.cpython-312-x86_64-linux-gnu.so
7bd31583d000-7bd31584b000 r--p 00000000 00:2d 795733                     /home/codespace/.local/lib/python3.12/site-packages/charset_normalizer/md__mypyc.cpython-312-x86_64-linux-gnu.so
7bd31584b000-7bd31586b000 r-xp 0000e000 00:2d 795733                     /home/codespace/.local/lib/python3.12/site-packages/charset_normalizer/md__mypyc.cpython-312-x86_64-linux-gnu.so
7bd31586b000-7bd315875000 r--p 0002e000 00:2d 795733                     /home/codespace/.local/lib/python3.12/site-packages/charset_normalizer/md__mypyc.cpython-312-x86_64-linux-gnu.so
7bd315875000-7bd315876000 r--p 00037000 00:2d 795733                     /home/codespace/.local/lib/python3.12/site-packages/charset_normalizer/md__mypyc.cpython-312-x86_64-linux-gnu.so
7bd315876000-7bd31587a000 rw-p 00038000 00:2d 795733                     /home/codespace/.local/lib/python3.12/site-packages/charset_normalizer/md__mypyc.cpython-312-x86_64-linux-gnu.so
7bd31587a000-7bd31597b000 rw-p 00000000 00:00 0 
7bd31597b000-7bd315981000 r--p 00000000 00:2d 830525                     /usr/local/python/3.12.1/lib/python3.12/lib-dynload/pyexpat.cpython-312-x86_64-linux-gnu.so
7bd315981000-7bd3159a6000 r-xp 00006000 00:2d 830525                     /usr/local/python/3.12.1/lib/python3.12/lib-dynload/pyexpat.cpython-312-x86_64-linux-gnu.so
7bd3159a6000-7bd3159b1000 r--p 0002b000 00:2d 830525                     /usr/local/python/3.12.1/lib/python3.12/lib-dynload/pyexpat.cpython-312-x86_64-linux-gnu.so
7bd3159b1000-7bd3159b4000 r--p 00035000 00:2d 830525                     /usr/local/python/3.12.1/lib/python3.12/lib-dynload/pyexpat.cpython-312-x86_64-linux-gnu.so
7bd3159b4000-7bd3159b6000 rw-p 00038000 00:2d 830525                     /usr/local/python/3.12.1/lib/python3.12/lib-dynload/pyexpat.cpython-312-x86_64-linux-gnu.so
7bd3159b6000-7bd3159ba000 r--p 00000000 00:2d 830479                     /usr/local/python/3.12.1/lib/python3.12/lib-dynload/_elementtree.cpython-312-x86_64-linux-gnu.so
7bd3159ba000-7bd3159c6000 r-xp 00004000 00:2d 830479                     /usr/local/python/3.12.1/lib/python3.12/lib-dynload/_elementtree.cpython-312-x86_64-linux-gnu.so
7bd3159c6000-7bd3159c9000 r--p 00010000 00:2d 830479                     /usr/local/python/3.12.1/lib/python3.12/lib-dynload/_elementtree.cpython-312-x86_64-linux-gnu.so
7bd3159c9000-7bd3159ca000 r--p 00012000 00:2d 830479                     /usr/local/python/3.12.1/lib/python3.12/lib-dynload/_elementtree.cpython-312-x86_64-linux-gnu.so
7bd3159ca000-7bd3159cc000 rw-p 00013000 00:2d 830479                     /usr/local/python/3.12.1/lib/python3.12/lib-dynload/_elementtree.cpython-312-x86_64-linux-gnu.so
7bd3159cc000-7bd315dcc000 rw-p 00000000 00:00 0 
7bd315dcc000-7bd315dce000 r--p 00000000 00:2d 394126                     /usr/lib/x86_64-linux-gnu/libffi.so.8.1.4
7bd315dce000-7bd315dd5000 r-xp 00002000 00:2d 394126                     /usr/lib/x86_64-linux-gnu/libffi.so.8.1.4
7bd315dd5000-7bd315dd6000 r--p 00009000 00:2d 394126                     /usr/lib/x86_64-linux-gnu/libffi.so.8.1.4
7bd315dd6000-7bd315dd7000 r--p 0000a000 00:2d 394126                     /usr/lib/x86_64-linux-gnu/libffi.so.8.1.4
7bd315dd7000-7bd315dd8000 rw-p 0000b000 00:2d 394126                     /usr/lib/x86_64-linux-gnu/libffi.so.8.1.4
7bd315dd8000-7bd315dde000 r--p 00000000 00:2d 830473                     /usr/local/python/3.12.1/lib/python3.12/lib-dynload/_ctypes.cpython-312-x86_64-linux-gnu.so
7bd315dde000-7bd315df0000 r-xp 00006000 00:2d 830473                     /usr/local/python/3.12.1/lib/python3.12/lib-dynload/_ctypes.cpython-312-x86_64-linux-gnu.so
7bd315df0000-7bd315df6000 r--p 00018000 00:2d 830473                     /usr/local/python/3.12.1/lib/python3.12/lib-dynload/_ctypes.cpython-312-x86_64-linux-gnu.so
7bd315df6000-7bd315df7000 r--p 0001d000 00:2d 830473                     /usr/local/python/3.12.1/lib/python3.12/lib-dynload/_ctypes.cpython-312-x86_64-linux-gnu.so
7bd315df7000-7bd315dfb000 rw-p 0001e000 00:2d 830473                     /usr/local/python/3.12.1/lib/python3.12/lib-dynload/_ctypes.cpython-312-x86_64-linux-gnu.so
7bd315dfb000-7bd315efb000 rw-p 00000000 00:00 0 
7bd315efb000-7bd315f36000 r--p 00000000 00:2d 1065257                    /usr/local/python/3.12.1/lib/python3.12/site-packages/_jpype.cpython-312-x86_64-linux-gnu.so
7bd315f36000-7bd315f8a000 r-xp 0003b000 00:2d 1065257                    /usr/local/python/3.12.1/lib/python3.12/site-packages/_jpype.cpython-312-x86_64-linux-gnu.so
7bd315f8a000-7bd315fb2000 r--p 0008f000 00:2d 1065257                    /usr/local/python/3.12.1/lib/python3.12/site-packages/_jpype.cpython-312-x86_64-linux-gnu.so
7bd315fb2000-7bd315fb3000 ---p 000b7000 00:2d 1065257                    /usr/local/python/3.12.1/lib/python3.12/site-packages/_jpype.cpython-312-x86_64-linux-gnu.so
7bd315fb3000-7bd315fb7000 r--p 000b7000 00:2d 1065257                    /usr/local/python/3.12.1/lib/python3.12/site-packages/_jpype.cpython-312-x86_64-linux-gnu.so
7bd315fb7000-7bd315fbb000 rw-p 000bb000 00:2d 1065257                    /usr/local/python/3.12.1/lib/python3.12/site-packages/_jpype.cpython-312-x86_64-linux-gnu.so
7bd315fbb000-7bd3160bb000 rw-p 00000000 00:00 0 
7bd3160bb000-7bd3160c0000 r--p 00000000 00:2d 1062218                    /usr/local/python/3.12.1/lib/python3.12/site-packages/frozenlist/_frozenlist.cpython-312-x86_64-linux-gnu.so
7bd3160c0000-7bd3160cd000 r-xp 00005000 00:2d 1062218                    /usr/local/python/3.12.1/lib/python3.12/site-packages/frozenlist/_frozenlist.cpython-312-x86_64-linux-gnu.so
7bd3160cd000-7bd3160d1000 r--p 00012000 00:2d 1062218                    /usr/local/python/3.12.1/lib/python3.12/site-packages/frozenlist/_frozenlist.cpython-312-x86_64-linux-gnu.so
7bd3160d1000-7bd3160d2000 r--p 00015000 00:2d 1062218                    /usr/local/python/3.12.1/lib/python3.12/site-packages/frozenlist/_frozenlist.cpython-312-x86_64-linux-gnu.so
7bd3160d2000-7bd3160d4000 rw-p 00016000 00:2d 1062218                    /usr/local/python/3.12.1/lib/python3.12/site-packages/frozenlist/_frozenlist.cpython-312-x86_64-linux-gnu.so
7bd3160d4000-7bd3161d4000 rw-p 00000000 00:00 0 
7bd3161d4000-7bd3161da000 r--p 00000000 00:2d 1062364                    /usr/local/python/3.12.1/lib/python3.12/site-packages/aiohttp/_websocket/reader_c.cpython-312-x86_64-linux-gnu.so
7bd3161da000-7bd3161fd000 r-xp 00006000 00:2d 1062364                    /usr/local/python/3.12.1/lib/python3.12/site-packages/aiohttp/_websocket/reader_c.cpython-312-x86_64-linux-gnu.so
7bd3161fd000-7bd316204000 r--p 00029000 00:2d 1062364                    /usr/local/python/3.12.1/lib/python3.12/site-packages/aiohttp/_websocket/reader_c.cpython-312-x86_64-linux-gnu.so
7bd316204000-7bd316206000 r--p 0002f000 00:2d 1062364                    /usr/local/python/3.12.1/lib/python3.12/site-packages/aiohttp/_websocket/reader_c.cpython-312-x86_64-linux-gnu.so
7bd316206000-7bd316208000 rw-p 00031000 00:2d 1062364                    /usr/local/python/3.12.1/lib/python3.12/site-packages/aiohttp/_websocket/reader_c.cpython-312-x86_64-linux-gnu.so
7bd316208000-7bd316209000 rw-p 00000000 00:00 0 
7bd316209000-7bd31620c000 r--p 00000000 00:2d 1062359                    /usr/local/python/3.12.1/lib/python3.12/site-packages/aiohttp/_websocket/mask.cpython-312-x86_64-linux-gnu.so
7bd31620c000-7bd316211000 r-xp 00003000 00:2d 1062359                    /usr/local/python/3.12.1/lib/python3.12/site-packages/aiohttp/_websocket/mask.cpython-312-x86_64-linux-gnu.so
7bd316211000-7bd316213000 r--p 00008000 00:2d 1062359                    /usr/local/python/3.12.1/lib/python3.12/site-packages/aiohttp/_websocket/mask.cpython-312-x86_64-linux-gnu.so
7bd316213000-7bd316214000 r--p 00009000 00:2d 1062359                    /usr/local/python/3.12.1/lib/python3.12/site-packages/aiohttp/_websocket/mask.cpython-312-x86_64-linux-gnu.so
7bd316214000-7bd316215000 rw-p 0000a000 00:2d 1062359                    /usr/local/python/3.12.1/lib/python3.12/site-packages/aiohttp/_websocket/mask.cpython-312-x86_64-linux-gnu.so
7bd316215000-7bd31621f000 r--p 00000000 00:2d 1062299                    /usr/local/python/3.12.1/lib/python3.12/site-packages/aiohttp/_http_parser.cpython-312-x86_64-linux-gnu.so
7bd31621f000-7bd316275000 r-xp 0000a000 00:2d 1062299                    /usr/local/python/3.12.1/lib/python3.12/site-packages/aiohttp/_http_parser.cpython-312-x86_64-linux-gnu.so
7bd316275000-7bd316281000 r--p 00060000 00:2d 1062299                    /usr/local/python/3.12.1/lib/python3.12/site-packages/aiohttp/_http_parser.cpython-312-x86_64-linux-gnu.so
7bd316281000-7bd316283000 r--p 0006c000 00:2d 1062299                    /usr/local/python/3.12.1/lib/python3.12/site-packages/aiohttp/_http_parser.cpython-312-x86_64-linux-gnu.so
7bd316283000-7bd316286000 rw-p 0006e000 00:2d 1062299                    /usr/local/python/3.12.1/lib/python3.12/site-packages/aiohttp/_http_parser.cpython-312-x86_64-linux-gnu.so
7bd316286000-7bd316288000 rw-p 00000000 00:00 0 
7bd316288000-7bd31628b000 r--p 00000000 00:2d 1062301                    /usr/local/python/3.12.1/lib/python3.12/site-packages/aiohttp/_http_writer.cpython-312-x86_64-linux-gnu.so
7bd31628b000-7bd316293000 r-xp 00003000 00:2d 1062301                    /usr/local/python/3.12.1/lib/python3.12/site-packages/aiohttp/_http_writer.cpython-312-x86_64-linux-gnu.so
7bd316293000-7bd316295000 r--p 0000b000 00:2d 1062301                    /usr/local/python/3.12.1/lib/python3.12/site-packages/aiohttp/_http_writer.cpython-312-x86_64-linux-gnu.so
7bd316295000-7bd316296000 r--p 0000c000 00:2d 1062301                    /usr/local/python/3.12.1/lib/python3.12/site-packages/aiohttp/_http_writer.cpython-312-x86_64-linux-gnu.so
7bd316296000-7bd316297000 rw-p 0000d000 00:2d 1062301                    /usr/local/python/3.12.1/lib/python3.12/site-packages/aiohttp/_http_writer.cpython-312-x86_64-linux-gnu.so
7bd316297000-7bd316397000 rw-p 00000000 00:00 0 
7bd316397000-7bd31639b000 r--p 00000000 00:2d 1062176                    /usr/local/python/3.12.1/lib/python3.12/site-packages/propcache/_helpers_c.cpython-312-x86_64-linux-gnu.so
7bd31639b000-7bd3163a7000 r-xp 00004000 00:2d 1062176                    /usr/local/python/3.12.1/lib/python3.12/site-packages/propcache/_helpers_c.cpython-312-x86_64-linux-gnu.so
7bd3163a7000-7bd3163ab000 r--p 00010000 00:2d 1062176                    /usr/local/python/3.12.1/lib/python3.12/site-packages/propcache/_helpers_c.cpython-312-x86_64-linux-gnu.so
7bd3163ab000-7bd3163ac000 r--p 00013000 00:2d 1062176                    /usr/local/python/3.12.1/lib/python3.12/site-packages/propcache/_helpers_c.cpython-312-x86_64-linux-gnu.so
7bd3163ac000-7bd3163ad000 rw-p 00014000 00:2d 1062176                    /usr/local/python/3.12.1/lib/python3.12/site-packages/propcache/_helpers_c.cpython-312-x86_64-linux-gnu.so
7bd3163ad000-7bd3164ae000 rw-p 00000000 00:00 0 
7bd3164ae000-7bd3164b1000 r--p 00000000 00:2d 830532                     /usr/local/python/3.12.1/lib/python3.12/lib-dynload/unicodedata.cpython-312-x86_64-linux-gnu.so
7bd3164b1000-7bd3164b6000 r-xp 00003000 00:2d 830532                     /usr/local/python/3.12.1/lib/python3.12/lib-dynload/unicodedata.cpython-312-x86_64-linux-gnu.so
7bd3164b6000-7bd3165c2000 r--p 00008000 00:2d 830532                     /usr/local/python/3.12.1/lib/python3.12/lib-dynload/unicodedata.cpython-312-x86_64-linux-gnu.so
7bd3165c2000-7bd3165c3000 r--p 00113000 00:2d 830532                     /usr/local/python/3.12.1/lib/python3.12/lib-dynload/unicodedata.cpython-312-x86_64-linux-gnu.so
7bd3165c3000-7bd3165c4000 rw-p 00114000 00:2d 830532                     /usr/local/python/3.12.1/lib/python3.12/lib-dynload/unicodedata.cpython-312-x86_64-linux-gnu.so
7bd3165c4000-7bd3166c4000 rw-p 00000000 00:00 0 
7bd3166c4000-7bd3166e4000 r--p 00000000 00:2d 412047                     /usr/lib/x86_64-linux-gnu/libsqlite3.so.0.8.6
7bd3166e4000-7bd3167ef000 r-xp 00020000 00:2d 412047                     /usr/lib/x86_64-linux-gnu/libsqlite3.so.0.8.6
7bd3167ef000-7bd316823000 r--p 0012b000 00:2d 412047                     /usr/lib/x86_64-linux-gnu/libsqlite3.so.0.8.6
7bd316823000-7bd316827000 r--p 0015e000 00:2d 412047                     /usr/lib/x86_64-linux-gnu/libsqlite3.so.0.8.6
7bd316827000-7bd31682b000 rw-p 00162000 00:2d 412047                     /usr/lib/x86_64-linux-gnu/libsqlite3.so.0.8.6
7bd31682b000-7bd31702c000 rw-p 00000000 00:00 0 
7bd31702c000-7bd317033000 r-xp 00000000 00:2d 681575                     /usr/local/sdkman/candidates/java/25.0.1-ms/lib/libzip.so
7bd317033000-7bd317034000 ---p 00007000 00:2d 681575                     /usr/local/sdkman/candidates/java/25.0.1-ms/lib/libzip.so
7bd317034000-7bd317035000 r--p 00007000 00:2d 681575                     /usr/local/sdkman/candidates/java/25.0.1-ms/lib/libzip.so
7bd317035000-7bd317036000 rw-p 00008000 00:2d 681575                     /usr/local/sdkman/candidates/java/25.0.1-ms/lib/libzip.so
7bd317036000-7bd31704a000 r-xp 00000000 00:2d 681566                     /usr/local/sdkman/candidates/java/25.0.1-ms/lib/libnio.so
7bd31704a000-7bd31704b000 r--p 00013000 00:2d 681566                     /usr/local/sdkman/candidates/java/25.0.1-ms/lib/libnio.so
7bd31704b000-7bd31704c000 rw-p 00014000 00:2d 681566                     /usr/local/sdkman/candidates/java/25.0.1-ms/lib/libnio.so
7bd31704c000-7bd317051000 rw-p 00000000 00:00 0 
7bd317051000-7bd317058000 ---p 00000000 00:00 0 
7bd317058000-7bd317078000 r-xp 00000000 00:2d 681551                     /usr/local/sdkman/candidates/java/25.0.1-ms/lib/libjava.so
7bd317078000-7bd317079000 r--p 0001f000 00:2d 681551                     /usr/local/sdkman/candidates/java/25.0.1-ms/lib/libjava.so
7bd317079000-7bd31707a000 rw-p 00020000 00:2d 681551                     /usr/local/sdkman/candidates/java/25.0.1-ms/lib/libjava.so
7bd31707a000-7bd31707b000 rw-p 00000000 00:00 0 
7bd31707b000-7bd317083000 rw-s 00000000 08:11 1180253                    /tmp/hsperfdata_codespace/58321
7bd317083000-7bd31709e000 r-xp 00000000 00:2d 681555                     /usr/local/sdkman/candidates/java/25.0.1-ms/lib/libjimage.so
7bd31709e000-7bd31709f000 ---p 0001b000 00:2d 681555                     /usr/local/sdkman/candidates/java/25.0.1-ms/lib/libjimage.so
7bd31709f000-7bd3170a1000 r--p 0001b000 00:2d 681555                     /usr/local/sdkman/candidates/java/25.0.1-ms/lib/libjimage.so
7bd3170a1000-7bd3170a2000 rw-p 0001d000 00:2d 681555                     /usr/local/sdkman/candidates/java/25.0.1-ms/lib/libjimage.so
7bd3170a2000-7bd3170a3000 r--p 00000000 00:2d 394211                     /usr/lib/x86_64-linux-gnu/libutil.so.1
7bd3170a3000-7bd3170a4000 r-xp 00001000 00:2d 394211                     /usr/lib/x86_64-linux-gnu/libutil.so.1
7bd3170a4000-7bd3170a5000 r--p 00002000 00:2d 394211                     /usr/lib/x86_64-linux-gnu/libutil.so.1
7bd3170a5000-7bd3170a6000 r--p 00002000 00:2d 394211                     /usr/lib/x86_64-linux-gnu/libutil.so.1
7bd3170a6000-7bd3170a7000 rw-p 00003000 00:2d 394211                     /usr/lib/x86_64-linux-gnu/libutil.so.1
7bd3170a7000-7bd3170a8000 r--p 00000000 00:00 0 
7bd3170a8000-7bd3170a9000 r--p 00000000 00:2d 393777                     /usr/lib/locale/C.utf8/LC_NUMERIC
7bd3170a9000-7bd3170aa000 r--p 00000000 00:2d 393780                     /usr/lib/locale/C.utf8/LC_TIME
7bd3170aa000-7bd3170ab000 r--p 00000000 00:2d 393769                     /usr/lib/locale/C.utf8/LC_COLLATE
7bd3170ab000-7bd3170ac000 r--p 00000000 00:2d 393775                     /usr/lib/locale/C.utf8/LC_MONETARY
7bd3170ac000-7bd3170ad000 r--p 00000000 00:2d 393774                     /usr/lib/locale/C.utf8/LC_MESSAGES/SYS_LC_MESSAGES
7bd3170ad000-7bd3170ae000 r--p 00000000 00:2d 393778                     /usr/lib/locale/C.utf8/LC_PAPER
7bd3170ae000-7bd3170b9000 r--p 00000000 00:2d 1078542                    /usr/local/python/3.12.1/lib/python3.12/site-packages/pymupdf/_extra.so
7bd3170b9000-7bd3170d2000 r-xp 0000b000 00:2d 1078542                    /usr/local/python/3.12.1/lib/python3.12/site-packages/pymupdf/_extra.so
7bd3170d2000-7bd3170dd000 r--p 00024000 00:2d 1078542                    /usr/local/python/3.12.1/lib/python3.12/site-packages/pymupdf/_extra.so
7bd3170dd000-7bd3170de000 r--p 0002e000 00:2d 1078542                    /usr/local/python/3.12.1/lib/python3.12/site-packages/pymupdf/_extra.so
7bd3170de000-7bd3170e1000 rw-p 0002f000 00:2d 1078542                    /usr/local/python/3.12.1/lib/python3.12/site-packages/pymupdf/_extra.so
7bd3170e1000-7bd3170e7000 r--p 00000000 00:2d 1065076                    /usr/local/python/3.12.1/lib/python3.12/site-packages/lxml/_elementpath.cpython-312-x86_64-linux-gnu.so
7bd3170e7000-7bd31710b000 r-xp 00006000 00:2d 1065076                    /usr/local/python/3.12.1/lib/python3.12/site-packages/lxml/_elementpath.cpython-312-x86_64-linux-gnu.so
7bd31710b000-7bd317112000 r--p 0002a000 00:2d 1065076                    /usr/local/python/3.12.1/lib/python3.12/site-packages/lxml/_elementpath.cpython-312-x86_64-linux-gnu.so
7bd317112000-7bd317113000 r--p 00031000 00:2d 1065076                    /usr/local/python/3.12.1/lib/python3.12/site-packages/lxml/_elementpath.cpython-312-x86_64-linux-gnu.so
7bd317113000-7bd317116000 rw-p 00032000 00:2d 1065076                    /usr/local/python/3.12.1/lib/python3.12/site-packages/lxml/_elementpath.cpython-312-x86_64-linux-gnu.so
7bd317116000-7bd317217000 rw-p 00000000 00:00 0 
7bd317217000-7bd3172b4000 r--p 00000000 00:2d 394197                     /usr/lib/x86_64-linux-gnu/libstdc++.so.6.0.33
7bd3172b4000-7bd3173fc000 r-xp 0009d000 00:2d 394197                     /usr/lib/x86_64-linux-gnu/libstdc++.so.6.0.33
7bd3173fc000-7bd317483000 r--p 001e5000 00:2d 394197                     /usr/lib/x86_64-linux-gnu/libstdc++.so.6.0.33
7bd317483000-7bd31748e000 r--p 0026b000 00:2d 394197                     /usr/lib/x86_64-linux-gnu/libstdc++.so.6.0.33
7bd31748e000-7bd317491000 rw-p 00276000 00:2d 394197                     /usr/lib/x86_64-linux-gnu/libstdc++.so.6.0.33
7bd317491000-7bd317495000 rw-p 00000000 00:00 0 
7bd317495000-7bd31749e000 r--p 00000000 00:2d 1062870                    /usr/local/python/3.12.1/lib/python3.12/site-packages/greenlet/_greenlet.cpython-312-x86_64-linux-gnu.so
7bd31749e000-7bd3174ae000 r-xp 00009000 00:2d 1062870                    /usr/local/python/3.12.1/lib/python3.12/site-packages/greenlet/_greenlet.cpython-312-x86_64-linux-gnu.so
7bd3174ae000-7bd3174b4000 r--p 00019000 00:2d 1062870                    /usr/local/python/3.12.1/lib/python3.12/site-packages/greenlet/_greenlet.cpython-312-x86_64-linux-gnu.so
7bd3174b4000-7bd3174b5000 r--p 0001f000 00:2d 1062870                    /usr/local/python/3.12.1/lib/python3.12/site-packages/greenlet/_greenlet.cpython-312-x86_64-linux-gnu.so
7bd3174b5000-7bd3174b6000 rw-p 00020000 00:2d 1062870                    /usr/local/python/3.12.1/lib/python3.12/site-packages/greenlet/_greenlet.cpython-312-x86_64-linux-gnu.so
7bd3174b6000-7bd3174ba000 r--p 00000000 00:2d 1065900                    /usr/local/python/3.12.1/lib/python3.12/site-packages/sqlalchemy/cyextension/util.cpython-312-x86_64-linux-gnu.so
7bd3174ba000-7bd3174ca000 r-xp 00004000 00:2d 1065900                    /usr/local/python/3.12.1/lib/python3.12/site-packages/sqlalchemy/cyextension/util.cpython-312-x86_64-linux-gnu.so
7bd3174ca000-7bd3174cd000 r--p 00014000 00:2d 1065900                    /usr/local/python/3.12.1/lib/python3.12/site-packages/sqlalchemy/cyextension/util.cpython-312-x86_64-linux-gnu.so
7bd3174cd000-7bd3174ce000 r--p 00017000 00:2d 1065900                    /usr/local/python/3.12.1/lib/python3.12/site-packages/sqlalchemy/cyextension/util.cpython-312-x86_64-linux-gnu.so
7bd3174ce000-7bd3174cf000 rw-p 00018000 00:2d 1065900                    /usr/local/python/3.12.1/lib/python3.12/site-packages/sqlalchemy/cyextension/util.cpython-312-x86_64-linux-gnu.so
7bd3174cf000-7bd3174d0000 rw-p 00000000 00:00 0 
7bd3174d0000-7bd3174d4000 r--p 00000000 00:2d 1065898                    /usr/local/python/3.12.1/lib/python3.12/site-packages/sqlalchemy/cyextension/resultproxy.cpython-312-x86_64-linux-gnu.so
7bd3174d4000-7bd3174df000 r-xp 00004000 00:2d 1065898                    /usr/local/python/3.12.1/lib/python3.12/site-packages/sqlalchemy/cyextension/resultproxy.cpython-312-x86_64-linux-gnu.so
7bd3174df000-7bd3174e2000 r--p 0000f000 00:2d 1065898                    /usr/local/python/3.12.1/lib/python3.12/site-packages/sqlalchemy/cyextension/resultproxy.cpython-312-x86_64-linux-gnu.so
7bd3174e2000-7bd3174e3000 r--p 00011000 00:2d 1065898                    /usr/local/python/3.12.1/lib/python3.12/site-packages/sqlalchemy/cyextension/resultproxy.cpython-312-x86_64-linux-gnu.so
7bd3174e3000-7bd3174e4000 rw-p 00012000 00:2d 1065898                    /usr/local/python/3.12.1/lib/python3.12/site-packages/sqlalchemy/cyextension/resultproxy.cpython-312-x86_64-linux-gnu.so
7bd3174e4000-7bd3174e5000 rw-p 00000000 00:00 0 
7bd3174e5000-7bd3174e9000 r--p 00000000 00:2d 1065896                    /usr/local/python/3.12.1/lib/python3.12/site-packages/sqlalchemy/cyextension/processors.cpython-312-x86_64-linux-gnu.so
7bd3174e9000-7bd3174f4000 r-xp 00004000 00:2d 1065896                    /usr/local/python/3.12.1/lib/python3.12/site-packages/sqlalchemy/cyextension/processors.cpython-312-x86_64-linux-gnu.so
7bd3174f4000-7bd3174f7000 r--p 0000f000 00:2d 1065896                    /usr/local/python/3.12.1/lib/python3.12/site-packages/sqlalchemy/cyextension/processors.cpython-312-x86_64-linux-gnu.so
7bd3174f7000-7bd3174f8000 r--p 00011000 00:2d 1065896                    /usr/local/python/3.12.1/lib/python3.12/site-packages/sqlalchemy/cyextension/processors.cpython-312-x86_64-linux-gnu.so
7bd3174f8000-7bd3174f9000 rw-p 00012000 00:2d 1065896                    /usr/local/python/3.12.1/lib/python3.12/site-packages/sqlalchemy/cyextension/processors.cpython-312-x86_64-linux-gnu.so
7bd3174f9000-7bd3174fa000 rw-p 00000000 00:00 0 
7bd3174fa000-7bd3174fe000 r--p 00000000 00:2d 1065893                    /usr/local/python/3.12.1/lib/python3.12/site-packages/sqlalchemy/cyextension/immutabledict.cpython-312-x86_64-linux-gnu.so
7bd3174fe000-7bd31750d000 r-xp 00004000 00:2d 1065893                    /usr/local/python/3.12.1/lib/python3.12/site-packages/sqlalchemy/cyextension/immutabledict.cpython-312-x86_64-linux-gnu.so
7bd31750d000-7bd317510000 r--p 00013000 00:2d 1065893                    /usr/local/python/3.12.1/lib/python3.12/site-packages/sqlalchemy/cyextension/immutabledict.cpython-312-x86_64-linux-gnu.so
7bd317510000-7bd317511000 r--p 00015000 00:2d 1065893                    /usr/local/python/3.12.1/lib/python3.12/site-packages/sqlalchemy/cyextension/immutabledict.cpython-312-x86_64-linux-gnu.so
7bd317511000-7bd317513000 rw-p 00016000 00:2d 1065893                    /usr/local/python/3.12.1/lib/python3.12/site-packages/sqlalchemy/cyextension/immutabledict.cpython-312-x86_64-linux-gnu.so
7bd317513000-7bd317519000 r--p 00000000 00:2d 1065891                    /usr/local/python/3.12.1/lib/python3.12/site-packages/sqlalchemy/cyextension/collections.cpython-312-x86_64-linux-gnu.so
7bd317519000-7bd31753f000 r-xp 00006000 00:2d 1065891                    /usr/local/python/3.12.1/lib/python3.12/site-packages/sqlalchemy/cyextension/collections.cpython-312-x86_64-linux-gnu.so
7bd31753f000-7bd317547000 r--p 0002c000 00:2d 1065891                    /usr/local/python/3.12.1/lib/python3.12/site-packages/sqlalchemy/cyextension/collections.cpython-312-x86_64-linux-gnu.so
7bd317547000-7bd317548000 r--p 00033000 00:2d 1065891                    /usr/local/python/3.12.1/lib/python3.12/site-packages/sqlalchemy/cyextension/collections.cpython-312-x86_64-linux-gnu.so
7bd317548000-7bd31754b000 rw-p 00034000 00:2d 1065891                    /usr/local/python/3.12.1/lib/python3.12/site-packages/sqlalchemy/cyextension/collections.cpython-312-x86_64-linux-gnu.so
7bd31754b000-7bd31774b000 rw-p 00000000 00:00 0 
7bd31774b000-7bd31774d000 r--p 00000000 00:2d 830462                     /usr/local/python/3.12.1/lib/python3.12/lib-dynload/_blake2.cpython-312-x86_64-linux-gnu.so
7bd31774d000-7bd317754000 r-xp 00002000 00:2d 830462                     /usr/local/python/3.12.1/lib/python3.12/lib-dynload/_blake2.cpython-312-x86_64-linux-gnu.so
7bd317754000-7bd317756000 r--p 00009000 00:2d 830462                     /usr/local/python/3.12.1/lib/python3.12/lib-dynload/_blake2.cpython-312-x86_64-linux-gnu.so
7bd317756000-7bd317757000 r--p 0000a000 00:2d 830462                     /usr/local/python/3.12.1/lib/python3.12/lib-dynload/_blake2.cpython-312-x86_64-linux-gnu.so
7bd317757000-7bd317758000 rw-p 0000b000 00:2d 830462                     /usr/local/python/3.12.1/lib/python3.12/lib-dynload/_blake2.cpython-312-x86_64-linux-gnu.so
7bd317758000-7bd31775c000 r--p 00000000 00:2d 830481                     /usr/local/python/3.12.1/lib/python3.12/lib-dynload/_hashlib.cpython-312-x86_64-linux-gnu.so
7bd31775c000-7bd317762000 r-xp 00004000 00:2d 830481                     /usr/local/python/3.12.1/lib/python3.12/lib-dynload/_hashlib.cpython-312-x86_64-linux-gnu.so
7bd317762000-7bd317766000 r--p 0000a000 00:2d 830481                     /usr/local/python/3.12.1/lib/python3.12/lib-dynload/_hashlib.cpython-312-x86_64-linux-gnu.so
7bd317766000-7bd317767000 r--p 0000d000 00:2d 830481                     /usr/local/python/3.12.1/lib/python3.12/lib-dynload/_hashlib.cpython-312-x86_64-linux-gnu.so
7bd317767000-7bd317769000 rw-p 0000e000 00:2d 830481                     /usr/local/python/3.12.1/lib/python3.12/lib-dynload/_hashlib.cpython-312-x86_64-linux-gnu.so
7bd317769000-7bd317969000 rw-p 00000000 00:00 0 
7bd317969000-7bd31796b000 r--p 00000000 00:2d 830472                     /usr/local/python/3.12.1/lib/python3.12/lib-dynload/_csv.cpython-312-x86_64-linux-gnu.so
7bd31796b000-7bd31796f000 r-xp 00002000 00:2d 830472                     /usr/local/python/3.12.1/lib/python3.12/lib-dynload/_csv.cpython-312-x86_64-linux-gnu.so
7bd31796f000-7bd317972000 r--p 00006000 00:2d 830472                     /usr/local/python/3.12.1/lib/python3.12/lib-dynload/_csv.cpython-312-x86_64-linux-gnu.so
7bd317972000-7bd317973000 r--p 00008000 00:2d 830472                     /usr/local/python/3.12.1/lib/python3.12/lib-dynload/_csv.cpython-312-x86_64-linux-gnu.so
7bd317973000-7bd317974000 rw-p 00009000 00:2d 830472                     /usr/local/python/3.12.1/lib/python3.12/lib-dynload/_csv.cpython-312-x86_64-linux-gnu.so
7bd317974000-7bd317a74000 rw-p 00000000 00:00 0 
7bd317a74000-7bd317a76000 r--p 00000000 00:2d 830515                     /usr/local/python/3.12.1/lib/python3.12/lib-dynload/_zoneinfo.cpython-312-x86_64-linux-gnu.so
7bd317a76000-7bd317a7b000 r-xp 00002000 00:2d 830515                     /usr/local/python/3.12.1/lib/python3.12/lib-dynload/_zoneinfo.cpython-312-x86_64-linux-gnu.so
7bd317a7b000-7bd317a7d000 r--p 00007000 00:2d 830515                     /usr/local/python/3.12.1/lib/python3.12/lib-dynload/_zoneinfo.cpython-312-x86_64-linux-gnu.so
7bd317a7d000-7bd317a7e000 r--p 00008000 00:2d 830515                     /usr/local/python/3.12.1/lib/python3.12/lib-dynload/_zoneinfo.cpython-312-x86_64-linux-gnu.so
7bd317a7e000-7bd317a7f000 rw-p 00009000 00:2d 830515                     /usr/local/python/3.12.1/lib/python3.12/lib-dynload/_zoneinfo.cpython-312-x86_64-linux-gnu.so
7bd317a7f000-7bd317a81000 r--p 00000000 00:2d 394213                     /usr/lib/x86_64-linux-gnu/libuuid.so.1.3.0
7bd317a81000-7bd317a86000 r-xp 00002000 00:2d 394213                     /usr/lib/x86_64-linux-gnu/libuuid.so.1.3.0
7bd317a86000-7bd317a87000 r--p 00007000 00:2d 394213                     /usr/lib/x86_64-linux-gnu/libuuid.so.1.3.0
7bd317a87000-7bd317a88000 r--p 00007000 00:2d 394213                     /usr/lib/x86_64-linux-gnu/libuuid.so.1.3.0
7bd317a88000-7bd317a89000 rw-p 00008000 00:2d 394213                     /usr/lib/x86_64-linux-gnu/libuuid.so.1.3.0
7bd317a89000-7bd317a8a000 r--p 00000000 00:2d 393776                     /usr/lib/locale/C.utf8/LC_NAME
7bd317a8a000-7bd317a8b000 r--p 00000000 00:2d 393768                     /usr/lib/locale/C.utf8/LC_ADDRESS
7bd317a8b000-7bd317a8c000 r--p 00000000 00:2d 795731                     /home/codespace/.local/lib/python3.12/site-packages/charset_normalizer/md.cpython-312-x86_64-linux-gnu.so
7bd317a8c000-7bd317a8d000 r-xp 00001000 00:2d 795731                     /home/codespace/.local/lib/python3.12/site-packages/charset_normalizer/md.cpython-312-x86_64-linux-gnu.so
7bd317a8d000-7bd317a8e000 r--p 00002000 00:2d 795731                     /home/codespace/.local/lib/python3.12/site-packages/charset_normalizer/md.cpython-312-x86_64-linux-gnu.so
7bd317a8e000-7bd317a8f000 r--p 00002000 00:2d 795731                     /home/codespace/.local/lib/python3.12/site-packages/charset_normalizer/md.cpython-312-x86_64-linux-gnu.so
7bd317a8f000-7bd317a90000 rw-p 00003000 00:2d 795731                     /home/codespace/.local/lib/python3.12/site-packages/charset_normalizer/md.cpython-312-x86_64-linux-gnu.so
7bd317a90000-7bd317c90000 rw-p 00000000 00:00 0 
7bd317c90000-7bd317c97000 r--p 00000000 00:2d 830478                     /usr/local/python/3.12.1/lib/python3.12/lib-dynload/_decimal.cpython-312-x86_64-linux-gnu.so
7bd317c97000-7bd317cdf000 r-xp 00007000 00:2d 830478                     /usr/local/python/3.12.1/lib/python3.12/lib-dynload/_decimal.cpython-312-x86_64-linux-gnu.so
7bd317cdf000-7bd317cef000 r--p 0004f000 00:2d 830478                     /usr/local/python/3.12.1/lib/python3.12/lib-dynload/_decimal.cpython-312-x86_64-linux-gnu.so
7bd317cef000-7bd317cf0000 r--p 0005f000 00:2d 830478                     /usr/local/python/3.12.1/lib/python3.12/lib-dynload/_decimal.cpython-312-x86_64-linux-gnu.so
7bd317cf0000-7bd317cf3000 rw-p 00060000 00:2d 830478                     /usr/local/python/3.12.1/lib/python3.12/lib-dynload/_decimal.cpython-312-x86_64-linux-gnu.so
7bd317cf3000-7bd317cf4000 r--p 00000000 00:2d 394118                     /usr/lib/x86_64-linux-gnu/libdl.so.2
7bd317cf4000-7bd317cf5000 r-xp 00001000 00:2d 394118                     /usr/lib/x86_64-linux-gnu/libdl.so.2
7bd317cf5000-7bd317cf6000 r--p 00002000 00:2d 394118                     /usr/lib/x86_64-linux-gnu/libdl.so.2
7bd317cf6000-7bd317cf7000 r--p 00002000 00:2d 394118                     /usr/lib/x86_64-linux-gnu/libdl.so.2
7bd317cf7000-7bd317cf8000 rw-p 00003000 00:2d 394118                     /usr/lib/x86_64-linux-gnu/libdl.so.2
7bd317cf8000-7bd317cf9000 r--p 00000000 00:2d 394183                     /usr/lib/x86_64-linux-gnu/libpthread.so.0
7bd317cf9000-7bd317cfa000 r-xp 00001000 00:2d 394183                     /usr/lib/x86_64-linux-gnu/libpthread.so.0
7bd317cfa000-7bd317cfb000 r--p 00002000 00:2d 394183                     /usr/lib/x86_64-linux-gnu/libpthread.so.0
7bd317cfb000-7bd317cfc000 r--p 00002000 00:2d 394183                     /usr/lib/x86_64-linux-gnu/libpthread.so.0
7bd317cfc000-7bd317cfd000 rw-p 00003000 00:2d 394183                     /usr/lib/x86_64-linux-gnu/libpthread.so.0
7bd317cfd000-7bd317d01000 r--p 00000000 00:2d 394129                     /usr/lib/x86_64-linux-gnu/libgcc_s.so.1
7bd317d01000-7bd317d25000 r-xp 00004000 00:2d 394129                     /usr/lib/x86_64-linux-gnu/libgcc_s.so.1
7bd317d25000-7bd317d29000 r--p 00028000 00:2d 394129                     /usr/lib/x86_64-linux-gnu/libgcc_s.so.1
7bd317d29000-7bd317d2a000 r--p 0002b000 00:2d 394129                     /usr/lib/x86_64-linux-gnu/libgcc_s.so.1
7bd317d2a000-7bd317d2b000 rw-p 0002c000 00:2d 394129                     /usr/lib/x86_64-linux-gnu/libgcc_s.so.1
7bd317d2b000-7bd317e62000 r--p 00000000 00:2d 1063037                    /usr/local/python/3.12.1/lib/python3.12/site-packages/pydantic_core/_pydantic_core.cpython-312-x86_64-linux-gnu.so
7bd317e62000-7bd31819c000 r-xp 00136000 00:2d 1063037                    /usr/local/python/3.12.1/lib/python3.12/site-packages/pydantic_core/_pydantic_core.cpython-312-x86_64-linux-gnu.so
7bd31819c000-7bd3181d0000 r--p 0046f000 00:2d 1063037                    /usr/local/python/3.12.1/lib/python3.12/site-packages/pydantic_core/_pydantic_core.cpython-312-x86_64-linux-gnu.so
7bd3181d0000-7bd3181d6000 rw-p 004a2000 00:2d 1063037                    /usr/local/python/3.12.1/lib/python3.12/site-packages/pydantic_core/_pydantic_core.cpython-312-x86_64-linux-gnu.so
7bd3181d6000-7bd3183d6000 rw-p 00000000 00:00 0 
7bd3183d6000-7bd3183d9000 r--p 00000000 00:2d 394145                     /usr/lib/x86_64-linux-gnu/liblzma.so.5.4.5
7bd3183d9000-7bd3183fb000 r-xp 00003000 00:2d 394145                     /usr/lib/x86_64-linux-gnu/liblzma.so.5.4.5
7bd3183fb000-7bd318406000 r--p 00025000 00:2d 394145                     /usr/lib/x86_64-linux-gnu/liblzma.so.5.4.5
7bd318406000-7bd318407000 r--p 00030000 00:2d 394145                     /usr/lib/x86_64-linux-gnu/liblzma.so.5.4.5
7bd318407000-7bd318408000 rw-p 00031000 00:2d 394145                     /usr/lib/x86_64-linux-gnu/liblzma.so.5.4.5
7bd318408000-7bd31840b000 r--p 00000000 00:2d 830485                     /usr/local/python/3.12.1/lib/python3.12/lib-dynload/_lzma.cpython-312-x86_64-linux-gnu.so
7bd31840b000-7bd31840f000 r-xp 00003000 00:2d 830485                     /usr/local/python/3.12.1/lib/python3.12/lib-dynload/_lzma.cpython-312-x86_64-linux-gnu.so
7bd31840f000-7bd318412000 r--p 00007000 00:2d 830485                     /usr/local/python/3.12.1/lib/python3.12/lib-dynload/_lzma.cpython-312-x86_64-linux-gnu.so
7bd318412000-7bd318413000 r--p 00009000 00:2d 830485                     /usr/local/python/3.12.1/lib/python3.12/lib-dynload/_lzma.cpython-312-x86_64-linux-gnu.so
7bd318413000-7bd318414000 rw-p 0000a000 00:2d 830485                     /usr/local/python/3.12.1/lib/python3.12/lib-dynload/_lzma.cpython-312-x86_64-linux-gnu.so
7bd318414000-7bd318416000 r--p 00000000 00:2d 394103                     /usr/lib/x86_64-linux-gnu/libbz2.so.1.0.4
7bd318416000-7bd318424000 r-xp 00002000 00:2d 394103                     /usr/lib/x86_64-linux-gnu/libbz2.so.1.0.4
7bd318424000-7bd318426000 r--p 00010000 00:2d 394103                     /usr/lib/x86_64-linux-gnu/libbz2.so.1.0.4
7bd318426000-7bd318427000 r--p 00011000 00:2d 394103                     /usr/lib/x86_64-linux-gnu/libbz2.so.1.0.4
7bd318427000-7bd318428000 rw-p 00012000 00:2d 394103                     /usr/lib/x86_64-linux-gnu/libbz2.so.1.0.4
7bd318428000-7bd318429000 r--p 00000000 00:2d 393779                     /usr/lib/locale/C.utf8/LC_TELEPHONE
7bd318429000-7bd31842a000 r--p 00000000 00:2d 393772                     /usr/lib/locale/C.utf8/LC_MEASUREMENT
7bd31842a000-7bd31842b000 r--p 00000000 00:2d 830511                     /usr/local/python/3.12.1/lib/python3.12/lib-dynload/_uuid.cpython-312-x86_64-linux-gnu.so
7bd31842b000-7bd31842c000 r-xp 00001000 00:2d 830511                     /usr/local/python/3.12.1/lib/python3.12/lib-dynload/_uuid.cpython-312-x86_64-linux-gnu.so
7bd31842c000-7bd31842d000 r--p 00002000 00:2d 830511                     /usr/local/python/3.12.1/lib/python3.12/lib-dynload/_uuid.cpython-312-x86_64-linux-gnu.so
7bd31842d000-7bd31842e000 r--p 00002000 00:2d 830511                     /usr/local/python/3.12.1/lib/python3.12/lib-dynload/_uuid.cpython-312-x86_64-linux-gnu.so
7bd31842e000-7bd31842f000 rw-p 00003000 00:2d 830511                     /usr/local/python/3.12.1/lib/python3.12/lib-dynload/_uuid.cpython-312-x86_64-linux-gnu.so
7bd31842f000-7bd318431000 r--p 00000000 00:2d 830463                     /usr/local/python/3.12.1/lib/python3.12/lib-dynload/_bz2.cpython-312-x86_64-linux-gnu.so
7bd318431000-7bd318433000 r-xp 00002000 00:2d 830463                     /usr/local/python/3.12.1/lib/python3.12/lib-dynload/_bz2.cpython-312-x86_64-linux-gnu.so
7bd318433000-7bd318434000 r--p 00004000 00:2d 830463                     /usr/local/python/3.12.1/lib/python3.12/lib-dynload/_bz2.cpython-312-x86_64-linux-gnu.so
7bd318434000-7bd318435000 r--p 00005000 00:2d 830463                     /usr/local/python/3.12.1/lib/python3.12/lib-dynload/_bz2.cpython-312-x86_64-linux-gnu.so
7bd318435000-7bd318436000 rw-p 00006000 00:2d 830463                     /usr/local/python/3.12.1/lib/python3.12/lib-dynload/_bz2.cpython-312-x86_64-linux-gnu.so
7bd318436000-7bd318536000 rw-p 00000000 00:00 0 
7bd318536000-7bd318537000 r--p 00000000 00:2d 393771                     /usr/lib/locale/C.utf8/LC_IDENTIFICATION
7bd318537000-7bd318538000 ---p 00000000 00:00 0 
7bd318538000-7bd318539000 r--p 00000000 00:00 0 
7bd318539000-7bd31853a000 ---p 00000000 00:00 0 
7bd31853a000-7bd31853c000 r--p 00000000 00:2d 830521                     /usr/local/python/3.12.1/lib/python3.12/lib-dynload/grp.cpython-312-x86_64-linux-gnu.so
7bd31853c000-7bd31853d000 r-xp 00002000 00:2d 830521                     /usr/local/python/3.12.1/lib/python3.12/lib-dynload/grp.cpython-312-x86_64-linux-gnu.so
7bd31853d000-7bd31853e000 r--p 00003000 00:2d 830521                     /usr/local/python/3.12.1/lib/python3.12/lib-dynload/grp.cpython-312-x86_64-linux-gnu.so
7bd31853e000-7bd31853f000 r--p 00003000 00:2d 830521                     /usr/local/python/3.12.1/lib/python3.12/lib-dynload/grp.cpython-312-x86_64-linux-gnu.so
7bd31853f000-7bd318540000 rw-p 00004000 00:2d 830521                     /usr/local/python/3.12.1/lib/python3.12/lib-dynload/grp.cpython-312-x86_64-linux-gnu.so
7bd318540000-7bd318544000 r--p 00000000 00:2d 1062257                    /usr/local/python/3.12.1/lib/python3.12/site-packages/yarl/_quoting_c.cpython-312-x86_64-linux-gnu.so
7bd318544000-7bd318559000 r-xp 00004000 00:2d 1062257                    /usr/local/python/3.12.1/lib/python3.12/site-packages/yarl/_quoting_c.cpython-312-x86_64-linux-gnu.so
7bd318559000-7bd31855d000 r--p 00019000 00:2d 1062257                    /usr/local/python/3.12.1/lib/python3.12/site-packages/yarl/_quoting_c.cpython-312-x86_64-linux-gnu.so
7bd31855d000-7bd31855e000 r--p 0001c000 00:2d 1062257                    /usr/local/python/3.12.1/lib/python3.12/site-packages/yarl/_quoting_c.cpython-312-x86_64-linux-gnu.so
7bd31855e000-7bd31855f000 rw-p 0001d000 00:2d 1062257                    /usr/local/python/3.12.1/lib/python3.12/site-packages/yarl/_quoting_c.cpython-312-x86_64-linux-gnu.so
7bd31855f000-7bd318560000 rw-p 00000000 00:00 0 
7bd318560000-7bd318564000 r--p 00000000 00:2d 1062199                    /usr/local/python/3.12.1/lib/python3.12/site-packages/multidict/_multidict.cpython-312-x86_64-linux-gnu.so
7bd318564000-7bd318575000 r-xp 00004000 00:2d 1062199                    /usr/local/python/3.12.1/lib/python3.12/site-packages/multidict/_multidict.cpython-312-x86_64-linux-gnu.so
7bd318575000-7bd318578000 r--p 00015000 00:2d 1062199                    /usr/local/python/3.12.1/lib/python3.12/site-packages/multidict/_multidict.cpython-312-x86_64-linux-gnu.so
7bd318578000-7bd318579000 r--p 00018000 00:2d 1062199                    /usr/local/python/3.12.1/lib/python3.12/site-packages/multidict/_multidict.cpython-312-x86_64-linux-gnu.so
7bd318579000-7bd31857b000 rw-p 00019000 00:2d 1062199                    /usr/local/python/3.12.1/lib/python3.12/site-packages/multidict/_multidict.cpython-312-x86_64-linux-gnu.so
7bd31857b000-7bd318582000 r--p 00000000 00:2d 830499                     /usr/local/python/3.12.1/lib/python3.12/lib-dynload/_sqlite3.cpython-312-x86_64-linux-gnu.so
7bd318582000-7bd318592000 r-xp 00007000 00:2d 830499                     /usr/local/python/3.12.1/lib/python3.12/lib-dynload/_sqlite3.cpython-312-x86_64-linux-gnu.so
7bd318592000-7bd318599000 r--p 00017000 00:2d 830499                     /usr/local/python/3.12.1/lib/python3.12/lib-dynload/_sqlite3.cpython-312-x86_64-linux-gnu.so
7bd318599000-7bd31859a000 r--p 0001e000 00:2d 830499                     /usr/local/python/3.12.1/lib/python3.12/lib-dynload/_sqlite3.cpython-312-x86_64-linux-gnu.so
7bd31859a000-7bd31859c000 rw-p 0001f000 00:2d 830499                     /usr/local/python/3.12.1/lib/python3.12/lib-dynload/_sqlite3.cpython-312-x86_64-linux-gnu.so
7bd31859c000-7bd3185a1000 r--p 00000000 00:2d 830477                     /usr/local/python/3.12.1/lib/python3.12/lib-dynload/_datetime.cpython-312-x86_64-linux-gnu.so
7bd3185a1000-7bd3185b2000 r-xp 00005000 00:2d 830477                     /usr/local/python/3.12.1/lib/python3.12/lib-dynload/_datetime.cpython-312-x86_64-linux-gnu.so
7bd3185b2000-7bd3185b7000 r--p 00016000 00:2d 830477                     /usr/local/python/3.12.1/lib/python3.12/lib-dynload/_datetime.cpython-312-x86_64-linux-gnu.so
7bd3185b7000-7bd3185b8000 r--p 0001b000 00:2d 830477                     /usr/local/python/3.12.1/lib/python3.12/lib-dynload/_datetime.cpython-312-x86_64-linux-gnu.so
7bd3185b8000-7bd3185bb000 rw-p 0001c000 00:2d 830477                     /usr/local/python/3.12.1/lib/python3.12/lib-dynload/_datetime.cpython-312-x86_64-linux-gnu.so
7bd3185bb000-7bd3187bb000 rw-p 00000000 00:00 0 
7bd3187bb000-7bd3187bd000 r--p 00000000 00:2d 830483                     /usr/local/python/3.12.1/lib/python3.12/lib-dynload/_json.cpython-312-x86_64-linux-gnu.so
7bd3187bd000-7bd3187c3000 r-xp 00002000 00:2d 830483                     /usr/local/python/3.12.1/lib/python3.12/lib-dynload/_json.cpython-312-x86_64-linux-gnu.so
7bd3187c3000-7bd3187c5000 r--p 00008000 00:2d 830483                     /usr/local/python/3.12.1/lib/python3.12/lib-dynload/_json.cpython-312-x86_64-linux-gnu.so
7bd3187c5000-7bd3187c6000 r--p 00009000 00:2d 830483                     /usr/local/python/3.12.1/lib/python3.12/lib-dynload/_json.cpython-312-x86_64-linux-gnu.so
7bd3187c6000-7bd3187c7000 rw-p 0000a000 00:2d 830483                     /usr/local/python/3.12.1/lib/python3.12/lib-dynload/_json.cpython-312-x86_64-linux-gnu.so
7bd3187c7000-7bd3187cb000 r--p 00000000 00:2d 830460                     /usr/local/python/3.12.1/lib/python3.12/lib-dynload/_asyncio.cpython-312-x86_64-linux-gnu.so
7bd3187cb000-7bd3187d4000 r-xp 00004000 00:2d 830460                     /usr/local/python/3.12.1/lib/python3.12/lib-dynload/_asyncio.cpython-312-x86_64-linux-gnu.so
7bd3187d4000-7bd3187d8000 r--p 0000d000 00:2d 830460                     /usr/local/python/3.12.1/lib/python3.12/lib-dynload/_asyncio.cpython-312-x86_64-linux-gnu.so
7bd3187d8000-7bd3187d9000 r--p 00011000 00:2d 830460                     /usr/local/python/3.12.1/lib/python3.12/lib-dynload/_asyncio.cpython-312-x86_64-linux-gnu.so
7bd3187d9000-7bd3187db000 rw-p 00012000 00:2d 830460                     /usr/local/python/3.12.1/lib/python3.12/lib-dynload/_asyncio.cpython-312-x86_64-linux-gnu.so
7bd3187db000-7bd3188db000 rw-p 00000000 00:00 0 
7bd3188db000-7bd3188dd000 r--p 00000000 00:2d 394217                     /usr/lib/x86_64-linux-gnu/libz.so.1.3
7bd3188dd000-7bd3188ef000 r-xp 00002000 00:2d 394217                     /usr/lib/x86_64-linux-gnu/libz.so.1.3
7bd3188ef000-7bd3188f5000 r--p 00014000 00:2d 394217                     /usr/lib/x86_64-linux-gnu/libz.so.1.3
7bd3188f5000-7bd3188f6000 r--p 0001a000 00:2d 394217                     /usr/lib/x86_64-linux-gnu/libz.so.1.3
7bd3188f6000-7bd3188f7000 rw-p 0001b000 00:2d 394217                     /usr/lib/x86_64-linux-gnu/libz.so.1.3
7bd3188f7000-7bd3189aa000 r--p 00000000 00:2d 394114                     /usr/lib/x86_64-linux-gnu/libcrypto.so.3
7bd3189aa000-7bd318cdd000 r-xp 000b3000 00:2d 394114                     /usr/lib/x86_64-linux-gnu/libcrypto.so.3
7bd318cdd000-7bd318da8000 r--p 003e6000 00:2d 394114                     /usr/lib/x86_64-linux-gnu/libcrypto.so.3
7bd318da8000-7bd318e04000 r--p 004b0000 00:2d 394114                     /usr/lib/x86_64-linux-gnu/libcrypto.so.3
7bd318e04000-7bd318e07000 rw-p 0050c000 00:2d 394114                     /usr/lib/x86_64-linux-gnu/libcrypto.so.3
7bd318e07000-7bd318e0a000 rw-p 00000000 00:00 0 
7bd318e0a000-7bd318e28000 r--p 00000000 00:2d 394195                     /usr/lib/x86_64-linux-gnu/libssl.so.3
7bd318e28000-7bd318e8a000 r-xp 0001e000 00:2d 394195                     /usr/lib/x86_64-linux-gnu/libssl.so.3
7bd318e8a000-7bd318ea6000 r--p 00080000 00:2d 394195                     /usr/lib/x86_64-linux-gnu/libssl.so.3
7bd318ea6000-7bd318eb0000 r--p 0009c000 00:2d 394195                     /usr/lib/x86_64-linux-gnu/libssl.so.3
7bd318eb0000-7bd318eb4000 rw-p 000a6000 00:2d 394195                     /usr/lib/x86_64-linux-gnu/libssl.so.3
7bd318eb4000-7bd318ec6000 r--p 00000000 00:2d 830500                     /usr/local/python/3.12.1/lib/python3.12/lib-dynload/_ssl.cpython-312-x86_64-linux-gnu.so
7bd318ec6000-7bd318ed5000 r-xp 00012000 00:2d 830500                     /usr/local/python/3.12.1/lib/python3.12/lib-dynload/_ssl.cpython-312-x86_64-linux-gnu.so
7bd318ed5000-7bd318ee3000 r--p 00021000 00:2d 830500                     /usr/local/python/3.12.1/lib/python3.12/lib-dynload/_ssl.cpython-312-x86_64-linux-gnu.so
7bd318ee3000-7bd318ee4000 r--p 0002e000 00:2d 830500                     /usr/local/python/3.12.1/lib/python3.12/lib-dynload/_ssl.cpython-312-x86_64-linux-gnu.so
7bd318ee4000-7bd318eed000 rw-p 0002f000 00:2d 830500                     /usr/local/python/3.12.1/lib/python3.12/lib-dynload/_ssl.cpython-312-x86_64-linux-gnu.so
7bd318eed000-7bd3190ed000 rw-p 00000000 00:00 0 
7bd3190ed000-7bd3190ee000 r--p 00000000 00:2d 394185                     /usr/lib/x86_64-linux-gnu/librt.so.1
7bd3190ee000-7bd3190ef000 r-xp 00001000 00:2d 394185                     /usr/lib/x86_64-linux-gnu/librt.so.1
7bd3190ef000-7bd3190f0000 r--p 00002000 00:2d 394185                     /usr/lib/x86_64-linux-gnu/librt.so.1
7bd3190f0000-7bd3190f1000 r--p 00002000 00:2d 394185                     /usr/lib/x86_64-linux-gnu/librt.so.1
7bd3190f1000-7bd3190f2000 rw-p 00003000 00:2d 394185                     /usr/lib/x86_64-linux-gnu/librt.so.1
7bd3190f2000-7bd3190f5000 r--p 00000000 00:2d 830536                     /usr/local/python/3.12.1/lib/python3.12/lib-dynload/zlib.cpython-312-x86_64-linux-gnu.so
7bd3190f5000-7bd3190fc000 r-xp 00003000 00:2d 830536                     /usr/local/python/3.12.1/lib/python3.12/lib-dynload/zlib.cpython-312-x86_64-linux-gnu.so
7bd3190fc000-7bd3190ff000 r--p 0000a000 00:2d 830536                     /usr/local/python/3.12.1/lib/python3.12/lib-dynload/zlib.cpython-312-x86_64-linux-gnu.so
7bd3190ff000-7bd319100000 r--p 0000c000 00:2d 830536                     /usr/local/python/3.12.1/lib/python3.12/lib-dynload/zlib.cpython-312-x86_64-linux-gnu.so
7bd319100000-7bd319101000 rw-p 0000d000 00:2d 830536                     /usr/local/python/3.12.1/lib/python3.12/lib-dynload/zlib.cpython-312-x86_64-linux-gnu.so
7bd319101000-7bd319103000 r--p 00000000 00:2d 830496                     /usr/local/python/3.12.1/lib/python3.12/lib-dynload/_sha2.cpython-312-x86_64-linux-gnu.so
7bd319103000-7bd31910e000 r-xp 00002000 00:2d 830496                     /usr/local/python/3.12.1/lib/python3.12/lib-dynload/_sha2.cpython-312-x86_64-linux-gnu.so
7bd31910e000-7bd319110000 r--p 0000d000 00:2d 830496                     /usr/local/python/3.12.1/lib/python3.12/lib-dynload/_sha2.cpython-312-x86_64-linux-gnu.so
7bd319110000-7bd319111000 r--p 0000e000 00:2d 830496                     /usr/local/python/3.12.1/lib/python3.12/lib-dynload/_sha2.cpython-312-x86_64-linux-gnu.so
7bd319111000-7bd319112000 rw-p 0000f000 00:2d 830496                     /usr/local/python/3.12.1/lib/python3.12/lib-dynload/_sha2.cpython-312-x86_64-linux-gnu.so
7bd319112000-7bd319114000 r--p 00000000 00:2d 830494                     /usr/local/python/3.12.1/lib/python3.12/lib-dynload/_random.cpython-312-x86_64-linux-gnu.so
7bd319114000-7bd319116000 r-xp 00002000 00:2d 830494                     /usr/local/python/3.12.1/lib/python3.12/lib-dynload/_random.cpython-312-x86_64-linux-gnu.so
7bd319116000-7bd319117000 r--p 00004000 00:2d 830494                     /usr/local/python/3.12.1/lib/python3.12/lib-dynload/_random.cpython-312-x86_64-linux-gnu.so
7bd319117000-7bd319118000 r--p 00004000 00:2d 830494                     /usr/local/python/3.12.1/lib/python3.12/lib-dynload/_random.cpython-312-x86_64-linux-gnu.so
7bd319118000-7bd319119000 rw-p 00005000 00:2d 830494                     /usr/local/python/3.12.1/lib/python3.12/lib-dynload/_random.cpython-312-x86_64-linux-gnu.so
7bd319119000-7bd31911b000 r--p 00000000 00:2d 830461                     /usr/local/python/3.12.1/lib/python3.12/lib-dynload/_bisect.cpython-312-x86_64-linux-gnu.so
7bd31911b000-7bd31911e000 r-xp 00002000 00:2d 830461                     /usr/local/python/3.12.1/lib/python3.12/lib-dynload/_bisect.cpython-312-x86_64-linux-gnu.so
7bd31911e000-7bd31911f000 r--p 00005000 00:2d 830461                     /usr/local/python/3.12.1/lib/python3.12/lib-dynload/_bisect.cpython-312-x86_64-linux-gnu.so
7bd31911f000-7bd319120000 r--p 00005000 00:2d 830461                     /usr/local/python/3.12.1/lib/python3.12/lib-dynload/_bisect.cpython-312-x86_64-linux-gnu.so
7bd319120000-7bd319121000 rw-p 00006000 00:2d 830461                     /usr/local/python/3.12.1/lib/python3.12/lib-dynload/_bisect.cpython-312-x86_64-linux-gnu.so
7bd319121000-7bd319123000 r--p 00000000 00:2d 830493                     /usr/local/python/3.12.1/lib/python3.12/lib-dynload/_queue.cpython-312-x86_64-linux-gnu.so
7bd319123000-7bd319125000 r-xp 00002000 00:2d 830493                     /usr/local/python/3.12.1/lib/python3.12/lib-dynload/_queue.cpython-312-x86_64-linux-gnu.so
7bd319125000-7bd319126000 r--p 00004000 00:2d 830493                     /usr/local/python/3.12.1/lib/python3.12/lib-dynload/_queue.cpython-312-x86_64-linux-gnu.so
7bd319126000-7bd319127000 r--p 00004000 00:2d 830493                     /usr/local/python/3.12.1/lib/python3.12/lib-dynload/_queue.cpython-312-x86_64-linux-gnu.so
7bd319127000-7bd319128000 rw-p 00005000 00:2d 830493                     /usr/local/python/3.12.1/lib/python3.12/lib-dynload/_queue.cpython-312-x86_64-linux-gnu.so
7bd319128000-7bd319129000 r--p 00000000 00:2d 830470                     /usr/local/python/3.12.1/lib/python3.12/lib-dynload/_contextvars.cpython-312-x86_64-linux-gnu.so
7bd319129000-7bd31912a000 r-xp 00001000 00:2d 830470                     /usr/local/python/3.12.1/lib/python3.12/lib-dynload/_contextvars.cpython-312-x86_64-linux-gnu.so
7bd31912a000-7bd31912b000 r--p 00002000 00:2d 830470                     /usr/local/python/3.12.1/lib/python3.12/lib-dynload/_contextvars.cpython-312-x86_64-linux-gnu.so
7bd31912b000-7bd31912c000 r--p 00002000 00:2d 830470                     /usr/local/python/3.12.1/lib/python3.12/lib-dynload/_contextvars.cpython-312-x86_64-linux-gnu.so
7bd31912c000-7bd31912d000 rw-p 00003000 00:2d 830470                     /usr/local/python/3.12.1/lib/python3.12/lib-dynload/_contextvars.cpython-312-x86_64-linux-gnu.so
7bd31912d000-7bd31912e000 r--p 00000000 00:2d 830489                     /usr/local/python/3.12.1/lib/python3.12/lib-dynload/_opcode.cpython-312-x86_64-linux-gnu.so
7bd31912e000-7bd31912f000 r-xp 00001000 00:2d 830489                     /usr/local/python/3.12.1/lib/python3.12/lib-dynload/_opcode.cpython-312-x86_64-linux-gnu.so
7bd31912f000-7bd319130000 r--p 00002000 00:2d 830489                     /usr/local/python/3.12.1/lib/python3.12/lib-dynload/_opcode.cpython-312-x86_64-linux-gnu.so
7bd319130000-7bd319131000 r--p 00002000 00:2d 830489                     /usr/local/python/3.12.1/lib/python3.12/lib-dynload/_opcode.cpython-312-x86_64-linux-gnu.so
7bd319131000-7bd319132000 rw-p 00003000 00:2d 830489                     /usr/local/python/3.12.1/lib/python3.12/lib-dynload/_opcode.cpython-312-x86_64-linux-gnu.so
7bd319132000-7bd319134000 r--p 00000000 00:2d 830518                     /usr/local/python/3.12.1/lib/python3.12/lib-dynload/binascii.cpython-312-x86_64-linux-gnu.so
7bd319134000-7bd319137000 r-xp 00002000 00:2d 830518                     /usr/local/python/3.12.1/lib/python3.12/lib-dynload/binascii.cpython-312-x86_64-linux-gnu.so
7bd319137000-7bd319139000 r--p 00005000 00:2d 830518                     /usr/local/python/3.12.1/lib/python3.12/lib-dynload/binascii.cpython-312-x86_64-linux-gnu.so
7bd319139000-7bd31913a000 r--p 00006000 00:2d 830518                     /usr/local/python/3.12.1/lib/python3.12/lib-dynload/binascii.cpython-312-x86_64-linux-gnu.so
7bd31913a000-7bd31913b000 rw-p 00007000 00:2d 830518                     /usr/local/python/3.12.1/lib/python3.12/lib-dynload/binascii.cpython-312-x86_64-linux-gnu.so
7bd31913b000-7bd31913c000 r--p 00000000 00:2d 830482                     /usr/local/python/3.12.1/lib/python3.12/lib-dynload/_heapq.cpython-312-x86_64-linux-gnu.so
7bd31913c000-7bd31913e000 r-xp 00001000 00:2d 830482                     /usr/local/python/3.12.1/lib/python3.12/lib-dynload/_heapq.cpython-312-x86_64-linux-gnu.so
7bd31913e000-7bd319141000 r--p 00003000 00:2d 830482                     /usr/local/python/3.12.1/lib/python3.12/lib-dynload/_heapq.cpython-312-x86_64-linux-gnu.so
7bd319141000-7bd319142000 r--p 00005000 00:2d 830482                     /usr/local/python/3.12.1/lib/python3.12/lib-dynload/_heapq.cpython-312-x86_64-linux-gnu.so
7bd319142000-7bd319143000 rw-p 00006000 00:2d 830482                     /usr/local/python/3.12.1/lib/python3.12/lib-dynload/_heapq.cpython-312-x86_64-linux-gnu.so
7bd319143000-7bd319144000 r--p 00000000 00:2d 830491                     /usr/local/python/3.12.1/lib/python3.12/lib-dynload/_posixshmem.cpython-312-x86_64-linux-gnu.so
7bd319144000-7bd319145000 r-xp 00001000 00:2d 830491                     /usr/local/python/3.12.1/lib/python3.12/lib-dynload/_posixshmem.cpython-312-x86_64-linux-gnu.so
7bd319145000-7bd319146000 r--p 00002000 00:2d 830491                     /usr/local/python/3.12.1/lib/python3.12/lib-dynload/_posixshmem.cpython-312-x86_64-linux-gnu.so
7bd319146000-7bd319147000 r--p 00002000 00:2d 830491                     /usr/local/python/3.12.1/lib/python3.12/lib-dynload/_posixshmem.cpython-312-x86_64-linux-gnu.so
7bd319147000-7bd319148000 rw-p 00003000 00:2d 830491                     /usr/local/python/3.12.1/lib/python3.12/lib-dynload/_posixshmem.cpython-312-x86_64-linux-gnu.so
7bd319148000-7bd31914a000 r--p 00000000 00:2d 830488                     /usr/local/python/3.12.1/lib/python3.12/lib-dynload/_multiprocessing.cpython-312-x86_64-linux-gnu.so
7bd31914a000-7bd31914c000 r-xp 00002000 00:2d 830488                     /usr/local/python/3.12.1/lib/python3.12/lib-dynload/_multiprocessing.cpython-312-x86_64-linux-gnu.so
7bd31914c000-7bd31914d000 r--p 00004000 00:2d 830488                     /usr/local/python/3.12.1/lib/python3.12/lib-dynload/_multiprocessing.cpython-312-x86_64-linux-gnu.so
7bd31914d000-7bd31914e000 r--p 00004000 00:2d 830488                     /usr/local/python/3.12.1/lib/python3.12/lib-dynload/_multiprocessing.cpython-312-x86_64-linux-gnu.so
7bd31914e000-7bd31914f000 rw-p 00005000 00:2d 830488                     /usr/local/python/3.12.1/lib/python3.12/lib-dynload/_multiprocessing.cpython-312-x86_64-linux-gnu.so
7bd31914f000-7bd319151000 r--p 00000000 00:2d 830492                     /usr/local/python/3.12.1/lib/python3.12/lib-dynload/_posixsubprocess.cpython-312-x86_64-linux-gnu.so
7bd319151000-7bd319154000 r-xp 00002000 00:2d 830492                     /usr/local/python/3.12.1/lib/python3.12/lib-dynload/_posixsubprocess.cpython-312-x86_64-linux-gnu.so
7bd319154000-7bd319155000 r--p 00005000 00:2d 830492                     /usr/local/python/3.12.1/lib/python3.12/lib-dynload/_posixsubprocess.cpython-312-x86_64-linux-gnu.so
7bd319155000-7bd319156000 r--p 00005000 00:2d 830492                     /usr/local/python/3.12.1/lib/python3.12/lib-dynload/_posixsubprocess.cpython-312-x86_64-linux-gnu.so
7bd319156000-7bd319157000 rw-p 00006000 00:2d 830492                     /usr/local/python/3.12.1/lib/python3.12/lib-dynload/_posixsubprocess.cpython-312-x86_64-linux-gnu.so
7bd319157000-7bd319158000 r--p 00000000 00:2d 830520                     /usr/local/python/3.12.1/lib/python3.12/lib-dynload/fcntl.cpython-312-x86_64-linux-gnu.so
7bd319158000-7bd31915a000 r-xp 00001000 00:2d 830520                     /usr/local/python/3.12.1/lib/python3.12/lib-dynload/fcntl.cpython-312-x86_64-linux-gnu.so
7bd31915a000-7bd31915c000 r--p 00003000 00:2d 830520                     /usr/local/python/3.12.1/lib/python3.12/lib-dynload/fcntl.cpython-312-x86_64-linux-gnu.so
7bd31915c000-7bd31915d000 r--p 00004000 00:2d 830520                     /usr/local/python/3.12.1/lib/python3.12/lib-dynload/fcntl.cpython-312-x86_64-linux-gnu.so
7bd31915d000-7bd31915e000 rw-p 00005000 00:2d 830520                     /usr/local/python/3.12.1/lib/python3.12/lib-dynload/fcntl.cpython-312-x86_64-linux-gnu.so
7bd31915e000-7bd319162000 r--p 00000000 00:2d 830516                     /usr/local/python/3.12.1/lib/python3.12/lib-dynload/array.cpython-312-x86_64-linux-gnu.so
7bd319162000-7bd31916a000 r-xp 00004000 00:2d 830516                     /usr/local/python/3.12.1/lib/python3.12/lib-dynload/array.cpython-312-x86_64-linux-gnu.so
7bd31916a000-7bd31916e000 r--p 0000c000 00:2d 830516                     /usr/local/python/3.12.1/lib/python3.12/lib-dynload/array.cpython-312-x86_64-linux-gnu.so
7bd31916e000-7bd31916f000 r--p 0000f000 00:2d 830516                     /usr/local/python/3.12.1/lib/python3.12/lib-dynload/array.cpython-312-x86_64-linux-gnu.so
7bd31916f000-7bd319170000 rw-p 00010000 00:2d 830516                     /usr/local/python/3.12.1/lib/python3.12/lib-dynload/array.cpython-312-x86_64-linux-gnu.so
7bd319170000-7bd319172000 r--p 00000000 00:2d 830528                     /usr/local/python/3.12.1/lib/python3.12/lib-dynload/select.cpython-312-x86_64-linux-gnu.so
7bd319172000-7bd319175000 r-xp 00002000 00:2d 830528                     /usr/local/python/3.12.1/lib/python3.12/lib-dynload/select.cpython-312-x86_64-linux-gnu.so
7bd319175000-7bd319177000 r--p 00005000 00:2d 830528                     /usr/local/python/3.12.1/lib/python3.12/lib-dynload/select.cpython-312-x86_64-linux-gnu.so
7bd319177000-7bd319178000 r--p 00006000 00:2d 830528                     /usr/local/python/3.12.1/lib/python3.12/lib-dynload/select.cpython-312-x86_64-linux-gnu.so
7bd319178000-7bd319179000 rw-p 00007000 00:2d 830528                     /usr/local/python/3.12.1/lib/python3.12/lib-dynload/select.cpython-312-x86_64-linux-gnu.so
7bd319179000-7bd31917c000 r--p 00000000 00:2d 830522                     /usr/local/python/3.12.1/lib/python3.12/lib-dynload/math.cpython-312-x86_64-linux-gnu.so
7bd31917c000-7bd319188000 r-xp 00003000 00:2d 830522                     /usr/local/python/3.12.1/lib/python3.12/lib-dynload/math.cpython-312-x86_64-linux-gnu.so
7bd319188000-7bd31918d000 r--p 0000f000 00:2d 830522                     /usr/local/python/3.12.1/lib/python3.12/lib-dynload/math.cpython-312-x86_64-linux-gnu.so
7bd31918d000-7bd31918e000 r--p 00013000 00:2d 830522                     /usr/local/python/3.12.1/lib/python3.12/lib-dynload/math.cpython-312-x86_64-linux-gnu.so
7bd31918e000-7bd31918f000 rw-p 00014000 00:2d 830522                     /usr/local/python/3.12.1/lib/python3.12/lib-dynload/math.cpython-312-x86_64-linux-gnu.so
7bd31918f000-7bd319193000 r--p 00000000 00:2d 830498                     /usr/local/python/3.12.1/lib/python3.12/lib-dynload/_socket.cpython-312-x86_64-linux-gnu.so
7bd319193000-7bd3191a0000 r-xp 00004000 00:2d 830498                     /usr/local/python/3.12.1/lib/python3.12/lib-dynload/_socket.cpython-312-x86_64-linux-gnu.so
7bd3191a0000-7bd3191a9000 r--p 00011000 00:2d 830498                     /usr/local/python/3.12.1/lib/python3.12/lib-dynload/_socket.cpython-312-x86_64-linux-gnu.so
7bd3191a9000-7bd3191aa000 r--p 00019000 00:2d 830498                     /usr/local/python/3.12.1/lib/python3.12/lib-dynload/_socket.cpython-312-x86_64-linux-gnu.so
7bd3191aa000-7bd3191ab000 rw-p 0001a000 00:2d 830498                     /usr/local/python/3.12.1/lib/python3.12/lib-dynload/_socket.cpython-312-x86_64-linux-gnu.so
7bd3191ab000-7bd3191b0000 r--p 00000000 00:2d 830490                     /usr/local/python/3.12.1/lib/python3.12/lib-dynload/_pickle.cpython-312-x86_64-linux-gnu.so
7bd3191b0000-7bd3191c2000 r-xp 00005000 00:2d 830490                     /usr/local/python/3.12.1/lib/python3.12/lib-dynload/_pickle.cpython-312-x86_64-linux-gnu.so
7bd3191c2000-7bd3191c8000 r--p 00017000 00:2d 830490                     /usr/local/python/3.12.1/lib/python3.12/lib-dynload/_pickle.cpython-312-x86_64-linux-gnu.so
7bd3191c8000-7bd3191c9000 r--p 0001c000 00:2d 830490                     /usr/local/python/3.12.1/lib/python3.12/lib-dynload/_pickle.cpython-312-x86_64-linux-gnu.so
7bd3191c9000-7bd3191ca000 rw-p 0001d000 00:2d 830490                     /usr/local/python/3.12.1/lib/python3.12/lib-dynload/_pickle.cpython-312-x86_64-linux-gnu.so
7bd3191ca000-7bd3191cd000 r--p 00000000 00:2d 830502                     /usr/local/python/3.12.1/lib/python3.12/lib-dynload/_struct.cpython-312-x86_64-linux-gnu.so
7bd3191cd000-7bd3191d3000 r-xp 00003000 00:2d 830502                     /usr/local/python/3.12.1/lib/python3.12/lib-dynload/_struct.cpython-312-x86_64-linux-gnu.so
7bd3191d3000-7bd3191d6000 r--p 00009000 00:2d 830502                     /usr/local/python/3.12.1/lib/python3.12/lib-dynload/_struct.cpython-312-x86_64-linux-gnu.so
7bd3191d6000-7bd3191d7000 r--p 0000c000 00:2d 830502                     /usr/local/python/3.12.1/lib/python3.12/lib-dynload/_struct.cpython-312-x86_64-linux-gnu.so
7bd3191d7000-7bd3191d8000 rw-p 0000d000 00:2d 830502                     /usr/local/python/3.12.1/lib/python3.12/lib-dynload/_struct.cpython-312-x86_64-linux-gnu.so
7bd3191d8000-7bd31953e000 rw-p 00000000 00:00 0 
7bd31953e000-7bd319597000 r--p 00000000 00:2d 393770                     /usr/lib/locale/C.utf8/LC_CTYPE
7bd319597000-7bd319882000 r--p 00000000 00:2d 531685                     /usr/lib/locale/locale-archive
7bd319882000-7bd319885000 rw-p 00000000 00:00 0 
7bd319885000-7bd3198ad000 r--p 00000000 00:2d 394104                     /usr/lib/x86_64-linux-gnu/libc.so.6
7bd3198ad000-7bd319a35000 r-xp 00028000 00:2d 394104                     /usr/lib/x86_64-linux-gnu/libc.so.6
7bd319a35000-7bd319a84000 r--p 001b0000 00:2d 394104                     /usr/lib/x86_64-linux-gnu/libc.so.6
7bd319a84000-7bd319a88000 r--p 001fe000 00:2d 394104                     /usr/lib/x86_64-linux-gnu/libc.so.6
7bd319a88000-7bd319a8a000 rw-p 00202000 00:2d 394104                     /usr/lib/x86_64-linux-gnu/libc.so.6
7bd319a8a000-7bd319a97000 rw-p 00000000 00:00 0 
7bd319a97000-7bd319aa7000 r--p 00000000 00:2d 394146                     /usr/lib/x86_64-linux-gnu/libm.so.6
7bd319aa7000-7bd319b26000 r-xp 00010000 00:2d 394146                     /usr/lib/x86_64-linux-gnu/libm.so.6
7bd319b26000-7bd319b7e000 r--p 0008f000 00:2d 394146                     /usr/lib/x86_64-linux-gnu/libm.so.6
7bd319b7e000-7bd319b7f000 r--p 000e7000 00:2d 394146                     /usr/lib/x86_64-linux-gnu/libm.so.6
7bd319b7f000-7bd319b80000 rw-p 000e8000 00:2d 394146                     /usr/lib/x86_64-linux-gnu/libm.so.6
7bd319b80000-7bd319b87000 r--s 00000000 00:2d 394075                     /usr/lib/x86_64-linux-gnu/gconv/gconv-modules.cache
7bd319b87000-7bd319b89000 rw-p 00000000 00:00 0 
7bd319b89000-7bd319b8a000 r--p 00000000 00:2d 394084                     /usr/lib/x86_64-linux-gnu/ld-linux-x86-64.so.2
7bd319b8a000-7bd319bb5000 r-xp 00001000 00:2d 394084                     /usr/lib/x86_64-linux-gnu/ld-linux-x86-64.so.2
7bd319bb5000-7bd319bbf000 r--p 0002c000 00:2d 394084                     /usr/lib/x86_64-linux-gnu/ld-linux-x86-64.so.2
7bd319bbf000-7bd319bc1000 r--p 00036000 00:2d 394084                     /usr/lib/x86_64-linux-gnu/ld-linux-x86-64.so.2
7bd319bc1000-7bd319bc3000 rw-p 00038000 00:2d 394084                     /usr/lib/x86_64-linux-gnu/ld-linux-x86-64.so.2
7fff07250000-7fff07254000 ---p 00000000 00:00 0 
7fff07254000-7fff07350000 rw-p 00000000 00:00 0                          [stack]
7fff073c3000-7fff073c7000 r--p 00000000 00:00 0                          [vvar]
7fff073c7000-7fff073c9000 r-xp 00000000 00:00 0                          [vdso]
ffffffffff600000-ffffffffff601000 --xp 00000000 00:00 0                  [vsyscall]
Total number of mappings: 610

JVMTI agents: none


VM Arguments:
jvm_args: -Dfile.encoding=UTF8 -ea -Xmx1024m 
java_command: <unknown>
java_class_path (initial): /usr/local/python/3.12.1/lib/python3.12/site-packages/konlpy/java:/usr/local/python/3.12.1/lib/python3.12/site-packages/konlpy/java/bin:/usr/local/python/3.12.1/lib/python3.12/site-packages/konlpy/java/open-korean-text-2.1.0.jar:/usr/local/python/3.12.1/lib/python3.12/site-packages/konlpy/java/scala-library-2.12.3.jar:/usr/local/python/3.12.1/lib/python3.12/site-packages/konlpy/java/shineware-ds-1.0.jar:/usr/local/python/3.12.1/lib/python3.12/site-packages/konlpy/java/snakeyaml-1.12.jar:/usr/local/python/3.12.1/lib/python3.12/site-packages/konlpy/java/shineware-common-1.0.jar:/usr/local/python/3.12.1/lib/python3.12/site-packages/konlpy/java/jhannanum-0.8.4.jar:/usr/local/python/3.12.1/lib/python3.12/site-packages/konlpy/java/twitter-text-1.14.7.jar:/usr/local/python/3.12.1/lib/python3.12/site-packages/konlpy/java/aho-corasick.jar:/usr/local/python/3.12.1/lib/python3.12/site-packages/konlpy/java/komoran-3.0.jar:/usr/local/python/3.12.1/lib/python3.12/site-packages/konlpy/java/kkma-2.0.jar:/usr/local/python/3.12.1/lib/python3.12/site-packages/konlpy/java/jhannanum-0.8.4.jar:/usr/local/python/3.12.1/lib/python3.12/site-packages/konlpy/java/kkma-2.0.jar:/usr/local/python/3.12.1/lib/python3.12/site-packages/konlpy/java/aho-corasick.jar:/usr/local/python/3.12.1/lib/python3.12/site-packages/konlpy/java/shineware-common-1.0.jar:/usr/local/python/3.12.1/lib/python3.12/site-packages/konlpy/java/shineware-ds-1.0.jar:/usr/local/python/3.12.1/lib/python3.12/site-packages/konlpy/java/komoran-3.0.jar:/usr/local/python/3.12.1/lib/python3.12/site-packages/konlpy/java/snakeyaml-1.12.jar:/usr/local/python/3.12.1/lib/python3.12/site-packages/konlpy/java/scala-library-2.12.3.jar:/usr/local/python/3.12.1/lib/python3.12/site-packages/konlpy/java/open-korean-text-2.1.0.jar:/usr/local/python/3.12.1/lib/python3.12/site-packages/konlpy/java/twitter-text-1.14.7.jar:/usr/local/python/3.12.1/lib/python3.12/site-packages/konlpy/java/open-korean-text-2.1.0.jar:/usr/local/python/3.12.1/lib/python3.12/site-packages/konlpy/java/scala-library-2.12.3.jar:/usr/local/python/3.12.1/lib/python3.12/site-packages/konlpy/java/shineware-ds-1.0.jar:/usr/local/python/3.12.1/lib/python3.12/site-packages/konlpy/java/snakeyaml-1.12.jar:/usr/local/python/3.12.1/lib/python3.12/site-packages/konlpy/java/shineware-common-1.0.jar:/usr/local/python/3.12.1/lib/python3.12/site-packages/konlpy/java/jhannanum-0.8.4.jar:/usr/local/python/3.12.1/lib/python3.12/site-packages/konlpy/java/twitter-text-1.14.7.jar:/usr/local/python/3.12.1/lib/python3.12/site-packages/konlpy/java/aho-corasick.jar:/usr/local/python/3.12.1/lib/python3.12/site-packages/konlpy/java/komoran-3.0.jar:/usr/local/python/3.12.1/lib/python3.12/site-packages/konlpy/java/kkma-2.0.jar:/usr/local/python/3.12.1/lib/python3.12/site-packages/org.jpype.jar
Launcher Type: generic

[Global flags]
     intx CICompilerCount                          = 2                                         {product} {ergonomic}
     uint ConcGCThreads                            = 1                                         {product} {ergonomic}
     uint G1ConcRefinementThreads                  = 2                                         {product} {ergonomic}
   size_t G1HeapRegionSize                         = 1048576                                   {product} {ergonomic}
   size_t InitialHeapSize                          = 132120576                                 {product} {ergonomic}
   size_t MarkStackSize                            = 4194304                                   {product} {ergonomic}
   size_t MarkStackSizeMax                         = 536870912                                 {product} {ergonomic}
   size_t MaxHeapSize                              = 1073741824                                {product} {command line}
   size_t MaxNewSize                               = 643825664                                 {product} {ergonomic}
   size_t MinHeapDeltaBytes                        = 1048576                                   {product} {ergonomic}
   size_t MinHeapSize                              = 8388608                                   {product} {ergonomic}
    uintx NonNMethodCodeHeapSize                   = 5824512                                {pd product} {ergonomic}
    uintx NonProfiledCodeHeapSize                  = 122920960                              {pd product} {ergonomic}
    uintx ProfiledCodeHeapSize                     = 122912768                              {pd product} {ergonomic}
    uintx ReservedCodeCacheSize                    = 251658240                              {pd product} {ergonomic}
     bool SegmentedCodeCache                       = true                                      {product} {ergonomic}
   size_t SoftMaxHeapSize                          = 1073741824                             {manageable} {ergonomic}
     bool UseCompressedOops                        = true                           {product lp64_product} {ergonomic}
     bool UseG1GC                                  = true                                      {product} {ergonomic}

Logging:
Log output configuration:
 #0: stdout all=warning uptime,level,tags foldmultilines=false
 #1: stderr all=off uptime,level,tags foldmultilines=false

Release file:
IMPLEMENTOR="Microsoft"
IMPLEMENTOR_VERSION="Microsoft-12574222"
JAVA_RUNTIME_VERSION="25.0.1+8-LTS"
JAVA_VERSION="25.0.1"
JAVA_VERSION_DATE="2025-10-21"
LIBC="gnu"
MODULES="java.base java.compiler java.datatransfer java.xml java.prefs java.desktop java.instrument java.logging java.management java.security.sasl java.naming java.rmi java.management.rmi java.net.http java.scripting java.security.jgss java.transaction.xa java.sql java.sql.rowset java.xml.crypto java.se java.smartcardio jdk.accessibility jdk.internal.jvmstat jdk.attach jdk.charsets jdk.internal.opt jdk.zipfs jdk.compiler jdk.crypto.cryptoki jdk.crypto.ec jdk.dynalink jdk.internal.ed jdk.editpad jdk.internal.vm.ci jdk.graal.compiler jdk.graal.compiler.management jdk.hotspot.agent jdk.httpserver jdk.incubator.vector jdk.internal.le jdk.internal.md jdk.jartool jdk.javadoc jdk.jcmd jdk.management jdk.management.agent jdk.jconsole jdk.jdeps jdk.jdwp.agent jdk.jdi jdk.jfr jdk.jlink jdk.jpackage jdk.jshell jdk.jsobject jdk.jstatd jdk.localedata jdk.management.jfr jdk.naming.dns jdk.naming.rmi jdk.net jdk.nio.mapmode jdk.sctp jdk.security.auth jdk.security.jgss jdk.unsupported jdk.unsupported.desktop jdk.xml.dom"
OS_ARCH="x86_64"
OS_NAME="Linux"
SOURCE=".:git:a34d2ff2d503"

Environment Variables:
JAVA_HOME=/usr/local/sdkman/candidates/java/current
PATH=/usr/local/rvm/gems/ruby-3.4.7/bin:/usr/local/rvm/gems/ruby-3.4.7@global/bin:/usr/local/rvm/rubies/ruby-3.4.7/bin:/vscode/bin/linux-x64/41dd792b5e652393e7787322889ed5fdc58bd75b/bin/remote-cli:/home/codespace/.local/bin:/home/codespace/.dotnet:/home/codespace/nvm/current/bin:/home/codespace/.php/current/bin:/home/codespace/.python/current/bin:/home/codespace/java/current/bin:/home/codespace/.ruby/current/bin:/home/codespace/.local/bin:/usr/local/python/current/bin:/usr/local/py-utils/bin:/usr/local/jupyter:/usr/local/oryx:/usr/local/go/bin:/go/bin:/usr/local/sdkman/bin:/usr/local/sdkman/candidates/java/current/bin:/usr/local/sdkman/candidates/gradle/current/bin:/usr/local/sdkman/candidates/maven/current/bin:/usr/local/sdkman/candidates/ant/current/bin:/usr/local/rvm/gems/default/bin:/usr/local/rvm/gems/default@global/bin:/usr/local/rvm/rubies/default/bin:/usr/local/share/rbenv/bin:/usr/local/php/current/bin:/opt/conda/bin:/usr/local/nvs:/usr/local/share/nvm/versions/node/v24.11.1/bin:/usr/local/hugo/bin:/usr/local/sbin:/usr/local/bin:/usr/sbin:/usr/bin:/sbin:/bin:/usr/share/dotnet:/home/codespace/.dotnet/tools:/usr/local/rvm/bin
SHELL=/bin/bash
LANG=C.UTF-8
TERM=xterm-256color

Active Locale:
LC_ALL=LC_CTYPE=C.UTF-8;LC_NUMERIC=C;LC_TIME=C;LC_COLLATE=C;LC_MONETARY=C;LC_MESSAGES=C;LC_PAPER=C.UTF-8;LC_NAME=C.UTF-8;LC_ADDRESS=C.UTF-8;LC_TELEPHONE=C.UTF-8;LC_MEASUREMENT=C.UTF-8;LC_IDENTIFICATION=C.UTF-8
LC_COLLATE=C
LC_CTYPE=C.UTF-8
LC_MESSAGES=C
LC_MONETARY=C
LC_NUMERIC=C
LC_TIME=C

Signal Handlers:
   SIGSEGV: crash_handler in libjvm.so, mask=11100100010111111101111111111110, flags=SA_RESTART|SA_SIGINFO, unblocked
    SIGBUS: crash_handler in libjvm.so, mask=11100100010111111101111111111110, flags=SA_RESTART|SA_SIGINFO, unblocked
    SIGFPE: crash_handler in libjvm.so, mask=11100100010111111101111111111110, flags=SA_RESTART|SA_SIGINFO, unblocked
   SIGPIPE: javaSignalHandler in libjvm.so, mask=11100100010111111101111111111110, flags=SA_RESTART|SA_SIGINFO, blocked
   SIGXFSZ: javaSignalHandler in libjvm.so, mask=11100100010111111101111111111110, flags=SA_RESTART|SA_SIGINFO, blocked
    SIGILL: crash_handler in libjvm.so, mask=11100100010111111101111111111110, flags=SA_RESTART|SA_SIGINFO, unblocked
   SIGUSR2: SR_handler in libjvm.so, mask=00000000000000000000000000000000, flags=SA_RESTART|SA_SIGINFO, blocked
    SIGHUP: UserHandler in libjvm.so, mask=11100100010111111101111111111110, flags=SA_RESTART|SA_SIGINFO, blocked
    SIGINT: UserHandler in libjvm.so, mask=11100100010111111101111111111110, flags=SA_RESTART|SA_SIGINFO, blocked
   SIGTERM: UserHandler in libjvm.so, mask=11100100010111111101111111111110, flags=SA_RESTART|SA_SIGINFO, blocked
   SIGQUIT: UserHandler in libjvm.so, mask=11100100010111111101111111111110, flags=SA_RESTART|SA_SIGINFO, blocked
   SIGTRAP: crash_handler in libjvm.so, mask=11100100010111111101111111111110, flags=SA_RESTART|SA_SIGINFO, unblocked


Compilation memory statistics disabled.

Periodic native trim disabled

---------------  S Y S T E M  ---------------

OS:
DISTRIB_ID=Ubuntu
DISTRIB_RELEASE=24.04
DISTRIB_CODENAME=noble
DISTRIB_DESCRIPTION="Ubuntu 24.04.3 LTS"
uname: Linux 6.8.0-1044-azure #50~22.04.1-Ubuntu SMP Wed Dec  3 15:13:22 UTC 2025 x86_64
OS uptime: 0 days 2:03 hours
libc: glibc 2.39 NPTL 2.39 
rlimit (soft/hard): STACK 8192k/infinity , CORE infinity/infinity , NPROC infinity/infinity , NOFILE 524288/524288 , AS infinity/infinity , CPU infinity/infinity , DATA infinity/infinity , FSIZE infinity/infinity , MEMLOCK 8192k/8192k
load average: 2.12 1.80 1.40

/proc/meminfo:
MemTotal:        8135224 kB
MemFree:          241076 kB
MemAvailable:    4243784 kB
Buffers:          216644 kB
Cached:          3838324 kB
SwapCached:            0 kB
Active:          4559676 kB
Inactive:        2738304 kB
Active(anon):    2364172 kB
Inactive(anon):   953948 kB
Active(file):    2195504 kB
Inactive(file):  1784356 kB
Unevictable:       31072 kB
Mlocked:           28000 kB
SwapTotal:             0 kB
SwapFree:              0 kB
Zswap:                 0 kB
Zswapped:              0 kB
Dirty:             11384 kB
Writeback:             0 kB
AnonPages:       3248508 kB
Mapped:           677208 kB
Shmem:             65944 kB
KReclaimable:     336476 kB
Slab:             434788 kB
SReclaimable:     336476 kB
SUnreclaim:        98312 kB
KernelStack:       11088 kB
PageTables:        47456 kB
SecPageTables:         0 kB
NFS_Unstable:          0 kB
Bounce:                0 kB
WritebackTmp:          0 kB
CommitLimit:     4067612 kB
Committed_AS:    6711820 kB
VmallocTotal:   34359738367 kB
VmallocUsed:       44328 kB
VmallocChunk:          0 kB
Percpu:             1264 kB
HardwareCorrupted:     0 kB
AnonHugePages:   1771520 kB
ShmemHugePages:        0 kB
ShmemPmdMapped:        0 kB
FileHugePages:         0 kB
FilePmdMapped:         0 kB
Unaccepted:            0 kB
HugePages_Total:       0
HugePages_Free:        0
HugePages_Rsvd:        0
HugePages_Surp:        0
Hugepagesize:       2048 kB
Hugetlb:               0 kB
DirectMap4k:      128960 kB
DirectMap2M:     5113856 kB
DirectMap1G:     5242880 kB

/sys/kernel/mm/transparent_hugepage/enabled: [always] madvise never
/sys/kernel/mm/transparent_hugepage/hpage_pmd_size: 2097152
/sys/kernel/mm/transparent_hugepage/shmem_enabled: always within_size advise [never] deny force
/sys/kernel/mm/transparent_hugepage/defrag (defrag/compaction efforts parameter): always defer defer+madvise [madvise] never

Process Memory:
Virtual Size: 3840544K (peak: 3892180K)
Resident Set Size: 199612K (peak: 227052K) (anon: 140092K, file: 59520K, shmem: 0K)
Swapped out: 0K
C-Heap outstanding allocations: 53292K, retained: 15011K
glibc malloc tunables: (default)

/proc/sys/kernel/threads-max (system-wide limit on the number of threads): 63498
/proc/sys/vm/max_map_count (maximum number of memory map areas a process may have): 65530
/proc/sys/vm/swappiness (control to define how aggressively the kernel swaps out anonymous memory): 60
/proc/sys/kernel/pid_max (system-wide limit on number of process identifiers): 4194304

container information not found.
Hyper-V virtualization detected
Steal ticks since vm start: 0
Steal ticks percentage since vm start:  0.000

CPU: total 2 (initial active 2) (16 cores per cpu, 2 threads per core) family 25 model 17 stepping 1 microcode 0xffffffff, cx8, cmov, fxsr, ht, mmx, 3dnowpref, sse, sse2, sse3, ssse3, sse4a, sse4.1, sse4.2, popcnt, lzcnt, tsc, tscinvbit, avx, avx2, aes, erms, clmul, bmi1, bmi2, adx, sha, fma, vzeroupper, clflush, clflushopt, clwb, hv, rdtscp, rdpid, fsrm, f16c, cet_ss
CPU Model and flags from /proc/cpuinfo:
model name	: AMD EPYC 9V74 80-Core Processor
flags		: fpu vme de pse tsc msr pae mce cx8 apic sep mtrr pge mca cmov pat pse36 clflush mmx fxsr sse sse2 ht syscall nx mmxext fxsr_opt pdpe1gb rdtscp lm constant_tsc rep_good nopl tsc_reliable nonstop_tsc cpuid extd_apicid aperfmperf tsc_known_freq pni pclmulqdq ssse3 fma cx16 pcid sse4_1 sse4_2 movbe popcnt aes xsave avx f16c rdrand hypervisor lahf_lm cmp_legacy svm cr8_legacy abm sse4a misalignsse 3dnowprefetch osvw topoext vmmcall fsgsbase bmi1 avx2 smep bmi2 erms invpcid rdseed adx smap clflushopt clwb sha_ni xsaveopt xsavec xgetbv1 xsaves user_shstk clzero xsaveerptr rdpru arat npt nrip_save tsc_scale vmcb_clean flushbyasid decodeassists pausefilter pfthreshold v_vmsave_vmload umip vaes vpclmulqdq rdpid fsrm

Online cpus: 0-1
Offline cpus: 
BIOS frequency limitation: <Not Available>
Frequency switch latency (ns): <Not Available>
Available cpu frequencies: <Not Available>
Current governor: <Not Available>
Core performance/turbo boost: <Not Available>

Memory: 4k page, physical 8135224k(4243784k free), swap 0k(0k free)
Page Sizes: 4k

vm_info: OpenJDK 64-Bit Server VM (25.0.1+8-LTS) for linux-amd64 JRE (25.0.1+8-LTS), built on 2025-10-13T21:28:09Z with gcc 11.3.0

END.
