#
# A fatal error has been detected by the Java Runtime Environment:
#
#  SIGSEGV (0xb) at pc=0x00007f14d0ec74f3, pid=28909, tid=28909
#
# JRE version: OpenJDK Runtime Environment Microsoft-12574222 (25.0.1+8) (build 25.0.1+8-LTS)
# Java VM: OpenJDK 64-Bit Server VM Microsoft-12574222 (25.0.1+8-LTS, mixed mode, sharing, tiered, compressed oops, compressed class ptrs, g1 gc, linux-amd64)
# Problematic frame:
# C  [_jpype.cpython-312-x86_64-linux-gnu.so+0x424f3]  JPypeException::toJava() [clone .cold]+0x5d
#
# Core dump will be written. Default location: Core dumps may be processed with "/usr/share/apport/apport -p%p -s%s -c%c -d%d -P%P -u%u -g%g -F%F -- %E" (or dumping to /workspaces/korean_reading_practice/myapp/backend/core.28909)
#
# If you would like to submit a bug report, please visit:
#   https://github.com/microsoft/openjdk/issues
# The crash happened outside the Java Virtual Machine in native code.
# See problematic frame for where to report the bug.
#

---------------  S U M M A R Y ------------

Command Line: -Dfile.encoding=UTF8 -ea -Xmx1024m 

Host: AMD EPYC 7763 64-Core Processor, 2 cores, 7G, Ubuntu 24.04.3 LTS
Time: Tue May 12 20:54:57 2026 UTC elapsed time: 0.460118 seconds (0d 0h 0m 0s)

---------------  T H R E A D  ---------------

Current thread (0x000064deb659d700):  JavaThread "main"             [_thread_in_native, id=28909, stack(0x00007ffcba431000,0x00007ffcba531000) (1024K)]

Stack: [0x00007ffcba431000,0x00007ffcba531000],  sp=0x00007ffcba52a990,  free space=998k
Native frames: (J=compiled Java code, j=interpreted, Vv=VM code, C=native code)
C  [_jpype.cpython-312-x86_64-linux-gnu.so+0x424f3]  JPypeException::toJava() [clone .cold]+0x5d
Java frames: (J=compiled Java code, j=interpreted, Vv=VM code)
j  org.jpype.manager.TypeFactoryNative.newWrapper(JJ)V+0
j  org.jpype.JPypeContext.newWrapper(J)V+16
v  ~StubRoutines::call_stub 0x00007f14ba338fa6
j  org.jpype.manager.TypeFactoryNative.newWrapper(JJ)V+0
j  org.jpype.JPypeContext.newWrapper(J)V+16
v  ~StubRoutines::call_stub 0x00007f14ba338fa6

siginfo: si_signo: 11 (SIGSEGV), si_code: 1 (SEGV_MAPERR), si_addr: 0x0000000000000000

Registers:
RAX=0x00007f14d241b7d8, RBX=0x000064deb70a6c80, RCX=0x00007f14d24128d0, RDX=0x000000064deb65ca
RSP=0x00007ffcba52a990, RBP=0x0000000000000000, RSI=0x0000000000000000, RDI=0x00007ffcba52a918
R8 =0x000064deb4d20010, R9 =0x0000000000000007, R10=0x000064deb65cab60, R11=0x978e4c6e9d25959c
R12=0x00007ffcba52a9a0, R13=0x000064deb70a69e8, R14=0x00007ffcba52a998, R15=0x000064deb659d700
RIP=0x00007f14d0ec74f3, EFLAGS=0x0000000000010202, CSGSFS=0x002b000000000033, ERR=0x0000000000000006
  TRAPNO=0x000000000000000e

XMM[0]=0x0000000000000000 0x00007f14d4a18563
XMM[1]=0x00007f14d4a18563 0x00007f14d4a18563
XMM[2]=0xffffffffffffffff 0xffffffffffffffff
XMM[3]=0xffffffffffffffff 0xffffffffffffffff
XMM[4]=0xffffffffffffffff 0xffffffffffffffff
XMM[5]=0xffffffffffffffff 0xffffffffffffffff
XMM[6]=0xffffffffffffffff 0xffffffffffffffff
XMM[7]=0xffffffffffffffff 0xffffffffffffffff
XMM[8]=0x0000000000f700f3 0x0000000000f600f2
XMM[9]=0x00000000000000f3 0x00000000000000f2
XMM[10]=0x000000000000000c 0x000000000000000c
XMM[11]=0x000000000000000a 0x000000000000000a
XMM[12]=0x0000000000000008 0x0000000000000008
XMM[13]=0x0000000000000006 0x0000000000000006
XMM[14]=0x0000000000000004 0x0000000000000004
XMM[15]=0x0000000000000002 0x0000000000000002
  MXCSR=0x00001fa2


Register to memory mapping:

RAX=0x00007f14d241b7d8: <offset 0x000000000027a7d8> in /lib/x86_64-linux-gnu/libstdc++.so.6 at 0x00007f14d21a1000
RBX=0x000064deb70a6c80 points into unknown readable memory: 0x00007f14d0f3da38 | 38 da f3 d0 14 7f 00 00
RCX=0x00007f14d24128d0: <offset 0x00000000002718d0> in /lib/x86_64-linux-gnu/libstdc++.so.6 at 0x00007f14d21a1000
RDX=0x000000064deb65ca is an unknown value
RSP=0x00007ffcba52a990 is pointing into the stack for thread: 0x000064deb659d700
RBP=0x0 is null
RSI=0x0 is null
RDI=0x00007ffcba52a918 is pointing into the stack for thread: 0x000064deb659d700
R8 =0x000064deb4d20010 points into unknown readable memory: 0x0001000000010000 | 00 00 01 00 00 00 01 00
R9 =0x0000000000000007 is an unknown value
R10=0x000064deb65cab60 points into unknown readable memory: 0x000000064deb65ca | ca 65 eb 4d 06 00 00 00
R11=0x978e4c6e9d25959c is an unknown value
R12=0x00007ffcba52a9a0 is pointing into the stack for thread: 0x000064deb659d700
R13=0x000064deb70a69e8 points into unknown readable memory: 0x726956206176614a | 4a 61 76 61 20 56 69 72
R14=0x00007ffcba52a998 is pointing into the stack for thread: 0x000064deb659d700
R15=0x000064deb659d700 is a thread

Top of Stack: (sp=0x00007ffcba52a990)
0x00007ffcba52a990:   0000003100000001 00007f14d0f167a0   ....1....g......
0x00007ffcba52a9a0:   00007f14d0f16763 00007ffcba520000   cg........R.....
0x00007ffcba52a9b0:   00007ffcba52aaf8 00007f14d225b0f4   ..R.......%.....
0x00007ffcba52a9c0:   00007f149040ac08 00007ffcba52aa10   ..@.......R.....
0x00007ffcba52a9d0:   000064deb70a6af0 00007ffcba52aa08   .j...d....R.....
0x00007ffcba52a9e0:   00007ffcba52aaf8 00007f14d0eca9e8   ..R.............
0x00007ffcba52a9f0:   00007ffcba52aa10 00007f14d0ecaa4b   ..R.....K.......
0x00007ffcba52aa00:   00000000723e80a0 0000000000000001   ..>r............
0x00007ffcba52aa10:   000064deb659dba0 00007ffcba520000   ..Y..d....R.....
0x00007ffcba52aa20:   00007ffcba52aab8 0000000000000000   ..R.............
0x00007ffcba52aa30:   00007f149040ac08 00007f14ba344f85   ..@......O4.....
0x00007ffcba52aa40:   0000000000000000 00000000c7cf7bc8   .........{......
0x00007ffcba52aa50:   00007f149040ae88 0000000000000000   ..@.............
0x00007ffcba52aa60:   00007ffcba52aa88 00007ffcba52ab18   ..R.......R.....
0x00007ffcba52aa70:   fffffffffffffff7 0000000000000000   ................
0x00007ffcba52aa80:   0000000000000008 00007f149040b288   ..........@.....
0x00007ffcba52aa90:   0000000000000000 00000000c7cf7bc8   .........{......
0x00007ffcba52aaa0:   00007f149040ac08 0000000000000000   ..@.............
0x00007ffcba52aab0:   00007ffcba52aad8 00007ffcba52ab58   ..R.....X.R.....
0x00007ffcba52aac0:   00007f14ba340936 0000000000000000   6.4.............
0x00007ffcba52aad0:   00007f14ba342437 000064deb7065dc0   7$4......]...d..
0x00007ffcba52aae0:   0000000000000000 000064deb60ddf50   ........P....d..
0x00007ffcba52aaf0:   0000000000000000 00000000c7cf7ce0   .........|......
0x00007ffcba52ab00:   00000000c7cf7ce0 00000000c7cf7ce0   .|.......|......
0x00007ffcba52ab10:   fffffffffffffff5 00007f149040eaa0   ..........@.....
0x00007ffcba52ab20:   0000000000000006 00007f149040a968   ........h.@.....
0x00007ffcba52ab30:   0000000000000000 00000000c7cf2848   ........H(......
0x00007ffcba52ab40:   00007f149040eac8 fffffffffffffff0   ..@.............
0x00007ffcba52ab50:   00007ffcba52ab78 00007ffcba52abf0   x.R.......R.....
0x00007ffcba52ab60:   00007f14ba338fa6 0000000000000000   ..3.............
0x00007ffcba52ab70:   00000000c7cf7ce0 000064deb7065dc0   .|.......]...d..
0x00007ffcba52ab80:   000064deb6616438 00000000c7cf5330   8da..d..0S......

Instructions: (pc=0x00007f14d0ec74f3)
  0x00007f14d0ec73f3:   ff ff 48 8b 54 24 30 48 8b 4c 24 38 49 89 c7 48
  0x00007f14d0ec7403:   89 94 24 90 00 00 00 48 8b 52 e8 48 89 8c 14 90
  0x00007f14d0ec7413:   00 00 00 48 c7 84 24 98 00 00 00 00 00 00 00 e9
  0x00007f14d0ec7423:   56 fe ff ff 4c 89 ff e8 21 9c ff ff e9 46 fd ff
  0x00007f14d0ec7433:   ff 4c 89 f7 48 89 c3 48 89 d5 e8 fe a6 ff ff eb
  0x00007f14d0ec7443:   a1 ff d0 48 8d 3d 65 ee 04 00 48 89 c6 e8 fb 90
  0x00007f14d0ec7453:   ff ff e9 27 ff ff ff 48 89 c7 48 89 d0 e9 ab fe
  0x00007f14d0ec7463:   ff ff 48 8b 7c 24 60 e8 71 00 02 00 49 8d 74 24
  0x00007f14d0ec7473:   08 4c 89 f7 e8 94 af ff ff e9 fc fd ff ff e8 ca
  0x00007f14d0ec7483:   b8 ff ff 48 89 c5 e8 f2 b3 ff ff 48 89 ef e8 ba
  0x00007f14d0ec7493:   b8 ff ff 4c 89 f7 e8 f2 a1 ff ff 4c 89 e7 e8 4a
  0x00007f14d0ec74a3:   a7 ff ff 48 89 df 48 83 ed 01 75 59 e8 2c b6 ff
  0x00007f14d0ec74b3:   ff 48 8d 3d 9d ee 04 00 48 89 c3 e8 5d 98 ff ff
  0x00007f14d0ec74c3:   48 8b 43 20 48 8d 74 24 10 48 8d 7c 24 08 48 8b
  0x00007f14d0ec74d3:   50 08 48 8b 08 8b 40 10 48 89 54 24 08 48 8d 54
  0x00007f14d0ec74e3:   24 04 89 44 24 04 48 89 4c 24 10 e8 ed 98 ff ff
=>0x00007f14d0ec74f3:   c7 04 25 00 00 00 00 00 00 00 00 e8 7d b3 ff ff
  0x00007f14d0ec7503:   e9 b9 fe 01 00 e8 d3 b5 ff ff 48 8d 3d 44 ee 04
  0x00007f14d0ec7513:   00 e8 07 98 ff ff c7 04 25 00 00 00 00 00 00 00
  0x00007f14d0ec7523:   00 e8 57 b3 ff ff e9 93 fe 01 00 4c 89 f7 e8 5a
  0x00007f14d0ec7533:   a1 ff ff e9 63 ff ff ff 48 89 c3 48 89 d5 e8 3a
  0x00007f14d0ec7543:   b3 ff ff 48 89 df 48 89 e8 48 83 e8 01 75 52 e8
  0x00007f14d0ec7553:   89 b5 ff ff 48 8d 74 24 10 c7 44 24 20 b8 01 00
  0x00007f14d0ec7563:   00 48 89 c7 48 8d 05 75 ed 04 00 48 89 44 24 10
  0x00007f14d0ec7573:   48 8d 05 be ed 04 00 48 89 44 24 18 e8 5c 94 ff
  0x00007f14d0ec7583:   ff e8 17 93 ff ff 48 89 c7 48 89 d0 eb bb 48 89
  0x00007f14d0ec7593:   c3 48 89 d5 e8 e4 b2 ff ff 48 89 df 48 89 e8 eb
  0x00007f14d0ec75a3:   a8 e8 a7 b7 ff ff 48 89 c5 e8 cf b2 ff ff 48 89
  0x00007f14d0ec75b3:   ef e8 97 b7 ff ff 90 48 8b 73 18 48 85 f6 74 0f
  0x00007f14d0ec75c3:   48 8b 05 ee 98 07 00 48 8b 38 e8 0e 93 ff ff 4c
  0x00007f14d0ec75d3:   89 f7 e8 76 9a ff ff 48 89 ef e8 6e b7 ff ff 48
  0x00007f14d0ec75e3:   89 ef e8 06 a6 ff ff 48 89 df 4c 89 e0 48 83 e8


Stack slot to memory mapping:

stack at sp + 0 slots: 0x0000003100000001 is an unknown value
stack at sp + 1 slots: 0x00007f14d0f167a0: <offset 0x00000000000917a0> in /usr/local/python/3.12.1/lib/python3.12/site-packages/_jpype.cpython-312-x86_64-linux-gnu.so at 0x00007f14d0e85000
stack at sp + 2 slots: 0x00007f14d0f16763: <offset 0x0000000000091763> in /usr/local/python/3.12.1/lib/python3.12/site-packages/_jpype.cpython-312-x86_64-linux-gnu.so at 0x00007f14d0e85000
stack at sp + 3 slots: 0x00007ffcba520000 is pointing into the stack for thread: 0x000064deb659d700
stack at sp + 4 slots: 0x00007ffcba52aaf8 is pointing into the stack for thread: 0x000064deb659d700
stack at sp + 5 slots: 0x00007f14d225b0f4: __cxa_get_globals+0x0000000000000014 in /lib/x86_64-linux-gnu/libstdc++.so.6 at 0x00007f14d21a1000
stack at sp + 6 slots: {method} {0x00007f149040ac08} 'newWrapper' '(JJ)V' in 'org/jpype/manager/TypeFactoryNative'
stack at sp + 7 slots: 0x00007ffcba52aa10 is pointing into the stack for thread: 0x000064deb659d700

Lock stack of current Java thread (top to bottom):
LockStack[1]: org.jpype.manager.TypeFactoryNative 
{0x00000000c7cf7ce0} - klass: 'org/jpype/manager/TypeFactoryNative' - flags: 

 - ---- fields (total size 3 words):
 - public 'context' 'J' @16  0 (0x0000000000000000)
LockStack[0]: org.jpype.manager.TypeFactoryNative 
{0x00000000c7cf7ce0} - klass: 'org/jpype/manager/TypeFactoryNative' - flags: 

 - ---- fields (total size 3 words):
 - public 'context' 'J' @16  0 (0x0000000000000000)


---------------  P R O C E S S  ---------------

Threads class SMR info:
_java_thread_list=0x00007f14880031b0, length=11, elements={
0x000064deb659d700, 0x000064deb6ec5000, 0x000064deb6ec68b0, 0x000064deb6ec8380,
0x000064deb6ec9d20, 0x000064deb6ecb620, 0x000064deb6ecd3f0, 0x000064deb6ecee60,
0x000064deb6eda910, 0x000064deb6edca50, 0x00007f1484001030
}

Java Threads: ( => current thread )
=>0x000064deb659d700 JavaThread "main"                              [_thread_in_native, id=28909, stack(0x00007ffcba431000,0x00007ffcba531000) (1024K)]
  0x000064deb6ec5000 JavaThread "Reference Handler"          daemon [_thread_blocked, id=28954, stack(0x00007f14b10fa000,0x00007f14b11fa000) (1024K)]
  0x000064deb6ec68b0 JavaThread "Finalizer"                  daemon [_thread_blocked, id=28955, stack(0x00007f14b0ff9000,0x00007f14b10f9000) (1024K)]
  0x000064deb6ec8380 JavaThread "Signal Dispatcher"          daemon [_thread_blocked, id=28956, stack(0x00007f14b0ef8000,0x00007f14b0ff8000) (1024K)]
  0x000064deb6ec9d20 JavaThread "Service Thread"             daemon [_thread_blocked, id=28957, stack(0x00007f14b0df7000,0x00007f14b0ef7000) (1024K)]
  0x000064deb6ecb620 JavaThread "Monitor Deflation Thread"   daemon [_thread_blocked, id=28958, stack(0x00007f14b0cf6000,0x00007f14b0df6000) (1024K)]
  0x000064deb6ecd3f0 JavaThread "C2 CompilerThread0"         daemon [_thread_blocked, id=28959, stack(0x00007f14b0bf5000,0x00007f14b0cf5000) (1024K)]
  0x000064deb6ecee60 JavaThread "C1 CompilerThread0"         daemon [_thread_blocked, id=28960, stack(0x00007f14b0af4000,0x00007f14b0bf4000) (1024K)]
  0x000064deb6eda910 JavaThread "Notification Thread"        daemon [_thread_blocked, id=28961, stack(0x00007f14b09f3000,0x00007f14b0af3000) (1024K)]
  0x000064deb6edca50 JavaThread "Common-Cleaner"             daemon [_thread_blocked, id=28962, stack(0x00007f14b08f2000,0x00007f14b09f2000) (1024K)]
  0x00007f1484001030 JavaThread "SIGTERM handler"            daemon [_thread_blocked, id=28965, stack(0x00007f14b06f0000,0x00007f14b07f0000) (1024K)]
Total: 11

Other Threads:
  0x000064deb6eba040 VMThread "VM Thread"                           [id=28953, stack(0x00007f14b11fb000,0x00007f14b12fb000) (1024K)]
  0x000064deb6eab280 WatcherThread "VM Periodic Task Thread"        [id=28952, stack(0x00007f14b12fc000,0x00007f14b13fc000) (1024K)]
  0x000064deb66491c0 WorkerThread "GC Thread#0"                     [id=28946, stack(0x00007f14b2c15000,0x00007f14b2d15000) (1024K)]
  0x000064deb67dbd30 ConcurrentGCThread "G1 Main Marker"            [id=28947, stack(0x00007f14b1700000,0x00007f14b1800000) (1024K)]
  0x000064deb67dc1d0 WorkerThread "G1 Conc#0"                       [id=28948, stack(0x00007f14b15ff000,0x00007f14b16ff000) (1024K)]
  0x000064deb6d7bf20 ConcurrentGCThread "G1 Refine#0"               [id=28949, stack(0x00007f14b14fe000,0x00007f14b15fe000) (1024K)]
  0x000064deb6d7cf10 ConcurrentGCThread "G1 Service"                [id=28950, stack(0x00007f14b13fd000,0x00007f14b14fd000) (1024K)]
Total: 7

Threads with active compile tasks:
Total: 0

VM state: not at safepoint (normal execution)

VM Mutex/Monitor currently owned by a thread: None

Heap address: 0x00000000c0000000, size: 1024 MB, Compressed Oops mode: 32-bit

CDS archive(s) mapped at: [0x0000000072000000-0x0000000072d8c000-0x0000000072d8c000), size 14204928, SharedBaseAddress: 0x0000000072000000, ArchiveRelocationMode: 1.
Compressed class space mapped at: 0x0000000073000000-0x00000000b3000000, reserved size: 1073741824
UseCompressedClassPointers 1, UseCompactObjectHeaders 0
Narrow klass pointer bits 32, Max shift 3
Narrow klass base: 0x0000000072000000, Narrow klass shift: 0
Encoding Range: [0x0000000072000000 - 0x0000000172000000), (4294967296 bytes)
Klass Range:    [0x0000000072001000 - 0x00000000b3000000), (1090514944 bytes)
Klass ID Range:  [4096 - 1090519033) (1090514937)
Protection zone: [0x0000000072000000 - 0x0000000072001000), (4096 bytes)

GC Precious Log:
 CardTable entry size: 512
 Card Set container configuration: InlinePtr #cards 5 size 8 Array Of Cards #cards 10 size 36 Howl #buckets 4 coarsen threshold 1843 Howl Bitmap #cards 512 size 80 coarsen threshold 460 Card regions per heap region 1 cards per card region 2048
 CPUs: 2 total, 2 available
 Memory: 7944M
 Large Page Support: Disabled
 NUMA Support: Disabled
 Compressed Oops: Enabled (32-bit)
 Heap Region Size: 1M
 Heap Min Capacity: 8M
 Heap Initial Capacity: 126M
 Heap Max Capacity: 1G
 Pre-touch: Disabled
 Parallel Workers: 2
 Concurrent Workers: 1
 Concurrent Refinement Workers: 2
 Periodic GC: Disabled
 G1 Time-Based Heap Sizing enabled (uncommit-only)
 Evaluation Interval: 60s, Uncommit Delay: 300s, Min Regions To Uncommit: 10

Heap:
 garbage-first heap   total reserved 1048576K, committed 131072K, used 6275K [0x00000000c0000000, 0x0000000100000000)
  region size 1024K, 6 young (6144K), 0 survivors (0K)

Heap Regions: E=young(eden), S=young(survivor), O=old, HS=humongous(starts), HC=humongous(continues), CS=collection set, F=free, TAMS=top-at-mark-start, PB=parsable bottom
|   0|0x00000000c0000000, 0x00000000c0000000, 0x00000000c0100000|  0%| F|  |TAMS 0x00000000c0000000| PB 0x00000000c0000000| Untracked |  0
|   1|0x00000000c0100000, 0x00000000c0100000, 0x00000000c0200000|  0%| F|  |TAMS 0x00000000c0100000| PB 0x00000000c0100000| Untracked |  0
|   2|0x00000000c0200000, 0x00000000c0200000, 0x00000000c0300000|  0%| F|  |TAMS 0x00000000c0200000| PB 0x00000000c0200000| Untracked |  0
|   3|0x00000000c0300000, 0x00000000c0300000, 0x00000000c0400000|  0%| F|  |TAMS 0x00000000c0300000| PB 0x00000000c0300000| Untracked |  0
|   4|0x00000000c0400000, 0x00000000c0400000, 0x00000000c0500000|  0%| F|  |TAMS 0x00000000c0400000| PB 0x00000000c0400000| Untracked |  0
|   5|0x00000000c0500000, 0x00000000c0500000, 0x00000000c0600000|  0%| F|  |TAMS 0x00000000c0500000| PB 0x00000000c0500000| Untracked |  0
|   6|0x00000000c0600000, 0x00000000c0600000, 0x00000000c0700000|  0%| F|  |TAMS 0x00000000c0600000| PB 0x00000000c0600000| Untracked |  0
|   7|0x00000000c0700000, 0x00000000c0700000, 0x00000000c0800000|  0%| F|  |TAMS 0x00000000c0700000| PB 0x00000000c0700000| Untracked |  0
|   8|0x00000000c0800000, 0x00000000c0800000, 0x00000000c0900000|  0%| F|  |TAMS 0x00000000c0800000| PB 0x00000000c0800000| Untracked |  0
|   9|0x00000000c0900000, 0x00000000c0900000, 0x00000000c0a00000|  0%| F|  |TAMS 0x00000000c0900000| PB 0x00000000c0900000| Untracked |  0
|  10|0x00000000c0a00000, 0x00000000c0a00000, 0x00000000c0b00000|  0%| F|  |TAMS 0x00000000c0a00000| PB 0x00000000c0a00000| Untracked |  0
|  11|0x00000000c0b00000, 0x00000000c0b00000, 0x00000000c0c00000|  0%| F|  |TAMS 0x00000000c0b00000| PB 0x00000000c0b00000| Untracked |  0
|  12|0x00000000c0c00000, 0x00000000c0c00000, 0x00000000c0d00000|  0%| F|  |TAMS 0x00000000c0c00000| PB 0x00000000c0c00000| Untracked |  0
|  13|0x00000000c0d00000, 0x00000000c0d00000, 0x00000000c0e00000|  0%| F|  |TAMS 0x00000000c0d00000| PB 0x00000000c0d00000| Untracked |  0
|  14|0x00000000c0e00000, 0x00000000c0e00000, 0x00000000c0f00000|  0%| F|  |TAMS 0x00000000c0e00000| PB 0x00000000c0e00000| Untracked |  0
|  15|0x00000000c0f00000, 0x00000000c0f00000, 0x00000000c1000000|  0%| F|  |TAMS 0x00000000c0f00000| PB 0x00000000c0f00000| Untracked |  0
|  16|0x00000000c1000000, 0x00000000c1000000, 0x00000000c1100000|  0%| F|  |TAMS 0x00000000c1000000| PB 0x00000000c1000000| Untracked |  0
|  17|0x00000000c1100000, 0x00000000c1100000, 0x00000000c1200000|  0%| F|  |TAMS 0x00000000c1100000| PB 0x00000000c1100000| Untracked |  0
|  18|0x00000000c1200000, 0x00000000c1200000, 0x00000000c1300000|  0%| F|  |TAMS 0x00000000c1200000| PB 0x00000000c1200000| Untracked |  0
|  19|0x00000000c1300000, 0x00000000c1300000, 0x00000000c1400000|  0%| F|  |TAMS 0x00000000c1300000| PB 0x00000000c1300000| Untracked |  0
|  20|0x00000000c1400000, 0x00000000c1400000, 0x00000000c1500000|  0%| F|  |TAMS 0x00000000c1400000| PB 0x00000000c1400000| Untracked |  0
|  21|0x00000000c1500000, 0x00000000c1500000, 0x00000000c1600000|  0%| F|  |TAMS 0x00000000c1500000| PB 0x00000000c1500000| Untracked |  0
|  22|0x00000000c1600000, 0x00000000c1600000, 0x00000000c1700000|  0%| F|  |TAMS 0x00000000c1600000| PB 0x00000000c1600000| Untracked |  0
|  23|0x00000000c1700000, 0x00000000c1700000, 0x00000000c1800000|  0%| F|  |TAMS 0x00000000c1700000| PB 0x00000000c1700000| Untracked |  0
|  24|0x00000000c1800000, 0x00000000c1800000, 0x00000000c1900000|  0%| F|  |TAMS 0x00000000c1800000| PB 0x00000000c1800000| Untracked |  0
|  25|0x00000000c1900000, 0x00000000c1900000, 0x00000000c1a00000|  0%| F|  |TAMS 0x00000000c1900000| PB 0x00000000c1900000| Untracked |  0
|  26|0x00000000c1a00000, 0x00000000c1a00000, 0x00000000c1b00000|  0%| F|  |TAMS 0x00000000c1a00000| PB 0x00000000c1a00000| Untracked |  0
|  27|0x00000000c1b00000, 0x00000000c1b00000, 0x00000000c1c00000|  0%| F|  |TAMS 0x00000000c1b00000| PB 0x00000000c1b00000| Untracked |  0
|  28|0x00000000c1c00000, 0x00000000c1c00000, 0x00000000c1d00000|  0%| F|  |TAMS 0x00000000c1c00000| PB 0x00000000c1c00000| Untracked |  0
|  29|0x00000000c1d00000, 0x00000000c1d00000, 0x00000000c1e00000|  0%| F|  |TAMS 0x00000000c1d00000| PB 0x00000000c1d00000| Untracked |  0
|  30|0x00000000c1e00000, 0x00000000c1e00000, 0x00000000c1f00000|  0%| F|  |TAMS 0x00000000c1e00000| PB 0x00000000c1e00000| Untracked |  0
|  31|0x00000000c1f00000, 0x00000000c1f00000, 0x00000000c2000000|  0%| F|  |TAMS 0x00000000c1f00000| PB 0x00000000c1f00000| Untracked |  0
|  32|0x00000000c2000000, 0x00000000c2000000, 0x00000000c2100000|  0%| F|  |TAMS 0x00000000c2000000| PB 0x00000000c2000000| Untracked |  0
|  33|0x00000000c2100000, 0x00000000c2100000, 0x00000000c2200000|  0%| F|  |TAMS 0x00000000c2100000| PB 0x00000000c2100000| Untracked |  0
|  34|0x00000000c2200000, 0x00000000c2200000, 0x00000000c2300000|  0%| F|  |TAMS 0x00000000c2200000| PB 0x00000000c2200000| Untracked |  0
|  35|0x00000000c2300000, 0x00000000c2300000, 0x00000000c2400000|  0%| F|  |TAMS 0x00000000c2300000| PB 0x00000000c2300000| Untracked |  0
|  36|0x00000000c2400000, 0x00000000c2400000, 0x00000000c2500000|  0%| F|  |TAMS 0x00000000c2400000| PB 0x00000000c2400000| Untracked |  0
|  37|0x00000000c2500000, 0x00000000c2500000, 0x00000000c2600000|  0%| F|  |TAMS 0x00000000c2500000| PB 0x00000000c2500000| Untracked |  0
|  38|0x00000000c2600000, 0x00000000c2600000, 0x00000000c2700000|  0%| F|  |TAMS 0x00000000c2600000| PB 0x00000000c2600000| Untracked |  0
|  39|0x00000000c2700000, 0x00000000c2700000, 0x00000000c2800000|  0%| F|  |TAMS 0x00000000c2700000| PB 0x00000000c2700000| Untracked |  0
|  40|0x00000000c2800000, 0x00000000c2800000, 0x00000000c2900000|  0%| F|  |TAMS 0x00000000c2800000| PB 0x00000000c2800000| Untracked |  0
|  41|0x00000000c2900000, 0x00000000c2900000, 0x00000000c2a00000|  0%| F|  |TAMS 0x00000000c2900000| PB 0x00000000c2900000| Untracked |  0
|  42|0x00000000c2a00000, 0x00000000c2a00000, 0x00000000c2b00000|  0%| F|  |TAMS 0x00000000c2a00000| PB 0x00000000c2a00000| Untracked |  0
|  43|0x00000000c2b00000, 0x00000000c2b00000, 0x00000000c2c00000|  0%| F|  |TAMS 0x00000000c2b00000| PB 0x00000000c2b00000| Untracked |  0
|  44|0x00000000c2c00000, 0x00000000c2c00000, 0x00000000c2d00000|  0%| F|  |TAMS 0x00000000c2c00000| PB 0x00000000c2c00000| Untracked |  0
|  45|0x00000000c2d00000, 0x00000000c2d00000, 0x00000000c2e00000|  0%| F|  |TAMS 0x00000000c2d00000| PB 0x00000000c2d00000| Untracked |  0
|  46|0x00000000c2e00000, 0x00000000c2e00000, 0x00000000c2f00000|  0%| F|  |TAMS 0x00000000c2e00000| PB 0x00000000c2e00000| Untracked |  0
|  47|0x00000000c2f00000, 0x00000000c2f00000, 0x00000000c3000000|  0%| F|  |TAMS 0x00000000c2f00000| PB 0x00000000c2f00000| Untracked |  0
|  48|0x00000000c3000000, 0x00000000c3000000, 0x00000000c3100000|  0%| F|  |TAMS 0x00000000c3000000| PB 0x00000000c3000000| Untracked |  0
|  49|0x00000000c3100000, 0x00000000c3100000, 0x00000000c3200000|  0%| F|  |TAMS 0x00000000c3100000| PB 0x00000000c3100000| Untracked |  0
|  50|0x00000000c3200000, 0x00000000c3200000, 0x00000000c3300000|  0%| F|  |TAMS 0x00000000c3200000| PB 0x00000000c3200000| Untracked |  0
|  51|0x00000000c3300000, 0x00000000c3300000, 0x00000000c3400000|  0%| F|  |TAMS 0x00000000c3300000| PB 0x00000000c3300000| Untracked |  0
|  52|0x00000000c3400000, 0x00000000c3400000, 0x00000000c3500000|  0%| F|  |TAMS 0x00000000c3400000| PB 0x00000000c3400000| Untracked |  0
|  53|0x00000000c3500000, 0x00000000c3500000, 0x00000000c3600000|  0%| F|  |TAMS 0x00000000c3500000| PB 0x00000000c3500000| Untracked |  0
|  54|0x00000000c3600000, 0x00000000c3600000, 0x00000000c3700000|  0%| F|  |TAMS 0x00000000c3600000| PB 0x00000000c3600000| Untracked |  0
|  55|0x00000000c3700000, 0x00000000c3700000, 0x00000000c3800000|  0%| F|  |TAMS 0x00000000c3700000| PB 0x00000000c3700000| Untracked |  0
|  56|0x00000000c3800000, 0x00000000c3800000, 0x00000000c3900000|  0%| F|  |TAMS 0x00000000c3800000| PB 0x00000000c3800000| Untracked |  0
|  57|0x00000000c3900000, 0x00000000c3900000, 0x00000000c3a00000|  0%| F|  |TAMS 0x00000000c3900000| PB 0x00000000c3900000| Untracked |  0
|  58|0x00000000c3a00000, 0x00000000c3a00000, 0x00000000c3b00000|  0%| F|  |TAMS 0x00000000c3a00000| PB 0x00000000c3a00000| Untracked |  0
|  59|0x00000000c3b00000, 0x00000000c3b00000, 0x00000000c3c00000|  0%| F|  |TAMS 0x00000000c3b00000| PB 0x00000000c3b00000| Untracked |  0
|  60|0x00000000c3c00000, 0x00000000c3c00000, 0x00000000c3d00000|  0%| F|  |TAMS 0x00000000c3c00000| PB 0x00000000c3c00000| Untracked |  0
|  61|0x00000000c3d00000, 0x00000000c3d00000, 0x00000000c3e00000|  0%| F|  |TAMS 0x00000000c3d00000| PB 0x00000000c3d00000| Untracked |  0
|  62|0x00000000c3e00000, 0x00000000c3e00000, 0x00000000c3f00000|  0%| F|  |TAMS 0x00000000c3e00000| PB 0x00000000c3e00000| Untracked |  0
|  63|0x00000000c3f00000, 0x00000000c3f00000, 0x00000000c4000000|  0%| F|  |TAMS 0x00000000c3f00000| PB 0x00000000c3f00000| Untracked |  0
|  64|0x00000000c4000000, 0x00000000c4000000, 0x00000000c4100000|  0%| F|  |TAMS 0x00000000c4000000| PB 0x00000000c4000000| Untracked |  0
|  65|0x00000000c4100000, 0x00000000c4100000, 0x00000000c4200000|  0%| F|  |TAMS 0x00000000c4100000| PB 0x00000000c4100000| Untracked |  0
|  66|0x00000000c4200000, 0x00000000c4200000, 0x00000000c4300000|  0%| F|  |TAMS 0x00000000c4200000| PB 0x00000000c4200000| Untracked |  0
|  67|0x00000000c4300000, 0x00000000c4300000, 0x00000000c4400000|  0%| F|  |TAMS 0x00000000c4300000| PB 0x00000000c4300000| Untracked |  0
|  68|0x00000000c4400000, 0x00000000c4400000, 0x00000000c4500000|  0%| F|  |TAMS 0x00000000c4400000| PB 0x00000000c4400000| Untracked |  0
|  69|0x00000000c4500000, 0x00000000c4500000, 0x00000000c4600000|  0%| F|  |TAMS 0x00000000c4500000| PB 0x00000000c4500000| Untracked |  0
|  70|0x00000000c4600000, 0x00000000c4600000, 0x00000000c4700000|  0%| F|  |TAMS 0x00000000c4600000| PB 0x00000000c4600000| Untracked |  0
|  71|0x00000000c4700000, 0x00000000c4700000, 0x00000000c4800000|  0%| F|  |TAMS 0x00000000c4700000| PB 0x00000000c4700000| Untracked |  0
|  72|0x00000000c4800000, 0x00000000c4800000, 0x00000000c4900000|  0%| F|  |TAMS 0x00000000c4800000| PB 0x00000000c4800000| Untracked |  0
|  73|0x00000000c4900000, 0x00000000c4900000, 0x00000000c4a00000|  0%| F|  |TAMS 0x00000000c4900000| PB 0x00000000c4900000| Untracked |  0
|  74|0x00000000c4a00000, 0x00000000c4a00000, 0x00000000c4b00000|  0%| F|  |TAMS 0x00000000c4a00000| PB 0x00000000c4a00000| Untracked |  0
|  75|0x00000000c4b00000, 0x00000000c4b00000, 0x00000000c4c00000|  0%| F|  |TAMS 0x00000000c4b00000| PB 0x00000000c4b00000| Untracked |  0
|  76|0x00000000c4c00000, 0x00000000c4c00000, 0x00000000c4d00000|  0%| F|  |TAMS 0x00000000c4c00000| PB 0x00000000c4c00000| Untracked |  0
|  77|0x00000000c4d00000, 0x00000000c4d00000, 0x00000000c4e00000|  0%| F|  |TAMS 0x00000000c4d00000| PB 0x00000000c4d00000| Untracked |  0
|  78|0x00000000c4e00000, 0x00000000c4e00000, 0x00000000c4f00000|  0%| F|  |TAMS 0x00000000c4e00000| PB 0x00000000c4e00000| Untracked |  0
|  79|0x00000000c4f00000, 0x00000000c4f00000, 0x00000000c5000000|  0%| F|  |TAMS 0x00000000c4f00000| PB 0x00000000c4f00000| Untracked |  0
|  80|0x00000000c5000000, 0x00000000c5000000, 0x00000000c5100000|  0%| F|  |TAMS 0x00000000c5000000| PB 0x00000000c5000000| Untracked |  0
|  81|0x00000000c5100000, 0x00000000c5100000, 0x00000000c5200000|  0%| F|  |TAMS 0x00000000c5100000| PB 0x00000000c5100000| Untracked |  0
|  82|0x00000000c5200000, 0x00000000c5200000, 0x00000000c5300000|  0%| F|  |TAMS 0x00000000c5200000| PB 0x00000000c5200000| Untracked |  0
|  83|0x00000000c5300000, 0x00000000c5300000, 0x00000000c5400000|  0%| F|  |TAMS 0x00000000c5300000| PB 0x00000000c5300000| Untracked |  0
|  84|0x00000000c5400000, 0x00000000c5400000, 0x00000000c5500000|  0%| F|  |TAMS 0x00000000c5400000| PB 0x00000000c5400000| Untracked |  0
|  85|0x00000000c5500000, 0x00000000c5500000, 0x00000000c5600000|  0%| F|  |TAMS 0x00000000c5500000| PB 0x00000000c5500000| Untracked |  0
|  86|0x00000000c5600000, 0x00000000c5600000, 0x00000000c5700000|  0%| F|  |TAMS 0x00000000c5600000| PB 0x00000000c5600000| Untracked |  0
|  87|0x00000000c5700000, 0x00000000c5700000, 0x00000000c5800000|  0%| F|  |TAMS 0x00000000c5700000| PB 0x00000000c5700000| Untracked |  0
|  88|0x00000000c5800000, 0x00000000c5800000, 0x00000000c5900000|  0%| F|  |TAMS 0x00000000c5800000| PB 0x00000000c5800000| Untracked |  0
|  89|0x00000000c5900000, 0x00000000c5900000, 0x00000000c5a00000|  0%| F|  |TAMS 0x00000000c5900000| PB 0x00000000c5900000| Untracked |  0
|  90|0x00000000c5a00000, 0x00000000c5a00000, 0x00000000c5b00000|  0%| F|  |TAMS 0x00000000c5a00000| PB 0x00000000c5a00000| Untracked |  0
|  91|0x00000000c5b00000, 0x00000000c5b00000, 0x00000000c5c00000|  0%| F|  |TAMS 0x00000000c5b00000| PB 0x00000000c5b00000| Untracked |  0
|  92|0x00000000c5c00000, 0x00000000c5c00000, 0x00000000c5d00000|  0%| F|  |TAMS 0x00000000c5c00000| PB 0x00000000c5c00000| Untracked |  0
|  93|0x00000000c5d00000, 0x00000000c5d00000, 0x00000000c5e00000|  0%| F|  |TAMS 0x00000000c5d00000| PB 0x00000000c5d00000| Untracked |  0
|  94|0x00000000c5e00000, 0x00000000c5e00000, 0x00000000c5f00000|  0%| F|  |TAMS 0x00000000c5e00000| PB 0x00000000c5e00000| Untracked |  0
|  95|0x00000000c5f00000, 0x00000000c5f00000, 0x00000000c6000000|  0%| F|  |TAMS 0x00000000c5f00000| PB 0x00000000c5f00000| Untracked |  0
|  96|0x00000000c6000000, 0x00000000c6000000, 0x00000000c6100000|  0%| F|  |TAMS 0x00000000c6000000| PB 0x00000000c6000000| Untracked |  0
|  97|0x00000000c6100000, 0x00000000c6100000, 0x00000000c6200000|  0%| F|  |TAMS 0x00000000c6100000| PB 0x00000000c6100000| Untracked |  0
|  98|0x00000000c6200000, 0x00000000c6200000, 0x00000000c6300000|  0%| F|  |TAMS 0x00000000c6200000| PB 0x00000000c6200000| Untracked |  0
|  99|0x00000000c6300000, 0x00000000c6300000, 0x00000000c6400000|  0%| F|  |TAMS 0x00000000c6300000| PB 0x00000000c6300000| Untracked |  0
| 100|0x00000000c6400000, 0x00000000c6400000, 0x00000000c6500000|  0%| F|  |TAMS 0x00000000c6400000| PB 0x00000000c6400000| Untracked |  0
| 101|0x00000000c6500000, 0x00000000c6500000, 0x00000000c6600000|  0%| F|  |TAMS 0x00000000c6500000| PB 0x00000000c6500000| Untracked |  0
| 102|0x00000000c6600000, 0x00000000c6600000, 0x00000000c6700000|  0%| F|  |TAMS 0x00000000c6600000| PB 0x00000000c6600000| Untracked |  0
| 103|0x00000000c6700000, 0x00000000c6700000, 0x00000000c6800000|  0%| F|  |TAMS 0x00000000c6700000| PB 0x00000000c6700000| Untracked |  0
| 104|0x00000000c6800000, 0x00000000c6800000, 0x00000000c6900000|  0%| F|  |TAMS 0x00000000c6800000| PB 0x00000000c6800000| Untracked |  0
| 105|0x00000000c6900000, 0x00000000c6900000, 0x00000000c6a00000|  0%| F|  |TAMS 0x00000000c6900000| PB 0x00000000c6900000| Untracked |  0
| 106|0x00000000c6a00000, 0x00000000c6a00000, 0x00000000c6b00000|  0%| F|  |TAMS 0x00000000c6a00000| PB 0x00000000c6a00000| Untracked |  0
| 107|0x00000000c6b00000, 0x00000000c6b00000, 0x00000000c6c00000|  0%| F|  |TAMS 0x00000000c6b00000| PB 0x00000000c6b00000| Untracked |  0
| 108|0x00000000c6c00000, 0x00000000c6c00000, 0x00000000c6d00000|  0%| F|  |TAMS 0x00000000c6c00000| PB 0x00000000c6c00000| Untracked |  0
| 109|0x00000000c6d00000, 0x00000000c6d00000, 0x00000000c6e00000|  0%| F|  |TAMS 0x00000000c6d00000| PB 0x00000000c6d00000| Untracked |  0
| 110|0x00000000c6e00000, 0x00000000c6e00000, 0x00000000c6f00000|  0%| F|  |TAMS 0x00000000c6e00000| PB 0x00000000c6e00000| Untracked |  0
| 111|0x00000000c6f00000, 0x00000000c6f00000, 0x00000000c7000000|  0%| F|  |TAMS 0x00000000c6f00000| PB 0x00000000c6f00000| Untracked |  0
| 112|0x00000000c7000000, 0x00000000c7000000, 0x00000000c7100000|  0%| F|  |TAMS 0x00000000c7000000| PB 0x00000000c7000000| Untracked |  0
| 113|0x00000000c7100000, 0x00000000c7100000, 0x00000000c7200000|  0%| F|  |TAMS 0x00000000c7100000| PB 0x00000000c7100000| Untracked |  0
| 114|0x00000000c7200000, 0x00000000c7200000, 0x00000000c7300000|  0%| F|  |TAMS 0x00000000c7200000| PB 0x00000000c7200000| Untracked |  0
| 115|0x00000000c7300000, 0x00000000c7300000, 0x00000000c7400000|  0%| F|  |TAMS 0x00000000c7300000| PB 0x00000000c7300000| Untracked |  0
| 116|0x00000000c7400000, 0x00000000c7400000, 0x00000000c7500000|  0%| F|  |TAMS 0x00000000c7400000| PB 0x00000000c7400000| Untracked |  0
| 117|0x00000000c7500000, 0x00000000c7500000, 0x00000000c7600000|  0%| F|  |TAMS 0x00000000c7500000| PB 0x00000000c7500000| Untracked |  0
| 118|0x00000000c7600000, 0x00000000c7600000, 0x00000000c7700000|  0%| F|  |TAMS 0x00000000c7600000| PB 0x00000000c7600000| Untracked |  0
| 119|0x00000000c7700000, 0x00000000c7700000, 0x00000000c7800000|  0%| F|  |TAMS 0x00000000c7700000| PB 0x00000000c7700000| Untracked |  0
| 120|0x00000000c7800000, 0x00000000c7900000, 0x00000000c7900000|100%| E|  |TAMS 0x00000000c7800000| PB 0x00000000c7800000| Complete |  0
| 121|0x00000000c7900000, 0x00000000c7a00000, 0x00000000c7a00000|100%| E|CS|TAMS 0x00000000c7900000| PB 0x00000000c7900000| Complete |  0
| 122|0x00000000c7a00000, 0x00000000c7b00000, 0x00000000c7b00000|100%| E|CS|TAMS 0x00000000c7a00000| PB 0x00000000c7a00000| Complete |  0
| 123|0x00000000c7b00000, 0x00000000c7c00000, 0x00000000c7c00000|100%| E|CS|TAMS 0x00000000c7b00000| PB 0x00000000c7b00000| Complete |  0
| 124|0x00000000c7c00000, 0x00000000c7d00000, 0x00000000c7d00000|100%| E|CS|TAMS 0x00000000c7c00000| PB 0x00000000c7c00000| Complete |  0
| 125|0x00000000c7d00000, 0x00000000c7e00000, 0x00000000c7e00000|100%| E|CS|TAMS 0x00000000c7d00000| PB 0x00000000c7d00000| Complete |  0
|1022|0x00000000ffe00000, 0x00000000fff00000, 0x00000000fff00000|100%| O|  |TAMS 0x00000000ffe00000| PB 0x00000000ffe00000| Untracked |  0
|1023|0x00000000fff00000, 0x00000000fff20ff0, 0x0000000100000000| 12%| O|  |TAMS 0x00000000fff00000| PB 0x00000000fff00000| Untracked |  0

Card table byte_map: [0x00007f14b2800000,0x00007f14b2a00000] _byte_map_base: 0x00007f14b2200000

Marking Bits: (CMBitMap*) 0x000064deb66d43a0
 Bits: [0x00007f14b1800000, 0x00007f14b2800000)

Polling page: 0x00007f14d3f7e000

Metaspace:
Metaspace        used 1800K, committed 1920K, reserved 1114112K
 class space     used 133K, committed 192K, reserved 1048576K

Usage:
  Non-class:      1.63 MB used.
      Class:    133.62 KB used.
       Both:      1.76 MB used.

Virtual space:
  Non-class space:       64.00 MB reserved,       1.69 MB (  3%) committed,  1 nodes.
      Class space:        1.00 GB reserved,     192.00 KB ( <1%) committed,  1 nodes.
             Both:        1.06 GB reserved,       1.88 MB ( <1%) committed. 

Chunk freelists:
   Non-Class:  11.84 MB
       Class:  15.71 MB
        Both:  27.56 MB

MaxMetaspaceSize: unlimited
CompressedClassSpaceSize: 1.00 GB
Initial GC threshold: 21.00 MB
Current GC threshold: 21.00 MB
CDS: on
 - commit_granule_bytes: 65536.
 - commit_granule_words: 8192.
 - virtual_space_node_default_size: 8388608.
 - enlarge_chunks_in_place: 1.
UseCompressedClassPointers 1, UseCompactObjectHeaders 0
Narrow klass pointer bits 32, Max shift 3
Narrow klass base: 0x0000000072000000, Narrow klass shift: 0
Encoding Range: [0x0000000072000000 - 0x0000000172000000), (4294967296 bytes)
Klass Range:    [0x0000000072001000 - 0x00000000b3000000), (1090514944 bytes)
Klass ID Range:  [4096 - 1090519033) (1090514937)
Protection zone: [0x0000000072000000 - 0x0000000072001000), (4096 bytes)


Internal statistics:

num_allocs_failed_limit: 0.
num_arena_births: 46.
num_arena_deaths: 0.
num_vsnodes_births: 2.
num_vsnodes_deaths: 0.
num_space_committed: 30.
num_space_uncommitted: 0.
num_chunks_returned_to_freelist: 0.
num_chunks_taken_from_freelist: 67.
num_chunk_merges: 0.
num_chunk_splits: 40.
num_chunks_enlarged: 17.
num_inconsistent_stats: 0.

CodeHeap 'non-profiled nmethods': size=120040Kb used=141Kb max_used=141Kb free=119898Kb
 bounds [0x00007f14ba8c6000, 0x00007f14bab36000, 0x00007f14c1e00000]
CodeHeap 'profiled nmethods': size=120032Kb used=793Kb max_used=793Kb free=119239Kb
 bounds [0x00007f14b2e00000, 0x00007f14b3070000, 0x00007f14ba338000]
CodeHeap 'non-nmethods': size=5688Kb used=1325Kb max_used=1339Kb free=4362Kb
 bounds [0x00007f14ba338000, 0x00007f14ba5a8000, 0x00007f14ba8c6000]
CodeCache: size=245760Kb, used=2259Kb, max_used=2273Kb, free=243499Kb
 total_blobs=1059, nmethods=649, adapters=315, full_count=0
Compilation: enabled, stopped_count=0, restarted_count=0

Compilation events (20 events):
Event: 0.447 Thread 0x000064deb6ecee60  704       3       java.util.ArrayList::rangeCheckForAdd (26 bytes)
Event: 0.447 Thread 0x000064deb6ecd3f0 nmethod 723 0x00007f14ba8e4c08 code [0x00007f14ba8e4d00, 0x00007f14ba8e4de0]
Event: 0.447 Thread 0x000064deb6ecee60 nmethod 704 0x00007f14b2eb6408 code [0x00007f14b2eb6500, 0x00007f14b2eb7030]
Event: 0.447 Thread 0x000064deb6ecee60  705       3       java.util.ArrayList::add (65 bytes)
Event: 0.448 Thread 0x000064deb6ecee60 nmethod 705 0x00007f14b2eb7088 code [0x00007f14b2eb7180, 0x00007f14b2eb77b0]
Event: 0.448 Thread 0x000064deb6ecee60  712       3       java.util.TreeMap::setColor (10 bytes)
Event: 0.448 Thread 0x000064deb6ecd3f0  724       4       java.lang.String::getBytes (44 bytes)
Event: 0.450 Thread 0x000064deb6ecd3f0 nmethod 724 0x00007f14ba8e4f08 code [0x00007f14ba8e5000, 0x00007f14ba8e5158]
Event: 0.450 Thread 0x000064deb6ecd3f0  727       4       org.jpype.manager.MethodResolution::of (2 bytes)
Event: 0.450 Thread 0x000064deb6ecd3f0 nmethod 727 0x00007f14ba8e5208 code [0x00007f14ba8e5300, 0x00007f14ba8e5368]
Event: 0.450 Thread 0x000064deb6ecd3f0  726       4       java.util.HashMap::afterNodeAccess (1 bytes)
Event: 0.450 Thread 0x000064deb6ecee60 nmethod 712 0x00007f14b2eb7808 code [0x00007f14b2eb7900, 0x00007f14b2eb7a18]
Event: 0.450 Thread 0x000064deb6ecee60  725       3       java.lang.reflect.Method::isVarArgs (5 bytes)
Event: 0.450 Thread 0x000064deb6ecee60 nmethod 725 0x00007f14b2eb7b08 code [0x00007f14b2eb7c00, 0x00007f14b2eb7dd0]
Event: 0.450 Thread 0x000064deb6ecee60  711       3       java.util.StringJoiner::add (110 bytes)
Event: 0.451 Thread 0x000064deb6ecee60 nmethod 711 0x00007f14b2eb7e08 code [0x00007f14b2eb7f00, 0x00007f14b2eb8b68]
Event: 0.451 Thread 0x000064deb6ecee60  676       3       java.util.StringJoiner::toString (53 bytes)
Event: 0.451 Thread 0x000064deb6ecee60 nmethod 676 0x00007f14b2eb8b88 code [0x00007f14b2eb8c80, 0x00007f14b2eb8e68]
Event: 0.451 Thread 0x000064deb6ecee60  677       3       java.lang.System$1::join (11 bytes)
Event: 0.452 Thread 0x000064deb6ecd3f0 nmethod 726 0x00007f14ba8e5508 code [0x00007f14ba8e5600, 0x00007f14ba8e5678]

GC Heap Usage History (0 events):
No events

Metaspace Usage History (0 events):
No events

Dll operation events (6 events):
Event: 0.004 Loaded shared library /usr/local/sdkman/candidates/java/25.0.1-ms/lib/libjava.so
Event: 0.033 Loaded shared library /usr/local/sdkman/candidates/java/25.0.1-ms/lib/libsimdsort.so
Event: 0.055 Loaded shared library /usr/local/sdkman/candidates/java/25.0.1-ms/lib/libnio.so
Event: 0.063 Loaded shared library /usr/local/sdkman/candidates/java/25.0.1-ms/lib/libzip.so
Event: 0.165 Loaded shared library /usr/local/python/3.12.1/lib/python3.12/site-packages/_jpype.cpython-312-x86_64-linux-gnu.so
Event: 0.231 Loaded shared library /usr/local/sdkman/candidates/java/25.0.1-ms/lib/libjimage.so

Deoptimization events (8 events):
Event: 0.103 Thread 0x000064deb659d700 Uncommon trap: trap_request=0xffffff45 fr.pc=0x00007f14ba8c83f8 relative=0x0000000000000078
Event: 0.103 Thread 0x000064deb659d700 Uncommon trap: reason=unstable_if action=reinterpret pc=0x00007f14ba8c83f8 method=jdk.internal.misc.Unsafe.convEndian(ZS)S @ 4 c2
Event: 0.103 Thread 0x000064deb659d700 DEOPT PACKING pc=0x00007f14ba8c83f8 sp=0x00007ffcba52a510
Event: 0.103 Thread 0x000064deb659d700 DEOPT UNPACKING pc=0x00007f14ba3c3df9 sp=0x00007ffcba52a460 mode 2
Event: 0.158 Thread 0x000064deb659d700 Uncommon trap: trap_request=0xffffff45 fr.pc=0x00007f14ba8c95f8 relative=0x0000000000000078
Event: 0.158 Thread 0x000064deb659d700 Uncommon trap: reason=unstable_if action=reinterpret pc=0x00007f14ba8c95f8 method=jdk.internal.misc.Unsafe.convEndian(ZI)I @ 4 c2
Event: 0.158 Thread 0x000064deb659d700 DEOPT PACKING pc=0x00007f14ba8c95f8 sp=0x00007ffcba529e70
Event: 0.158 Thread 0x000064deb659d700 DEOPT UNPACKING pc=0x00007f14ba3c3df9 sp=0x00007ffcba529dc0 mode 2

Classes loaded (20 events):
Event: 0.424 Loading class sun/util/logging/PlatformLogger$ConfigurableBridge$LoggerConfiguration done
Event: 0.424 Loading class jdk/internal/logger/SimpleConsoleLogger done
Event: 0.424 Loading class jdk/internal/logger/SurrogateLogger done
Event: 0.424 Loading class sun/util/logging/PlatformLogger
Event: 0.424 Loading class sun/util/logging/PlatformLogger done
Event: 0.424 Loading class sun/util/logging/PlatformLogger$Level
Event: 0.424 Loading class sun/util/logging/PlatformLogger$Level done
Event: 0.429 Loading class jdk/internal/event/ThreadSleepEvent
Event: 0.429 Loading class jdk/internal/event/Event
Event: 0.429 Loading class jdk/internal/event/Event done
Event: 0.429 Loading class jdk/internal/event/ThreadSleepEvent done
Event: 0.434 Loading class java/nio/charset/CharsetDecoder
Event: 0.434 Loading class java/nio/charset/CharsetDecoder done
Event: 0.434 Loading class java/nio/charset/CharacterCodingException
Event: 0.434 Loading class java/nio/charset/CharacterCodingException done
Event: 0.434 Loading class java/lang/foreign/MemorySegment
Event: 0.435 Loading class java/lang/foreign/MemorySegment done
Event: 0.454 Loading class java/util/WeakHashMap$KeyIterator
Event: 0.454 Loading class java/util/WeakHashMap$HashIterator
Event: 0.454 Loading class java/util/WeakHashMap$HashIterator done

Classes unloaded (0 events):
No events

Classes redefined (0 events):
No events

Internal exceptions (14 events):
Event: 0.127 Thread 0x000064deb659d700 Exception <a 'java/lang/NoSuchMethodError'{0x00000000c7c83670}: 'void java.lang.invoke.DirectMethodHandle$Holder.invokeSpecial(java.lang.Object, java.lang.Object, java.lang.Object)'> (0x00000000c7c83670) 
thrown [src/hotspot/share/interpreter/linkResolver.cpp, line 803]
Event: 0.168 Thread 0x000064deb659d700 Exception <a 'java/lang/NoSuchMethodError'{0x00000000c7b06850}: 'int java.lang.invoke.DirectMethodHandle$Holder.invokeStaticInit(java.lang.Object, java.lang.Object)'> (0x00000000c7b06850) 
thrown [src/hotspot/share/interpreter/linkResolver.cpp, line 803]
Event: 0.169 Thread 0x000064deb659d700 Exception <a 'java/lang/NoSuchMethodError'{0x00000000c7b163f0}: 'java.lang.Object java.lang.invoke.DirectMethodHandle$Holder.invokeStaticInit(java.lang.Object, int)'> (0x00000000c7b163f0) 
thrown [src/hotspot/share/interpreter/linkResolver.cpp, line 803]
Event: 0.178 Thread 0x000064deb659d700 Exception <a 'java/lang/NoSuchMethodError'{0x00000000c7b3cb30}: 'java.lang.Object java.lang.invoke.DirectMethodHandle$Holder.newInvokeSpecial(java.lang.Object, java.lang.Object, java.lang.Object, java.lang.Object, java.lang.Object)'> (0x00000000c7b3cb30) 
thrown [src/hotspot/share/interpreter/linkResolver.cpp, line 803]
Event: 0.182 Thread 0x000064deb659d700 Exception <a 'java/lang/NoSuchMethodError'{0x00000000c7b94458}: 'void java.lang.invoke.DirectMethodHandle$Holder.invokeStatic(java.lang.Object, java.lang.Object, java.lang.Object, java.lang.Object)'> (0x00000000c7b94458) 
thrown [src/hotspot/share/interpreter/linkResolver.cpp, line 803]
Event: 0.187 Thread 0x000064deb659d700 Exception <a 'java/lang/NoSuchMethodError'{0x00000000c7bada68}: 'void java.lang.invoke.DirectMethodHandle$Holder.invokeStatic(java.lang.Object, java.lang.Object, java.lang.Object)'> (0x00000000c7bada68) 
thrown [src/hotspot/share/interpreter/linkResolver.cpp, line 803]
Event: 0.195 Thread 0x000064deb659d700 Exception <a 'java/lang/NoSuchMethodError'{0x00000000c7bd7708}: 'java.lang.Object java.lang.invoke.DirectMethodHandle$Holder.invokeInterface(java.lang.Object, java.lang.Object)'> (0x00000000c7bd7708) 
thrown [src/hotspot/share/interpreter/linkResolver.cpp, line 803]
Event: 0.196 Thread 0x000064deb659d700 Exception <a 'java/lang/IncompatibleClassChangeError'{0x00000000c7bdfb88}: Found class java.lang.Object, but interface was expected> (0x00000000c7bdfb88) 
thrown [src/hotspot/share/interpreter/linkResolver.cpp, line 871]
Event: 0.196 Thread 0x000064deb659d700 Exception <a 'java/lang/NoSuchMethodError'{0x00000000c7be7d80}: 'void java.lang.invoke.DirectMethodHandle$Holder.invokeStatic(java.lang.Object, java.lang.Object)'> (0x00000000c7be7d80) 
thrown [src/hotspot/share/interpreter/linkResolver.cpp, line 803]
Event: 0.200 Thread 0x000064deb659d700 Exception <a 'java/lang/NoSuchMethodError'{0x00000000c7bfb7d0}: 'java.lang.Object java.lang.invoke.Invokers$Holder.invokeExact_MT(java.lang.Object, java.lang.Object, java.lang.Object, java.lang.Object, java.lang.Object)'> (0x00000000c7bfb7d0) 
thrown [src/hotspot/share/interpreter/linkResolver.cpp, line 803]
Event: 0.210 Thread 0x000064deb659d700 Exception <a 'java/lang/NoSuchMethodError'{0x00000000c7a17a38}: 'int java.lang.invoke.Invokers$Holder.invokeExact_MT(java.lang.Object, java.lang.Object, java.lang.Object)'> (0x00000000c7a17a38) 
thrown [src/hotspot/share/interpreter/linkResolver.cpp, line 803]
Event: 0.241 Thread 0x000064deb659d700 Exception <a 'java/lang/NoSuchMethodError'{0x00000000c7a8dbd8}: 'java.lang.Object java.lang.invoke.DirectMethodHandle$Holder.invokeStaticInit(java.lang.Object)'> (0x00000000c7a8dbd8) 
thrown [src/hotspot/share/interpreter/linkResolver.cpp, line 803]
Event: 0.330 Thread 0x000064deb659d700 Exception <a 'java/lang/IncompatibleClassChangeError'{0x00000000c7914170}: Found class java.lang.Object, but interface was expected> (0x00000000c7914170) 
thrown [src/hotspot/share/interpreter/linkResolver.cpp, line 871]
Event: 0.441 Thread 0x000064deb707bf90 Exception <a 'java/lang/InterruptedException'{0x00000000c78d71f8}> (0x00000000c78d71f8) 
thrown [src/hotspot/share/runtime/objectMonitor.cpp, line 1972]

VM Operations (2 events):
Event: 0.435 Executing safepoint VM operation: ThreadDump
Event: 0.435 Executing safepoint VM operation: ThreadDump done

Memory protections (15 events):
Event: 0.003 Protecting memory [0x00007ffcba431000,0x00007ffcba435000] with protection modes 0
Event: 0.019 Protecting memory [0x0000000072000000,0x0000000072001000] with protection modes 0
Event: 0.031 Protecting memory [0x00007f14b10fa000,0x00007f14b10fe000] with protection modes 0
Event: 0.031 Protecting memory [0x00007f14b0ff9000,0x00007f14b0ffd000] with protection modes 0
Event: 0.031 Protecting memory [0x00007f14b0ef8000,0x00007f14b0efc000] with protection modes 0
Event: 0.032 Protecting memory [0x00007f14b0df7000,0x00007f14b0dfb000] with protection modes 0
Event: 0.032 Protecting memory [0x00007f14b0cf6000,0x00007f14b0cfa000] with protection modes 0
Event: 0.032 Protecting memory [0x00007f14b0bf5000,0x00007f14b0bf9000] with protection modes 0
Event: 0.035 Protecting memory [0x00007f14b0af4000,0x00007f14b0af8000] with protection modes 0
Event: 0.050 Protecting memory [0x00007f14b09f3000,0x00007f14b09f7000] with protection modes 0
Event: 0.054 Protecting memory [0x00007f14b08f2000,0x00007f14b08f6000] with protection modes 0
Event: 0.204 Protecting memory [0x00007f14d2036000,0x00007f14d2037000] with protection modes 1
Event: 0.226 Protecting memory [0x00007f14b07f1000,0x00007f14b07f5000] with protection modes 0
Event: 0.416 Protecting memory [0x00007f14b06f0000,0x00007f14b06f4000] with protection modes 0
Event: 0.429 Protecting memory [0x00007f14b05ef000,0x00007f14b05f3000] with protection modes 0

Nmethod flushes (0 events):
No events

Events (14 events):
Event: 0.020 Thread 0x000064deb659d700 Thread added: 0x000064deb659d700
Event: 0.031 Thread 0x000064deb659d700 Thread added: 0x000064deb6ec5000
Event: 0.031 Thread 0x000064deb659d700 Thread added: 0x000064deb6ec68b0
Event: 0.031 Thread 0x000064deb659d700 Thread added: 0x000064deb6ec8380
Event: 0.032 Thread 0x000064deb659d700 Thread added: 0x000064deb6ec9d20
Event: 0.032 Thread 0x000064deb659d700 Thread added: 0x000064deb6ecb620
Event: 0.032 Thread 0x000064deb659d700 Thread added: 0x000064deb6ecd3f0
Event: 0.034 Thread 0x000064deb659d700 Thread added: 0x000064deb6ecee60
Event: 0.050 Thread 0x000064deb659d700 Thread added: 0x000064deb6eda910
Event: 0.053 Thread 0x000064deb659d700 Thread added: 0x000064deb6edca50
Event: 0.225 Thread 0x000064deb659d700 Thread added: 0x000064deb707bf90
Event: 0.416 Thread 0x000064deb6ec8380 Thread added: 0x00007f1484001030
Event: 0.429 Thread 0x00007f1484001030 Thread added: 0x00007f1474518b60
Event: 0.441 Thread 0x000064deb707bf90 Thread exited: 0x000064deb707bf90


Dynamic libraries:
72000000-72001000 ---p 00000000 00:00 0 
72001000-724ab000 rw-p 00001000 00:2d 681584                             /usr/local/sdkman/candidates/java/25.0.1-ms/lib/server/classes.jsa
724ab000-72d8c000 rw-p 004ab000 00:2d 681584                             /usr/local/sdkman/candidates/java/25.0.1-ms/lib/server/classes.jsa
72d8c000-73000000 ---p 00000000 00:00 0 
73000000-73020000 rw-p 00000000 00:00 0 
73020000-73040000 ---p 00000000 00:00 0 
73040000-73050000 rw-p 00000000 00:00 0 
73050000-b3000000 ---p 00000000 00:00 0 
c0000000-c7e00000 rw-p 00000000 00:00 0 
c7e00000-ffe00000 ---p 00000000 00:00 0 
ffe00000-fff21000 rw-p 00dbf000 00:2d 681584                             /usr/local/sdkman/candidates/java/25.0.1-ms/lib/server/classes.jsa
fff21000-100000000 rw-p 00000000 00:00 0 
64deaa55f000-64deaa65d000 r--p 00000000 00:2d 828064                     /usr/local/python/3.12.1/bin/python3.12
64deaa65d000-64deaa8fa000 r-xp 000fe000 00:2d 828064                     /usr/local/python/3.12.1/bin/python3.12
64deaa8fa000-64deaaa4c000 r--p 0039b000 00:2d 828064                     /usr/local/python/3.12.1/bin/python3.12
64deaaa4c000-64deaaac3000 r--p 004ed000 00:2d 828064                     /usr/local/python/3.12.1/bin/python3.12
64deaaac3000-64deaac30000 rw-p 00564000 00:2d 828064                     /usr/local/python/3.12.1/bin/python3.12
64deaac30000-64deaac32000 rw-p 00000000 00:00 0 
64deb4d20000-64deb7123000 rw-p 00000000 00:00 0                          [heap]
7f1468000000-7f1468021000 rw-p 00000000 00:00 0 
7f1468021000-7f146c000000 ---p 00000000 00:00 0 
7f1470000000-7f1470275000 rw-p 00000000 00:00 0 
7f1470275000-7f1474000000 ---p 00000000 00:00 0 
7f1474000000-7f1474568000 rw-p 00000000 00:00 0 
7f1474568000-7f1478000000 ---p 00000000 00:00 0 
7f1478000000-7f1478021000 rw-p 00000000 00:00 0 
7f1478021000-7f147c000000 ---p 00000000 00:00 0 
7f147c000000-7f147c021000 rw-p 00000000 00:00 0 
7f147c021000-7f1480000000 ---p 00000000 00:00 0 
7f1480000000-7f1480021000 rw-p 00000000 00:00 0 
7f1480021000-7f1484000000 ---p 00000000 00:00 0 
7f1484000000-7f1484021000 rw-p 00000000 00:00 0 
7f1484021000-7f1488000000 ---p 00000000 00:00 0 
7f1488000000-7f1488021000 rw-p 00000000 00:00 0 
7f1488021000-7f148c000000 ---p 00000000 00:00 0 
7f148c000000-7f148c021000 rw-p 00000000 00:00 0 
7f148c021000-7f1490000000 ---p 00000000 00:00 0 
7f1490000000-7f1490180000 rw-p 00000000 00:00 0 
7f1490180000-7f1490400000 ---p 00000000 00:00 0 
7f1490400000-7f1490430000 rw-p 00000000 00:00 0 
7f1490430000-7f1494000000 ---p 00000000 00:00 0 
7f1494000000-7f1494021000 rw-p 00000000 00:00 0 
7f1494021000-7f1498000000 ---p 00000000 00:00 0 
7f1498000000-7f1498021000 rw-p 00000000 00:00 0 
7f1498021000-7f149c000000 ---p 00000000 00:00 0 
7f149c000000-7f149c021000 rw-p 00000000 00:00 0 
7f149c021000-7f14a0000000 ---p 00000000 00:00 0 
7f14a2000000-7f14a4021000 rw-p 00000000 00:00 0 
7f14a4021000-7f14a8000000 ---p 00000000 00:00 0 
7f14a8000000-7f14a8021000 rw-p 00000000 00:00 0 
7f14a8021000-7f14ac000000 ---p 00000000 00:00 0 
7f14ac000000-7f14ac021000 rw-p 00000000 00:00 0 
7f14ac021000-7f14b0000000 ---p 00000000 00:00 0 
7f14b05ee000-7f14b05ef000 ---p 00000000 00:00 0 
7f14b05ef000-7f14b05f3000 ---p 00000000 00:00 0 
7f14b05f3000-7f14b06ef000 rw-p 00000000 00:00 0 
7f14b06ef000-7f14b06f0000 ---p 00000000 00:00 0 
7f14b06f0000-7f14b06f4000 ---p 00000000 00:00 0 
7f14b06f4000-7f14b07f0000 rw-p 00000000 00:00 0 
7f14b07f0000-7f14b07f1000 ---p 00000000 00:00 0 
7f14b07f1000-7f14b07f5000 ---p 00000000 00:00 0 
7f14b07f5000-7f14b08f1000 rw-p 00000000 00:00 0 
7f14b08f1000-7f14b08f2000 ---p 00000000 00:00 0 
7f14b08f2000-7f14b08f6000 ---p 00000000 00:00 0 
7f14b08f6000-7f14b09f2000 rw-p 00000000 00:00 0 
7f14b09f2000-7f14b09f3000 ---p 00000000 00:00 0 
7f14b09f3000-7f14b09f7000 ---p 00000000 00:00 0 
7f14b09f7000-7f14b0af3000 rw-p 00000000 00:00 0 
7f14b0af3000-7f14b0af4000 ---p 00000000 00:00 0 
7f14b0af4000-7f14b0af8000 ---p 00000000 00:00 0 
7f14b0af8000-7f14b0bf4000 rw-p 00000000 00:00 0 
7f14b0bf4000-7f14b0bf5000 ---p 00000000 00:00 0 
7f14b0bf5000-7f14b0bf9000 ---p 00000000 00:00 0 
7f14b0bf9000-7f14b0cf5000 rw-p 00000000 00:00 0 
7f14b0cf5000-7f14b0cf6000 ---p 00000000 00:00 0 
7f14b0cf6000-7f14b0cfa000 ---p 00000000 00:00 0 
7f14b0cfa000-7f14b0df6000 rw-p 00000000 00:00 0 
7f14b0df6000-7f14b0df7000 ---p 00000000 00:00 0 
7f14b0df7000-7f14b0dfb000 ---p 00000000 00:00 0 
7f14b0dfb000-7f14b0ef7000 rw-p 00000000 00:00 0 
7f14b0ef7000-7f14b0ef8000 ---p 00000000 00:00 0 
7f14b0ef8000-7f14b0efc000 ---p 00000000 00:00 0 
7f14b0efc000-7f14b0ff8000 rw-p 00000000 00:00 0 
7f14b0ff8000-7f14b0ff9000 ---p 00000000 00:00 0 
7f14b0ff9000-7f14b0ffd000 ---p 00000000 00:00 0 
7f14b0ffd000-7f14b10f9000 rw-p 00000000 00:00 0 
7f14b10f9000-7f14b10fa000 ---p 00000000 00:00 0 
7f14b10fa000-7f14b10fe000 ---p 00000000 00:00 0 
7f14b10fe000-7f14b11fa000 rw-p 00000000 00:00 0 
7f14b11fa000-7f14b11fb000 ---p 00000000 00:00 0 
7f14b11fb000-7f14b12fb000 rw-p 00000000 00:00 0 
7f14b12fb000-7f14b12fc000 ---p 00000000 00:00 0 
7f14b12fc000-7f14b13fc000 rw-p 00000000 00:00 0 
7f14b13fc000-7f14b13fd000 ---p 00000000 00:00 0 
7f14b13fd000-7f14b14fd000 rw-p 00000000 00:00 0 
7f14b14fd000-7f14b14fe000 ---p 00000000 00:00 0 
7f14b14fe000-7f14b15fe000 rw-p 00000000 00:00 0 
7f14b15fe000-7f14b15ff000 ---p 00000000 00:00 0 
7f14b15ff000-7f14b16ff000 rw-p 00000000 00:00 0 
7f14b16ff000-7f14b1700000 ---p 00000000 00:00 0 
7f14b1700000-7f14b1800000 rw-p 00000000 00:00 0 
7f14b1800000-7f14b19f8000 rw-p 00000000 00:00 0 
7f14b19f8000-7f14b27f8000 ---p 00000000 00:00 0 
7f14b27f8000-7f14b27fc000 rw-p 00000000 00:00 0 
7f14b27fc000-7f14b283f000 rw-p 00000000 00:00 0 
7f14b283f000-7f14b29ff000 ---p 00000000 00:00 0 
7f14b29ff000-7f14b2a3f000 rw-p 00000000 00:00 0 
7f14b2a3f000-7f14b2bff000 ---p 00000000 00:00 0 
7f14b2bff000-7f14b2c00000 rw-p 00000000 00:00 0 
7f14b2c14000-7f14b2c15000 ---p 00000000 00:00 0 
7f14b2c15000-7f14b2d15000 rw-p 00000000 00:00 0 
7f14b2d15000-7f14b2d1a000 rw-p 00000000 00:00 0 
7f14b2d1a000-7f14b2e00000 ---p 00000000 00:00 0 
7f14b2e00000-7f14b3070000 rwxp 00000000 00:00 0 
7f14b3070000-7f14ba338000 ---p 00000000 00:00 0 
7f14ba338000-7f14ba5a8000 rwxp 00000000 00:00 0 
7f14ba5a8000-7f14ba8c6000 ---p 00000000 00:00 0 
7f14ba8c6000-7f14bab36000 rwxp 00000000 00:00 0 
7f14bab36000-7f14c1e00000 ---p 00000000 00:00 0 
7f14c1e9d000-7f14c1eda000 r-xp 00000000 00:2d 681571                     /usr/local/sdkman/candidates/java/25.0.1-ms/lib/libsimdsort.so
7f14c1eda000-7f14c1edb000 ---p 0003d000 00:2d 681571                     /usr/local/sdkman/candidates/java/25.0.1-ms/lib/libsimdsort.so
7f14c1edb000-7f14c1edc000 r--p 0003d000 00:2d 681571                     /usr/local/sdkman/candidates/java/25.0.1-ms/lib/libsimdsort.so
7f14c1edc000-7f14c1edd000 rw-p 0003e000 00:2d 681571                     /usr/local/sdkman/candidates/java/25.0.1-ms/lib/libsimdsort.so
7f14c1edd000-7f14c1ee2000 rw-p 00000000 00:00 0 
7f14c1ee2000-7f14c1fc8000 ---p 00000000 00:00 0 
7f14c1fc8000-7f14caabb000 r--s 00000000 00:2d 681576                     /usr/local/sdkman/candidates/java/25.0.1-ms/lib/modules
7f14caabb000-7f14cc05e000 r-xp 00000000 00:2d 681589                     /usr/local/sdkman/candidates/java/25.0.1-ms/lib/server/libjvm.so
7f14cc05e000-7f14cc05f000 ---p 015a3000 00:2d 681589                     /usr/local/sdkman/candidates/java/25.0.1-ms/lib/server/libjvm.so
7f14cc05f000-7f14cc148000 r--p 015a3000 00:2d 681589                     /usr/local/sdkman/candidates/java/25.0.1-ms/lib/server/libjvm.so
7f14cc148000-7f14cc173000 rw-p 0168c000 00:2d 681589                     /usr/local/sdkman/candidates/java/25.0.1-ms/lib/server/libjvm.so
7f14cc173000-7f14cc2ef000 rw-p 00000000 00:00 0 
7f14cc2ef000-7f14cc4c2000 r--p 00000000 00:2d 1078548                    /usr/local/python/3.12.1/lib/python3.12/site-packages/pymupdf/_mupdf.so
7f14cc4c2000-7f14cc96d000 r-xp 001d3000 00:2d 1078548                    /usr/local/python/3.12.1/lib/python3.12/site-packages/pymupdf/_mupdf.so
7f14cc96d000-7f14cce47000 r--p 0067e000 00:2d 1078548                    /usr/local/python/3.12.1/lib/python3.12/site-packages/pymupdf/_mupdf.so
7f14cce47000-7f14cce4b000 r--p 00b57000 00:2d 1078548                    /usr/local/python/3.12.1/lib/python3.12/site-packages/pymupdf/_mupdf.so
7f14cce4b000-7f14ccedf000 rw-p 00b5b000 00:2d 1078548                    /usr/local/python/3.12.1/lib/python3.12/site-packages/pymupdf/_mupdf.so
7f14ccedf000-7f14cd4e1000 rw-p 00000000 00:00 0 
7f14cd502000-7f14cd50e000 r-xp 00000000 00:2d 681565                     /usr/local/sdkman/candidates/java/25.0.1-ms/lib/libnet.so
7f14cd50e000-7f14cd50f000 r--p 0000b000 00:2d 681565                     /usr/local/sdkman/candidates/java/25.0.1-ms/lib/libnet.so
7f14cd50f000-7f14cd510000 rw-p 0000c000 00:2d 681565                     /usr/local/sdkman/candidates/java/25.0.1-ms/lib/libnet.so
7f14cd510000-7f14cd833000 rw-p 00000000 00:00 0 
7f14cd833000-7f14cd92b000 r--p 00000000 00:2d 1078549                    /usr/local/python/3.12.1/lib/python3.12/site-packages/pymupdf/libmupdfcpp.so.27.2
7f14cd92b000-7f14cd9d6000 r-xp 000f8000 00:2d 1078549                    /usr/local/python/3.12.1/lib/python3.12/site-packages/pymupdf/libmupdfcpp.so.27.2
7f14cd9d6000-7f14cda2c000 r--p 001a3000 00:2d 1078549                    /usr/local/python/3.12.1/lib/python3.12/site-packages/pymupdf/libmupdfcpp.so.27.2
7f14cda2c000-7f14cda2e000 r--p 001f8000 00:2d 1078549                    /usr/local/python/3.12.1/lib/python3.12/site-packages/pymupdf/libmupdfcpp.so.27.2
7f14cda2e000-7f14cda3b000 rw-p 001fa000 00:2d 1078549                    /usr/local/python/3.12.1/lib/python3.12/site-packages/pymupdf/libmupdfcpp.so.27.2
7f14cda3b000-7f14cdb7e000 r--p 00000000 00:2d 1078550                    /usr/local/python/3.12.1/lib/python3.12/site-packages/pymupdf/libmupdf.so.27.2
7f14cdb7e000-7f14ce51a000 r-xp 00143000 00:2d 1078550                    /usr/local/python/3.12.1/lib/python3.12/site-packages/pymupdf/libmupdf.so.27.2
7f14ce51a000-7f14ce9e1000 r--p 00adf000 00:2d 1078550                    /usr/local/python/3.12.1/lib/python3.12/site-packages/pymupdf/libmupdf.so.27.2
7f14ce9e1000-7f14cea00000 r--p 00fa6000 00:2d 1078550                    /usr/local/python/3.12.1/lib/python3.12/site-packages/pymupdf/libmupdf.so.27.2
7f14cea00000-7f14cfba2000 rw-p 00fc5000 00:2d 1078550                    /usr/local/python/3.12.1/lib/python3.12/site-packages/pymupdf/libmupdf.so.27.2
7f14cfba2000-7f14cfcaf000 rw-p 00000000 00:00 0 
7f14cfcb6000-7f14cff8c000 rw-p 00000000 00:00 0 
7f14cff8c000-7f14cffda000 r--p 00000000 00:2d 1065088                    /usr/local/python/3.12.1/lib/python3.12/site-packages/lxml/etree.cpython-312-x86_64-linux-gnu.so
7f14cffda000-7f14d02ff000 r-xp 0004e000 00:2d 1065088                    /usr/local/python/3.12.1/lib/python3.12/site-packages/lxml/etree.cpython-312-x86_64-linux-gnu.so
7f14d02ff000-7f14d0486000 r--p 00373000 00:2d 1065088                    /usr/local/python/3.12.1/lib/python3.12/site-packages/lxml/etree.cpython-312-x86_64-linux-gnu.so
7f14d0486000-7f14d0495000 r--p 004fa000 00:2d 1065088                    /usr/local/python/3.12.1/lib/python3.12/site-packages/lxml/etree.cpython-312-x86_64-linux-gnu.so
7f14d0495000-7f14d04b1000 rw-p 00509000 00:2d 1065088                    /usr/local/python/3.12.1/lib/python3.12/site-packages/lxml/etree.cpython-312-x86_64-linux-gnu.so
7f14d04b1000-7f14d07ba000 rw-p 00000000 00:00 0 
7f14d07ba000-7f14d07bd000 r--p 00000000 00:2d 830487                     /usr/local/python/3.12.1/lib/python3.12/lib-dynload/_multibytecodec.cpython-312-x86_64-linux-gnu.so
7f14d07bd000-7f14d07c3000 r-xp 00003000 00:2d 830487                     /usr/local/python/3.12.1/lib/python3.12/lib-dynload/_multibytecodec.cpython-312-x86_64-linux-gnu.so
7f14d07c3000-7f14d07c5000 r--p 00009000 00:2d 830487                     /usr/local/python/3.12.1/lib/python3.12/lib-dynload/_multibytecodec.cpython-312-x86_64-linux-gnu.so
7f14d07c5000-7f14d07c6000 r--p 0000a000 00:2d 830487                     /usr/local/python/3.12.1/lib/python3.12/lib-dynload/_multibytecodec.cpython-312-x86_64-linux-gnu.so
7f14d07c6000-7f14d07c7000 rw-p 0000b000 00:2d 830487                     /usr/local/python/3.12.1/lib/python3.12/lib-dynload/_multibytecodec.cpython-312-x86_64-linux-gnu.so
7f14d07c7000-7f14d07d5000 r--p 00000000 00:2d 795733                     /home/codespace/.local/lib/python3.12/site-packages/charset_normalizer/md__mypyc.cpython-312-x86_64-linux-gnu.so
7f14d07d5000-7f14d07f5000 r-xp 0000e000 00:2d 795733                     /home/codespace/.local/lib/python3.12/site-packages/charset_normalizer/md__mypyc.cpython-312-x86_64-linux-gnu.so
7f14d07f5000-7f14d07ff000 r--p 0002e000 00:2d 795733                     /home/codespace/.local/lib/python3.12/site-packages/charset_normalizer/md__mypyc.cpython-312-x86_64-linux-gnu.so
7f14d07ff000-7f14d0800000 r--p 00037000 00:2d 795733                     /home/codespace/.local/lib/python3.12/site-packages/charset_normalizer/md__mypyc.cpython-312-x86_64-linux-gnu.so
7f14d0800000-7f14d0804000 rw-p 00038000 00:2d 795733                     /home/codespace/.local/lib/python3.12/site-packages/charset_normalizer/md__mypyc.cpython-312-x86_64-linux-gnu.so
7f14d0804000-7f14d0905000 rw-p 00000000 00:00 0 
7f14d0905000-7f14d090b000 r--p 00000000 00:2d 830525                     /usr/local/python/3.12.1/lib/python3.12/lib-dynload/pyexpat.cpython-312-x86_64-linux-gnu.so
7f14d090b000-7f14d0930000 r-xp 00006000 00:2d 830525                     /usr/local/python/3.12.1/lib/python3.12/lib-dynload/pyexpat.cpython-312-x86_64-linux-gnu.so
7f14d0930000-7f14d093b000 r--p 0002b000 00:2d 830525                     /usr/local/python/3.12.1/lib/python3.12/lib-dynload/pyexpat.cpython-312-x86_64-linux-gnu.so
7f14d093b000-7f14d093e000 r--p 00035000 00:2d 830525                     /usr/local/python/3.12.1/lib/python3.12/lib-dynload/pyexpat.cpython-312-x86_64-linux-gnu.so
7f14d093e000-7f14d0940000 rw-p 00038000 00:2d 830525                     /usr/local/python/3.12.1/lib/python3.12/lib-dynload/pyexpat.cpython-312-x86_64-linux-gnu.so
7f14d0940000-7f14d0944000 r--p 00000000 00:2d 830479                     /usr/local/python/3.12.1/lib/python3.12/lib-dynload/_elementtree.cpython-312-x86_64-linux-gnu.so
7f14d0944000-7f14d0950000 r-xp 00004000 00:2d 830479                     /usr/local/python/3.12.1/lib/python3.12/lib-dynload/_elementtree.cpython-312-x86_64-linux-gnu.so
7f14d0950000-7f14d0953000 r--p 00010000 00:2d 830479                     /usr/local/python/3.12.1/lib/python3.12/lib-dynload/_elementtree.cpython-312-x86_64-linux-gnu.so
7f14d0953000-7f14d0954000 r--p 00012000 00:2d 830479                     /usr/local/python/3.12.1/lib/python3.12/lib-dynload/_elementtree.cpython-312-x86_64-linux-gnu.so
7f14d0954000-7f14d0956000 rw-p 00013000 00:2d 830479                     /usr/local/python/3.12.1/lib/python3.12/lib-dynload/_elementtree.cpython-312-x86_64-linux-gnu.so
7f14d0956000-7f14d0d56000 rw-p 00000000 00:00 0 
7f14d0d56000-7f14d0d58000 r--p 00000000 00:2d 394126                     /usr/lib/x86_64-linux-gnu/libffi.so.8.1.4
7f14d0d58000-7f14d0d5f000 r-xp 00002000 00:2d 394126                     /usr/lib/x86_64-linux-gnu/libffi.so.8.1.4
7f14d0d5f000-7f14d0d60000 r--p 00009000 00:2d 394126                     /usr/lib/x86_64-linux-gnu/libffi.so.8.1.4
7f14d0d60000-7f14d0d61000 r--p 0000a000 00:2d 394126                     /usr/lib/x86_64-linux-gnu/libffi.so.8.1.4
7f14d0d61000-7f14d0d62000 rw-p 0000b000 00:2d 394126                     /usr/lib/x86_64-linux-gnu/libffi.so.8.1.4
7f14d0d62000-7f14d0d68000 r--p 00000000 00:2d 830473                     /usr/local/python/3.12.1/lib/python3.12/lib-dynload/_ctypes.cpython-312-x86_64-linux-gnu.so
7f14d0d68000-7f14d0d7a000 r-xp 00006000 00:2d 830473                     /usr/local/python/3.12.1/lib/python3.12/lib-dynload/_ctypes.cpython-312-x86_64-linux-gnu.so
7f14d0d7a000-7f14d0d80000 r--p 00018000 00:2d 830473                     /usr/local/python/3.12.1/lib/python3.12/lib-dynload/_ctypes.cpython-312-x86_64-linux-gnu.so
7f14d0d80000-7f14d0d81000 r--p 0001d000 00:2d 830473                     /usr/local/python/3.12.1/lib/python3.12/lib-dynload/_ctypes.cpython-312-x86_64-linux-gnu.so
7f14d0d81000-7f14d0d85000 rw-p 0001e000 00:2d 830473                     /usr/local/python/3.12.1/lib/python3.12/lib-dynload/_ctypes.cpython-312-x86_64-linux-gnu.so
7f14d0d85000-7f14d0e85000 rw-p 00000000 00:00 0 
7f14d0e85000-7f14d0ec0000 r--p 00000000 00:2d 1065257                    /usr/local/python/3.12.1/lib/python3.12/site-packages/_jpype.cpython-312-x86_64-linux-gnu.so
7f14d0ec0000-7f14d0f14000 r-xp 0003b000 00:2d 1065257                    /usr/local/python/3.12.1/lib/python3.12/site-packages/_jpype.cpython-312-x86_64-linux-gnu.so
7f14d0f14000-7f14d0f3c000 r--p 0008f000 00:2d 1065257                    /usr/local/python/3.12.1/lib/python3.12/site-packages/_jpype.cpython-312-x86_64-linux-gnu.so
7f14d0f3c000-7f14d0f3d000 ---p 000b7000 00:2d 1065257                    /usr/local/python/3.12.1/lib/python3.12/site-packages/_jpype.cpython-312-x86_64-linux-gnu.so
7f14d0f3d000-7f14d0f41000 r--p 000b7000 00:2d 1065257                    /usr/local/python/3.12.1/lib/python3.12/site-packages/_jpype.cpython-312-x86_64-linux-gnu.so
7f14d0f41000-7f14d0f45000 rw-p 000bb000 00:2d 1065257                    /usr/local/python/3.12.1/lib/python3.12/site-packages/_jpype.cpython-312-x86_64-linux-gnu.so
7f14d0f45000-7f14d1045000 rw-p 00000000 00:00 0 
7f14d1045000-7f14d104a000 r--p 00000000 00:2d 1062218                    /usr/local/python/3.12.1/lib/python3.12/site-packages/frozenlist/_frozenlist.cpython-312-x86_64-linux-gnu.so
7f14d104a000-7f14d1057000 r-xp 00005000 00:2d 1062218                    /usr/local/python/3.12.1/lib/python3.12/site-packages/frozenlist/_frozenlist.cpython-312-x86_64-linux-gnu.so
7f14d1057000-7f14d105b000 r--p 00012000 00:2d 1062218                    /usr/local/python/3.12.1/lib/python3.12/site-packages/frozenlist/_frozenlist.cpython-312-x86_64-linux-gnu.so
7f14d105b000-7f14d105c000 r--p 00015000 00:2d 1062218                    /usr/local/python/3.12.1/lib/python3.12/site-packages/frozenlist/_frozenlist.cpython-312-x86_64-linux-gnu.so
7f14d105c000-7f14d105e000 rw-p 00016000 00:2d 1062218                    /usr/local/python/3.12.1/lib/python3.12/site-packages/frozenlist/_frozenlist.cpython-312-x86_64-linux-gnu.so
7f14d105e000-7f14d115e000 rw-p 00000000 00:00 0 
7f14d115e000-7f14d1164000 r--p 00000000 00:2d 1062364                    /usr/local/python/3.12.1/lib/python3.12/site-packages/aiohttp/_websocket/reader_c.cpython-312-x86_64-linux-gnu.so
7f14d1164000-7f14d1187000 r-xp 00006000 00:2d 1062364                    /usr/local/python/3.12.1/lib/python3.12/site-packages/aiohttp/_websocket/reader_c.cpython-312-x86_64-linux-gnu.so
7f14d1187000-7f14d118e000 r--p 00029000 00:2d 1062364                    /usr/local/python/3.12.1/lib/python3.12/site-packages/aiohttp/_websocket/reader_c.cpython-312-x86_64-linux-gnu.so
7f14d118e000-7f14d1190000 r--p 0002f000 00:2d 1062364                    /usr/local/python/3.12.1/lib/python3.12/site-packages/aiohttp/_websocket/reader_c.cpython-312-x86_64-linux-gnu.so
7f14d1190000-7f14d1192000 rw-p 00031000 00:2d 1062364                    /usr/local/python/3.12.1/lib/python3.12/site-packages/aiohttp/_websocket/reader_c.cpython-312-x86_64-linux-gnu.so
7f14d1192000-7f14d1193000 rw-p 00000000 00:00 0 
7f14d1193000-7f14d1196000 r--p 00000000 00:2d 1062359                    /usr/local/python/3.12.1/lib/python3.12/site-packages/aiohttp/_websocket/mask.cpython-312-x86_64-linux-gnu.so
7f14d1196000-7f14d119b000 r-xp 00003000 00:2d 1062359                    /usr/local/python/3.12.1/lib/python3.12/site-packages/aiohttp/_websocket/mask.cpython-312-x86_64-linux-gnu.so
7f14d119b000-7f14d119d000 r--p 00008000 00:2d 1062359                    /usr/local/python/3.12.1/lib/python3.12/site-packages/aiohttp/_websocket/mask.cpython-312-x86_64-linux-gnu.so
7f14d119d000-7f14d119e000 r--p 00009000 00:2d 1062359                    /usr/local/python/3.12.1/lib/python3.12/site-packages/aiohttp/_websocket/mask.cpython-312-x86_64-linux-gnu.so
7f14d119e000-7f14d119f000 rw-p 0000a000 00:2d 1062359                    /usr/local/python/3.12.1/lib/python3.12/site-packages/aiohttp/_websocket/mask.cpython-312-x86_64-linux-gnu.so
7f14d119f000-7f14d11a9000 r--p 00000000 00:2d 1062299                    /usr/local/python/3.12.1/lib/python3.12/site-packages/aiohttp/_http_parser.cpython-312-x86_64-linux-gnu.so
7f14d11a9000-7f14d11ff000 r-xp 0000a000 00:2d 1062299                    /usr/local/python/3.12.1/lib/python3.12/site-packages/aiohttp/_http_parser.cpython-312-x86_64-linux-gnu.so
7f14d11ff000-7f14d120b000 r--p 00060000 00:2d 1062299                    /usr/local/python/3.12.1/lib/python3.12/site-packages/aiohttp/_http_parser.cpython-312-x86_64-linux-gnu.so
7f14d120b000-7f14d120d000 r--p 0006c000 00:2d 1062299                    /usr/local/python/3.12.1/lib/python3.12/site-packages/aiohttp/_http_parser.cpython-312-x86_64-linux-gnu.so
7f14d120d000-7f14d1210000 rw-p 0006e000 00:2d 1062299                    /usr/local/python/3.12.1/lib/python3.12/site-packages/aiohttp/_http_parser.cpython-312-x86_64-linux-gnu.so
7f14d1210000-7f14d1212000 rw-p 00000000 00:00 0 
7f14d1212000-7f14d1215000 r--p 00000000 00:2d 1062301                    /usr/local/python/3.12.1/lib/python3.12/site-packages/aiohttp/_http_writer.cpython-312-x86_64-linux-gnu.so
7f14d1215000-7f14d121d000 r-xp 00003000 00:2d 1062301                    /usr/local/python/3.12.1/lib/python3.12/site-packages/aiohttp/_http_writer.cpython-312-x86_64-linux-gnu.so
7f14d121d000-7f14d121f000 r--p 0000b000 00:2d 1062301                    /usr/local/python/3.12.1/lib/python3.12/site-packages/aiohttp/_http_writer.cpython-312-x86_64-linux-gnu.so
7f14d121f000-7f14d1220000 r--p 0000c000 00:2d 1062301                    /usr/local/python/3.12.1/lib/python3.12/site-packages/aiohttp/_http_writer.cpython-312-x86_64-linux-gnu.so
7f14d1220000-7f14d1221000 rw-p 0000d000 00:2d 1062301                    /usr/local/python/3.12.1/lib/python3.12/site-packages/aiohttp/_http_writer.cpython-312-x86_64-linux-gnu.so
7f14d1221000-7f14d1321000 rw-p 00000000 00:00 0 
7f14d1321000-7f14d1325000 r--p 00000000 00:2d 1062176                    /usr/local/python/3.12.1/lib/python3.12/site-packages/propcache/_helpers_c.cpython-312-x86_64-linux-gnu.so
7f14d1325000-7f14d1331000 r-xp 00004000 00:2d 1062176                    /usr/local/python/3.12.1/lib/python3.12/site-packages/propcache/_helpers_c.cpython-312-x86_64-linux-gnu.so
7f14d1331000-7f14d1335000 r--p 00010000 00:2d 1062176                    /usr/local/python/3.12.1/lib/python3.12/site-packages/propcache/_helpers_c.cpython-312-x86_64-linux-gnu.so
7f14d1335000-7f14d1336000 r--p 00013000 00:2d 1062176                    /usr/local/python/3.12.1/lib/python3.12/site-packages/propcache/_helpers_c.cpython-312-x86_64-linux-gnu.so
7f14d1336000-7f14d1337000 rw-p 00014000 00:2d 1062176                    /usr/local/python/3.12.1/lib/python3.12/site-packages/propcache/_helpers_c.cpython-312-x86_64-linux-gnu.so
7f14d1337000-7f14d1338000 rw-p 00000000 00:00 0 
7f14d1338000-7f14d133b000 r--p 00000000 00:2d 830532                     /usr/local/python/3.12.1/lib/python3.12/lib-dynload/unicodedata.cpython-312-x86_64-linux-gnu.so
7f14d133b000-7f14d1340000 r-xp 00003000 00:2d 830532                     /usr/local/python/3.12.1/lib/python3.12/lib-dynload/unicodedata.cpython-312-x86_64-linux-gnu.so
7f14d1340000-7f14d144c000 r--p 00008000 00:2d 830532                     /usr/local/python/3.12.1/lib/python3.12/lib-dynload/unicodedata.cpython-312-x86_64-linux-gnu.so
7f14d144c000-7f14d144d000 r--p 00113000 00:2d 830532                     /usr/local/python/3.12.1/lib/python3.12/lib-dynload/unicodedata.cpython-312-x86_64-linux-gnu.so
7f14d144d000-7f14d144e000 rw-p 00114000 00:2d 830532                     /usr/local/python/3.12.1/lib/python3.12/lib-dynload/unicodedata.cpython-312-x86_64-linux-gnu.so
7f14d144e000-7f14d154e000 rw-p 00000000 00:00 0 
7f14d154e000-7f14d156e000 r--p 00000000 00:2d 412047                     /usr/lib/x86_64-linux-gnu/libsqlite3.so.0.8.6
7f14d156e000-7f14d1679000 r-xp 00020000 00:2d 412047                     /usr/lib/x86_64-linux-gnu/libsqlite3.so.0.8.6
7f14d1679000-7f14d16ad000 r--p 0012b000 00:2d 412047                     /usr/lib/x86_64-linux-gnu/libsqlite3.so.0.8.6
7f14d16ad000-7f14d16b1000 r--p 0015e000 00:2d 412047                     /usr/lib/x86_64-linux-gnu/libsqlite3.so.0.8.6
7f14d16b1000-7f14d16b5000 rw-p 00162000 00:2d 412047                     /usr/lib/x86_64-linux-gnu/libsqlite3.so.0.8.6
7f14d16b5000-7f14d1fb6000 rw-p 00000000 00:00 0 
7f14d1fb6000-7f14d1fbd000 r-xp 00000000 00:2d 681575                     /usr/local/sdkman/candidates/java/25.0.1-ms/lib/libzip.so
7f14d1fbd000-7f14d1fbe000 ---p 00007000 00:2d 681575                     /usr/local/sdkman/candidates/java/25.0.1-ms/lib/libzip.so
7f14d1fbe000-7f14d1fbf000 r--p 00007000 00:2d 681575                     /usr/local/sdkman/candidates/java/25.0.1-ms/lib/libzip.so
7f14d1fbf000-7f14d1fc0000 rw-p 00008000 00:2d 681575                     /usr/local/sdkman/candidates/java/25.0.1-ms/lib/libzip.so
7f14d1fc0000-7f14d1fd4000 r-xp 00000000 00:2d 681566                     /usr/local/sdkman/candidates/java/25.0.1-ms/lib/libnio.so
7f14d1fd4000-7f14d1fd5000 r--p 00013000 00:2d 681566                     /usr/local/sdkman/candidates/java/25.0.1-ms/lib/libnio.so
7f14d1fd5000-7f14d1fd6000 rw-p 00014000 00:2d 681566                     /usr/local/sdkman/candidates/java/25.0.1-ms/lib/libnio.so
7f14d1fd6000-7f14d1fdb000 rw-p 00000000 00:00 0 
7f14d1fdb000-7f14d1fe2000 ---p 00000000 00:00 0 
7f14d1fe2000-7f14d2002000 r-xp 00000000 00:2d 681551                     /usr/local/sdkman/candidates/java/25.0.1-ms/lib/libjava.so
7f14d2002000-7f14d2003000 r--p 0001f000 00:2d 681551                     /usr/local/sdkman/candidates/java/25.0.1-ms/lib/libjava.so
7f14d2003000-7f14d2004000 rw-p 00020000 00:2d 681551                     /usr/local/sdkman/candidates/java/25.0.1-ms/lib/libjava.so
7f14d2004000-7f14d2005000 rw-p 00000000 00:00 0 
7f14d2005000-7f14d200d000 rw-s 00000000 08:11 917569                     /tmp/hsperfdata_codespace/28909
7f14d200d000-7f14d2028000 r-xp 00000000 00:2d 681555                     /usr/local/sdkman/candidates/java/25.0.1-ms/lib/libjimage.so
7f14d2028000-7f14d2029000 ---p 0001b000 00:2d 681555                     /usr/local/sdkman/candidates/java/25.0.1-ms/lib/libjimage.so
7f14d2029000-7f14d202b000 r--p 0001b000 00:2d 681555                     /usr/local/sdkman/candidates/java/25.0.1-ms/lib/libjimage.so
7f14d202b000-7f14d202c000 rw-p 0001d000 00:2d 681555                     /usr/local/sdkman/candidates/java/25.0.1-ms/lib/libjimage.so
7f14d202c000-7f14d202d000 r--p 00000000 00:2d 394211                     /usr/lib/x86_64-linux-gnu/libutil.so.1
7f14d202d000-7f14d202e000 r-xp 00001000 00:2d 394211                     /usr/lib/x86_64-linux-gnu/libutil.so.1
7f14d202e000-7f14d202f000 r--p 00002000 00:2d 394211                     /usr/lib/x86_64-linux-gnu/libutil.so.1
7f14d202f000-7f14d2030000 r--p 00002000 00:2d 394211                     /usr/lib/x86_64-linux-gnu/libutil.so.1
7f14d2030000-7f14d2031000 rw-p 00003000 00:2d 394211                     /usr/lib/x86_64-linux-gnu/libutil.so.1
7f14d2036000-7f14d2037000 r--p 00000000 00:00 0 
7f14d2037000-7f14d2038000 r--p 00000000 00:2d 393777                     /usr/lib/locale/C.utf8/LC_NUMERIC
7f14d2038000-7f14d2043000 r--p 00000000 00:2d 1078542                    /usr/local/python/3.12.1/lib/python3.12/site-packages/pymupdf/_extra.so
7f14d2043000-7f14d205c000 r-xp 0000b000 00:2d 1078542                    /usr/local/python/3.12.1/lib/python3.12/site-packages/pymupdf/_extra.so
7f14d205c000-7f14d2067000 r--p 00024000 00:2d 1078542                    /usr/local/python/3.12.1/lib/python3.12/site-packages/pymupdf/_extra.so
7f14d2067000-7f14d2068000 r--p 0002e000 00:2d 1078542                    /usr/local/python/3.12.1/lib/python3.12/site-packages/pymupdf/_extra.so
7f14d2068000-7f14d206b000 rw-p 0002f000 00:2d 1078542                    /usr/local/python/3.12.1/lib/python3.12/site-packages/pymupdf/_extra.so
7f14d206b000-7f14d2071000 r--p 00000000 00:2d 1065076                    /usr/local/python/3.12.1/lib/python3.12/site-packages/lxml/_elementpath.cpython-312-x86_64-linux-gnu.so
7f14d2071000-7f14d2095000 r-xp 00006000 00:2d 1065076                    /usr/local/python/3.12.1/lib/python3.12/site-packages/lxml/_elementpath.cpython-312-x86_64-linux-gnu.so
7f14d2095000-7f14d209c000 r--p 0002a000 00:2d 1065076                    /usr/local/python/3.12.1/lib/python3.12/site-packages/lxml/_elementpath.cpython-312-x86_64-linux-gnu.so
7f14d209c000-7f14d209d000 r--p 00031000 00:2d 1065076                    /usr/local/python/3.12.1/lib/python3.12/site-packages/lxml/_elementpath.cpython-312-x86_64-linux-gnu.so
7f14d209d000-7f14d20a0000 rw-p 00032000 00:2d 1065076                    /usr/local/python/3.12.1/lib/python3.12/site-packages/lxml/_elementpath.cpython-312-x86_64-linux-gnu.so
7f14d20a0000-7f14d21a1000 rw-p 00000000 00:00 0 
7f14d21a1000-7f14d223e000 r--p 00000000 00:2d 394197                     /usr/lib/x86_64-linux-gnu/libstdc++.so.6.0.33
7f14d223e000-7f14d2386000 r-xp 0009d000 00:2d 394197                     /usr/lib/x86_64-linux-gnu/libstdc++.so.6.0.33
7f14d2386000-7f14d240d000 r--p 001e5000 00:2d 394197                     /usr/lib/x86_64-linux-gnu/libstdc++.so.6.0.33
7f14d240d000-7f14d2418000 r--p 0026b000 00:2d 394197                     /usr/lib/x86_64-linux-gnu/libstdc++.so.6.0.33
7f14d2418000-7f14d241b000 rw-p 00276000 00:2d 394197                     /usr/lib/x86_64-linux-gnu/libstdc++.so.6.0.33
7f14d241b000-7f14d241f000 rw-p 00000000 00:00 0 
7f14d241f000-7f14d2428000 r--p 00000000 00:2d 1062870                    /usr/local/python/3.12.1/lib/python3.12/site-packages/greenlet/_greenlet.cpython-312-x86_64-linux-gnu.so
7f14d2428000-7f14d2438000 r-xp 00009000 00:2d 1062870                    /usr/local/python/3.12.1/lib/python3.12/site-packages/greenlet/_greenlet.cpython-312-x86_64-linux-gnu.so
7f14d2438000-7f14d243e000 r--p 00019000 00:2d 1062870                    /usr/local/python/3.12.1/lib/python3.12/site-packages/greenlet/_greenlet.cpython-312-x86_64-linux-gnu.so
7f14d243e000-7f14d243f000 r--p 0001f000 00:2d 1062870                    /usr/local/python/3.12.1/lib/python3.12/site-packages/greenlet/_greenlet.cpython-312-x86_64-linux-gnu.so
7f14d243f000-7f14d2440000 rw-p 00020000 00:2d 1062870                    /usr/local/python/3.12.1/lib/python3.12/site-packages/greenlet/_greenlet.cpython-312-x86_64-linux-gnu.so
7f14d2440000-7f14d2444000 r--p 00000000 00:2d 1065900                    /usr/local/python/3.12.1/lib/python3.12/site-packages/sqlalchemy/cyextension/util.cpython-312-x86_64-linux-gnu.so
7f14d2444000-7f14d2454000 r-xp 00004000 00:2d 1065900                    /usr/local/python/3.12.1/lib/python3.12/site-packages/sqlalchemy/cyextension/util.cpython-312-x86_64-linux-gnu.so
7f14d2454000-7f14d2457000 r--p 00014000 00:2d 1065900                    /usr/local/python/3.12.1/lib/python3.12/site-packages/sqlalchemy/cyextension/util.cpython-312-x86_64-linux-gnu.so
7f14d2457000-7f14d2458000 r--p 00017000 00:2d 1065900                    /usr/local/python/3.12.1/lib/python3.12/site-packages/sqlalchemy/cyextension/util.cpython-312-x86_64-linux-gnu.so
7f14d2458000-7f14d2459000 rw-p 00018000 00:2d 1065900                    /usr/local/python/3.12.1/lib/python3.12/site-packages/sqlalchemy/cyextension/util.cpython-312-x86_64-linux-gnu.so
7f14d2459000-7f14d245a000 rw-p 00000000 00:00 0 
7f14d245a000-7f14d245e000 r--p 00000000 00:2d 1065898                    /usr/local/python/3.12.1/lib/python3.12/site-packages/sqlalchemy/cyextension/resultproxy.cpython-312-x86_64-linux-gnu.so
7f14d245e000-7f14d2469000 r-xp 00004000 00:2d 1065898                    /usr/local/python/3.12.1/lib/python3.12/site-packages/sqlalchemy/cyextension/resultproxy.cpython-312-x86_64-linux-gnu.so
7f14d2469000-7f14d246c000 r--p 0000f000 00:2d 1065898                    /usr/local/python/3.12.1/lib/python3.12/site-packages/sqlalchemy/cyextension/resultproxy.cpython-312-x86_64-linux-gnu.so
7f14d246c000-7f14d246d000 r--p 00011000 00:2d 1065898                    /usr/local/python/3.12.1/lib/python3.12/site-packages/sqlalchemy/cyextension/resultproxy.cpython-312-x86_64-linux-gnu.so
7f14d246d000-7f14d246e000 rw-p 00012000 00:2d 1065898                    /usr/local/python/3.12.1/lib/python3.12/site-packages/sqlalchemy/cyextension/resultproxy.cpython-312-x86_64-linux-gnu.so
7f14d246e000-7f14d246f000 rw-p 00000000 00:00 0 
7f14d246f000-7f14d2473000 r--p 00000000 00:2d 1065896                    /usr/local/python/3.12.1/lib/python3.12/site-packages/sqlalchemy/cyextension/processors.cpython-312-x86_64-linux-gnu.so
7f14d2473000-7f14d247e000 r-xp 00004000 00:2d 1065896                    /usr/local/python/3.12.1/lib/python3.12/site-packages/sqlalchemy/cyextension/processors.cpython-312-x86_64-linux-gnu.so
7f14d247e000-7f14d2481000 r--p 0000f000 00:2d 1065896                    /usr/local/python/3.12.1/lib/python3.12/site-packages/sqlalchemy/cyextension/processors.cpython-312-x86_64-linux-gnu.so
7f14d2481000-7f14d2482000 r--p 00011000 00:2d 1065896                    /usr/local/python/3.12.1/lib/python3.12/site-packages/sqlalchemy/cyextension/processors.cpython-312-x86_64-linux-gnu.so
7f14d2482000-7f14d2483000 rw-p 00012000 00:2d 1065896                    /usr/local/python/3.12.1/lib/python3.12/site-packages/sqlalchemy/cyextension/processors.cpython-312-x86_64-linux-gnu.so
7f14d2483000-7f14d2484000 rw-p 00000000 00:00 0 
7f14d2484000-7f14d2488000 r--p 00000000 00:2d 1065893                    /usr/local/python/3.12.1/lib/python3.12/site-packages/sqlalchemy/cyextension/immutabledict.cpython-312-x86_64-linux-gnu.so
7f14d2488000-7f14d2497000 r-xp 00004000 00:2d 1065893                    /usr/local/python/3.12.1/lib/python3.12/site-packages/sqlalchemy/cyextension/immutabledict.cpython-312-x86_64-linux-gnu.so
7f14d2497000-7f14d249a000 r--p 00013000 00:2d 1065893                    /usr/local/python/3.12.1/lib/python3.12/site-packages/sqlalchemy/cyextension/immutabledict.cpython-312-x86_64-linux-gnu.so
7f14d249a000-7f14d249b000 r--p 00015000 00:2d 1065893                    /usr/local/python/3.12.1/lib/python3.12/site-packages/sqlalchemy/cyextension/immutabledict.cpython-312-x86_64-linux-gnu.so
7f14d249b000-7f14d249d000 rw-p 00016000 00:2d 1065893                    /usr/local/python/3.12.1/lib/python3.12/site-packages/sqlalchemy/cyextension/immutabledict.cpython-312-x86_64-linux-gnu.so
7f14d249d000-7f14d24a3000 r--p 00000000 00:2d 1065891                    /usr/local/python/3.12.1/lib/python3.12/site-packages/sqlalchemy/cyextension/collections.cpython-312-x86_64-linux-gnu.so
7f14d24a3000-7f14d24c9000 r-xp 00006000 00:2d 1065891                    /usr/local/python/3.12.1/lib/python3.12/site-packages/sqlalchemy/cyextension/collections.cpython-312-x86_64-linux-gnu.so
7f14d24c9000-7f14d24d1000 r--p 0002c000 00:2d 1065891                    /usr/local/python/3.12.1/lib/python3.12/site-packages/sqlalchemy/cyextension/collections.cpython-312-x86_64-linux-gnu.so
7f14d24d1000-7f14d24d2000 r--p 00033000 00:2d 1065891                    /usr/local/python/3.12.1/lib/python3.12/site-packages/sqlalchemy/cyextension/collections.cpython-312-x86_64-linux-gnu.so
7f14d24d2000-7f14d24d5000 rw-p 00034000 00:2d 1065891                    /usr/local/python/3.12.1/lib/python3.12/site-packages/sqlalchemy/cyextension/collections.cpython-312-x86_64-linux-gnu.so
7f14d24d5000-7f14d26d5000 rw-p 00000000 00:00 0 
7f14d26d5000-7f14d26d7000 r--p 00000000 00:2d 830462                     /usr/local/python/3.12.1/lib/python3.12/lib-dynload/_blake2.cpython-312-x86_64-linux-gnu.so
7f14d26d7000-7f14d26de000 r-xp 00002000 00:2d 830462                     /usr/local/python/3.12.1/lib/python3.12/lib-dynload/_blake2.cpython-312-x86_64-linux-gnu.so
7f14d26de000-7f14d26e0000 r--p 00009000 00:2d 830462                     /usr/local/python/3.12.1/lib/python3.12/lib-dynload/_blake2.cpython-312-x86_64-linux-gnu.so
7f14d26e0000-7f14d26e1000 r--p 0000a000 00:2d 830462                     /usr/local/python/3.12.1/lib/python3.12/lib-dynload/_blake2.cpython-312-x86_64-linux-gnu.so
7f14d26e1000-7f14d26e2000 rw-p 0000b000 00:2d 830462                     /usr/local/python/3.12.1/lib/python3.12/lib-dynload/_blake2.cpython-312-x86_64-linux-gnu.so
7f14d26e2000-7f14d26e6000 r--p 00000000 00:2d 830481                     /usr/local/python/3.12.1/lib/python3.12/lib-dynload/_hashlib.cpython-312-x86_64-linux-gnu.so
7f14d26e6000-7f14d26ec000 r-xp 00004000 00:2d 830481                     /usr/local/python/3.12.1/lib/python3.12/lib-dynload/_hashlib.cpython-312-x86_64-linux-gnu.so
7f14d26ec000-7f14d26f0000 r--p 0000a000 00:2d 830481                     /usr/local/python/3.12.1/lib/python3.12/lib-dynload/_hashlib.cpython-312-x86_64-linux-gnu.so
7f14d26f0000-7f14d26f1000 r--p 0000d000 00:2d 830481                     /usr/local/python/3.12.1/lib/python3.12/lib-dynload/_hashlib.cpython-312-x86_64-linux-gnu.so
7f14d26f1000-7f14d26f3000 rw-p 0000e000 00:2d 830481                     /usr/local/python/3.12.1/lib/python3.12/lib-dynload/_hashlib.cpython-312-x86_64-linux-gnu.so
7f14d26f3000-7f14d28f3000 rw-p 00000000 00:00 0 
7f14d28f3000-7f14d28f5000 r--p 00000000 00:2d 830472                     /usr/local/python/3.12.1/lib/python3.12/lib-dynload/_csv.cpython-312-x86_64-linux-gnu.so
7f14d28f5000-7f14d28f9000 r-xp 00002000 00:2d 830472                     /usr/local/python/3.12.1/lib/python3.12/lib-dynload/_csv.cpython-312-x86_64-linux-gnu.so
7f14d28f9000-7f14d28fc000 r--p 00006000 00:2d 830472                     /usr/local/python/3.12.1/lib/python3.12/lib-dynload/_csv.cpython-312-x86_64-linux-gnu.so
7f14d28fc000-7f14d28fd000 r--p 00008000 00:2d 830472                     /usr/local/python/3.12.1/lib/python3.12/lib-dynload/_csv.cpython-312-x86_64-linux-gnu.so
7f14d28fd000-7f14d28fe000 rw-p 00009000 00:2d 830472                     /usr/local/python/3.12.1/lib/python3.12/lib-dynload/_csv.cpython-312-x86_64-linux-gnu.so
7f14d28fe000-7f14d29fe000 rw-p 00000000 00:00 0 
7f14d29fe000-7f14d2a00000 r--p 00000000 00:2d 830515                     /usr/local/python/3.12.1/lib/python3.12/lib-dynload/_zoneinfo.cpython-312-x86_64-linux-gnu.so
7f14d2a00000-7f14d2a05000 r-xp 00002000 00:2d 830515                     /usr/local/python/3.12.1/lib/python3.12/lib-dynload/_zoneinfo.cpython-312-x86_64-linux-gnu.so
7f14d2a05000-7f14d2a07000 r--p 00007000 00:2d 830515                     /usr/local/python/3.12.1/lib/python3.12/lib-dynload/_zoneinfo.cpython-312-x86_64-linux-gnu.so
7f14d2a07000-7f14d2a08000 r--p 00008000 00:2d 830515                     /usr/local/python/3.12.1/lib/python3.12/lib-dynload/_zoneinfo.cpython-312-x86_64-linux-gnu.so
7f14d2a08000-7f14d2a09000 rw-p 00009000 00:2d 830515                     /usr/local/python/3.12.1/lib/python3.12/lib-dynload/_zoneinfo.cpython-312-x86_64-linux-gnu.so
7f14d2a09000-7f14d2a0b000 r--p 00000000 00:2d 394213                     /usr/lib/x86_64-linux-gnu/libuuid.so.1.3.0
7f14d2a0b000-7f14d2a10000 r-xp 00002000 00:2d 394213                     /usr/lib/x86_64-linux-gnu/libuuid.so.1.3.0
7f14d2a10000-7f14d2a11000 r--p 00007000 00:2d 394213                     /usr/lib/x86_64-linux-gnu/libuuid.so.1.3.0
7f14d2a11000-7f14d2a12000 r--p 00007000 00:2d 394213                     /usr/lib/x86_64-linux-gnu/libuuid.so.1.3.0
7f14d2a12000-7f14d2a13000 rw-p 00008000 00:2d 394213                     /usr/lib/x86_64-linux-gnu/libuuid.so.1.3.0
7f14d2a13000-7f14d2a14000 r--p 00000000 00:2d 393780                     /usr/lib/locale/C.utf8/LC_TIME
7f14d2a14000-7f14d2a15000 r--p 00000000 00:2d 393769                     /usr/lib/locale/C.utf8/LC_COLLATE
7f14d2a15000-7f14d2a16000 r--p 00000000 00:2d 795731                     /home/codespace/.local/lib/python3.12/site-packages/charset_normalizer/md.cpython-312-x86_64-linux-gnu.so
7f14d2a16000-7f14d2a17000 r-xp 00001000 00:2d 795731                     /home/codespace/.local/lib/python3.12/site-packages/charset_normalizer/md.cpython-312-x86_64-linux-gnu.so
7f14d2a17000-7f14d2a18000 r--p 00002000 00:2d 795731                     /home/codespace/.local/lib/python3.12/site-packages/charset_normalizer/md.cpython-312-x86_64-linux-gnu.so
7f14d2a18000-7f14d2a19000 r--p 00002000 00:2d 795731                     /home/codespace/.local/lib/python3.12/site-packages/charset_normalizer/md.cpython-312-x86_64-linux-gnu.so
7f14d2a19000-7f14d2a1a000 rw-p 00003000 00:2d 795731                     /home/codespace/.local/lib/python3.12/site-packages/charset_normalizer/md.cpython-312-x86_64-linux-gnu.so
7f14d2a1a000-7f14d2c1a000 rw-p 00000000 00:00 0 
7f14d2c1a000-7f14d2c21000 r--p 00000000 00:2d 830478                     /usr/local/python/3.12.1/lib/python3.12/lib-dynload/_decimal.cpython-312-x86_64-linux-gnu.so
7f14d2c21000-7f14d2c69000 r-xp 00007000 00:2d 830478                     /usr/local/python/3.12.1/lib/python3.12/lib-dynload/_decimal.cpython-312-x86_64-linux-gnu.so
7f14d2c69000-7f14d2c79000 r--p 0004f000 00:2d 830478                     /usr/local/python/3.12.1/lib/python3.12/lib-dynload/_decimal.cpython-312-x86_64-linux-gnu.so
7f14d2c79000-7f14d2c7a000 r--p 0005f000 00:2d 830478                     /usr/local/python/3.12.1/lib/python3.12/lib-dynload/_decimal.cpython-312-x86_64-linux-gnu.so
7f14d2c7a000-7f14d2c7d000 rw-p 00060000 00:2d 830478                     /usr/local/python/3.12.1/lib/python3.12/lib-dynload/_decimal.cpython-312-x86_64-linux-gnu.so
7f14d2c7d000-7f14d2c7e000 r--p 00000000 00:2d 394118                     /usr/lib/x86_64-linux-gnu/libdl.so.2
7f14d2c7e000-7f14d2c7f000 r-xp 00001000 00:2d 394118                     /usr/lib/x86_64-linux-gnu/libdl.so.2
7f14d2c7f000-7f14d2c80000 r--p 00002000 00:2d 394118                     /usr/lib/x86_64-linux-gnu/libdl.so.2
7f14d2c80000-7f14d2c81000 r--p 00002000 00:2d 394118                     /usr/lib/x86_64-linux-gnu/libdl.so.2
7f14d2c81000-7f14d2c82000 rw-p 00003000 00:2d 394118                     /usr/lib/x86_64-linux-gnu/libdl.so.2
7f14d2c82000-7f14d2c83000 r--p 00000000 00:2d 394183                     /usr/lib/x86_64-linux-gnu/libpthread.so.0
7f14d2c83000-7f14d2c84000 r-xp 00001000 00:2d 394183                     /usr/lib/x86_64-linux-gnu/libpthread.so.0
7f14d2c84000-7f14d2c85000 r--p 00002000 00:2d 394183                     /usr/lib/x86_64-linux-gnu/libpthread.so.0
7f14d2c85000-7f14d2c86000 r--p 00002000 00:2d 394183                     /usr/lib/x86_64-linux-gnu/libpthread.so.0
7f14d2c86000-7f14d2c87000 rw-p 00003000 00:2d 394183                     /usr/lib/x86_64-linux-gnu/libpthread.so.0
7f14d2c87000-7f14d2c88000 r--p 00000000 00:2d 394185                     /usr/lib/x86_64-linux-gnu/librt.so.1
7f14d2c88000-7f14d2c89000 r-xp 00001000 00:2d 394185                     /usr/lib/x86_64-linux-gnu/librt.so.1
7f14d2c89000-7f14d2c8a000 r--p 00002000 00:2d 394185                     /usr/lib/x86_64-linux-gnu/librt.so.1
7f14d2c8a000-7f14d2c8b000 r--p 00002000 00:2d 394185                     /usr/lib/x86_64-linux-gnu/librt.so.1
7f14d2c8b000-7f14d2c8c000 rw-p 00003000 00:2d 394185                     /usr/lib/x86_64-linux-gnu/librt.so.1
7f14d2c8c000-7f14d2c90000 r--p 00000000 00:2d 394129                     /usr/lib/x86_64-linux-gnu/libgcc_s.so.1
7f14d2c90000-7f14d2cb4000 r-xp 00004000 00:2d 394129                     /usr/lib/x86_64-linux-gnu/libgcc_s.so.1
7f14d2cb4000-7f14d2cb8000 r--p 00028000 00:2d 394129                     /usr/lib/x86_64-linux-gnu/libgcc_s.so.1
7f14d2cb8000-7f14d2cb9000 r--p 0002b000 00:2d 394129                     /usr/lib/x86_64-linux-gnu/libgcc_s.so.1
7f14d2cb9000-7f14d2cba000 rw-p 0002c000 00:2d 394129                     /usr/lib/x86_64-linux-gnu/libgcc_s.so.1
7f14d2cba000-7f14d2df1000 r--p 00000000 00:2d 1063037                    /usr/local/python/3.12.1/lib/python3.12/site-packages/pydantic_core/_pydantic_core.cpython-312-x86_64-linux-gnu.so
7f14d2df1000-7f14d312b000 r-xp 00136000 00:2d 1063037                    /usr/local/python/3.12.1/lib/python3.12/site-packages/pydantic_core/_pydantic_core.cpython-312-x86_64-linux-gnu.so
7f14d312b000-7f14d315f000 r--p 0046f000 00:2d 1063037                    /usr/local/python/3.12.1/lib/python3.12/site-packages/pydantic_core/_pydantic_core.cpython-312-x86_64-linux-gnu.so
7f14d315f000-7f14d3165000 rw-p 004a2000 00:2d 1063037                    /usr/local/python/3.12.1/lib/python3.12/site-packages/pydantic_core/_pydantic_core.cpython-312-x86_64-linux-gnu.so
7f14d3165000-7f14d3365000 rw-p 00000000 00:00 0 
7f14d3365000-7f14d3368000 r--p 00000000 00:2d 394145                     /usr/lib/x86_64-linux-gnu/liblzma.so.5.4.5
7f14d3368000-7f14d338a000 r-xp 00003000 00:2d 394145                     /usr/lib/x86_64-linux-gnu/liblzma.so.5.4.5
7f14d338a000-7f14d3395000 r--p 00025000 00:2d 394145                     /usr/lib/x86_64-linux-gnu/liblzma.so.5.4.5
7f14d3395000-7f14d3396000 r--p 00030000 00:2d 394145                     /usr/lib/x86_64-linux-gnu/liblzma.so.5.4.5
7f14d3396000-7f14d3397000 rw-p 00031000 00:2d 394145                     /usr/lib/x86_64-linux-gnu/liblzma.so.5.4.5
7f14d3397000-7f14d339a000 r--p 00000000 00:2d 830485                     /usr/local/python/3.12.1/lib/python3.12/lib-dynload/_lzma.cpython-312-x86_64-linux-gnu.so
7f14d339a000-7f14d339e000 r-xp 00003000 00:2d 830485                     /usr/local/python/3.12.1/lib/python3.12/lib-dynload/_lzma.cpython-312-x86_64-linux-gnu.so
7f14d339e000-7f14d33a1000 r--p 00007000 00:2d 830485                     /usr/local/python/3.12.1/lib/python3.12/lib-dynload/_lzma.cpython-312-x86_64-linux-gnu.so
7f14d33a1000-7f14d33a2000 r--p 00009000 00:2d 830485                     /usr/local/python/3.12.1/lib/python3.12/lib-dynload/_lzma.cpython-312-x86_64-linux-gnu.so
7f14d33a2000-7f14d33a3000 rw-p 0000a000 00:2d 830485                     /usr/local/python/3.12.1/lib/python3.12/lib-dynload/_lzma.cpython-312-x86_64-linux-gnu.so
7f14d33a3000-7f14d33a5000 r--p 00000000 00:2d 394103                     /usr/lib/x86_64-linux-gnu/libbz2.so.1.0.4
7f14d33a5000-7f14d33b3000 r-xp 00002000 00:2d 394103                     /usr/lib/x86_64-linux-gnu/libbz2.so.1.0.4
7f14d33b3000-7f14d33b5000 r--p 00010000 00:2d 394103                     /usr/lib/x86_64-linux-gnu/libbz2.so.1.0.4
7f14d33b5000-7f14d33b6000 r--p 00011000 00:2d 394103                     /usr/lib/x86_64-linux-gnu/libbz2.so.1.0.4
7f14d33b6000-7f14d33b7000 rw-p 00012000 00:2d 394103                     /usr/lib/x86_64-linux-gnu/libbz2.so.1.0.4
7f14d33b7000-7f14d33b8000 r--p 00000000 00:2d 393775                     /usr/lib/locale/C.utf8/LC_MONETARY
7f14d33b8000-7f14d33b9000 r--p 00000000 00:2d 393774                     /usr/lib/locale/C.utf8/LC_MESSAGES/SYS_LC_MESSAGES
7f14d33b9000-7f14d33ba000 r--p 00000000 00:2d 830511                     /usr/local/python/3.12.1/lib/python3.12/lib-dynload/_uuid.cpython-312-x86_64-linux-gnu.so
7f14d33ba000-7f14d33bb000 r-xp 00001000 00:2d 830511                     /usr/local/python/3.12.1/lib/python3.12/lib-dynload/_uuid.cpython-312-x86_64-linux-gnu.so
7f14d33bb000-7f14d33bc000 r--p 00002000 00:2d 830511                     /usr/local/python/3.12.1/lib/python3.12/lib-dynload/_uuid.cpython-312-x86_64-linux-gnu.so
7f14d33bc000-7f14d33bd000 r--p 00002000 00:2d 830511                     /usr/local/python/3.12.1/lib/python3.12/lib-dynload/_uuid.cpython-312-x86_64-linux-gnu.so
7f14d33bd000-7f14d33be000 rw-p 00003000 00:2d 830511                     /usr/local/python/3.12.1/lib/python3.12/lib-dynload/_uuid.cpython-312-x86_64-linux-gnu.so
7f14d33be000-7f14d33c0000 r--p 00000000 00:2d 830463                     /usr/local/python/3.12.1/lib/python3.12/lib-dynload/_bz2.cpython-312-x86_64-linux-gnu.so
7f14d33c0000-7f14d33c2000 r-xp 00002000 00:2d 830463                     /usr/local/python/3.12.1/lib/python3.12/lib-dynload/_bz2.cpython-312-x86_64-linux-gnu.so
7f14d33c2000-7f14d33c3000 r--p 00004000 00:2d 830463                     /usr/local/python/3.12.1/lib/python3.12/lib-dynload/_bz2.cpython-312-x86_64-linux-gnu.so
7f14d33c3000-7f14d33c4000 r--p 00005000 00:2d 830463                     /usr/local/python/3.12.1/lib/python3.12/lib-dynload/_bz2.cpython-312-x86_64-linux-gnu.so
7f14d33c4000-7f14d33c5000 rw-p 00006000 00:2d 830463                     /usr/local/python/3.12.1/lib/python3.12/lib-dynload/_bz2.cpython-312-x86_64-linux-gnu.so
7f14d33c5000-7f14d34c5000 rw-p 00000000 00:00 0 
7f14d34c5000-7f14d34c6000 r--p 00000000 00:2d 393778                     /usr/lib/locale/C.utf8/LC_PAPER
7f14d34c6000-7f14d34c7000 r--p 00000000 00:2d 393776                     /usr/lib/locale/C.utf8/LC_NAME
7f14d34c7000-7f14d34c8000 r--p 00000000 00:2d 393768                     /usr/lib/locale/C.utf8/LC_ADDRESS
7f14d34c8000-7f14d34c9000 r--p 00000000 00:2d 393779                     /usr/lib/locale/C.utf8/LC_TELEPHONE
7f14d34c9000-7f14d34cb000 r--p 00000000 00:2d 830521                     /usr/local/python/3.12.1/lib/python3.12/lib-dynload/grp.cpython-312-x86_64-linux-gnu.so
7f14d34cb000-7f14d34cc000 r-xp 00002000 00:2d 830521                     /usr/local/python/3.12.1/lib/python3.12/lib-dynload/grp.cpython-312-x86_64-linux-gnu.so
7f14d34cc000-7f14d34cd000 r--p 00003000 00:2d 830521                     /usr/local/python/3.12.1/lib/python3.12/lib-dynload/grp.cpython-312-x86_64-linux-gnu.so
7f14d34cd000-7f14d34ce000 r--p 00003000 00:2d 830521                     /usr/local/python/3.12.1/lib/python3.12/lib-dynload/grp.cpython-312-x86_64-linux-gnu.so
7f14d34ce000-7f14d34cf000 rw-p 00004000 00:2d 830521                     /usr/local/python/3.12.1/lib/python3.12/lib-dynload/grp.cpython-312-x86_64-linux-gnu.so
7f14d34cf000-7f14d34d3000 r--p 00000000 00:2d 1062257                    /usr/local/python/3.12.1/lib/python3.12/site-packages/yarl/_quoting_c.cpython-312-x86_64-linux-gnu.so
7f14d34d3000-7f14d34e8000 r-xp 00004000 00:2d 1062257                    /usr/local/python/3.12.1/lib/python3.12/site-packages/yarl/_quoting_c.cpython-312-x86_64-linux-gnu.so
7f14d34e8000-7f14d34ec000 r--p 00019000 00:2d 1062257                    /usr/local/python/3.12.1/lib/python3.12/site-packages/yarl/_quoting_c.cpython-312-x86_64-linux-gnu.so
7f14d34ec000-7f14d34ed000 r--p 0001c000 00:2d 1062257                    /usr/local/python/3.12.1/lib/python3.12/site-packages/yarl/_quoting_c.cpython-312-x86_64-linux-gnu.so
7f14d34ed000-7f14d34ee000 rw-p 0001d000 00:2d 1062257                    /usr/local/python/3.12.1/lib/python3.12/site-packages/yarl/_quoting_c.cpython-312-x86_64-linux-gnu.so
7f14d34ee000-7f14d34ef000 rw-p 00000000 00:00 0 
7f14d34ef000-7f14d34f3000 r--p 00000000 00:2d 1062199                    /usr/local/python/3.12.1/lib/python3.12/site-packages/multidict/_multidict.cpython-312-x86_64-linux-gnu.so
7f14d34f3000-7f14d3504000 r-xp 00004000 00:2d 1062199                    /usr/local/python/3.12.1/lib/python3.12/site-packages/multidict/_multidict.cpython-312-x86_64-linux-gnu.so
7f14d3504000-7f14d3507000 r--p 00015000 00:2d 1062199                    /usr/local/python/3.12.1/lib/python3.12/site-packages/multidict/_multidict.cpython-312-x86_64-linux-gnu.so
7f14d3507000-7f14d3508000 r--p 00018000 00:2d 1062199                    /usr/local/python/3.12.1/lib/python3.12/site-packages/multidict/_multidict.cpython-312-x86_64-linux-gnu.so
7f14d3508000-7f14d350a000 rw-p 00019000 00:2d 1062199                    /usr/local/python/3.12.1/lib/python3.12/site-packages/multidict/_multidict.cpython-312-x86_64-linux-gnu.so
7f14d350a000-7f14d3511000 r--p 00000000 00:2d 830499                     /usr/local/python/3.12.1/lib/python3.12/lib-dynload/_sqlite3.cpython-312-x86_64-linux-gnu.so
7f14d3511000-7f14d3521000 r-xp 00007000 00:2d 830499                     /usr/local/python/3.12.1/lib/python3.12/lib-dynload/_sqlite3.cpython-312-x86_64-linux-gnu.so
7f14d3521000-7f14d3528000 r--p 00017000 00:2d 830499                     /usr/local/python/3.12.1/lib/python3.12/lib-dynload/_sqlite3.cpython-312-x86_64-linux-gnu.so
7f14d3528000-7f14d3529000 r--p 0001e000 00:2d 830499                     /usr/local/python/3.12.1/lib/python3.12/lib-dynload/_sqlite3.cpython-312-x86_64-linux-gnu.so
7f14d3529000-7f14d352b000 rw-p 0001f000 00:2d 830499                     /usr/local/python/3.12.1/lib/python3.12/lib-dynload/_sqlite3.cpython-312-x86_64-linux-gnu.so
7f14d352b000-7f14d3530000 r--p 00000000 00:2d 830477                     /usr/local/python/3.12.1/lib/python3.12/lib-dynload/_datetime.cpython-312-x86_64-linux-gnu.so
7f14d3530000-7f14d3541000 r-xp 00005000 00:2d 830477                     /usr/local/python/3.12.1/lib/python3.12/lib-dynload/_datetime.cpython-312-x86_64-linux-gnu.so
7f14d3541000-7f14d3546000 r--p 00016000 00:2d 830477                     /usr/local/python/3.12.1/lib/python3.12/lib-dynload/_datetime.cpython-312-x86_64-linux-gnu.so
7f14d3546000-7f14d3547000 r--p 0001b000 00:2d 830477                     /usr/local/python/3.12.1/lib/python3.12/lib-dynload/_datetime.cpython-312-x86_64-linux-gnu.so
7f14d3547000-7f14d354a000 rw-p 0001c000 00:2d 830477                     /usr/local/python/3.12.1/lib/python3.12/lib-dynload/_datetime.cpython-312-x86_64-linux-gnu.so
7f14d354a000-7f14d374a000 rw-p 00000000 00:00 0 
7f14d374a000-7f14d374c000 r--p 00000000 00:2d 830483                     /usr/local/python/3.12.1/lib/python3.12/lib-dynload/_json.cpython-312-x86_64-linux-gnu.so
7f14d374c000-7f14d3752000 r-xp 00002000 00:2d 830483                     /usr/local/python/3.12.1/lib/python3.12/lib-dynload/_json.cpython-312-x86_64-linux-gnu.so
7f14d3752000-7f14d3754000 r--p 00008000 00:2d 830483                     /usr/local/python/3.12.1/lib/python3.12/lib-dynload/_json.cpython-312-x86_64-linux-gnu.so
7f14d3754000-7f14d3755000 r--p 00009000 00:2d 830483                     /usr/local/python/3.12.1/lib/python3.12/lib-dynload/_json.cpython-312-x86_64-linux-gnu.so
7f14d3755000-7f14d3756000 rw-p 0000a000 00:2d 830483                     /usr/local/python/3.12.1/lib/python3.12/lib-dynload/_json.cpython-312-x86_64-linux-gnu.so
7f14d3756000-7f14d375a000 r--p 00000000 00:2d 830460                     /usr/local/python/3.12.1/lib/python3.12/lib-dynload/_asyncio.cpython-312-x86_64-linux-gnu.so
7f14d375a000-7f14d3763000 r-xp 00004000 00:2d 830460                     /usr/local/python/3.12.1/lib/python3.12/lib-dynload/_asyncio.cpython-312-x86_64-linux-gnu.so
7f14d3763000-7f14d3767000 r--p 0000d000 00:2d 830460                     /usr/local/python/3.12.1/lib/python3.12/lib-dynload/_asyncio.cpython-312-x86_64-linux-gnu.so
7f14d3767000-7f14d3768000 r--p 00011000 00:2d 830460                     /usr/local/python/3.12.1/lib/python3.12/lib-dynload/_asyncio.cpython-312-x86_64-linux-gnu.so
7f14d3768000-7f14d376a000 rw-p 00012000 00:2d 830460                     /usr/local/python/3.12.1/lib/python3.12/lib-dynload/_asyncio.cpython-312-x86_64-linux-gnu.so
7f14d376a000-7f14d386a000 rw-p 00000000 00:00 0 
7f14d386a000-7f14d386c000 r--p 00000000 00:2d 394217                     /usr/lib/x86_64-linux-gnu/libz.so.1.3
7f14d386c000-7f14d387e000 r-xp 00002000 00:2d 394217                     /usr/lib/x86_64-linux-gnu/libz.so.1.3
7f14d387e000-7f14d3884000 r--p 00014000 00:2d 394217                     /usr/lib/x86_64-linux-gnu/libz.so.1.3
7f14d3884000-7f14d3885000 r--p 0001a000 00:2d 394217                     /usr/lib/x86_64-linux-gnu/libz.so.1.3
7f14d3885000-7f14d3886000 rw-p 0001b000 00:2d 394217                     /usr/lib/x86_64-linux-gnu/libz.so.1.3
7f14d3886000-7f14d3939000 r--p 00000000 00:2d 394114                     /usr/lib/x86_64-linux-gnu/libcrypto.so.3
7f14d3939000-7f14d3c6c000 r-xp 000b3000 00:2d 394114                     /usr/lib/x86_64-linux-gnu/libcrypto.so.3
7f14d3c6c000-7f14d3d37000 r--p 003e6000 00:2d 394114                     /usr/lib/x86_64-linux-gnu/libcrypto.so.3
7f14d3d37000-7f14d3d93000 r--p 004b0000 00:2d 394114                     /usr/lib/x86_64-linux-gnu/libcrypto.so.3
7f14d3d93000-7f14d3d96000 rw-p 0050c000 00:2d 394114                     /usr/lib/x86_64-linux-gnu/libcrypto.so.3
7f14d3d96000-7f14d3d99000 rw-p 00000000 00:00 0 
7f14d3d99000-7f14d3db7000 r--p 00000000 00:2d 394195                     /usr/lib/x86_64-linux-gnu/libssl.so.3
7f14d3db7000-7f14d3e19000 r-xp 0001e000 00:2d 394195                     /usr/lib/x86_64-linux-gnu/libssl.so.3
7f14d3e19000-7f14d3e35000 r--p 00080000 00:2d 394195                     /usr/lib/x86_64-linux-gnu/libssl.so.3
7f14d3e35000-7f14d3e3f000 r--p 0009c000 00:2d 394195                     /usr/lib/x86_64-linux-gnu/libssl.so.3
7f14d3e3f000-7f14d3e43000 rw-p 000a6000 00:2d 394195                     /usr/lib/x86_64-linux-gnu/libssl.so.3
7f14d3e43000-7f14d3e55000 r--p 00000000 00:2d 830500                     /usr/local/python/3.12.1/lib/python3.12/lib-dynload/_ssl.cpython-312-x86_64-linux-gnu.so
7f14d3e55000-7f14d3e64000 r-xp 00012000 00:2d 830500                     /usr/local/python/3.12.1/lib/python3.12/lib-dynload/_ssl.cpython-312-x86_64-linux-gnu.so
7f14d3e64000-7f14d3e72000 r--p 00021000 00:2d 830500                     /usr/local/python/3.12.1/lib/python3.12/lib-dynload/_ssl.cpython-312-x86_64-linux-gnu.so
7f14d3e72000-7f14d3e73000 r--p 0002e000 00:2d 830500                     /usr/local/python/3.12.1/lib/python3.12/lib-dynload/_ssl.cpython-312-x86_64-linux-gnu.so
7f14d3e73000-7f14d3e7c000 rw-p 0002f000 00:2d 830500                     /usr/local/python/3.12.1/lib/python3.12/lib-dynload/_ssl.cpython-312-x86_64-linux-gnu.so
7f14d3e7c000-7f14d3f7c000 rw-p 00000000 00:00 0 
7f14d3f7c000-7f14d3f7d000 r--p 00000000 00:2d 393772                     /usr/lib/locale/C.utf8/LC_MEASUREMENT
7f14d3f7d000-7f14d3f7e000 r--p 00000000 00:2d 393771                     /usr/lib/locale/C.utf8/LC_IDENTIFICATION
7f14d3f7e000-7f14d3f7f000 ---p 00000000 00:00 0 
7f14d3f7f000-7f14d3f80000 r--p 00000000 00:00 0 
7f14d3f80000-7f14d3f83000 r--p 00000000 00:2d 830536                     /usr/local/python/3.12.1/lib/python3.12/lib-dynload/zlib.cpython-312-x86_64-linux-gnu.so
7f14d3f83000-7f14d3f8a000 r-xp 00003000 00:2d 830536                     /usr/local/python/3.12.1/lib/python3.12/lib-dynload/zlib.cpython-312-x86_64-linux-gnu.so
7f14d3f8a000-7f14d3f8d000 r--p 0000a000 00:2d 830536                     /usr/local/python/3.12.1/lib/python3.12/lib-dynload/zlib.cpython-312-x86_64-linux-gnu.so
7f14d3f8d000-7f14d3f8e000 r--p 0000c000 00:2d 830536                     /usr/local/python/3.12.1/lib/python3.12/lib-dynload/zlib.cpython-312-x86_64-linux-gnu.so
7f14d3f8e000-7f14d3f8f000 rw-p 0000d000 00:2d 830536                     /usr/local/python/3.12.1/lib/python3.12/lib-dynload/zlib.cpython-312-x86_64-linux-gnu.so
7f14d3f8f000-7f14d3f91000 r--p 00000000 00:2d 830496                     /usr/local/python/3.12.1/lib/python3.12/lib-dynload/_sha2.cpython-312-x86_64-linux-gnu.so
7f14d3f91000-7f14d3f9c000 r-xp 00002000 00:2d 830496                     /usr/local/python/3.12.1/lib/python3.12/lib-dynload/_sha2.cpython-312-x86_64-linux-gnu.so
7f14d3f9c000-7f14d3f9e000 r--p 0000d000 00:2d 830496                     /usr/local/python/3.12.1/lib/python3.12/lib-dynload/_sha2.cpython-312-x86_64-linux-gnu.so
7f14d3f9e000-7f14d3f9f000 r--p 0000e000 00:2d 830496                     /usr/local/python/3.12.1/lib/python3.12/lib-dynload/_sha2.cpython-312-x86_64-linux-gnu.so
7f14d3f9f000-7f14d3fa0000 rw-p 0000f000 00:2d 830496                     /usr/local/python/3.12.1/lib/python3.12/lib-dynload/_sha2.cpython-312-x86_64-linux-gnu.so
7f14d3fa0000-7f14d3fa2000 r--p 00000000 00:2d 830494                     /usr/local/python/3.12.1/lib/python3.12/lib-dynload/_random.cpython-312-x86_64-linux-gnu.so
7f14d3fa2000-7f14d3fa4000 r-xp 00002000 00:2d 830494                     /usr/local/python/3.12.1/lib/python3.12/lib-dynload/_random.cpython-312-x86_64-linux-gnu.so
7f14d3fa4000-7f14d3fa5000 r--p 00004000 00:2d 830494                     /usr/local/python/3.12.1/lib/python3.12/lib-dynload/_random.cpython-312-x86_64-linux-gnu.so
7f14d3fa5000-7f14d3fa6000 r--p 00004000 00:2d 830494                     /usr/local/python/3.12.1/lib/python3.12/lib-dynload/_random.cpython-312-x86_64-linux-gnu.so
7f14d3fa6000-7f14d3fa7000 rw-p 00005000 00:2d 830494                     /usr/local/python/3.12.1/lib/python3.12/lib-dynload/_random.cpython-312-x86_64-linux-gnu.so
7f14d3fa7000-7f14d3fa9000 r--p 00000000 00:2d 830461                     /usr/local/python/3.12.1/lib/python3.12/lib-dynload/_bisect.cpython-312-x86_64-linux-gnu.so
7f14d3fa9000-7f14d3fac000 r-xp 00002000 00:2d 830461                     /usr/local/python/3.12.1/lib/python3.12/lib-dynload/_bisect.cpython-312-x86_64-linux-gnu.so
7f14d3fac000-7f14d3fad000 r--p 00005000 00:2d 830461                     /usr/local/python/3.12.1/lib/python3.12/lib-dynload/_bisect.cpython-312-x86_64-linux-gnu.so
7f14d3fad000-7f14d3fae000 r--p 00005000 00:2d 830461                     /usr/local/python/3.12.1/lib/python3.12/lib-dynload/_bisect.cpython-312-x86_64-linux-gnu.so
7f14d3fae000-7f14d3faf000 rw-p 00006000 00:2d 830461                     /usr/local/python/3.12.1/lib/python3.12/lib-dynload/_bisect.cpython-312-x86_64-linux-gnu.so
7f14d3faf000-7f14d40af000 rw-p 00000000 00:00 0 
7f14d40af000-7f14d40b0000 ---p 00000000 00:00 0 
7f14d40b0000-7f14d40b2000 r--p 00000000 00:2d 830493                     /usr/local/python/3.12.1/lib/python3.12/lib-dynload/_queue.cpython-312-x86_64-linux-gnu.so
7f14d40b2000-7f14d40b4000 r-xp 00002000 00:2d 830493                     /usr/local/python/3.12.1/lib/python3.12/lib-dynload/_queue.cpython-312-x86_64-linux-gnu.so
7f14d40b4000-7f14d40b5000 r--p 00004000 00:2d 830493                     /usr/local/python/3.12.1/lib/python3.12/lib-dynload/_queue.cpython-312-x86_64-linux-gnu.so
7f14d40b5000-7f14d40b6000 r--p 00004000 00:2d 830493                     /usr/local/python/3.12.1/lib/python3.12/lib-dynload/_queue.cpython-312-x86_64-linux-gnu.so
7f14d40b6000-7f14d40b7000 rw-p 00005000 00:2d 830493                     /usr/local/python/3.12.1/lib/python3.12/lib-dynload/_queue.cpython-312-x86_64-linux-gnu.so
7f14d40b7000-7f14d40b8000 r--p 00000000 00:2d 830470                     /usr/local/python/3.12.1/lib/python3.12/lib-dynload/_contextvars.cpython-312-x86_64-linux-gnu.so
7f14d40b8000-7f14d40b9000 r-xp 00001000 00:2d 830470                     /usr/local/python/3.12.1/lib/python3.12/lib-dynload/_contextvars.cpython-312-x86_64-linux-gnu.so
7f14d40b9000-7f14d40ba000 r--p 00002000 00:2d 830470                     /usr/local/python/3.12.1/lib/python3.12/lib-dynload/_contextvars.cpython-312-x86_64-linux-gnu.so
7f14d40ba000-7f14d40bb000 r--p 00002000 00:2d 830470                     /usr/local/python/3.12.1/lib/python3.12/lib-dynload/_contextvars.cpython-312-x86_64-linux-gnu.so
7f14d40bb000-7f14d40bc000 rw-p 00003000 00:2d 830470                     /usr/local/python/3.12.1/lib/python3.12/lib-dynload/_contextvars.cpython-312-x86_64-linux-gnu.so
7f14d40bc000-7f14d40bd000 r--p 00000000 00:2d 830489                     /usr/local/python/3.12.1/lib/python3.12/lib-dynload/_opcode.cpython-312-x86_64-linux-gnu.so
7f14d40bd000-7f14d40be000 r-xp 00001000 00:2d 830489                     /usr/local/python/3.12.1/lib/python3.12/lib-dynload/_opcode.cpython-312-x86_64-linux-gnu.so
7f14d40be000-7f14d40bf000 r--p 00002000 00:2d 830489                     /usr/local/python/3.12.1/lib/python3.12/lib-dynload/_opcode.cpython-312-x86_64-linux-gnu.so
7f14d40bf000-7f14d40c0000 r--p 00002000 00:2d 830489                     /usr/local/python/3.12.1/lib/python3.12/lib-dynload/_opcode.cpython-312-x86_64-linux-gnu.so
7f14d40c0000-7f14d40c1000 rw-p 00003000 00:2d 830489                     /usr/local/python/3.12.1/lib/python3.12/lib-dynload/_opcode.cpython-312-x86_64-linux-gnu.so
7f14d40c1000-7f14d40c3000 r--p 00000000 00:2d 830518                     /usr/local/python/3.12.1/lib/python3.12/lib-dynload/binascii.cpython-312-x86_64-linux-gnu.so
7f14d40c3000-7f14d40c6000 r-xp 00002000 00:2d 830518                     /usr/local/python/3.12.1/lib/python3.12/lib-dynload/binascii.cpython-312-x86_64-linux-gnu.so
7f14d40c6000-7f14d40c8000 r--p 00005000 00:2d 830518                     /usr/local/python/3.12.1/lib/python3.12/lib-dynload/binascii.cpython-312-x86_64-linux-gnu.so
7f14d40c8000-7f14d40c9000 r--p 00006000 00:2d 830518                     /usr/local/python/3.12.1/lib/python3.12/lib-dynload/binascii.cpython-312-x86_64-linux-gnu.so
7f14d40c9000-7f14d40ca000 rw-p 00007000 00:2d 830518                     /usr/local/python/3.12.1/lib/python3.12/lib-dynload/binascii.cpython-312-x86_64-linux-gnu.so
7f14d40ca000-7f14d40cb000 r--p 00000000 00:2d 830482                     /usr/local/python/3.12.1/lib/python3.12/lib-dynload/_heapq.cpython-312-x86_64-linux-gnu.so
7f14d40cb000-7f14d40cd000 r-xp 00001000 00:2d 830482                     /usr/local/python/3.12.1/lib/python3.12/lib-dynload/_heapq.cpython-312-x86_64-linux-gnu.so
7f14d40cd000-7f14d40d0000 r--p 00003000 00:2d 830482                     /usr/local/python/3.12.1/lib/python3.12/lib-dynload/_heapq.cpython-312-x86_64-linux-gnu.so
7f14d40d0000-7f14d40d1000 r--p 00005000 00:2d 830482                     /usr/local/python/3.12.1/lib/python3.12/lib-dynload/_heapq.cpython-312-x86_64-linux-gnu.so
7f14d40d1000-7f14d40d2000 rw-p 00006000 00:2d 830482                     /usr/local/python/3.12.1/lib/python3.12/lib-dynload/_heapq.cpython-312-x86_64-linux-gnu.so
7f14d40d2000-7f14d40d3000 r--p 00000000 00:2d 830491                     /usr/local/python/3.12.1/lib/python3.12/lib-dynload/_posixshmem.cpython-312-x86_64-linux-gnu.so
7f14d40d3000-7f14d40d4000 r-xp 00001000 00:2d 830491                     /usr/local/python/3.12.1/lib/python3.12/lib-dynload/_posixshmem.cpython-312-x86_64-linux-gnu.so
7f14d40d4000-7f14d40d5000 r--p 00002000 00:2d 830491                     /usr/local/python/3.12.1/lib/python3.12/lib-dynload/_posixshmem.cpython-312-x86_64-linux-gnu.so
7f14d40d5000-7f14d40d6000 r--p 00002000 00:2d 830491                     /usr/local/python/3.12.1/lib/python3.12/lib-dynload/_posixshmem.cpython-312-x86_64-linux-gnu.so
7f14d40d6000-7f14d40d7000 rw-p 00003000 00:2d 830491                     /usr/local/python/3.12.1/lib/python3.12/lib-dynload/_posixshmem.cpython-312-x86_64-linux-gnu.so
7f14d40d7000-7f14d40d9000 r--p 00000000 00:2d 830488                     /usr/local/python/3.12.1/lib/python3.12/lib-dynload/_multiprocessing.cpython-312-x86_64-linux-gnu.so
7f14d40d9000-7f14d40db000 r-xp 00002000 00:2d 830488                     /usr/local/python/3.12.1/lib/python3.12/lib-dynload/_multiprocessing.cpython-312-x86_64-linux-gnu.so
7f14d40db000-7f14d40dc000 r--p 00004000 00:2d 830488                     /usr/local/python/3.12.1/lib/python3.12/lib-dynload/_multiprocessing.cpython-312-x86_64-linux-gnu.so
7f14d40dc000-7f14d40dd000 r--p 00004000 00:2d 830488                     /usr/local/python/3.12.1/lib/python3.12/lib-dynload/_multiprocessing.cpython-312-x86_64-linux-gnu.so
7f14d40dd000-7f14d40de000 rw-p 00005000 00:2d 830488                     /usr/local/python/3.12.1/lib/python3.12/lib-dynload/_multiprocessing.cpython-312-x86_64-linux-gnu.so
7f14d40de000-7f14d40e0000 r--p 00000000 00:2d 830492                     /usr/local/python/3.12.1/lib/python3.12/lib-dynload/_posixsubprocess.cpython-312-x86_64-linux-gnu.so
7f14d40e0000-7f14d40e3000 r-xp 00002000 00:2d 830492                     /usr/local/python/3.12.1/lib/python3.12/lib-dynload/_posixsubprocess.cpython-312-x86_64-linux-gnu.so
7f14d40e3000-7f14d40e4000 r--p 00005000 00:2d 830492                     /usr/local/python/3.12.1/lib/python3.12/lib-dynload/_posixsubprocess.cpython-312-x86_64-linux-gnu.so
7f14d40e4000-7f14d40e5000 r--p 00005000 00:2d 830492                     /usr/local/python/3.12.1/lib/python3.12/lib-dynload/_posixsubprocess.cpython-312-x86_64-linux-gnu.so
7f14d40e5000-7f14d40e6000 rw-p 00006000 00:2d 830492                     /usr/local/python/3.12.1/lib/python3.12/lib-dynload/_posixsubprocess.cpython-312-x86_64-linux-gnu.so
7f14d40e6000-7f14d40e7000 r--p 00000000 00:2d 830520                     /usr/local/python/3.12.1/lib/python3.12/lib-dynload/fcntl.cpython-312-x86_64-linux-gnu.so
7f14d40e7000-7f14d40e9000 r-xp 00001000 00:2d 830520                     /usr/local/python/3.12.1/lib/python3.12/lib-dynload/fcntl.cpython-312-x86_64-linux-gnu.so
7f14d40e9000-7f14d40eb000 r--p 00003000 00:2d 830520                     /usr/local/python/3.12.1/lib/python3.12/lib-dynload/fcntl.cpython-312-x86_64-linux-gnu.so
7f14d40eb000-7f14d40ec000 r--p 00004000 00:2d 830520                     /usr/local/python/3.12.1/lib/python3.12/lib-dynload/fcntl.cpython-312-x86_64-linux-gnu.so
7f14d40ec000-7f14d40ed000 rw-p 00005000 00:2d 830520                     /usr/local/python/3.12.1/lib/python3.12/lib-dynload/fcntl.cpython-312-x86_64-linux-gnu.so
7f14d40ed000-7f14d40f1000 r--p 00000000 00:2d 830516                     /usr/local/python/3.12.1/lib/python3.12/lib-dynload/array.cpython-312-x86_64-linux-gnu.so
7f14d40f1000-7f14d40f9000 r-xp 00004000 00:2d 830516                     /usr/local/python/3.12.1/lib/python3.12/lib-dynload/array.cpython-312-x86_64-linux-gnu.so
7f14d40f9000-7f14d40fd000 r--p 0000c000 00:2d 830516                     /usr/local/python/3.12.1/lib/python3.12/lib-dynload/array.cpython-312-x86_64-linux-gnu.so
7f14d40fd000-7f14d40fe000 r--p 0000f000 00:2d 830516                     /usr/local/python/3.12.1/lib/python3.12/lib-dynload/array.cpython-312-x86_64-linux-gnu.so
7f14d40fe000-7f14d40ff000 rw-p 00010000 00:2d 830516                     /usr/local/python/3.12.1/lib/python3.12/lib-dynload/array.cpython-312-x86_64-linux-gnu.so
7f14d40ff000-7f14d4101000 r--p 00000000 00:2d 830528                     /usr/local/python/3.12.1/lib/python3.12/lib-dynload/select.cpython-312-x86_64-linux-gnu.so
7f14d4101000-7f14d4104000 r-xp 00002000 00:2d 830528                     /usr/local/python/3.12.1/lib/python3.12/lib-dynload/select.cpython-312-x86_64-linux-gnu.so
7f14d4104000-7f14d4106000 r--p 00005000 00:2d 830528                     /usr/local/python/3.12.1/lib/python3.12/lib-dynload/select.cpython-312-x86_64-linux-gnu.so
7f14d4106000-7f14d4107000 r--p 00006000 00:2d 830528                     /usr/local/python/3.12.1/lib/python3.12/lib-dynload/select.cpython-312-x86_64-linux-gnu.so
7f14d4107000-7f14d4108000 rw-p 00007000 00:2d 830528                     /usr/local/python/3.12.1/lib/python3.12/lib-dynload/select.cpython-312-x86_64-linux-gnu.so
7f14d4108000-7f14d410b000 r--p 00000000 00:2d 830522                     /usr/local/python/3.12.1/lib/python3.12/lib-dynload/math.cpython-312-x86_64-linux-gnu.so
7f14d410b000-7f14d4117000 r-xp 00003000 00:2d 830522                     /usr/local/python/3.12.1/lib/python3.12/lib-dynload/math.cpython-312-x86_64-linux-gnu.so
7f14d4117000-7f14d411c000 r--p 0000f000 00:2d 830522                     /usr/local/python/3.12.1/lib/python3.12/lib-dynload/math.cpython-312-x86_64-linux-gnu.so
7f14d411c000-7f14d411d000 r--p 00013000 00:2d 830522                     /usr/local/python/3.12.1/lib/python3.12/lib-dynload/math.cpython-312-x86_64-linux-gnu.so
7f14d411d000-7f14d411e000 rw-p 00014000 00:2d 830522                     /usr/local/python/3.12.1/lib/python3.12/lib-dynload/math.cpython-312-x86_64-linux-gnu.so
7f14d411e000-7f14d4122000 r--p 00000000 00:2d 830498                     /usr/local/python/3.12.1/lib/python3.12/lib-dynload/_socket.cpython-312-x86_64-linux-gnu.so
7f14d4122000-7f14d412f000 r-xp 00004000 00:2d 830498                     /usr/local/python/3.12.1/lib/python3.12/lib-dynload/_socket.cpython-312-x86_64-linux-gnu.so
7f14d412f000-7f14d4138000 r--p 00011000 00:2d 830498                     /usr/local/python/3.12.1/lib/python3.12/lib-dynload/_socket.cpython-312-x86_64-linux-gnu.so
7f14d4138000-7f14d4139000 r--p 00019000 00:2d 830498                     /usr/local/python/3.12.1/lib/python3.12/lib-dynload/_socket.cpython-312-x86_64-linux-gnu.so
7f14d4139000-7f14d413a000 rw-p 0001a000 00:2d 830498                     /usr/local/python/3.12.1/lib/python3.12/lib-dynload/_socket.cpython-312-x86_64-linux-gnu.so
7f14d413a000-7f14d413f000 r--p 00000000 00:2d 830490                     /usr/local/python/3.12.1/lib/python3.12/lib-dynload/_pickle.cpython-312-x86_64-linux-gnu.so
7f14d413f000-7f14d4151000 r-xp 00005000 00:2d 830490                     /usr/local/python/3.12.1/lib/python3.12/lib-dynload/_pickle.cpython-312-x86_64-linux-gnu.so
7f14d4151000-7f14d4157000 r--p 00017000 00:2d 830490                     /usr/local/python/3.12.1/lib/python3.12/lib-dynload/_pickle.cpython-312-x86_64-linux-gnu.so
7f14d4157000-7f14d4158000 r--p 0001c000 00:2d 830490                     /usr/local/python/3.12.1/lib/python3.12/lib-dynload/_pickle.cpython-312-x86_64-linux-gnu.so
7f14d4158000-7f14d4159000 rw-p 0001d000 00:2d 830490                     /usr/local/python/3.12.1/lib/python3.12/lib-dynload/_pickle.cpython-312-x86_64-linux-gnu.so
7f14d4159000-7f14d415c000 r--p 00000000 00:2d 830502                     /usr/local/python/3.12.1/lib/python3.12/lib-dynload/_struct.cpython-312-x86_64-linux-gnu.so
7f14d415c000-7f14d4162000 r-xp 00003000 00:2d 830502                     /usr/local/python/3.12.1/lib/python3.12/lib-dynload/_struct.cpython-312-x86_64-linux-gnu.so
7f14d4162000-7f14d4165000 r--p 00009000 00:2d 830502                     /usr/local/python/3.12.1/lib/python3.12/lib-dynload/_struct.cpython-312-x86_64-linux-gnu.so
7f14d4165000-7f14d4166000 r--p 0000c000 00:2d 830502                     /usr/local/python/3.12.1/lib/python3.12/lib-dynload/_struct.cpython-312-x86_64-linux-gnu.so
7f14d4166000-7f14d4167000 rw-p 0000d000 00:2d 830502                     /usr/local/python/3.12.1/lib/python3.12/lib-dynload/_struct.cpython-312-x86_64-linux-gnu.so
7f14d4167000-7f14d44cd000 rw-p 00000000 00:00 0 
7f14d44cd000-7f14d4526000 r--p 00000000 00:2d 393770                     /usr/lib/locale/C.utf8/LC_CTYPE
7f14d4526000-7f14d4811000 r--p 00000000 00:2d 531685                     /usr/lib/locale/locale-archive
7f14d4811000-7f14d4814000 rw-p 00000000 00:00 0 
7f14d4814000-7f14d483c000 r--p 00000000 00:2d 394104                     /usr/lib/x86_64-linux-gnu/libc.so.6
7f14d483c000-7f14d49c4000 r-xp 00028000 00:2d 394104                     /usr/lib/x86_64-linux-gnu/libc.so.6
7f14d49c4000-7f14d4a13000 r--p 001b0000 00:2d 394104                     /usr/lib/x86_64-linux-gnu/libc.so.6
7f14d4a13000-7f14d4a17000 r--p 001fe000 00:2d 394104                     /usr/lib/x86_64-linux-gnu/libc.so.6
7f14d4a17000-7f14d4a19000 rw-p 00202000 00:2d 394104                     /usr/lib/x86_64-linux-gnu/libc.so.6
7f14d4a19000-7f14d4a26000 rw-p 00000000 00:00 0 
7f14d4a26000-7f14d4a36000 r--p 00000000 00:2d 394146                     /usr/lib/x86_64-linux-gnu/libm.so.6
7f14d4a36000-7f14d4ab5000 r-xp 00010000 00:2d 394146                     /usr/lib/x86_64-linux-gnu/libm.so.6
7f14d4ab5000-7f14d4b0d000 r--p 0008f000 00:2d 394146                     /usr/lib/x86_64-linux-gnu/libm.so.6
7f14d4b0d000-7f14d4b0e000 r--p 000e7000 00:2d 394146                     /usr/lib/x86_64-linux-gnu/libm.so.6
7f14d4b0e000-7f14d4b0f000 rw-p 000e8000 00:2d 394146                     /usr/lib/x86_64-linux-gnu/libm.so.6
7f14d4b0f000-7f14d4b16000 r--s 00000000 00:2d 394075                     /usr/lib/x86_64-linux-gnu/gconv/gconv-modules.cache
7f14d4b16000-7f14d4b18000 rw-p 00000000 00:00 0 
7f14d4b18000-7f14d4b19000 r--p 00000000 00:2d 394084                     /usr/lib/x86_64-linux-gnu/ld-linux-x86-64.so.2
7f14d4b19000-7f14d4b44000 r-xp 00001000 00:2d 394084                     /usr/lib/x86_64-linux-gnu/ld-linux-x86-64.so.2
7f14d4b44000-7f14d4b4e000 r--p 0002c000 00:2d 394084                     /usr/lib/x86_64-linux-gnu/ld-linux-x86-64.so.2
7f14d4b4e000-7f14d4b50000 r--p 00036000 00:2d 394084                     /usr/lib/x86_64-linux-gnu/ld-linux-x86-64.so.2
7f14d4b50000-7f14d4b52000 rw-p 00038000 00:2d 394084                     /usr/lib/x86_64-linux-gnu/ld-linux-x86-64.so.2
7ffcba431000-7ffcba435000 ---p 00000000 00:00 0 
7ffcba435000-7ffcba531000 rw-p 00000000 00:00 0                          [stack]
7ffcba5c9000-7ffcba5cd000 r--p 00000000 00:00 0                          [vvar]
7ffcba5cd000-7ffcba5cf000 r-xp 00000000 00:00 0                          [vdso]
ffffffffff600000-ffffffffff601000 --xp 00000000 00:00 0                  [vsyscall]
Total number of mappings: 607

JVMTI agents: none


VM Arguments:
jvm_args: -Dfile.encoding=UTF8 -ea -Xmx1024m 
java_command: <unknown>
java_class_path (initial): /usr/local/python/3.12.1/lib/python3.12/site-packages/konlpy/java:/usr/local/python/3.12.1/lib/python3.12/site-packages/konlpy/java/bin:/usr/local/python/3.12.1/lib/python3.12/site-packages/konlpy/java/open-korean-text-2.1.0.jar:/usr/local/python/3.12.1/lib/python3.12/site-packages/konlpy/java/scala-library-2.12.3.jar:/usr/local/python/3.12.1/lib/python3.12/site-packages/konlpy/java/shineware-ds-1.0.jar:/usr/local/python/3.12.1/lib/python3.12/site-packages/konlpy/java/snakeyaml-1.12.jar:/usr/local/python/3.12.1/lib/python3.12/site-packages/konlpy/java/shineware-common-1.0.jar:/usr/local/python/3.12.1/lib/python3.12/site-packages/konlpy/java/jhannanum-0.8.4.jar:/usr/local/python/3.12.1/lib/python3.12/site-packages/konlpy/java/twitter-text-1.14.7.jar:/usr/local/python/3.12.1/lib/python3.12/site-packages/konlpy/java/aho-corasick.jar:/usr/local/python/3.12.1/lib/python3.12/site-packages/konlpy/java/komoran-3.0.jar:/usr/local/python/3.12.1/lib/python3.12/site-packages/konlpy/java/kkma-2.0.jar:/usr/local/python/3.12.1/lib/python3.12/site-packages/konlpy/java/jhannanum-0.8.4.jar:/usr/local/python/3.12.1/lib/python3.12/site-packages/konlpy/java/kkma-2.0.jar:/usr/local/python/3.12.1/lib/python3.12/site-packages/konlpy/java/aho-corasick.jar:/usr/local/python/3.12.1/lib/python3.12/site-packages/konlpy/java/shineware-common-1.0.jar:/usr/local/python/3.12.1/lib/python3.12/site-packages/konlpy/java/shineware-ds-1.0.jar:/usr/local/python/3.12.1/lib/python3.12/site-packages/konlpy/java/komoran-3.0.jar:/usr/local/python/3.12.1/lib/python3.12/site-packages/konlpy/java/snakeyaml-1.12.jar:/usr/local/python/3.12.1/lib/python3.12/site-packages/konlpy/java/scala-library-2.12.3.jar:/usr/local/python/3.12.1/lib/python3.12/site-packages/konlpy/java/open-korean-text-2.1.0.jar:/usr/local/python/3.12.1/lib/python3.12/site-packages/konlpy/java/twitter-text-1.14.7.jar:/usr/local/python/3.12.1/lib/python3.12/site-packages/konlpy/java/open-korean-text-2.1.0.jar:/usr/local/python/3.12.1/lib/python3.12/site-packages/konlpy/java/scala-library-2.12.3.jar:/usr/local/python/3.12.1/lib/python3.12/site-packages/konlpy/java/shineware-ds-1.0.jar:/usr/local/python/3.12.1/lib/python3.12/site-packages/konlpy/java/snakeyaml-1.12.jar:/usr/local/python/3.12.1/lib/python3.12/site-packages/konlpy/java/shineware-common-1.0.jar:/usr/local/python/3.12.1/lib/python3.12/site-packages/konlpy/java/jhannanum-0.8.4.jar:/usr/local/python/3.12.1/lib/python3.12/site-packages/konlpy/java/twitter-text-1.14.7.jar:/usr/local/python/3.12.1/lib/python3.12/site-packages/konlpy/java/aho-corasick.jar:/usr/local/python/3.12.1/lib/python3.12/site-packages/konlpy/java/komoran-3.0.jar:/usr/local/python/3.12.1/lib/python3.12/site-packages/konlpy/java/kkma-2.0.jar:/usr/local/python/3.12.1/lib/python3.12/site-packages/org.jpype.jar
Launcher Type: generic

[Global flags]
     intx CICompilerCount                          = 2                                         {product} {ergonomic}
     uint ConcGCThreads                            = 1                                         {product} {ergonomic}
     uint G1ConcRefinementThreads                  = 2                                         {product} {ergonomic}
   size_t G1HeapRegionSize                         = 1048576                                   {product} {ergonomic}
   size_t InitialHeapSize                          = 132120576                                 {product} {ergonomic}
   size_t MarkStackSize                            = 4194304                                   {product} {ergonomic}
   size_t MarkStackSizeMax                         = 536870912                                 {product} {ergonomic}
   size_t MaxHeapSize                              = 1073741824                                {product} {command line}
   size_t MaxNewSize                               = 643825664                                 {product} {ergonomic}
   size_t MinHeapDeltaBytes                        = 1048576                                   {product} {ergonomic}
   size_t MinHeapSize                              = 8388608                                   {product} {ergonomic}
    uintx NonNMethodCodeHeapSize                   = 5824512                                {pd product} {ergonomic}
    uintx NonProfiledCodeHeapSize                  = 122920960                              {pd product} {ergonomic}
    uintx ProfiledCodeHeapSize                     = 122912768                              {pd product} {ergonomic}
    uintx ReservedCodeCacheSize                    = 251658240                              {pd product} {ergonomic}
     bool SegmentedCodeCache                       = true                                      {product} {ergonomic}
   size_t SoftMaxHeapSize                          = 1073741824                             {manageable} {ergonomic}
     bool UseCompressedOops                        = true                           {product lp64_product} {ergonomic}
     bool UseG1GC                                  = true                                      {product} {ergonomic}

Logging:
Log output configuration:
 #0: stdout all=warning uptime,level,tags foldmultilines=false
 #1: stderr all=off uptime,level,tags foldmultilines=false

Release file:
IMPLEMENTOR="Microsoft"
IMPLEMENTOR_VERSION="Microsoft-12574222"
JAVA_RUNTIME_VERSION="25.0.1+8-LTS"
JAVA_VERSION="25.0.1"
JAVA_VERSION_DATE="2025-10-21"
LIBC="gnu"
MODULES="java.base java.compiler java.datatransfer java.xml java.prefs java.desktop java.instrument java.logging java.management java.security.sasl java.naming java.rmi java.management.rmi java.net.http java.scripting java.security.jgss java.transaction.xa java.sql java.sql.rowset java.xml.crypto java.se java.smartcardio jdk.accessibility jdk.internal.jvmstat jdk.attach jdk.charsets jdk.internal.opt jdk.zipfs jdk.compiler jdk.crypto.cryptoki jdk.crypto.ec jdk.dynalink jdk.internal.ed jdk.editpad jdk.internal.vm.ci jdk.graal.compiler jdk.graal.compiler.management jdk.hotspot.agent jdk.httpserver jdk.incubator.vector jdk.internal.le jdk.internal.md jdk.jartool jdk.javadoc jdk.jcmd jdk.management jdk.management.agent jdk.jconsole jdk.jdeps jdk.jdwp.agent jdk.jdi jdk.jfr jdk.jlink jdk.jpackage jdk.jshell jdk.jsobject jdk.jstatd jdk.localedata jdk.management.jfr jdk.naming.dns jdk.naming.rmi jdk.net jdk.nio.mapmode jdk.sctp jdk.security.auth jdk.security.jgss jdk.unsupported jdk.unsupported.desktop jdk.xml.dom"
OS_ARCH="x86_64"
OS_NAME="Linux"
SOURCE=".:git:a34d2ff2d503"

Environment Variables:
JAVA_HOME=/usr/local/sdkman/candidates/java/current
PATH=/usr/local/rvm/gems/ruby-3.4.7/bin:/usr/local/rvm/gems/ruby-3.4.7@global/bin:/usr/local/rvm/rubies/ruby-3.4.7/bin:/vscode/bin/linux-x64/41dd792b5e652393e7787322889ed5fdc58bd75b/bin/remote-cli:/home/codespace/.local/bin:/home/codespace/.dotnet:/home/codespace/nvm/current/bin:/home/codespace/.php/current/bin:/home/codespace/.python/current/bin:/home/codespace/java/current/bin:/home/codespace/.ruby/current/bin:/home/codespace/.local/bin:/usr/local/python/current/bin:/usr/local/py-utils/bin:/usr/local/jupyter:/usr/local/oryx:/usr/local/go/bin:/go/bin:/usr/local/sdkman/bin:/usr/local/sdkman/candidates/java/current/bin:/usr/local/sdkman/candidates/gradle/current/bin:/usr/local/sdkman/candidates/maven/current/bin:/usr/local/sdkman/candidates/ant/current/bin:/usr/local/rvm/gems/default/bin:/usr/local/rvm/gems/default@global/bin:/usr/local/rvm/rubies/default/bin:/usr/local/share/rbenv/bin:/usr/local/php/current/bin:/opt/conda/bin:/usr/local/nvs:/usr/local/share/nvm/versions/node/v24.11.1/bin:/usr/local/hugo/bin:/usr/local/sbin:/usr/local/bin:/usr/sbin:/usr/bin:/sbin:/bin:/usr/share/dotnet:/home/codespace/.dotnet/tools:/usr/local/rvm/bin
SHELL=/bin/bash
LANG=C.UTF-8
TERM=xterm-256color

Active Locale:
LC_ALL=C.UTF-8
LC_COLLATE=C.UTF-8
LC_CTYPE=C.UTF-8
LC_MESSAGES=C.UTF-8
LC_MONETARY=C.UTF-8
LC_NUMERIC=C.UTF-8
LC_TIME=C.UTF-8

Signal Handlers:
   SIGSEGV: crash_handler in libjvm.so, mask=11100100010111111101111111111110, flags=SA_RESTART|SA_SIGINFO, unblocked
    SIGBUS: crash_handler in libjvm.so, mask=11100100010111111101111111111110, flags=SA_RESTART|SA_SIGINFO, unblocked
    SIGFPE: crash_handler in libjvm.so, mask=11100100010111111101111111111110, flags=SA_RESTART|SA_SIGINFO, unblocked
   SIGPIPE: javaSignalHandler in libjvm.so, mask=11100100010111111101111111111110, flags=SA_RESTART|SA_SIGINFO, blocked
   SIGXFSZ: javaSignalHandler in libjvm.so, mask=11100100010111111101111111111110, flags=SA_RESTART|SA_SIGINFO, blocked
    SIGILL: crash_handler in libjvm.so, mask=11100100010111111101111111111110, flags=SA_RESTART|SA_SIGINFO, unblocked
   SIGUSR2: SR_handler in libjvm.so, mask=00000000000000000000000000000000, flags=SA_RESTART|SA_SIGINFO, blocked
    SIGHUP: UserHandler in libjvm.so, mask=11100100010111111101111111111110, flags=SA_RESTART|SA_SIGINFO, blocked
    SIGINT: UserHandler in libjvm.so, mask=11100100010111111101111111111110, flags=SA_RESTART|SA_SIGINFO, blocked
   SIGTERM: UserHandler in libjvm.so, mask=11100100010111111101111111111110, flags=SA_RESTART|SA_SIGINFO, blocked
   SIGQUIT: UserHandler in libjvm.so, mask=11100100010111111101111111111110, flags=SA_RESTART|SA_SIGINFO, blocked
   SIGTRAP: crash_handler in libjvm.so, mask=11100100010111111101111111111110, flags=SA_RESTART|SA_SIGINFO, unblocked


Compilation memory statistics disabled.

Periodic native trim disabled

---------------  S Y S T E M  ---------------

OS:
DISTRIB_ID=Ubuntu
DISTRIB_RELEASE=24.04
DISTRIB_CODENAME=noble
DISTRIB_DESCRIPTION="Ubuntu 24.04.3 LTS"
uname: Linux 6.8.0-1044-azure #50~22.04.1-Ubuntu SMP Wed Dec  3 15:13:22 UTC 2025 x86_64
OS uptime: 0 days 1:09 hours
libc: glibc 2.39 NPTL 2.39 
rlimit (soft/hard): STACK 8192k/infinity , CORE infinity/infinity , NPROC infinity/infinity , NOFILE 524288/524288 , AS infinity/infinity , CPU infinity/infinity , DATA infinity/infinity , FSIZE infinity/infinity , MEMLOCK 8192k/8192k
load average: 3.04 2.28 1.85

/proc/meminfo:
MemTotal:        8135224 kB
MemFree:          603784 kB
MemAvailable:    5824696 kB
Buffers:          220824 kB
Cached:          5106372 kB
SwapCached:            0 kB
Active:          3979672 kB
Inactive:        2973844 kB
Active(anon):    1566164 kB
Inactive(anon):   135336 kB
Active(file):    2413508 kB
Inactive(file):  2838508 kB
Unevictable:       30908 kB
Mlocked:           27836 kB
SwapTotal:             0 kB
SwapFree:              0 kB
Zswap:                 0 kB
Zswapped:              0 kB
Dirty:              7592 kB
Writeback:             0 kB
AnonPages:       1630936 kB
Mapped:           748972 kB
Shmem:             66000 kB
KReclaimable:     282524 kB
Slab:             384188 kB
SReclaimable:     282524 kB
SUnreclaim:       101664 kB
KernelStack:       10656 kB
PageTables:        30152 kB
SecPageTables:         0 kB
NFS_Unstable:          0 kB
Bounce:                0 kB
WritebackTmp:          0 kB
CommitLimit:     4067612 kB
Committed_AS:    5408932 kB
VmallocTotal:   34359738367 kB
VmallocUsed:       43664 kB
VmallocChunk:          0 kB
Percpu:             1224 kB
HardwareCorrupted:     0 kB
AnonHugePages:    667648 kB
ShmemHugePages:        0 kB
ShmemPmdMapped:        0 kB
FileHugePages:         0 kB
FilePmdMapped:         0 kB
Unaccepted:            0 kB
HugePages_Total:       0
HugePages_Free:        0
HugePages_Rsvd:        0
HugePages_Surp:        0
Hugepagesize:       2048 kB
Hugetlb:               0 kB
DirectMap4k:      135104 kB
DirectMap2M:     6156288 kB
DirectMap1G:     4194304 kB

/sys/kernel/mm/transparent_hugepage/enabled: [always] madvise never
/sys/kernel/mm/transparent_hugepage/hpage_pmd_size: 2097152
/sys/kernel/mm/transparent_hugepage/shmem_enabled: always within_size advise [never] deny force
/sys/kernel/mm/transparent_hugepage/defrag (defrag/compaction efforts parameter): always defer defer+madvise [madvise] never

Process Memory:
Virtual Size: 3839200K (peak: 3893204K)
Resident Set Size: 185828K (peak: 185828K) (anon: 126692K, file: 59136K, shmem: 0K)
Swapped out: 0K
C-Heap outstanding allocations: 50966K, retained: 2901K
glibc malloc tunables: (default)

/proc/sys/kernel/threads-max (system-wide limit on the number of threads): 63498
/proc/sys/vm/max_map_count (maximum number of memory map areas a process may have): 65530
/proc/sys/vm/swappiness (control to define how aggressively the kernel swaps out anonymous memory): 60
/proc/sys/kernel/pid_max (system-wide limit on number of process identifiers): 4194304

container information not found.
Hyper-V virtualization detected
Steal ticks since vm start: 0
Steal ticks percentage since vm start:  0.000

CPU: total 2 (initial active 2) (16 cores per cpu, 2 threads per core) family 25 model 1 stepping 1 microcode 0xffffffff, cx8, cmov, fxsr, ht, mmx, 3dnowpref, sse, sse2, sse3, ssse3, sse4a, sse4.1, sse4.2, popcnt, lzcnt, tsc, tscinvbit, avx, avx2, aes, erms, clmul, bmi1, bmi2, adx, sha, fma, vzeroupper, clflush, clflushopt, clwb, hv, rdtscp, rdpid, fsrm, f16c, cet_ss
CPU Model and flags from /proc/cpuinfo:
model name	: AMD EPYC 7763 64-Core Processor
flags		: fpu vme de pse tsc msr pae mce cx8 apic sep mtrr pge mca cmov pat pse36 clflush mmx fxsr sse sse2 ht syscall nx mmxext fxsr_opt pdpe1gb rdtscp lm constant_tsc rep_good nopl tsc_reliable nonstop_tsc cpuid extd_apicid aperfmperf tsc_known_freq pni pclmulqdq ssse3 fma cx16 pcid sse4_1 sse4_2 movbe popcnt aes xsave avx f16c rdrand hypervisor lahf_lm cmp_legacy svm cr8_legacy abm sse4a misalignsse 3dnowprefetch osvw topoext vmmcall fsgsbase bmi1 avx2 smep bmi2 erms invpcid rdseed adx smap clflushopt clwb sha_ni xsaveopt xsavec xgetbv1 xsaves user_shstk clzero xsaveerptr rdpru arat npt nrip_save tsc_scale vmcb_clean flushbyasid decodeassists pausefilter pfthreshold v_vmsave_vmload umip vaes vpclmulqdq rdpid fsrm

Online cpus: 0-1
Offline cpus: 
BIOS frequency limitation: <Not Available>
Frequency switch latency (ns): <Not Available>
Available cpu frequencies: <Not Available>
Current governor: <Not Available>
Core performance/turbo boost: <Not Available>

Memory: 4k page, physical 8135224k(5824696k free), swap 0k(0k free)
Page Sizes: 4k

vm_info: OpenJDK 64-Bit Server VM (25.0.1+8-LTS) for linux-amd64 JRE (25.0.1+8-LTS), built on 2025-10-13T21:28:09Z with gcc 11.3.0

END.
