#
# A fatal error has been detected by the Java Runtime Environment:
#
#  SIGSEGV (0xb) at pc=0x00007d754e0fa4f3, pid=49070, tid=49070
#
# JRE version: OpenJDK Runtime Environment Microsoft-12574222 (25.0.1+8) (build 25.0.1+8-LTS)
# Java VM: OpenJDK 64-Bit Server VM Microsoft-12574222 (25.0.1+8-LTS, mixed mode, sharing, tiered, compressed oops, compressed class ptrs, g1 gc, linux-amd64)
# Problematic frame:
# C  [_jpype.cpython-312-x86_64-linux-gnu.so+0x424f3]  JPypeException::toJava() [clone .cold]+0x5d
#
# Core dump will be written. Default location: Core dumps may be processed with "/usr/share/apport/apport -p%p -s%s -c%c -d%d -P%P -u%u -g%g -F%F -- %E" (or dumping to /workspaces/korean_reading_practice/myapp/backend/core.49070)
#
# If you would like to submit a bug report, please visit:
#   https://github.com/microsoft/openjdk/issues
# The crash happened outside the Java Virtual Machine in native code.
# See problematic frame for where to report the bug.
#

---------------  S U M M A R Y ------------

Command Line: -Dfile.encoding=UTF8 -ea -Xmx1024m 

Host: AMD EPYC 7763 64-Core Processor, 2 cores, 7G, Ubuntu 24.04.3 LTS
Time: Tue May 12 21:25:24 2026 UTC elapsed time: 0.406497 seconds (0d 0h 0m 0s)

---------------  T H R E A D  ---------------

Current thread (0x000056f146a67820):  JavaThread "main"             [_thread_in_native, id=49070, stack(0x00007ffe33a2d000,0x00007ffe33b2d000) (1024K)]

Stack: [0x00007ffe33a2d000,0x00007ffe33b2d000],  sp=0x00007ffe33b28a30,  free space=1006k
Native frames: (J=compiled Java code, j=interpreted, Vv=VM code, C=native code)
C  [_jpype.cpython-312-x86_64-linux-gnu.so+0x424f3]  JPypeException::toJava() [clone .cold]+0x5d
Java frames: (J=compiled Java code, j=interpreted, Vv=VM code)
j  org.jpype.manager.TypeFactoryNative.newWrapper(JJ)V+0
j  org.jpype.JPypeContext.newWrapper(J)V+16
v  ~StubRoutines::call_stub 0x00007d7537738fa6

siginfo: si_signo: 11 (SIGSEGV), si_code: 1 (SEGV_MAPERR), si_addr: 0x0000000000000000

Registers:
RAX=0x00007d754f64e7d8, RBX=0x000056f1473931d0, RCX=0x00007d754f6458d0, RDX=0x000000056f146aa1
RSP=0x00007ffe33b28a30, RBP=0x0000000000000000, RSI=0x0000000000000000, RDI=0x00007ffe33b289b8
R8 =0x000056f1451ea010, R9 =0x0000000000000007, R10=0x000056f146aa1fd0, R11=0xca9b5627eeb297ad
R12=0x00007ffe33b28a40, R13=0x000056f147393528, R14=0x00007ffe33b28a38, R15=0x000056f146a67820
RIP=0x00007d754e0fa4f3, EFLAGS=0x0000000000010202, CSGSFS=0x002b000000000033, ERR=0x0000000000000006
  TRAPNO=0x000000000000000e

XMM[0]=0x0000000000000000 0x00007d7551c4b563
XMM[1]=0x00007d7551c4b563 0x00007d7551c4b563
XMM[2]=0xffffffffffffffff 0xffffffffffffffff
XMM[3]=0xffffffffffffffff 0xffffffffffffffff
XMM[4]=0x0000000000000000 0x00007d7551c4ab20
XMM[5]=0xffffffffffffffff 0xffffffffffffffff
XMM[6]=0xffffffffffffffff 0xffffffffffffffff
XMM[7]=0xffffffffffffffff 0xffffffffffffffff
XMM[8]=0x0000000000f700f3 0x0000000000f600f2
XMM[9]=0x00000000000000f3 0x00000000000000f2
XMM[10]=0x000000000000000c 0x000000000000000c
XMM[11]=0x000000000000000a 0x000000000000000a
XMM[12]=0x0000000000000008 0x0000000000000008
XMM[13]=0x0000000000000006 0x0000000000000006
XMM[14]=0x0000000000000004 0x0000000000000004
XMM[15]=0x0000000000000002 0x0000000000000002
  MXCSR=0x00001fa2


Register to memory mapping:

RAX=0x00007d754f64e7d8: <offset 0x000000000027a7d8> in /lib/x86_64-linux-gnu/libstdc++.so.6 at 0x00007d754f3d4000
RBX=0x000056f1473931d0 points into unknown readable memory: 0x00007d754e170a38 | 38 0a 17 4e 75 7d 00 00
RCX=0x00007d754f6458d0: <offset 0x00000000002718d0> in /lib/x86_64-linux-gnu/libstdc++.so.6 at 0x00007d754f3d4000
RDX=0x000000056f146aa1 is an unknown value
RSP=0x00007ffe33b28a30 is pointing into the stack for thread: 0x000056f146a67820
RBP=0x0 is null
RSI=0x0 is null
RDI=0x00007ffe33b289b8 is pointing into the stack for thread: 0x000056f146a67820
R8 =0x000056f1451ea010 points into unknown readable memory: 0x0001000000010005 | 05 00 01 00 00 00 01 00
R9 =0x0000000000000007 is an unknown value
R10=0x000056f146aa1fd0 points into unknown readable memory: 0x000000056f146aa1 | a1 6a 14 6f 05 00 00 00
R11=0xca9b5627eeb297ad is an unknown value
R12=0x00007ffe33b28a40 is pointing into the stack for thread: 0x000056f146a67820
R13=0x000056f147393528 points into unknown readable memory: 0x00000000656e6f4e | 4e 6f 6e 65 00 00 00 00
R14=0x00007ffe33b28a38 is pointing into the stack for thread: 0x000056f146a67820
R15=0x000056f146a67820 is a thread

Top of Stack: (sp=0x00007ffe33b28a30)
0x00007ffe33b28a30:   0000003100000001 00007d754e1497a0   ....1......Nu}..
0x00007ffe33b28a40:   00007d754e149763 00007ffe33b20000   c..Nu}.....3....
0x00007ffe33b28a50:   00007ffe33b28b98 00007d754f48e0f4   ...3......HOu}..
0x00007ffe33b28a60:   00007d750c40ac08 00007ffe33b28ab0   ..@.u}.....3....
0x00007ffe33b28a70:   000056f1473934a0 00007ffe33b28aa8   .49G.V.....3....
0x00007ffe33b28a80:   00007ffe33b28b98 00007d754e0fd9e8   ...3.......Nu}..
0x00007ffe33b28a90:   00007ffe33b28ab0 00007d754e0fda4b   ...3....K..Nu}..
0x00007ffe33b28aa0:   00007ffe00001fa2 0000000000000001   ................
0x00007ffe33b28ab0:   000056f146a67cc0 00007ffe33b20000   .|.F.V.....3....
0x00007ffe33b28ac0:   00007ffe33b28b58 0000000000000000   X..3............
0x00007ffe33b28ad0:   00007d750c40ac08 00007d7537744f85   ..@.u}...Ot7u}..
0x00007ffe33b28ae0:   00007ffe0000000b 00007ffe33b28d40   ........@..3....
0x00007ffe33b28af0:   00007ffe33b28d48 00000000ffffffff   H..3............
0x00007ffe33b28b00:   000056f146a67820 00007ffe33b28b40    x.F.V..@..3....
0x00007ffe33b28b10:   fffffffffffffff7 0000000000000000   ................
0x00007ffe33b28b20:   0000000000000008 00007d750c40b288   ..........@.u}..
0x00007ffe33b28b30:   0000000000000000 00000000c0058aa8   ................
0x00007ffe33b28b40:   00007d750c40ac08 0000000000000000   ..@.u}..........
0x00007ffe33b28b50:   00007ffe33b28b78 00007ffe33b28bf8   x..3.......3....
0x00007ffe33b28b60:   00007d7537740936 0000000000000000   6.t7u}..........
0x00007ffe33b28b70:   00007d7537742437 000056f14743bca0   7$t7u}....CG.V..
0x00007ffe33b28b80:   0000000000000000 000056f1465a81a0   ..........ZF.V..
0x00007ffe33b28b90:   0000000000000000 00000000c0058b70   ........p.......
0x00007ffe33b28ba0:   00000000c0058b70 00000000c0058b70   p.......p.......
0x00007ffe33b28bb0:   fffffffffffffff5 00007d750c40eaa0   ..........@.u}..
0x00007ffe33b28bc0:   0000000000000006 00007d750c40a968   ........h.@.u}..
0x00007ffe33b28bd0:   0000000000000000 00000000c0057d10   .........}......
0x00007ffe33b28be0:   00007d750c40eac8 fffffffffffffff0   ..@.u}..........
0x00007ffe33b28bf0:   00007ffe33b28c18 00007ffe33b28c90   ...3.......3....
0x00007ffe33b28c00:   00007d7537738fa6 0000000000000000   ..s7u}..........
0x00007ffe33b28c10:   00000000c0058b70 000056f14743bca0   p.........CG.V..
0x00007ffe33b28c20:   000056f146646080 00000000c0058378   .`dF.V..x.......

Instructions: (pc=0x00007d754e0fa4f3)
  0x00007d754e0fa3f3:   ff ff 48 8b 54 24 30 48 8b 4c 24 38 49 89 c7 48
  0x00007d754e0fa403:   89 94 24 90 00 00 00 48 8b 52 e8 48 89 8c 14 90
  0x00007d754e0fa413:   00 00 00 48 c7 84 24 98 00 00 00 00 00 00 00 e9
  0x00007d754e0fa423:   56 fe ff ff 4c 89 ff e8 21 9c ff ff e9 46 fd ff
  0x00007d754e0fa433:   ff 4c 89 f7 48 89 c3 48 89 d5 e8 fe a6 ff ff eb
  0x00007d754e0fa443:   a1 ff d0 48 8d 3d 65 ee 04 00 48 89 c6 e8 fb 90
  0x00007d754e0fa453:   ff ff e9 27 ff ff ff 48 89 c7 48 89 d0 e9 ab fe
  0x00007d754e0fa463:   ff ff 48 8b 7c 24 60 e8 71 00 02 00 49 8d 74 24
  0x00007d754e0fa473:   08 4c 89 f7 e8 94 af ff ff e9 fc fd ff ff e8 ca
  0x00007d754e0fa483:   b8 ff ff 48 89 c5 e8 f2 b3 ff ff 48 89 ef e8 ba
  0x00007d754e0fa493:   b8 ff ff 4c 89 f7 e8 f2 a1 ff ff 4c 89 e7 e8 4a
  0x00007d754e0fa4a3:   a7 ff ff 48 89 df 48 83 ed 01 75 59 e8 2c b6 ff
  0x00007d754e0fa4b3:   ff 48 8d 3d 9d ee 04 00 48 89 c3 e8 5d 98 ff ff
  0x00007d754e0fa4c3:   48 8b 43 20 48 8d 74 24 10 48 8d 7c 24 08 48 8b
  0x00007d754e0fa4d3:   50 08 48 8b 08 8b 40 10 48 89 54 24 08 48 8d 54
  0x00007d754e0fa4e3:   24 04 89 44 24 04 48 89 4c 24 10 e8 ed 98 ff ff
=>0x00007d754e0fa4f3:   c7 04 25 00 00 00 00 00 00 00 00 e8 7d b3 ff ff
  0x00007d754e0fa503:   e9 b9 fe 01 00 e8 d3 b5 ff ff 48 8d 3d 44 ee 04
  0x00007d754e0fa513:   00 e8 07 98 ff ff c7 04 25 00 00 00 00 00 00 00
  0x00007d754e0fa523:   00 e8 57 b3 ff ff e9 93 fe 01 00 4c 89 f7 e8 5a
  0x00007d754e0fa533:   a1 ff ff e9 63 ff ff ff 48 89 c3 48 89 d5 e8 3a
  0x00007d754e0fa543:   b3 ff ff 48 89 df 48 89 e8 48 83 e8 01 75 52 e8
  0x00007d754e0fa553:   89 b5 ff ff 48 8d 74 24 10 c7 44 24 20 b8 01 00
  0x00007d754e0fa563:   00 48 89 c7 48 8d 05 75 ed 04 00 48 89 44 24 10
  0x00007d754e0fa573:   48 8d 05 be ed 04 00 48 89 44 24 18 e8 5c 94 ff
  0x00007d754e0fa583:   ff e8 17 93 ff ff 48 89 c7 48 89 d0 eb bb 48 89
  0x00007d754e0fa593:   c3 48 89 d5 e8 e4 b2 ff ff 48 89 df 48 89 e8 eb
  0x00007d754e0fa5a3:   a8 e8 a7 b7 ff ff 48 89 c5 e8 cf b2 ff ff 48 89
  0x00007d754e0fa5b3:   ef e8 97 b7 ff ff 90 48 8b 73 18 48 85 f6 74 0f
  0x00007d754e0fa5c3:   48 8b 05 ee 98 07 00 48 8b 38 e8 0e 93 ff ff 4c
  0x00007d754e0fa5d3:   89 f7 e8 76 9a ff ff 48 89 ef e8 6e b7 ff ff 48
  0x00007d754e0fa5e3:   89 ef e8 06 a6 ff ff 48 89 df 4c 89 e0 48 83 e8


Stack slot to memory mapping:

stack at sp + 0 slots: 0x0000003100000001 is an unknown value
stack at sp + 1 slots: 0x00007d754e1497a0: <offset 0x00000000000917a0> in /usr/local/python/3.12.1/lib/python3.12/site-packages/_jpype.cpython-312-x86_64-linux-gnu.so at 0x00007d754e0b8000
stack at sp + 2 slots: 0x00007d754e149763: <offset 0x0000000000091763> in /usr/local/python/3.12.1/lib/python3.12/site-packages/_jpype.cpython-312-x86_64-linux-gnu.so at 0x00007d754e0b8000
stack at sp + 3 slots: 0x00007ffe33b20000 is pointing into the stack for thread: 0x000056f146a67820
stack at sp + 4 slots: 0x00007ffe33b28b98 is pointing into the stack for thread: 0x000056f146a67820
stack at sp + 5 slots: 0x00007d754f48e0f4: __cxa_get_globals+0x0000000000000014 in /lib/x86_64-linux-gnu/libstdc++.so.6 at 0x00007d754f3d4000
stack at sp + 6 slots: {method} {0x00007d750c40ac08} 'newWrapper' '(JJ)V' in 'org/jpype/manager/TypeFactoryNative'
stack at sp + 7 slots: 0x00007ffe33b28ab0 is pointing into the stack for thread: 0x000056f146a67820

Lock stack of current Java thread (top to bottom):
LockStack[0]: org.jpype.manager.TypeFactoryNative 
{0x00000000c0058b70} - klass: 'org/jpype/manager/TypeFactoryNative' - flags: 

 - ---- fields (total size 3 words):
 - public 'context' 'J' @16  0 (0x0000000000000000)


---------------  P R O C E S S  ---------------

Threads class SMR info:
_java_thread_list=0x000056f1475206b0, length=10, elements={
0x000056f146a67820, 0x000056f14738ee60, 0x000056f147390710, 0x000056f147393b80,
0x000056f147395480, 0x000056f147397250, 0x000056f147398cc0, 0x000056f1473b4ef0,
0x000056f1473b7030, 0x00007d74fc001030
}

Java Threads: ( => current thread )
=>0x000056f146a67820 JavaThread "main"                              [_thread_in_native, id=49070, stack(0x00007ffe33a2d000,0x00007ffe33b2d000) (1024K)]
  0x000056f14738ee60 JavaThread "Reference Handler"          daemon [_thread_blocked, id=49089, stack(0x00007d752c3fd000,0x00007d752c4fd000) (1024K)]
  0x000056f147390710 JavaThread "Finalizer"                  daemon [_thread_blocked, id=49090, stack(0x00007d752c2fc000,0x00007d752c3fc000) (1024K)]
  0x000056f147393b80 JavaThread "Service Thread"             daemon [_thread_blocked, id=49092, stack(0x00007d752c0fa000,0x00007d752c1fa000) (1024K)]
  0x000056f147395480 JavaThread "Monitor Deflation Thread"   daemon [_thread_blocked, id=49093, stack(0x00007d74fbf00000,0x00007d74fc000000) (1024K)]
  0x000056f147397250 JavaThread "C2 CompilerThread0"         daemon [_thread_blocked, id=49094, stack(0x00007d74fbdff000,0x00007d74fbeff000) (1024K)]
  0x000056f147398cc0 JavaThread "C1 CompilerThread0"         daemon [_thread_blocked, id=49095, stack(0x00007d74fbcfe000,0x00007d74fbdfe000) (1024K)]
  0x000056f1473b4ef0 JavaThread "Notification Thread"        daemon [_thread_blocked, id=49096, stack(0x00007d74fbbfd000,0x00007d74fbcfd000) (1024K)]
  0x000056f1473b7030 JavaThread "Common-Cleaner"             daemon [_thread_blocked, id=49097, stack(0x00007d74fbafc000,0x00007d74fbbfc000) (1024K)]
  0x00007d74fc001030 JavaThread "SIGTERM handler"            daemon [_thread_blocked, id=49100, stack(0x00007d74fb7f9000,0x00007d74fb8f9000) (1024K)]
Total: 10

Other Threads:
  0x000056f147384110 VMThread "VM Thread"                           [id=49088, stack(0x00007d752c4fe000,0x00007d752c5fe000) (1024K)] _threads_hazard_ptr=0x000056f1475206b0
  0x000056f146ca7b50 WorkerThread "GC Thread#0"                     [id=49081, stack(0x00007d7530015000,0x00007d7530115000) (1024K)]
  0x00007d7514000fc0 WorkerThread "GC Thread#1"                     [id=49099, stack(0x00007d74fb8fa000,0x00007d74fb9fa000) (1024K)]
  0x000056f147031af0 ConcurrentGCThread "G1 Main Marker"            terminated
  0x000056f147031f90 WorkerThread "G1 Conc#0"                       [id=49083, stack(0x00007d752e9ff000,0x00007d752eaff000) (1024K)]
  0x000056f147245ef0 ConcurrentGCThread "G1 Refine#0"               terminated
  0x000056f147246ee0 ConcurrentGCThread "G1 Service"                terminated
Total: 7

Threads with active compile tasks:
C1 CompilerThread0  430  830       3       org.jpype.manager.TypeManager::createMethods (382 bytes)
Total: 1

VM state: at safepoint (normal execution)

VM Mutex/Monitor currently owned by a thread:  ([mutex/lock_event])
[0x00007d75494eff68] Threads_lock - owner thread: 0x000056f147384110
[0x00007d75494efde8] Heap_lock - owner thread: 0x00007d74fc001030

Heap address: 0x00000000c0000000, size: 1024 MB, Compressed Oops mode: 32-bit

CDS archive(s) mapped at: [0x0000000037000000-0x0000000037d8c000-0x0000000037d8c000), size 14204928, SharedBaseAddress: 0x0000000037000000, ArchiveRelocationMode: 1.
Compressed class space mapped at: 0x0000000038000000-0x0000000078000000, reserved size: 1073741824
UseCompressedClassPointers 1, UseCompactObjectHeaders 0
Narrow klass pointer bits 32, Max shift 3
Narrow klass base: 0x0000000037000000, Narrow klass shift: 0
Encoding Range: [0x0000000037000000 - 0x0000000137000000), (4294967296 bytes)
Klass Range:    [0x0000000037001000 - 0x0000000078000000), (1090514944 bytes)
Klass ID Range:  [4096 - 1090519033) (1090514937)
Protection zone: [0x0000000037000000 - 0x0000000037001000), (4096 bytes)

GC Precious Log:
 CardTable entry size: 512
 Card Set container configuration: InlinePtr #cards 5 size 8 Array Of Cards #cards 10 size 36 Howl #buckets 4 coarsen threshold 1843 Howl Bitmap #cards 512 size 80 coarsen threshold 460 Card regions per heap region 1 cards per card region 2048
 CPUs: 2 total, 2 available
 Memory: 7944M
 Large Page Support: Disabled
 NUMA Support: Disabled
 Compressed Oops: Enabled (32-bit)
 Heap Region Size: 1M
 Heap Min Capacity: 8M
 Heap Initial Capacity: 126M
 Heap Max Capacity: 1G
 Pre-touch: Disabled
 Parallel Workers: 2
 Concurrent Workers: 1
 Concurrent Refinement Workers: 2
 Periodic GC: Disabled
 G1 Time-Based Heap Sizing enabled (uncommit-only)
 Evaluation Interval: 60s, Uncommit Delay: 300s, Min Regions To Uncommit: 10

Heap:
 garbage-first heap   total reserved 1048576K, committed 10240K, used 3137K [0x00000000c0000000, 0x0000000100000000)
  region size 1024K, 2 young (2048K), 0 survivors (0K)

Heap Regions: E=young(eden), S=young(survivor), O=old, HS=humongous(starts), HC=humongous(continues), CS=collection set, F=free, TAMS=top-at-mark-start, PB=parsable bottom
|   0|0x00000000c0000000, 0x00000000c007ac78, 0x00000000c0100000| 47%| O|  |TAMS 0x00000000c0000000| PB 0x00000000c0000000| Untracked |  0
|   1|0x00000000c0100000, 0x00000000c0195788, 0x00000000c0200000| 58%| O|  |TAMS 0x00000000c0100000| PB 0x00000000c0100000| Untracked |  0
|   2|0x00000000c0200000, 0x00000000c0200000, 0x00000000c0300000|  0%| F|  |TAMS 0x00000000c0200000| PB 0x00000000c0200000| Untracked |  0
|   3|0x00000000c0300000, 0x00000000c0300000, 0x00000000c0400000|  0%| F|  |TAMS 0x00000000c0300000| PB 0x00000000c0300000| Untracked |  0
|   4|0x00000000c0400000, 0x00000000c0400000, 0x00000000c0500000|  0%| F|  |TAMS 0x00000000c0400000| PB 0x00000000c0400000| Untracked |  0
|   5|0x00000000c0500000, 0x00000000c0500000, 0x00000000c0600000|  0%| F|  |TAMS 0x00000000c0500000| PB 0x00000000c0500000| Untracked |  0
|   6|0x00000000c0600000, 0x00000000c0600000, 0x00000000c0700000|  0%| F|  |TAMS 0x00000000c0600000| PB 0x00000000c0600000| Untracked |  0
|   7|0x00000000c0700000, 0x00000000c078f618, 0x00000000c0800000| 56%| E|  |TAMS 0x00000000c0700000| PB 0x00000000c0700000| Complete |  0
|   8|0x00000000c0800000, 0x00000000c0900000, 0x00000000c0900000|100%| E|CS|TAMS 0x00000000c0800000| PB 0x00000000c0800000| Complete |  0
|1022|0x00000000ffe00000, 0x00000000fff00000, 0x00000000fff00000|100%| O|  |TAMS 0x00000000ffe00000| PB 0x00000000ffe00000| Untracked |  0

Card table byte_map: [0x00007d752fc00000,0x00007d752fe00000] _byte_map_base: 0x00007d752f600000

Marking Bits: (CMBitMap*) 0x000056f146c2e730
 Bits: [0x00007d752ec00000, 0x00007d752fc00000)

Polling page: 0x00007d75511b1000

Metaspace:
Metaspace        used 1756K, committed 1920K, reserved 1114112K
 class space     used 134K, committed 192K, reserved 1048576K

Usage:
  Non-class:      1.58 MB used.
      Class:    134.28 KB used.
       Both:      1.71 MB used.

Virtual space:
  Non-class space:       64.00 MB reserved,       1.69 MB (  3%) committed,  1 nodes.
      Class space:        1.00 GB reserved,     192.00 KB ( <1%) committed,  1 nodes.
             Both:        1.06 GB reserved,       1.88 MB ( <1%) committed. 

Chunk freelists:
   Non-Class:  11.83 MB
       Class:  15.70 MB
        Both:  27.53 MB

MaxMetaspaceSize: unlimited
CompressedClassSpaceSize: 1.00 GB
Initial GC threshold: 21.00 MB
Current GC threshold: 21.00 MB
CDS: on
 - commit_granule_bytes: 65536.
 - commit_granule_words: 8192.
 - virtual_space_node_default_size: 8388608.
 - enlarge_chunks_in_place: 1.
UseCompressedClassPointers 1, UseCompactObjectHeaders 0
Narrow klass pointer bits 32, Max shift 3
Narrow klass base: 0x0000000037000000, Narrow klass shift: 0
Encoding Range: [0x0000000037000000 - 0x0000000137000000), (4294967296 bytes)
Klass Range:    [0x0000000037001000 - 0x0000000078000000), (1090514944 bytes)
Klass ID Range:  [4096 - 1090519033) (1090514937)
Protection zone: [0x0000000037000000 - 0x0000000037001000), (4096 bytes)


Internal statistics:

num_allocs_failed_limit: 0.
num_arena_births: 46.
num_arena_deaths: 0.
num_vsnodes_births: 2.
num_vsnodes_deaths: 0.
num_space_committed: 30.
num_space_uncommitted: 0.
num_chunks_returned_to_freelist: 0.
num_chunks_taken_from_freelist: 69.
num_chunk_merges: 0.
num_chunk_splits: 41.
num_chunks_enlarged: 17.
num_inconsistent_stats: 0.

CodeHeap 'non-profiled nmethods': size=120040Kb used=118Kb max_used=118Kb free=119921Kb
 bounds [0x00007d7537cc6000, 0x00007d7537f36000, 0x00007d753f200000]
CodeHeap 'profiled nmethods': size=120032Kb used=670Kb max_used=670Kb free=119361Kb
 bounds [0x00007d7530200000, 0x00007d7530470000, 0x00007d7537738000]
CodeHeap 'non-nmethods': size=5688Kb used=1325Kb max_used=1341Kb free=4362Kb
 bounds [0x00007d7537738000, 0x00007d75379a8000, 0x00007d7537cc6000]
CodeCache: size=245760Kb, used=2113Kb, max_used=2129Kb, free=243644Kb
 total_blobs=916, nmethods=506, adapters=315, full_count=0
Compilation: enabled, stopped_count=0, restarted_count=0

Compilation events (20 events):
Event: 0.389 Thread 0x000056f147397250  819       4       java.lang.PublicMethods$MethodList::filter (104 bytes)
Event: 0.389 Thread 0x000056f147398cc0 nmethod 818 0x00007d75302a1d08 code [0x00007d75302a1e00, 0x00007d75302a2518]
Event: 0.389 Thread 0x000056f147398cc0  816       1       java.lang.reflect.Field::getModifiers (5 bytes)
Event: 0.389 Thread 0x000056f147398cc0 nmethod 816 0x00007d7537ce2488 code [0x00007d7537ce2580, 0x00007d7537ce2640]
Event: 0.389 Thread 0x000056f147398cc0  815       3       java.lang.reflect.Field::<init> (50 bytes)
Event: 0.390 Thread 0x000056f147398cc0 nmethod 815 0x00007d75302a2588 code [0x00007d75302a2680, 0x00007d75302a2a28]
Event: 0.390 Thread 0x000056f147398cc0  817       1       java.lang.reflect.Field::getName (5 bytes)
Event: 0.390 Thread 0x000056f147398cc0 nmethod 817 0x00007d7537ce2788 code [0x00007d7537ce2880, 0x00007d7537ce2940]
Event: 0.392 Thread 0x000056f147398cc0  820       3       java.util.TreeMap$Entry::<init> (25 bytes)
Event: 0.392 Thread 0x000056f147398cc0 nmethod 820 0x00007d75302a2a88 code [0x00007d75302a2b80, 0x00007d75302a2df8]
Event: 0.392 Thread 0x000056f147398cc0  821       3       java.util.TreeMap::fixAfterInsertion (267 bytes)
Event: 0.399 Thread 0x000056f147398cc0 nmethod 821 0x00007d75302a2e08 code [0x00007d75302a2f00, 0x00007d75302a5240]
Event: 0.399 Thread 0x000056f147398cc0  829       3       org.jpype.manager.MethodResolution::sortMethods (218 bytes)
Event: 0.400 Thread 0x000056f147398cc0 nmethod 829 0x00007d75302a5288 code [0x00007d75302a5380, 0x00007d75302a75e8]
Event: 0.400 Thread 0x000056f147398cc0  834       3       java.util.TreeMap::successor (66 bytes)
Event: 0.400 Thread 0x000056f147397250 nmethod 819 0x00007d7537ce2a88 code [0x00007d7537ce2b80, 0x00007d7537ce3500]
Event: 0.401 Thread 0x000056f147397250  822       4       java.util.LinkedList$ListItr::next (56 bytes)
Event: 0.401 Thread 0x000056f147398cc0 nmethod 834 0x00007d75302a7608 code [0x00007d75302a7700, 0x00007d75302a7a08]
Event: 0.401 Thread 0x000056f147398cc0  830       3       org.jpype.manager.TypeManager::createMethods (382 bytes)
Event: 0.402 Thread 0x000056f147397250 nmethod 822 0x00007d7537ce3508 code [0x00007d7537ce3600, 0x00007d7537ce3940]

GC Heap Usage History (2 events):
Event: 0.245 {heap Before GC invocations=0 (full 0):
 garbage-first heap   total reserved 1048576K, committed 131072K, used 6275K [0x00000000c0000000, 0x0000000100000000)
  region size 1024K, 6 young (6144K), 0 survivors (0K)
}
Event: 0.259 {heap After GC invocations=1 (full 1):
 garbage-first heap   total reserved 1048576K, committed 10240K, used 2113K [0x00000000c0000000, 0x0000000100000000)
  region size 1024K, 0 young (0K), 0 survivors (0K)
}

Metaspace Usage History (2 events):
Event: 0.245 {metaspace Before GC invocations=0 (full 0):
 Metaspace       used 1628K, committed 1792K, reserved 1114112K
  class space    used 120K, committed 192K, reserved 1048576K
}
Event: 0.259 {metaspace After GC invocations=1 (full 1):
 Metaspace       used 1628K, committed 1792K, reserved 1114112K
  class space    used 120K, committed 192K, reserved 1048576K
}

Dll operation events (6 events):
Event: 0.002 Loaded shared library /usr/local/sdkman/candidates/java/25.0.1-ms/lib/libjava.so
Event: 0.017 Loaded shared library /usr/local/sdkman/candidates/java/25.0.1-ms/lib/libsimdsort.so
Event: 0.027 Loaded shared library /usr/local/sdkman/candidates/java/25.0.1-ms/lib/libnio.so
Event: 0.031 Loaded shared library /usr/local/sdkman/candidates/java/25.0.1-ms/lib/libzip.so
Event: 0.082 Loaded shared library /usr/local/python/3.12.1/lib/python3.12/site-packages/_jpype.cpython-312-x86_64-linux-gnu.so
Event: 0.122 Loaded shared library /usr/local/sdkman/candidates/java/25.0.1-ms/lib/libjimage.so

Deoptimization events (8 events):
Event: 0.050 Thread 0x000056f146a67820 Uncommon trap: trap_request=0xffffff45 fr.pc=0x00007d7537cc9ef8 relative=0x0000000000000078
Event: 0.050 Thread 0x000056f146a67820 Uncommon trap: reason=unstable_if action=reinterpret pc=0x00007d7537cc9ef8 method=jdk.internal.misc.Unsafe.convEndian(ZS)S @ 4 c2
Event: 0.050 Thread 0x000056f146a67820 DEOPT PACKING pc=0x00007d7537cc9ef8 sp=0x00007ffe33b27f20
Event: 0.050 Thread 0x000056f146a67820 DEOPT UNPACKING pc=0x00007d7537858179 sp=0x00007ffe33b27e70 mode 2
Event: 0.077 Thread 0x000056f146a67820 Uncommon trap: trap_request=0xffffff45 fr.pc=0x00007d7537cc98f8 relative=0x0000000000000078
Event: 0.077 Thread 0x000056f146a67820 Uncommon trap: reason=unstable_if action=reinterpret pc=0x00007d7537cc98f8 method=jdk.internal.misc.Unsafe.convEndian(ZI)I @ 4 c2
Event: 0.077 Thread 0x000056f146a67820 DEOPT PACKING pc=0x00007d7537cc98f8 sp=0x00007ffe33b27880
Event: 0.077 Thread 0x000056f146a67820 DEOPT UNPACKING pc=0x00007d7537858179 sp=0x00007ffe33b277d0 mode 2

Classes loaded (20 events):
Event: 0.375 Loading class java/lang/System$Logger$Level
Event: 0.375 Loading class java/lang/System$Logger$Level done
Event: 0.375 Loading class jdk/internal/logger/SurrogateLogger
Event: 0.375 Loading class jdk/internal/logger/SimpleConsoleLogger
Event: 0.375 Loading class sun/util/logging/PlatformLogger$ConfigurableBridge$LoggerConfiguration
Event: 0.375 Loading class sun/util/logging/PlatformLogger$ConfigurableBridge$LoggerConfiguration done
Event: 0.375 Loading class jdk/internal/logger/SimpleConsoleLogger done
Event: 0.376 Loading class jdk/internal/logger/SurrogateLogger done
Event: 0.378 Loading class sun/util/logging/PlatformLogger
Event: 0.378 Loading class sun/util/logging/PlatformLogger done
Event: 0.378 Loading class sun/util/logging/PlatformLogger$Level
Event: 0.378 Loading class sun/util/logging/PlatformLogger$Level done
Event: 0.382 Loading class jdk/internal/event/ThreadSleepEvent
Event: 0.382 Loading class jdk/internal/event/Event
Event: 0.382 Loading class jdk/internal/event/Event done
Event: 0.382 Loading class jdk/internal/event/ThreadSleepEvent done
Event: 0.402 Loading class java/util/WeakHashMap$KeyIterator
Event: 0.402 Loading class java/util/WeakHashMap$HashIterator
Event: 0.402 Loading class java/util/WeakHashMap$HashIterator done
Event: 0.402 Loading class java/util/WeakHashMap$KeyIterator done

Classes unloaded (0 events):
No events

Classes redefined (0 events):
No events

Internal exceptions (14 events):
Event: 0.065 Thread 0x000056f146a67820 Exception <a 'java/lang/NoSuchMethodError'{0x00000000c7c83670}: 'void java.lang.invoke.DirectMethodHandle$Holder.invokeSpecial(java.lang.Object, java.lang.Object, java.lang.Object)'> (0x00000000c7c83670) 
thrown [src/hotspot/share/interpreter/linkResolver.cpp, line 803]
Event: 0.086 Thread 0x000056f146a67820 Exception <a 'java/lang/NoSuchMethodError'{0x00000000c7b06850}: 'int java.lang.invoke.DirectMethodHandle$Holder.invokeStaticInit(java.lang.Object, java.lang.Object)'> (0x00000000c7b06850) 
thrown [src/hotspot/share/interpreter/linkResolver.cpp, line 803]
Event: 0.087 Thread 0x000056f146a67820 Exception <a 'java/lang/NoSuchMethodError'{0x00000000c7b163f0}: 'java.lang.Object java.lang.invoke.DirectMethodHandle$Holder.invokeStaticInit(java.lang.Object, int)'> (0x00000000c7b163f0) 
thrown [src/hotspot/share/interpreter/linkResolver.cpp, line 803]
Event: 0.091 Thread 0x000056f146a67820 Exception <a 'java/lang/NoSuchMethodError'{0x00000000c7b3cb30}: 'java.lang.Object java.lang.invoke.DirectMethodHandle$Holder.newInvokeSpecial(java.lang.Object, java.lang.Object, java.lang.Object, java.lang.Object, java.lang.Object)'> (0x00000000c7b3cb30) 
thrown [src/hotspot/share/interpreter/linkResolver.cpp, line 803]
Event: 0.092 Thread 0x000056f146a67820 Exception <a 'java/lang/NoSuchMethodError'{0x00000000c7b4c900}: 'void java.lang.invoke.DirectMethodHandle$Holder.invokeStatic(java.lang.Object, java.lang.Object, java.lang.Object, java.lang.Object)'> (0x00000000c7b4c900) 
thrown [src/hotspot/share/interpreter/linkResolver.cpp, line 803]
Event: 0.095 Thread 0x000056f146a67820 Exception <a 'java/lang/NoSuchMethodError'{0x00000000c7b65f10}: 'void java.lang.invoke.DirectMethodHandle$Holder.invokeStatic(java.lang.Object, java.lang.Object, java.lang.Object)'> (0x00000000c7b65f10) 
thrown [src/hotspot/share/interpreter/linkResolver.cpp, line 803]
Event: 0.100 Thread 0x000056f146a67820 Exception <a 'java/lang/NoSuchMethodError'{0x00000000c7b8fbb0}: 'java.lang.Object java.lang.invoke.DirectMethodHandle$Holder.invokeInterface(java.lang.Object, java.lang.Object)'> (0x00000000c7b8fbb0) 
thrown [src/hotspot/share/interpreter/linkResolver.cpp, line 803]
Event: 0.100 Thread 0x000056f146a67820 Exception <a 'java/lang/IncompatibleClassChangeError'{0x00000000c7b98030}: Found class java.lang.Object, but interface was expected> (0x00000000c7b98030) 
thrown [src/hotspot/share/interpreter/linkResolver.cpp, line 871]
Event: 0.101 Thread 0x000056f146a67820 Exception <a 'java/lang/NoSuchMethodError'{0x00000000c7ba0228}: 'void java.lang.invoke.DirectMethodHandle$Holder.invokeStatic(java.lang.Object, java.lang.Object)'> (0x00000000c7ba0228) 
thrown [src/hotspot/share/interpreter/linkResolver.cpp, line 803]
Event: 0.103 Thread 0x000056f146a67820 Exception <a 'java/lang/NoSuchMethodError'{0x00000000c7bb3c78}: 'java.lang.Object java.lang.invoke.Invokers$Holder.invokeExact_MT(java.lang.Object, java.lang.Object, java.lang.Object, java.lang.Object, java.lang.Object)'> (0x00000000c7bb3c78) 
thrown [src/hotspot/share/interpreter/linkResolver.cpp, line 803]
Event: 0.106 Thread 0x000056f146a67820 Exception <a 'java/lang/NoSuchMethodError'{0x00000000c7bcfc98}: 'int java.lang.invoke.Invokers$Holder.invokeExact_MT(java.lang.Object, java.lang.Object, java.lang.Object)'> (0x00000000c7bcfc98) 
thrown [src/hotspot/share/interpreter/linkResolver.cpp, line 803]
Event: 0.127 Thread 0x000056f146a67820 Exception <a 'java/lang/NoSuchMethodError'{0x00000000c7a46070}: 'java.lang.Object java.lang.invoke.DirectMethodHandle$Holder.invokeStaticInit(java.lang.Object)'> (0x00000000c7a46070) 
thrown [src/hotspot/share/interpreter/linkResolver.cpp, line 803]
Event: 0.155 Thread 0x000056f146a67820 Exception <a 'java/lang/IncompatibleClassChangeError'{0x00000000c7acc420}: Found class java.lang.Object, but interface was expected> (0x00000000c7acc420) 
thrown [src/hotspot/share/interpreter/linkResolver.cpp, line 871]
Event: 0.397 Thread 0x000056f147520720 Exception <a 'java/lang/InterruptedException'{0x00000000c0847bf8}> (0x00000000c0847bf8) 
thrown [src/hotspot/share/runtime/objectMonitor.cpp, line 1972]

VM Operations (4 events):
Event: 0.245 Executing safepoint VM operation: G1CollectFull (System.gc())
Event: 0.259 Executing safepoint VM operation: G1CollectFull (System.gc()) done
Event: 0.393 Executing safepoint VM operation: ThreadDump
Event: 0.396 Executing safepoint VM operation: ThreadDump done

Memory protections (15 events):
Event: 0.002 Protecting memory [0x00007ffe33a2d000,0x00007ffe33a31000] with protection modes 0
Event: 0.009 Protecting memory [0x0000000037000000,0x0000000037001000] with protection modes 0
Event: 0.016 Protecting memory [0x00007d752c3fd000,0x00007d752c401000] with protection modes 0
Event: 0.016 Protecting memory [0x00007d752c2fc000,0x00007d752c300000] with protection modes 0
Event: 0.016 Protecting memory [0x00007d752c1fb000,0x00007d752c1ff000] with protection modes 0
Event: 0.016 Protecting memory [0x00007d752c0fa000,0x00007d752c0fe000] with protection modes 0
Event: 0.016 Protecting memory [0x00007d74fbf00000,0x00007d74fbf04000] with protection modes 0
Event: 0.017 Protecting memory [0x00007d74fbdff000,0x00007d74fbe03000] with protection modes 0
Event: 0.017 Protecting memory [0x00007d74fbcfe000,0x00007d74fbd02000] with protection modes 0
Event: 0.025 Protecting memory [0x00007d74fbbfd000,0x00007d74fbc01000] with protection modes 0
Event: 0.026 Protecting memory [0x00007d74fbafc000,0x00007d74fbb00000] with protection modes 0
Event: 0.105 Protecting memory [0x00007d754f269000,0x00007d754f26a000] with protection modes 1
Event: 0.118 Protecting memory [0x00007d74fb9fb000,0x00007d74fb9ff000] with protection modes 0
Event: 0.368 Protecting memory [0x00007d74fb7f9000,0x00007d74fb7fd000] with protection modes 0
Event: 0.381 Protecting memory [0x00007d74fb6f8000,0x00007d74fb6fc000] with protection modes 0

Nmethod flushes (0 events):
No events

Events (17 events):
Event: 0.010 Thread 0x000056f146a67820 Thread added: 0x000056f146a67820
Event: 0.016 Thread 0x000056f146a67820 Thread added: 0x000056f14738ee60
Event: 0.016 Thread 0x000056f146a67820 Thread added: 0x000056f147390710
Event: 0.016 Thread 0x000056f146a67820 Thread added: 0x000056f1473921e0
Event: 0.016 Thread 0x000056f146a67820 Thread added: 0x000056f147393b80
Event: 0.016 Thread 0x000056f146a67820 Thread added: 0x000056f147395480
Event: 0.017 Thread 0x000056f146a67820 Thread added: 0x000056f147397250
Event: 0.017 Thread 0x000056f146a67820 Thread added: 0x000056f147398cc0
Event: 0.025 Thread 0x000056f146a67820 Thread added: 0x000056f1473b4ef0
Event: 0.026 Thread 0x000056f146a67820 Thread added: 0x000056f1473b7030
Event: 0.118 Thread 0x000056f146a67820 Thread added: 0x000056f147520720
Event: 0.368 Thread 0x000056f1473921e0 Thread added: 0x00007d74fc001030
Event: 0.380 Thread 0x00007d74fc001030 Thread added: 0x00007d74ec244ca0
Event: 0.397 Thread 0x000056f147520720 Thread exited: 0x000056f147520720
Event: 0.402 Thread 0x00007d74ec244ca0 Thread exited: 0x00007d74ec244ca0
Event: 0.402 Thread 0x00007d74fc001030 Before exit entered
Event: 0.402 Thread 0x000056f1473921e0 Thread exited: 0x000056f1473921e0


Dynamic libraries:
37000000-37001000 ---p 00000000 00:00 0 
37001000-374ab000 rw-p 00001000 00:2d 681584                             /usr/local/sdkman/candidates/java/25.0.1-ms/lib/server/classes.jsa
374ab000-37d8c000 rw-p 004ab000 00:2d 681584                             /usr/local/sdkman/candidates/java/25.0.1-ms/lib/server/classes.jsa
37d8c000-38000000 ---p 00000000 00:00 0 
38000000-38020000 rw-p 00000000 00:00 0 
38020000-38040000 ---p 00000000 00:00 0 
38040000-38050000 rw-p 00000000 00:00 0 
38050000-78000000 ---p 00000000 00:00 0 
c0000000-c0900000 rw-p 00000000 00:00 0 
c0900000-ffe00000 ---p 00000000 00:00 0 
ffe00000-fff00000 rw-p 00dbf000 00:2d 681584                             /usr/local/sdkman/candidates/java/25.0.1-ms/lib/server/classes.jsa
fff00000-100000000 ---p 00000000 00:00 0 
56f138526000-56f138624000 r--p 00000000 00:2d 828064                     /usr/local/python/3.12.1/bin/python3.12
56f138624000-56f1388c1000 r-xp 000fe000 00:2d 828064                     /usr/local/python/3.12.1/bin/python3.12
56f1388c1000-56f138a13000 r--p 0039b000 00:2d 828064                     /usr/local/python/3.12.1/bin/python3.12
56f138a13000-56f138a8a000 r--p 004ed000 00:2d 828064                     /usr/local/python/3.12.1/bin/python3.12
56f138a8a000-56f138bf7000 rw-p 00564000 00:2d 828064                     /usr/local/python/3.12.1/bin/python3.12
56f138bf7000-56f138bf9000 rw-p 00000000 00:00 0 
56f1451ea000-56f147631000 rw-p 00000000 00:00 0                          [heap]
7d74e4000000-7d74e4021000 rw-p 00000000 00:00 0 
7d74e4021000-7d74e8000000 ---p 00000000 00:00 0 
7d74ec000000-7d74ec350000 rw-p 00000000 00:00 0 
7d74ec350000-7d74f0000000 ---p 00000000 00:00 0 
7d74f0000000-7d74f04bb000 rw-p 00000000 00:00 0 
7d74f04bb000-7d74f4000000 ---p 00000000 00:00 0 
7d74f4000000-7d74f4021000 rw-p 00000000 00:00 0 
7d74f4021000-7d74f8000000 ---p 00000000 00:00 0 
7d74fb6f7000-7d74fb6f8000 ---p 00000000 00:00 0 
7d74fb6f8000-7d74fb6fc000 ---p 00000000 00:00 0 
7d74fb6fc000-7d74fb7f8000 rw-p 00000000 00:00 0 
7d74fb7f8000-7d74fb7f9000 ---p 00000000 00:00 0 
7d74fb7f9000-7d74fb7fd000 ---p 00000000 00:00 0 
7d74fb7fd000-7d74fb8f9000 rw-p 00000000 00:00 0 
7d74fb8f9000-7d74fb8fa000 ---p 00000000 00:00 0 
7d74fb8fa000-7d74fb9fa000 rw-p 00000000 00:00 0 
7d74fb9fa000-7d74fb9fb000 ---p 00000000 00:00 0 
7d74fb9fb000-7d74fb9ff000 ---p 00000000 00:00 0 
7d74fb9ff000-7d74fbafb000 rw-p 00000000 00:00 0 
7d74fbafb000-7d74fbafc000 ---p 00000000 00:00 0 
7d74fbafc000-7d74fbb00000 ---p 00000000 00:00 0 
7d74fbb00000-7d74fbbfc000 rw-p 00000000 00:00 0 
7d74fbbfc000-7d74fbbfd000 ---p 00000000 00:00 0 
7d74fbbfd000-7d74fbc01000 ---p 00000000 00:00 0 
7d74fbc01000-7d74fbcfd000 rw-p 00000000 00:00 0 
7d74fbcfd000-7d74fbcfe000 ---p 00000000 00:00 0 
7d74fbcfe000-7d74fbd02000 ---p 00000000 00:00 0 
7d74fbd02000-7d74fbdfe000 rw-p 00000000 00:00 0 
7d74fbdfe000-7d74fbdff000 ---p 00000000 00:00 0 
7d74fbdff000-7d74fbe03000 ---p 00000000 00:00 0 
7d74fbe03000-7d74fbeff000 rw-p 00000000 00:00 0 
7d74fbeff000-7d74fbf00000 ---p 00000000 00:00 0 
7d74fbf00000-7d74fbf04000 ---p 00000000 00:00 0 
7d74fbf04000-7d74fc000000 rw-p 00000000 00:00 0 
7d74fc000000-7d74fc021000 rw-p 00000000 00:00 0 
7d74fc021000-7d7500000000 ---p 00000000 00:00 0 
7d7500000000-7d7500021000 rw-p 00000000 00:00 0 
7d7500021000-7d7504000000 ---p 00000000 00:00 0 
7d7504000000-7d7504021000 rw-p 00000000 00:00 0 
7d7504021000-7d7508000000 ---p 00000000 00:00 0 
7d7508000000-7d7508021000 rw-p 00000000 00:00 0 
7d7508021000-7d750c000000 ---p 00000000 00:00 0 
7d750c000000-7d750c180000 rw-p 00000000 00:00 0 
7d750c180000-7d750c400000 ---p 00000000 00:00 0 
7d750c400000-7d750c430000 rw-p 00000000 00:00 0 
7d750c430000-7d7510000000 ---p 00000000 00:00 0 
7d7510000000-7d7510021000 rw-p 00000000 00:00 0 
7d7510021000-7d7514000000 ---p 00000000 00:00 0 
7d7514000000-7d7514618000 rw-p 00000000 00:00 0 
7d7514618000-7d7518000000 ---p 00000000 00:00 0 
7d7518000000-7d7518021000 rw-p 00000000 00:00 0 
7d7518021000-7d751c000000 ---p 00000000 00:00 0 
7d751c000000-7d751c021000 rw-p 00000000 00:00 0 
7d751c021000-7d7520000000 ---p 00000000 00:00 0 
7d7520000000-7d7520021000 rw-p 00000000 00:00 0 
7d7520021000-7d7524000000 ---p 00000000 00:00 0 
7d7524000000-7d7524021000 rw-p 00000000 00:00 0 
7d7524021000-7d7528000000 ---p 00000000 00:00 0 
7d7528000000-7d7528021000 rw-p 00000000 00:00 0 
7d7528021000-7d752c000000 ---p 00000000 00:00 0 
7d752c0f9000-7d752c0fa000 ---p 00000000 00:00 0 
7d752c0fa000-7d752c0fe000 ---p 00000000 00:00 0 
7d752c0fe000-7d752c1fa000 rw-p 00000000 00:00 0 
7d752c1fa000-7d752c1fb000 ---p 00000000 00:00 0 
7d752c1fb000-7d752c1ff000 ---p 00000000 00:00 0 
7d752c1ff000-7d752c2fb000 rw-p 00000000 00:00 0 
7d752c2fb000-7d752c2fc000 ---p 00000000 00:00 0 
7d752c2fc000-7d752c300000 ---p 00000000 00:00 0 
7d752c300000-7d752c3fc000 rw-p 00000000 00:00 0 
7d752c3fc000-7d752c3fd000 ---p 00000000 00:00 0 
7d752c3fd000-7d752c401000 ---p 00000000 00:00 0 
7d752c401000-7d752c4fd000 rw-p 00000000 00:00 0 
7d752c4fd000-7d752c4fe000 ---p 00000000 00:00 0 
7d752c4fe000-7d752c5fe000 rw-p 00000000 00:00 0 
7d752c5fe000-7d752c5ff000 ---p 00000000 00:00 0 
7d752c5ff000-7d752c6ff000 rw-p 00000000 00:00 0 
7d752c6ff000-7d752c700000 ---p 00000000 00:00 0 
7d752c700000-7d752c800000 rw-p 00000000 00:00 0 
7d752c800000-7d752e800000 rw-p 00000000 00:00 0 
7d752e8bd000-7d752e8fa000 r-xp 00000000 00:2d 681571                     /usr/local/sdkman/candidates/java/25.0.1-ms/lib/libsimdsort.so
7d752e8fa000-7d752e8fb000 ---p 0003d000 00:2d 681571                     /usr/local/sdkman/candidates/java/25.0.1-ms/lib/libsimdsort.so
7d752e8fb000-7d752e8fc000 r--p 0003d000 00:2d 681571                     /usr/local/sdkman/candidates/java/25.0.1-ms/lib/libsimdsort.so
7d752e8fc000-7d752e8fd000 rw-p 0003e000 00:2d 681571                     /usr/local/sdkman/candidates/java/25.0.1-ms/lib/libsimdsort.so
7d752e8fd000-7d752e8fe000 ---p 00000000 00:00 0 
7d752e8fe000-7d752e9fe000 rw-p 00000000 00:00 0 
7d752e9fe000-7d752e9ff000 ---p 00000000 00:00 0 
7d752e9ff000-7d752eaff000 rw-p 00000000 00:00 0 
7d752eaff000-7d752eb00000 ---p 00000000 00:00 0 
7d752eb00000-7d752ec00000 rw-p 00000000 00:00 0 
7d752ec00000-7d752ec24000 rw-p 00000000 00:00 0 
7d752ec24000-7d752fbf8000 ---p 00000000 00:00 0 
7d752fbf8000-7d752fbfc000 rw-p 00000000 00:00 0 
7d752fbfc000-7d752fc00000 ---p 00000000 00:00 0 
7d752fc00000-7d752fc05000 rw-p 00000000 00:00 0 
7d752fc05000-7d752fdff000 ---p 00000000 00:00 0 
7d752fdff000-7d752fe05000 rw-p 00000000 00:00 0 
7d752fe05000-7d752ffff000 ---p 00000000 00:00 0 
7d752ffff000-7d7530000000 rw-p 00000000 00:00 0 
7d7530014000-7d7530015000 ---p 00000000 00:00 0 
7d7530015000-7d7530115000 rw-p 00000000 00:00 0 
7d7530115000-7d753011a000 rw-p 00000000 00:00 0 
7d753011a000-7d7530200000 ---p 00000000 00:00 0 
7d7530200000-7d7530470000 rwxp 00000000 00:00 0 
7d7530470000-7d7537738000 ---p 00000000 00:00 0 
7d7537738000-7d75379a8000 rwxp 00000000 00:00 0 
7d75379a8000-7d7537cc6000 ---p 00000000 00:00 0 
7d7537cc6000-7d7537f36000 rwxp 00000000 00:00 0 
7d7537f36000-7d753f200000 ---p 00000000 00:00 0 
7d753f210000-7d753f215000 rw-p 00000000 00:00 0 
7d753f215000-7d753f2fb000 ---p 00000000 00:00 0 
7d753f2fb000-7d7547dee000 r--s 00000000 00:2d 681576                     /usr/local/sdkman/candidates/java/25.0.1-ms/lib/modules
7d7547dee000-7d7549391000 r-xp 00000000 00:2d 681589                     /usr/local/sdkman/candidates/java/25.0.1-ms/lib/server/libjvm.so
7d7549391000-7d7549392000 ---p 015a3000 00:2d 681589                     /usr/local/sdkman/candidates/java/25.0.1-ms/lib/server/libjvm.so
7d7549392000-7d754947b000 r--p 015a3000 00:2d 681589                     /usr/local/sdkman/candidates/java/25.0.1-ms/lib/server/libjvm.so
7d754947b000-7d75494a6000 rw-p 0168c000 00:2d 681589                     /usr/local/sdkman/candidates/java/25.0.1-ms/lib/server/libjvm.so
7d75494a6000-7d7549522000 rw-p 00000000 00:00 0 
7d7549522000-7d75496f5000 r--p 00000000 00:2d 1078548                    /usr/local/python/3.12.1/lib/python3.12/site-packages/pymupdf/_mupdf.so
7d75496f5000-7d7549ba0000 r-xp 001d3000 00:2d 1078548                    /usr/local/python/3.12.1/lib/python3.12/site-packages/pymupdf/_mupdf.so
7d7549ba0000-7d754a07a000 r--p 0067e000 00:2d 1078548                    /usr/local/python/3.12.1/lib/python3.12/site-packages/pymupdf/_mupdf.so
7d754a07a000-7d754a07e000 r--p 00b57000 00:2d 1078548                    /usr/local/python/3.12.1/lib/python3.12/site-packages/pymupdf/_mupdf.so
7d754a07e000-7d754a112000 rw-p 00b5b000 00:2d 1078548                    /usr/local/python/3.12.1/lib/python3.12/site-packages/pymupdf/_mupdf.so
7d754a112000-7d754a714000 rw-p 00000000 00:00 0 
7d754a735000-7d754a741000 r-xp 00000000 00:2d 681565                     /usr/local/sdkman/candidates/java/25.0.1-ms/lib/libnet.so
7d754a741000-7d754a742000 r--p 0000b000 00:2d 681565                     /usr/local/sdkman/candidates/java/25.0.1-ms/lib/libnet.so
7d754a742000-7d754a743000 rw-p 0000c000 00:2d 681565                     /usr/local/sdkman/candidates/java/25.0.1-ms/lib/libnet.so
7d754a743000-7d754aa66000 rw-p 00000000 00:00 0 
7d754aa66000-7d754ab5e000 r--p 00000000 00:2d 1078549                    /usr/local/python/3.12.1/lib/python3.12/site-packages/pymupdf/libmupdfcpp.so.27.2
7d754ab5e000-7d754ac09000 r-xp 000f8000 00:2d 1078549                    /usr/local/python/3.12.1/lib/python3.12/site-packages/pymupdf/libmupdfcpp.so.27.2
7d754ac09000-7d754ac5f000 r--p 001a3000 00:2d 1078549                    /usr/local/python/3.12.1/lib/python3.12/site-packages/pymupdf/libmupdfcpp.so.27.2
7d754ac5f000-7d754ac61000 r--p 001f8000 00:2d 1078549                    /usr/local/python/3.12.1/lib/python3.12/site-packages/pymupdf/libmupdfcpp.so.27.2
7d754ac61000-7d754ac6e000 rw-p 001fa000 00:2d 1078549                    /usr/local/python/3.12.1/lib/python3.12/site-packages/pymupdf/libmupdfcpp.so.27.2
7d754ac6e000-7d754adb1000 r--p 00000000 00:2d 1078550                    /usr/local/python/3.12.1/lib/python3.12/site-packages/pymupdf/libmupdf.so.27.2
7d754adb1000-7d754b74d000 r-xp 00143000 00:2d 1078550                    /usr/local/python/3.12.1/lib/python3.12/site-packages/pymupdf/libmupdf.so.27.2
7d754b74d000-7d754bc14000 r--p 00adf000 00:2d 1078550                    /usr/local/python/3.12.1/lib/python3.12/site-packages/pymupdf/libmupdf.so.27.2
7d754bc14000-7d754bc33000 r--p 00fa6000 00:2d 1078550                    /usr/local/python/3.12.1/lib/python3.12/site-packages/pymupdf/libmupdf.so.27.2
7d754bc33000-7d754cdd5000 rw-p 00fc5000 00:2d 1078550                    /usr/local/python/3.12.1/lib/python3.12/site-packages/pymupdf/libmupdf.so.27.2
7d754cdd5000-7d754cfe2000 rw-p 00000000 00:00 0 
7d754cfe9000-7d754d2bf000 rw-p 00000000 00:00 0 
7d754d2bf000-7d754d30d000 r--p 00000000 00:2d 1065088                    /usr/local/python/3.12.1/lib/python3.12/site-packages/lxml/etree.cpython-312-x86_64-linux-gnu.so
7d754d30d000-7d754d632000 r-xp 0004e000 00:2d 1065088                    /usr/local/python/3.12.1/lib/python3.12/site-packages/lxml/etree.cpython-312-x86_64-linux-gnu.so
7d754d632000-7d754d7b9000 r--p 00373000 00:2d 1065088                    /usr/local/python/3.12.1/lib/python3.12/site-packages/lxml/etree.cpython-312-x86_64-linux-gnu.so
7d754d7b9000-7d754d7c8000 r--p 004fa000 00:2d 1065088                    /usr/local/python/3.12.1/lib/python3.12/site-packages/lxml/etree.cpython-312-x86_64-linux-gnu.so
7d754d7c8000-7d754d7e4000 rw-p 00509000 00:2d 1065088                    /usr/local/python/3.12.1/lib/python3.12/site-packages/lxml/etree.cpython-312-x86_64-linux-gnu.so
7d754d7e4000-7d754d9ed000 rw-p 00000000 00:00 0 
7d754d9ed000-7d754d9f0000 r--p 00000000 00:2d 830487                     /usr/local/python/3.12.1/lib/python3.12/lib-dynload/_multibytecodec.cpython-312-x86_64-linux-gnu.so
7d754d9f0000-7d754d9f6000 r-xp 00003000 00:2d 830487                     /usr/local/python/3.12.1/lib/python3.12/lib-dynload/_multibytecodec.cpython-312-x86_64-linux-gnu.so
7d754d9f6000-7d754d9f8000 r--p 00009000 00:2d 830487                     /usr/local/python/3.12.1/lib/python3.12/lib-dynload/_multibytecodec.cpython-312-x86_64-linux-gnu.so
7d754d9f8000-7d754d9f9000 r--p 0000a000 00:2d 830487                     /usr/local/python/3.12.1/lib/python3.12/lib-dynload/_multibytecodec.cpython-312-x86_64-linux-gnu.so
7d754d9f9000-7d754d9fa000 rw-p 0000b000 00:2d 830487                     /usr/local/python/3.12.1/lib/python3.12/lib-dynload/_multibytecodec.cpython-312-x86_64-linux-gnu.so
7d754d9fa000-7d754da08000 r--p 00000000 00:2d 795733                     /home/codespace/.local/lib/python3.12/site-packages/charset_normalizer/md__mypyc.cpython-312-x86_64-linux-gnu.so
7d754da08000-7d754da28000 r-xp 0000e000 00:2d 795733                     /home/codespace/.local/lib/python3.12/site-packages/charset_normalizer/md__mypyc.cpython-312-x86_64-linux-gnu.so
7d754da28000-7d754da32000 r--p 0002e000 00:2d 795733                     /home/codespace/.local/lib/python3.12/site-packages/charset_normalizer/md__mypyc.cpython-312-x86_64-linux-gnu.so
7d754da32000-7d754da33000 r--p 00037000 00:2d 795733                     /home/codespace/.local/lib/python3.12/site-packages/charset_normalizer/md__mypyc.cpython-312-x86_64-linux-gnu.so
7d754da33000-7d754da37000 rw-p 00038000 00:2d 795733                     /home/codespace/.local/lib/python3.12/site-packages/charset_normalizer/md__mypyc.cpython-312-x86_64-linux-gnu.so
7d754da37000-7d754db38000 rw-p 00000000 00:00 0 
7d754db38000-7d754db3e000 r--p 00000000 00:2d 830525                     /usr/local/python/3.12.1/lib/python3.12/lib-dynload/pyexpat.cpython-312-x86_64-linux-gnu.so
7d754db3e000-7d754db63000 r-xp 00006000 00:2d 830525                     /usr/local/python/3.12.1/lib/python3.12/lib-dynload/pyexpat.cpython-312-x86_64-linux-gnu.so
7d754db63000-7d754db6e000 r--p 0002b000 00:2d 830525                     /usr/local/python/3.12.1/lib/python3.12/lib-dynload/pyexpat.cpython-312-x86_64-linux-gnu.so
7d754db6e000-7d754db71000 r--p 00035000 00:2d 830525                     /usr/local/python/3.12.1/lib/python3.12/lib-dynload/pyexpat.cpython-312-x86_64-linux-gnu.so
7d754db71000-7d754db73000 rw-p 00038000 00:2d 830525                     /usr/local/python/3.12.1/lib/python3.12/lib-dynload/pyexpat.cpython-312-x86_64-linux-gnu.so
7d754db73000-7d754db77000 r--p 00000000 00:2d 830479                     /usr/local/python/3.12.1/lib/python3.12/lib-dynload/_elementtree.cpython-312-x86_64-linux-gnu.so
7d754db77000-7d754db83000 r-xp 00004000 00:2d 830479                     /usr/local/python/3.12.1/lib/python3.12/lib-dynload/_elementtree.cpython-312-x86_64-linux-gnu.so
7d754db83000-7d754db86000 r--p 00010000 00:2d 830479                     /usr/local/python/3.12.1/lib/python3.12/lib-dynload/_elementtree.cpython-312-x86_64-linux-gnu.so
7d754db86000-7d754db87000 r--p 00012000 00:2d 830479                     /usr/local/python/3.12.1/lib/python3.12/lib-dynload/_elementtree.cpython-312-x86_64-linux-gnu.so
7d754db87000-7d754db89000 rw-p 00013000 00:2d 830479                     /usr/local/python/3.12.1/lib/python3.12/lib-dynload/_elementtree.cpython-312-x86_64-linux-gnu.so
7d754db89000-7d754df89000 rw-p 00000000 00:00 0 
7d754df89000-7d754df8b000 r--p 00000000 00:2d 394126                     /usr/lib/x86_64-linux-gnu/libffi.so.8.1.4
7d754df8b000-7d754df92000 r-xp 00002000 00:2d 394126                     /usr/lib/x86_64-linux-gnu/libffi.so.8.1.4
7d754df92000-7d754df93000 r--p 00009000 00:2d 394126                     /usr/lib/x86_64-linux-gnu/libffi.so.8.1.4
7d754df93000-7d754df94000 r--p 0000a000 00:2d 394126                     /usr/lib/x86_64-linux-gnu/libffi.so.8.1.4
7d754df94000-7d754df95000 rw-p 0000b000 00:2d 394126                     /usr/lib/x86_64-linux-gnu/libffi.so.8.1.4
7d754df95000-7d754df9b000 r--p 00000000 00:2d 830473                     /usr/local/python/3.12.1/lib/python3.12/lib-dynload/_ctypes.cpython-312-x86_64-linux-gnu.so
7d754df9b000-7d754dfad000 r-xp 00006000 00:2d 830473                     /usr/local/python/3.12.1/lib/python3.12/lib-dynload/_ctypes.cpython-312-x86_64-linux-gnu.so
7d754dfad000-7d754dfb3000 r--p 00018000 00:2d 830473                     /usr/local/python/3.12.1/lib/python3.12/lib-dynload/_ctypes.cpython-312-x86_64-linux-gnu.so
7d754dfb3000-7d754dfb4000 r--p 0001d000 00:2d 830473                     /usr/local/python/3.12.1/lib/python3.12/lib-dynload/_ctypes.cpython-312-x86_64-linux-gnu.so
7d754dfb4000-7d754dfb8000 rw-p 0001e000 00:2d 830473                     /usr/local/python/3.12.1/lib/python3.12/lib-dynload/_ctypes.cpython-312-x86_64-linux-gnu.so
7d754dfb8000-7d754e0b8000 rw-p 00000000 00:00 0 
7d754e0b8000-7d754e0f3000 r--p 00000000 00:2d 1065257                    /usr/local/python/3.12.1/lib/python3.12/site-packages/_jpype.cpython-312-x86_64-linux-gnu.so
7d754e0f3000-7d754e147000 r-xp 0003b000 00:2d 1065257                    /usr/local/python/3.12.1/lib/python3.12/site-packages/_jpype.cpython-312-x86_64-linux-gnu.so
7d754e147000-7d754e16f000 r--p 0008f000 00:2d 1065257                    /usr/local/python/3.12.1/lib/python3.12/site-packages/_jpype.cpython-312-x86_64-linux-gnu.so
7d754e16f000-7d754e170000 ---p 000b7000 00:2d 1065257                    /usr/local/python/3.12.1/lib/python3.12/site-packages/_jpype.cpython-312-x86_64-linux-gnu.so
7d754e170000-7d754e174000 r--p 000b7000 00:2d 1065257                    /usr/local/python/3.12.1/lib/python3.12/site-packages/_jpype.cpython-312-x86_64-linux-gnu.so
7d754e174000-7d754e178000 rw-p 000bb000 00:2d 1065257                    /usr/local/python/3.12.1/lib/python3.12/site-packages/_jpype.cpython-312-x86_64-linux-gnu.so
7d754e178000-7d754e278000 rw-p 00000000 00:00 0 
7d754e278000-7d754e27d000 r--p 00000000 00:2d 1062218                    /usr/local/python/3.12.1/lib/python3.12/site-packages/frozenlist/_frozenlist.cpython-312-x86_64-linux-gnu.so
7d754e27d000-7d754e28a000 r-xp 00005000 00:2d 1062218                    /usr/local/python/3.12.1/lib/python3.12/site-packages/frozenlist/_frozenlist.cpython-312-x86_64-linux-gnu.so
7d754e28a000-7d754e28e000 r--p 00012000 00:2d 1062218                    /usr/local/python/3.12.1/lib/python3.12/site-packages/frozenlist/_frozenlist.cpython-312-x86_64-linux-gnu.so
7d754e28e000-7d754e28f000 r--p 00015000 00:2d 1062218                    /usr/local/python/3.12.1/lib/python3.12/site-packages/frozenlist/_frozenlist.cpython-312-x86_64-linux-gnu.so
7d754e28f000-7d754e291000 rw-p 00016000 00:2d 1062218                    /usr/local/python/3.12.1/lib/python3.12/site-packages/frozenlist/_frozenlist.cpython-312-x86_64-linux-gnu.so
7d754e291000-7d754e391000 rw-p 00000000 00:00 0 
7d754e391000-7d754e397000 r--p 00000000 00:2d 1062364                    /usr/local/python/3.12.1/lib/python3.12/site-packages/aiohttp/_websocket/reader_c.cpython-312-x86_64-linux-gnu.so
7d754e397000-7d754e3ba000 r-xp 00006000 00:2d 1062364                    /usr/local/python/3.12.1/lib/python3.12/site-packages/aiohttp/_websocket/reader_c.cpython-312-x86_64-linux-gnu.so
7d754e3ba000-7d754e3c1000 r--p 00029000 00:2d 1062364                    /usr/local/python/3.12.1/lib/python3.12/site-packages/aiohttp/_websocket/reader_c.cpython-312-x86_64-linux-gnu.so
7d754e3c1000-7d754e3c3000 r--p 0002f000 00:2d 1062364                    /usr/local/python/3.12.1/lib/python3.12/site-packages/aiohttp/_websocket/reader_c.cpython-312-x86_64-linux-gnu.so
7d754e3c3000-7d754e3c5000 rw-p 00031000 00:2d 1062364                    /usr/local/python/3.12.1/lib/python3.12/site-packages/aiohttp/_websocket/reader_c.cpython-312-x86_64-linux-gnu.so
7d754e3c5000-7d754e3c6000 rw-p 00000000 00:00 0 
7d754e3c6000-7d754e3c9000 r--p 00000000 00:2d 1062359                    /usr/local/python/3.12.1/lib/python3.12/site-packages/aiohttp/_websocket/mask.cpython-312-x86_64-linux-gnu.so
7d754e3c9000-7d754e3ce000 r-xp 00003000 00:2d 1062359                    /usr/local/python/3.12.1/lib/python3.12/site-packages/aiohttp/_websocket/mask.cpython-312-x86_64-linux-gnu.so
7d754e3ce000-7d754e3d0000 r--p 00008000 00:2d 1062359                    /usr/local/python/3.12.1/lib/python3.12/site-packages/aiohttp/_websocket/mask.cpython-312-x86_64-linux-gnu.so
7d754e3d0000-7d754e3d1000 r--p 00009000 00:2d 1062359                    /usr/local/python/3.12.1/lib/python3.12/site-packages/aiohttp/_websocket/mask.cpython-312-x86_64-linux-gnu.so
7d754e3d1000-7d754e3d2000 rw-p 0000a000 00:2d 1062359                    /usr/local/python/3.12.1/lib/python3.12/site-packages/aiohttp/_websocket/mask.cpython-312-x86_64-linux-gnu.so
7d754e3d2000-7d754e3dc000 r--p 00000000 00:2d 1062299                    /usr/local/python/3.12.1/lib/python3.12/site-packages/aiohttp/_http_parser.cpython-312-x86_64-linux-gnu.so
7d754e3dc000-7d754e432000 r-xp 0000a000 00:2d 1062299                    /usr/local/python/3.12.1/lib/python3.12/site-packages/aiohttp/_http_parser.cpython-312-x86_64-linux-gnu.so
7d754e432000-7d754e43e000 r--p 00060000 00:2d 1062299                    /usr/local/python/3.12.1/lib/python3.12/site-packages/aiohttp/_http_parser.cpython-312-x86_64-linux-gnu.so
7d754e43e000-7d754e440000 r--p 0006c000 00:2d 1062299                    /usr/local/python/3.12.1/lib/python3.12/site-packages/aiohttp/_http_parser.cpython-312-x86_64-linux-gnu.so
7d754e440000-7d754e443000 rw-p 0006e000 00:2d 1062299                    /usr/local/python/3.12.1/lib/python3.12/site-packages/aiohttp/_http_parser.cpython-312-x86_64-linux-gnu.so
7d754e443000-7d754e445000 rw-p 00000000 00:00 0 
7d754e445000-7d754e448000 r--p 00000000 00:2d 1062301                    /usr/local/python/3.12.1/lib/python3.12/site-packages/aiohttp/_http_writer.cpython-312-x86_64-linux-gnu.so
7d754e448000-7d754e450000 r-xp 00003000 00:2d 1062301                    /usr/local/python/3.12.1/lib/python3.12/site-packages/aiohttp/_http_writer.cpython-312-x86_64-linux-gnu.so
7d754e450000-7d754e452000 r--p 0000b000 00:2d 1062301                    /usr/local/python/3.12.1/lib/python3.12/site-packages/aiohttp/_http_writer.cpython-312-x86_64-linux-gnu.so
7d754e452000-7d754e453000 r--p 0000c000 00:2d 1062301                    /usr/local/python/3.12.1/lib/python3.12/site-packages/aiohttp/_http_writer.cpython-312-x86_64-linux-gnu.so
7d754e453000-7d754e454000 rw-p 0000d000 00:2d 1062301                    /usr/local/python/3.12.1/lib/python3.12/site-packages/aiohttp/_http_writer.cpython-312-x86_64-linux-gnu.so
7d754e454000-7d754e554000 rw-p 00000000 00:00 0 
7d754e554000-7d754e558000 r--p 00000000 00:2d 1062176                    /usr/local/python/3.12.1/lib/python3.12/site-packages/propcache/_helpers_c.cpython-312-x86_64-linux-gnu.so
7d754e558000-7d754e564000 r-xp 00004000 00:2d 1062176                    /usr/local/python/3.12.1/lib/python3.12/site-packages/propcache/_helpers_c.cpython-312-x86_64-linux-gnu.so
7d754e564000-7d754e568000 r--p 00010000 00:2d 1062176                    /usr/local/python/3.12.1/lib/python3.12/site-packages/propcache/_helpers_c.cpython-312-x86_64-linux-gnu.so
7d754e568000-7d754e569000 r--p 00013000 00:2d 1062176                    /usr/local/python/3.12.1/lib/python3.12/site-packages/propcache/_helpers_c.cpython-312-x86_64-linux-gnu.so
7d754e569000-7d754e56a000 rw-p 00014000 00:2d 1062176                    /usr/local/python/3.12.1/lib/python3.12/site-packages/propcache/_helpers_c.cpython-312-x86_64-linux-gnu.so
7d754e56a000-7d754e56b000 rw-p 00000000 00:00 0 
7d754e56b000-7d754e56e000 r--p 00000000 00:2d 830532                     /usr/local/python/3.12.1/lib/python3.12/lib-dynload/unicodedata.cpython-312-x86_64-linux-gnu.so
7d754e56e000-7d754e573000 r-xp 00003000 00:2d 830532                     /usr/local/python/3.12.1/lib/python3.12/lib-dynload/unicodedata.cpython-312-x86_64-linux-gnu.so
7d754e573000-7d754e67f000 r--p 00008000 00:2d 830532                     /usr/local/python/3.12.1/lib/python3.12/lib-dynload/unicodedata.cpython-312-x86_64-linux-gnu.so
7d754e67f000-7d754e680000 r--p 00113000 00:2d 830532                     /usr/local/python/3.12.1/lib/python3.12/lib-dynload/unicodedata.cpython-312-x86_64-linux-gnu.so
7d754e680000-7d754e681000 rw-p 00114000 00:2d 830532                     /usr/local/python/3.12.1/lib/python3.12/lib-dynload/unicodedata.cpython-312-x86_64-linux-gnu.so
7d754e681000-7d754e781000 rw-p 00000000 00:00 0 
7d754e781000-7d754e7a1000 r--p 00000000 00:2d 412047                     /usr/lib/x86_64-linux-gnu/libsqlite3.so.0.8.6
7d754e7a1000-7d754e8ac000 r-xp 00020000 00:2d 412047                     /usr/lib/x86_64-linux-gnu/libsqlite3.so.0.8.6
7d754e8ac000-7d754e8e0000 r--p 0012b000 00:2d 412047                     /usr/lib/x86_64-linux-gnu/libsqlite3.so.0.8.6
7d754e8e0000-7d754e8e4000 r--p 0015e000 00:2d 412047                     /usr/lib/x86_64-linux-gnu/libsqlite3.so.0.8.6
7d754e8e4000-7d754e8e8000 rw-p 00162000 00:2d 412047                     /usr/lib/x86_64-linux-gnu/libsqlite3.so.0.8.6
7d754e8e8000-7d754f1e9000 rw-p 00000000 00:00 0 
7d754f1e9000-7d754f1f0000 r-xp 00000000 00:2d 681575                     /usr/local/sdkman/candidates/java/25.0.1-ms/lib/libzip.so
7d754f1f0000-7d754f1f1000 ---p 00007000 00:2d 681575                     /usr/local/sdkman/candidates/java/25.0.1-ms/lib/libzip.so
7d754f1f1000-7d754f1f2000 r--p 00007000 00:2d 681575                     /usr/local/sdkman/candidates/java/25.0.1-ms/lib/libzip.so
7d754f1f2000-7d754f1f3000 rw-p 00008000 00:2d 681575                     /usr/local/sdkman/candidates/java/25.0.1-ms/lib/libzip.so
7d754f1f3000-7d754f207000 r-xp 00000000 00:2d 681566                     /usr/local/sdkman/candidates/java/25.0.1-ms/lib/libnio.so
7d754f207000-7d754f208000 r--p 00013000 00:2d 681566                     /usr/local/sdkman/candidates/java/25.0.1-ms/lib/libnio.so
7d754f208000-7d754f209000 rw-p 00014000 00:2d 681566                     /usr/local/sdkman/candidates/java/25.0.1-ms/lib/libnio.so
7d754f209000-7d754f20e000 rw-p 00000000 00:00 0 
7d754f20e000-7d754f215000 ---p 00000000 00:00 0 
7d754f215000-7d754f235000 r-xp 00000000 00:2d 681551                     /usr/local/sdkman/candidates/java/25.0.1-ms/lib/libjava.so
7d754f235000-7d754f236000 r--p 0001f000 00:2d 681551                     /usr/local/sdkman/candidates/java/25.0.1-ms/lib/libjava.so
7d754f236000-7d754f237000 rw-p 00020000 00:2d 681551                     /usr/local/sdkman/candidates/java/25.0.1-ms/lib/libjava.so
7d754f237000-7d754f238000 rw-p 00000000 00:00 0 
7d754f238000-7d754f240000 rw-s 00000000 08:11 917569                     /tmp/hsperfdata_codespace/49070
7d754f240000-7d754f25b000 r-xp 00000000 00:2d 681555                     /usr/local/sdkman/candidates/java/25.0.1-ms/lib/libjimage.so
7d754f25b000-7d754f25c000 ---p 0001b000 00:2d 681555                     /usr/local/sdkman/candidates/java/25.0.1-ms/lib/libjimage.so
7d754f25c000-7d754f25e000 r--p 0001b000 00:2d 681555                     /usr/local/sdkman/candidates/java/25.0.1-ms/lib/libjimage.so
7d754f25e000-7d754f25f000 rw-p 0001d000 00:2d 681555                     /usr/local/sdkman/candidates/java/25.0.1-ms/lib/libjimage.so
7d754f25f000-7d754f260000 r--p 00000000 00:2d 394211                     /usr/lib/x86_64-linux-gnu/libutil.so.1
7d754f260000-7d754f261000 r-xp 00001000 00:2d 394211                     /usr/lib/x86_64-linux-gnu/libutil.so.1
7d754f261000-7d754f262000 r--p 00002000 00:2d 394211                     /usr/lib/x86_64-linux-gnu/libutil.so.1
7d754f262000-7d754f263000 r--p 00002000 00:2d 394211                     /usr/lib/x86_64-linux-gnu/libutil.so.1
7d754f263000-7d754f264000 rw-p 00003000 00:2d 394211                     /usr/lib/x86_64-linux-gnu/libutil.so.1
7d754f269000-7d754f26a000 r--p 00000000 00:00 0 
7d754f26a000-7d754f26b000 r--p 00000000 00:2d 393777                     /usr/lib/locale/C.utf8/LC_NUMERIC
7d754f26b000-7d754f276000 r--p 00000000 00:2d 1078542                    /usr/local/python/3.12.1/lib/python3.12/site-packages/pymupdf/_extra.so
7d754f276000-7d754f28f000 r-xp 0000b000 00:2d 1078542                    /usr/local/python/3.12.1/lib/python3.12/site-packages/pymupdf/_extra.so
7d754f28f000-7d754f29a000 r--p 00024000 00:2d 1078542                    /usr/local/python/3.12.1/lib/python3.12/site-packages/pymupdf/_extra.so
7d754f29a000-7d754f29b000 r--p 0002e000 00:2d 1078542                    /usr/local/python/3.12.1/lib/python3.12/site-packages/pymupdf/_extra.so
7d754f29b000-7d754f29e000 rw-p 0002f000 00:2d 1078542                    /usr/local/python/3.12.1/lib/python3.12/site-packages/pymupdf/_extra.so
7d754f29e000-7d754f2a4000 r--p 00000000 00:2d 1065076                    /usr/local/python/3.12.1/lib/python3.12/site-packages/lxml/_elementpath.cpython-312-x86_64-linux-gnu.so
7d754f2a4000-7d754f2c8000 r-xp 00006000 00:2d 1065076                    /usr/local/python/3.12.1/lib/python3.12/site-packages/lxml/_elementpath.cpython-312-x86_64-linux-gnu.so
7d754f2c8000-7d754f2cf000 r--p 0002a000 00:2d 1065076                    /usr/local/python/3.12.1/lib/python3.12/site-packages/lxml/_elementpath.cpython-312-x86_64-linux-gnu.so
7d754f2cf000-7d754f2d0000 r--p 00031000 00:2d 1065076                    /usr/local/python/3.12.1/lib/python3.12/site-packages/lxml/_elementpath.cpython-312-x86_64-linux-gnu.so
7d754f2d0000-7d754f2d3000 rw-p 00032000 00:2d 1065076                    /usr/local/python/3.12.1/lib/python3.12/site-packages/lxml/_elementpath.cpython-312-x86_64-linux-gnu.so
7d754f2d3000-7d754f3d4000 rw-p 00000000 00:00 0 
7d754f3d4000-7d754f471000 r--p 00000000 00:2d 394197                     /usr/lib/x86_64-linux-gnu/libstdc++.so.6.0.33
7d754f471000-7d754f5b9000 r-xp 0009d000 00:2d 394197                     /usr/lib/x86_64-linux-gnu/libstdc++.so.6.0.33
7d754f5b9000-7d754f640000 r--p 001e5000 00:2d 394197                     /usr/lib/x86_64-linux-gnu/libstdc++.so.6.0.33
7d754f640000-7d754f64b000 r--p 0026b000 00:2d 394197                     /usr/lib/x86_64-linux-gnu/libstdc++.so.6.0.33
7d754f64b000-7d754f64e000 rw-p 00276000 00:2d 394197                     /usr/lib/x86_64-linux-gnu/libstdc++.so.6.0.33
7d754f64e000-7d754f652000 rw-p 00000000 00:00 0 
7d754f652000-7d754f65b000 r--p 00000000 00:2d 1062870                    /usr/local/python/3.12.1/lib/python3.12/site-packages/greenlet/_greenlet.cpython-312-x86_64-linux-gnu.so
7d754f65b000-7d754f66b000 r-xp 00009000 00:2d 1062870                    /usr/local/python/3.12.1/lib/python3.12/site-packages/greenlet/_greenlet.cpython-312-x86_64-linux-gnu.so
7d754f66b000-7d754f671000 r--p 00019000 00:2d 1062870                    /usr/local/python/3.12.1/lib/python3.12/site-packages/greenlet/_greenlet.cpython-312-x86_64-linux-gnu.so
7d754f671000-7d754f672000 r--p 0001f000 00:2d 1062870                    /usr/local/python/3.12.1/lib/python3.12/site-packages/greenlet/_greenlet.cpython-312-x86_64-linux-gnu.so
7d754f672000-7d754f673000 rw-p 00020000 00:2d 1062870                    /usr/local/python/3.12.1/lib/python3.12/site-packages/greenlet/_greenlet.cpython-312-x86_64-linux-gnu.so
7d754f673000-7d754f677000 r--p 00000000 00:2d 1065900                    /usr/local/python/3.12.1/lib/python3.12/site-packages/sqlalchemy/cyextension/util.cpython-312-x86_64-linux-gnu.so
7d754f677000-7d754f687000 r-xp 00004000 00:2d 1065900                    /usr/local/python/3.12.1/lib/python3.12/site-packages/sqlalchemy/cyextension/util.cpython-312-x86_64-linux-gnu.so
7d754f687000-7d754f68a000 r--p 00014000 00:2d 1065900                    /usr/local/python/3.12.1/lib/python3.12/site-packages/sqlalchemy/cyextension/util.cpython-312-x86_64-linux-gnu.so
7d754f68a000-7d754f68b000 r--p 00017000 00:2d 1065900                    /usr/local/python/3.12.1/lib/python3.12/site-packages/sqlalchemy/cyextension/util.cpython-312-x86_64-linux-gnu.so
7d754f68b000-7d754f68c000 rw-p 00018000 00:2d 1065900                    /usr/local/python/3.12.1/lib/python3.12/site-packages/sqlalchemy/cyextension/util.cpython-312-x86_64-linux-gnu.so
7d754f68c000-7d754f68d000 rw-p 00000000 00:00 0 
7d754f68d000-7d754f691000 r--p 00000000 00:2d 1065898                    /usr/local/python/3.12.1/lib/python3.12/site-packages/sqlalchemy/cyextension/resultproxy.cpython-312-x86_64-linux-gnu.so
7d754f691000-7d754f69c000 r-xp 00004000 00:2d 1065898                    /usr/local/python/3.12.1/lib/python3.12/site-packages/sqlalchemy/cyextension/resultproxy.cpython-312-x86_64-linux-gnu.so
7d754f69c000-7d754f69f000 r--p 0000f000 00:2d 1065898                    /usr/local/python/3.12.1/lib/python3.12/site-packages/sqlalchemy/cyextension/resultproxy.cpython-312-x86_64-linux-gnu.so
7d754f69f000-7d754f6a0000 r--p 00011000 00:2d 1065898                    /usr/local/python/3.12.1/lib/python3.12/site-packages/sqlalchemy/cyextension/resultproxy.cpython-312-x86_64-linux-gnu.so
7d754f6a0000-7d754f6a1000 rw-p 00012000 00:2d 1065898                    /usr/local/python/3.12.1/lib/python3.12/site-packages/sqlalchemy/cyextension/resultproxy.cpython-312-x86_64-linux-gnu.so
7d754f6a1000-7d754f6a2000 rw-p 00000000 00:00 0 
7d754f6a2000-7d754f6a6000 r--p 00000000 00:2d 1065896                    /usr/local/python/3.12.1/lib/python3.12/site-packages/sqlalchemy/cyextension/processors.cpython-312-x86_64-linux-gnu.so
7d754f6a6000-7d754f6b1000 r-xp 00004000 00:2d 1065896                    /usr/local/python/3.12.1/lib/python3.12/site-packages/sqlalchemy/cyextension/processors.cpython-312-x86_64-linux-gnu.so
7d754f6b1000-7d754f6b4000 r--p 0000f000 00:2d 1065896                    /usr/local/python/3.12.1/lib/python3.12/site-packages/sqlalchemy/cyextension/processors.cpython-312-x86_64-linux-gnu.so
7d754f6b4000-7d754f6b5000 r--p 00011000 00:2d 1065896                    /usr/local/python/3.12.1/lib/python3.12/site-packages/sqlalchemy/cyextension/processors.cpython-312-x86_64-linux-gnu.so
7d754f6b5000-7d754f6b6000 rw-p 00012000 00:2d 1065896                    /usr/local/python/3.12.1/lib/python3.12/site-packages/sqlalchemy/cyextension/processors.cpython-312-x86_64-linux-gnu.so
7d754f6b6000-7d754f6b7000 rw-p 00000000 00:00 0 
7d754f6b7000-7d754f6bb000 r--p 00000000 00:2d 1065893                    /usr/local/python/3.12.1/lib/python3.12/site-packages/sqlalchemy/cyextension/immutabledict.cpython-312-x86_64-linux-gnu.so
7d754f6bb000-7d754f6ca000 r-xp 00004000 00:2d 1065893                    /usr/local/python/3.12.1/lib/python3.12/site-packages/sqlalchemy/cyextension/immutabledict.cpython-312-x86_64-linux-gnu.so
7d754f6ca000-7d754f6cd000 r--p 00013000 00:2d 1065893                    /usr/local/python/3.12.1/lib/python3.12/site-packages/sqlalchemy/cyextension/immutabledict.cpython-312-x86_64-linux-gnu.so
7d754f6cd000-7d754f6ce000 r--p 00015000 00:2d 1065893                    /usr/local/python/3.12.1/lib/python3.12/site-packages/sqlalchemy/cyextension/immutabledict.cpython-312-x86_64-linux-gnu.so
7d754f6ce000-7d754f6d0000 rw-p 00016000 00:2d 1065893                    /usr/local/python/3.12.1/lib/python3.12/site-packages/sqlalchemy/cyextension/immutabledict.cpython-312-x86_64-linux-gnu.so
7d754f6d0000-7d754f6d6000 r--p 00000000 00:2d 1065891                    /usr/local/python/3.12.1/lib/python3.12/site-packages/sqlalchemy/cyextension/collections.cpython-312-x86_64-linux-gnu.so
7d754f6d6000-7d754f6fc000 r-xp 00006000 00:2d 1065891                    /usr/local/python/3.12.1/lib/python3.12/site-packages/sqlalchemy/cyextension/collections.cpython-312-x86_64-linux-gnu.so
7d754f6fc000-7d754f704000 r--p 0002c000 00:2d 1065891                    /usr/local/python/3.12.1/lib/python3.12/site-packages/sqlalchemy/cyextension/collections.cpython-312-x86_64-linux-gnu.so
7d754f704000-7d754f705000 r--p 00033000 00:2d 1065891                    /usr/local/python/3.12.1/lib/python3.12/site-packages/sqlalchemy/cyextension/collections.cpython-312-x86_64-linux-gnu.so
7d754f705000-7d754f708000 rw-p 00034000 00:2d 1065891                    /usr/local/python/3.12.1/lib/python3.12/site-packages/sqlalchemy/cyextension/collections.cpython-312-x86_64-linux-gnu.so
7d754f708000-7d754f908000 rw-p 00000000 00:00 0 
7d754f908000-7d754f90a000 r--p 00000000 00:2d 830462                     /usr/local/python/3.12.1/lib/python3.12/lib-dynload/_blake2.cpython-312-x86_64-linux-gnu.so
7d754f90a000-7d754f911000 r-xp 00002000 00:2d 830462                     /usr/local/python/3.12.1/lib/python3.12/lib-dynload/_blake2.cpython-312-x86_64-linux-gnu.so
7d754f911000-7d754f913000 r--p 00009000 00:2d 830462                     /usr/local/python/3.12.1/lib/python3.12/lib-dynload/_blake2.cpython-312-x86_64-linux-gnu.so
7d754f913000-7d754f914000 r--p 0000a000 00:2d 830462                     /usr/local/python/3.12.1/lib/python3.12/lib-dynload/_blake2.cpython-312-x86_64-linux-gnu.so
7d754f914000-7d754f915000 rw-p 0000b000 00:2d 830462                     /usr/local/python/3.12.1/lib/python3.12/lib-dynload/_blake2.cpython-312-x86_64-linux-gnu.so
7d754f915000-7d754f919000 r--p 00000000 00:2d 830481                     /usr/local/python/3.12.1/lib/python3.12/lib-dynload/_hashlib.cpython-312-x86_64-linux-gnu.so
7d754f919000-7d754f91f000 r-xp 00004000 00:2d 830481                     /usr/local/python/3.12.1/lib/python3.12/lib-dynload/_hashlib.cpython-312-x86_64-linux-gnu.so
7d754f91f000-7d754f923000 r--p 0000a000 00:2d 830481                     /usr/local/python/3.12.1/lib/python3.12/lib-dynload/_hashlib.cpython-312-x86_64-linux-gnu.so
7d754f923000-7d754f924000 r--p 0000d000 00:2d 830481                     /usr/local/python/3.12.1/lib/python3.12/lib-dynload/_hashlib.cpython-312-x86_64-linux-gnu.so
7d754f924000-7d754f926000 rw-p 0000e000 00:2d 830481                     /usr/local/python/3.12.1/lib/python3.12/lib-dynload/_hashlib.cpython-312-x86_64-linux-gnu.so
7d754f926000-7d754fb26000 rw-p 00000000 00:00 0 
7d754fb26000-7d754fb28000 r--p 00000000 00:2d 830472                     /usr/local/python/3.12.1/lib/python3.12/lib-dynload/_csv.cpython-312-x86_64-linux-gnu.so
7d754fb28000-7d754fb2c000 r-xp 00002000 00:2d 830472                     /usr/local/python/3.12.1/lib/python3.12/lib-dynload/_csv.cpython-312-x86_64-linux-gnu.so
7d754fb2c000-7d754fb2f000 r--p 00006000 00:2d 830472                     /usr/local/python/3.12.1/lib/python3.12/lib-dynload/_csv.cpython-312-x86_64-linux-gnu.so
7d754fb2f000-7d754fb30000 r--p 00008000 00:2d 830472                     /usr/local/python/3.12.1/lib/python3.12/lib-dynload/_csv.cpython-312-x86_64-linux-gnu.so
7d754fb30000-7d754fb31000 rw-p 00009000 00:2d 830472                     /usr/local/python/3.12.1/lib/python3.12/lib-dynload/_csv.cpython-312-x86_64-linux-gnu.so
7d754fb31000-7d754fc31000 rw-p 00000000 00:00 0 
7d754fc31000-7d754fc33000 r--p 00000000 00:2d 830515                     /usr/local/python/3.12.1/lib/python3.12/lib-dynload/_zoneinfo.cpython-312-x86_64-linux-gnu.so
7d754fc33000-7d754fc38000 r-xp 00002000 00:2d 830515                     /usr/local/python/3.12.1/lib/python3.12/lib-dynload/_zoneinfo.cpython-312-x86_64-linux-gnu.so
7d754fc38000-7d754fc3a000 r--p 00007000 00:2d 830515                     /usr/local/python/3.12.1/lib/python3.12/lib-dynload/_zoneinfo.cpython-312-x86_64-linux-gnu.so
7d754fc3a000-7d754fc3b000 r--p 00008000 00:2d 830515                     /usr/local/python/3.12.1/lib/python3.12/lib-dynload/_zoneinfo.cpython-312-x86_64-linux-gnu.so
7d754fc3b000-7d754fc3c000 rw-p 00009000 00:2d 830515                     /usr/local/python/3.12.1/lib/python3.12/lib-dynload/_zoneinfo.cpython-312-x86_64-linux-gnu.so
7d754fc3c000-7d754fc3e000 r--p 00000000 00:2d 394213                     /usr/lib/x86_64-linux-gnu/libuuid.so.1.3.0
7d754fc3e000-7d754fc43000 r-xp 00002000 00:2d 394213                     /usr/lib/x86_64-linux-gnu/libuuid.so.1.3.0
7d754fc43000-7d754fc44000 r--p 00007000 00:2d 394213                     /usr/lib/x86_64-linux-gnu/libuuid.so.1.3.0
7d754fc44000-7d754fc45000 r--p 00007000 00:2d 394213                     /usr/lib/x86_64-linux-gnu/libuuid.so.1.3.0
7d754fc45000-7d754fc46000 rw-p 00008000 00:2d 394213                     /usr/lib/x86_64-linux-gnu/libuuid.so.1.3.0
7d754fc46000-7d754fc47000 r--p 00000000 00:2d 393780                     /usr/lib/locale/C.utf8/LC_TIME
7d754fc47000-7d754fc48000 r--p 00000000 00:2d 393769                     /usr/lib/locale/C.utf8/LC_COLLATE
7d754fc48000-7d754fc49000 r--p 00000000 00:2d 795731                     /home/codespace/.local/lib/python3.12/site-packages/charset_normalizer/md.cpython-312-x86_64-linux-gnu.so
7d754fc49000-7d754fc4a000 r-xp 00001000 00:2d 795731                     /home/codespace/.local/lib/python3.12/site-packages/charset_normalizer/md.cpython-312-x86_64-linux-gnu.so
7d754fc4a000-7d754fc4b000 r--p 00002000 00:2d 795731                     /home/codespace/.local/lib/python3.12/site-packages/charset_normalizer/md.cpython-312-x86_64-linux-gnu.so
7d754fc4b000-7d754fc4c000 r--p 00002000 00:2d 795731                     /home/codespace/.local/lib/python3.12/site-packages/charset_normalizer/md.cpython-312-x86_64-linux-gnu.so
7d754fc4c000-7d754fc4d000 rw-p 00003000 00:2d 795731                     /home/codespace/.local/lib/python3.12/site-packages/charset_normalizer/md.cpython-312-x86_64-linux-gnu.so
7d754fc4d000-7d754fe4d000 rw-p 00000000 00:00 0 
7d754fe4d000-7d754fe54000 r--p 00000000 00:2d 830478                     /usr/local/python/3.12.1/lib/python3.12/lib-dynload/_decimal.cpython-312-x86_64-linux-gnu.so
7d754fe54000-7d754fe9c000 r-xp 00007000 00:2d 830478                     /usr/local/python/3.12.1/lib/python3.12/lib-dynload/_decimal.cpython-312-x86_64-linux-gnu.so
7d754fe9c000-7d754feac000 r--p 0004f000 00:2d 830478                     /usr/local/python/3.12.1/lib/python3.12/lib-dynload/_decimal.cpython-312-x86_64-linux-gnu.so
7d754feac000-7d754fead000 r--p 0005f000 00:2d 830478                     /usr/local/python/3.12.1/lib/python3.12/lib-dynload/_decimal.cpython-312-x86_64-linux-gnu.so
7d754fead000-7d754feb0000 rw-p 00060000 00:2d 830478                     /usr/local/python/3.12.1/lib/python3.12/lib-dynload/_decimal.cpython-312-x86_64-linux-gnu.so
7d754feb0000-7d754feb1000 r--p 00000000 00:2d 394118                     /usr/lib/x86_64-linux-gnu/libdl.so.2
7d754feb1000-7d754feb2000 r-xp 00001000 00:2d 394118                     /usr/lib/x86_64-linux-gnu/libdl.so.2
7d754feb2000-7d754feb3000 r--p 00002000 00:2d 394118                     /usr/lib/x86_64-linux-gnu/libdl.so.2
7d754feb3000-7d754feb4000 r--p 00002000 00:2d 394118                     /usr/lib/x86_64-linux-gnu/libdl.so.2
7d754feb4000-7d754feb5000 rw-p 00003000 00:2d 394118                     /usr/lib/x86_64-linux-gnu/libdl.so.2
7d754feb5000-7d754feb6000 r--p 00000000 00:2d 394183                     /usr/lib/x86_64-linux-gnu/libpthread.so.0
7d754feb6000-7d754feb7000 r-xp 00001000 00:2d 394183                     /usr/lib/x86_64-linux-gnu/libpthread.so.0
7d754feb7000-7d754feb8000 r--p 00002000 00:2d 394183                     /usr/lib/x86_64-linux-gnu/libpthread.so.0
7d754feb8000-7d754feb9000 r--p 00002000 00:2d 394183                     /usr/lib/x86_64-linux-gnu/libpthread.so.0
7d754feb9000-7d754feba000 rw-p 00003000 00:2d 394183                     /usr/lib/x86_64-linux-gnu/libpthread.so.0
7d754feba000-7d754febb000 r--p 00000000 00:2d 394185                     /usr/lib/x86_64-linux-gnu/librt.so.1
7d754febb000-7d754febc000 r-xp 00001000 00:2d 394185                     /usr/lib/x86_64-linux-gnu/librt.so.1
7d754febc000-7d754febd000 r--p 00002000 00:2d 394185                     /usr/lib/x86_64-linux-gnu/librt.so.1
7d754febd000-7d754febe000 r--p 00002000 00:2d 394185                     /usr/lib/x86_64-linux-gnu/librt.so.1
7d754febe000-7d754febf000 rw-p 00003000 00:2d 394185                     /usr/lib/x86_64-linux-gnu/librt.so.1
7d754febf000-7d754fec3000 r--p 00000000 00:2d 394129                     /usr/lib/x86_64-linux-gnu/libgcc_s.so.1
7d754fec3000-7d754fee7000 r-xp 00004000 00:2d 394129                     /usr/lib/x86_64-linux-gnu/libgcc_s.so.1
7d754fee7000-7d754feeb000 r--p 00028000 00:2d 394129                     /usr/lib/x86_64-linux-gnu/libgcc_s.so.1
7d754feeb000-7d754feec000 r--p 0002b000 00:2d 394129                     /usr/lib/x86_64-linux-gnu/libgcc_s.so.1
7d754feec000-7d754feed000 rw-p 0002c000 00:2d 394129                     /usr/lib/x86_64-linux-gnu/libgcc_s.so.1
7d754feed000-7d7550024000 r--p 00000000 00:2d 1063037                    /usr/local/python/3.12.1/lib/python3.12/site-packages/pydantic_core/_pydantic_core.cpython-312-x86_64-linux-gnu.so
7d7550024000-7d755035e000 r-xp 00136000 00:2d 1063037                    /usr/local/python/3.12.1/lib/python3.12/site-packages/pydantic_core/_pydantic_core.cpython-312-x86_64-linux-gnu.so
7d755035e000-7d7550392000 r--p 0046f000 00:2d 1063037                    /usr/local/python/3.12.1/lib/python3.12/site-packages/pydantic_core/_pydantic_core.cpython-312-x86_64-linux-gnu.so
7d7550392000-7d7550398000 rw-p 004a2000 00:2d 1063037                    /usr/local/python/3.12.1/lib/python3.12/site-packages/pydantic_core/_pydantic_core.cpython-312-x86_64-linux-gnu.so
7d7550398000-7d7550598000 rw-p 00000000 00:00 0 
7d7550598000-7d755059b000 r--p 00000000 00:2d 394145                     /usr/lib/x86_64-linux-gnu/liblzma.so.5.4.5
7d755059b000-7d75505bd000 r-xp 00003000 00:2d 394145                     /usr/lib/x86_64-linux-gnu/liblzma.so.5.4.5
7d75505bd000-7d75505c8000 r--p 00025000 00:2d 394145                     /usr/lib/x86_64-linux-gnu/liblzma.so.5.4.5
7d75505c8000-7d75505c9000 r--p 00030000 00:2d 394145                     /usr/lib/x86_64-linux-gnu/liblzma.so.5.4.5
7d75505c9000-7d75505ca000 rw-p 00031000 00:2d 394145                     /usr/lib/x86_64-linux-gnu/liblzma.so.5.4.5
7d75505ca000-7d75505cd000 r--p 00000000 00:2d 830485                     /usr/local/python/3.12.1/lib/python3.12/lib-dynload/_lzma.cpython-312-x86_64-linux-gnu.so
7d75505cd000-7d75505d1000 r-xp 00003000 00:2d 830485                     /usr/local/python/3.12.1/lib/python3.12/lib-dynload/_lzma.cpython-312-x86_64-linux-gnu.so
7d75505d1000-7d75505d4000 r--p 00007000 00:2d 830485                     /usr/local/python/3.12.1/lib/python3.12/lib-dynload/_lzma.cpython-312-x86_64-linux-gnu.so
7d75505d4000-7d75505d5000 r--p 00009000 00:2d 830485                     /usr/local/python/3.12.1/lib/python3.12/lib-dynload/_lzma.cpython-312-x86_64-linux-gnu.so
7d75505d5000-7d75505d6000 rw-p 0000a000 00:2d 830485                     /usr/local/python/3.12.1/lib/python3.12/lib-dynload/_lzma.cpython-312-x86_64-linux-gnu.so
7d75505d6000-7d75505d8000 r--p 00000000 00:2d 394103                     /usr/lib/x86_64-linux-gnu/libbz2.so.1.0.4
7d75505d8000-7d75505e6000 r-xp 00002000 00:2d 394103                     /usr/lib/x86_64-linux-gnu/libbz2.so.1.0.4
7d75505e6000-7d75505e8000 r--p 00010000 00:2d 394103                     /usr/lib/x86_64-linux-gnu/libbz2.so.1.0.4
7d75505e8000-7d75505e9000 r--p 00011000 00:2d 394103                     /usr/lib/x86_64-linux-gnu/libbz2.so.1.0.4
7d75505e9000-7d75505ea000 rw-p 00012000 00:2d 394103                     /usr/lib/x86_64-linux-gnu/libbz2.so.1.0.4
7d75505ea000-7d75505eb000 r--p 00000000 00:2d 393775                     /usr/lib/locale/C.utf8/LC_MONETARY
7d75505eb000-7d75505ec000 r--p 00000000 00:2d 393774                     /usr/lib/locale/C.utf8/LC_MESSAGES/SYS_LC_MESSAGES
7d75505ec000-7d75505ed000 r--p 00000000 00:2d 830511                     /usr/local/python/3.12.1/lib/python3.12/lib-dynload/_uuid.cpython-312-x86_64-linux-gnu.so
7d75505ed000-7d75505ee000 r-xp 00001000 00:2d 830511                     /usr/local/python/3.12.1/lib/python3.12/lib-dynload/_uuid.cpython-312-x86_64-linux-gnu.so
7d75505ee000-7d75505ef000 r--p 00002000 00:2d 830511                     /usr/local/python/3.12.1/lib/python3.12/lib-dynload/_uuid.cpython-312-x86_64-linux-gnu.so
7d75505ef000-7d75505f0000 r--p 00002000 00:2d 830511                     /usr/local/python/3.12.1/lib/python3.12/lib-dynload/_uuid.cpython-312-x86_64-linux-gnu.so
7d75505f0000-7d75505f1000 rw-p 00003000 00:2d 830511                     /usr/local/python/3.12.1/lib/python3.12/lib-dynload/_uuid.cpython-312-x86_64-linux-gnu.so
7d75505f1000-7d75505f3000 r--p 00000000 00:2d 830463                     /usr/local/python/3.12.1/lib/python3.12/lib-dynload/_bz2.cpython-312-x86_64-linux-gnu.so
7d75505f3000-7d75505f5000 r-xp 00002000 00:2d 830463                     /usr/local/python/3.12.1/lib/python3.12/lib-dynload/_bz2.cpython-312-x86_64-linux-gnu.so
7d75505f5000-7d75505f6000 r--p 00004000 00:2d 830463                     /usr/local/python/3.12.1/lib/python3.12/lib-dynload/_bz2.cpython-312-x86_64-linux-gnu.so
7d75505f6000-7d75505f7000 r--p 00005000 00:2d 830463                     /usr/local/python/3.12.1/lib/python3.12/lib-dynload/_bz2.cpython-312-x86_64-linux-gnu.so
7d75505f7000-7d75505f8000 rw-p 00006000 00:2d 830463                     /usr/local/python/3.12.1/lib/python3.12/lib-dynload/_bz2.cpython-312-x86_64-linux-gnu.so
7d75505f8000-7d75506f8000 rw-p 00000000 00:00 0 
7d75506f8000-7d75506f9000 r--p 00000000 00:2d 393778                     /usr/lib/locale/C.utf8/LC_PAPER
7d75506f9000-7d75506fa000 r--p 00000000 00:2d 393776                     /usr/lib/locale/C.utf8/LC_NAME
7d75506fa000-7d75506fb000 r--p 00000000 00:2d 393768                     /usr/lib/locale/C.utf8/LC_ADDRESS
7d75506fb000-7d75506fc000 r--p 00000000 00:2d 393779                     /usr/lib/locale/C.utf8/LC_TELEPHONE
7d75506fc000-7d75506fe000 r--p 00000000 00:2d 830521                     /usr/local/python/3.12.1/lib/python3.12/lib-dynload/grp.cpython-312-x86_64-linux-gnu.so
7d75506fe000-7d75506ff000 r-xp 00002000 00:2d 830521                     /usr/local/python/3.12.1/lib/python3.12/lib-dynload/grp.cpython-312-x86_64-linux-gnu.so
7d75506ff000-7d7550700000 r--p 00003000 00:2d 830521                     /usr/local/python/3.12.1/lib/python3.12/lib-dynload/grp.cpython-312-x86_64-linux-gnu.so
7d7550700000-7d7550701000 r--p 00003000 00:2d 830521                     /usr/local/python/3.12.1/lib/python3.12/lib-dynload/grp.cpython-312-x86_64-linux-gnu.so
7d7550701000-7d7550702000 rw-p 00004000 00:2d 830521                     /usr/local/python/3.12.1/lib/python3.12/lib-dynload/grp.cpython-312-x86_64-linux-gnu.so
7d7550702000-7d7550706000 r--p 00000000 00:2d 1062257                    /usr/local/python/3.12.1/lib/python3.12/site-packages/yarl/_quoting_c.cpython-312-x86_64-linux-gnu.so
7d7550706000-7d755071b000 r-xp 00004000 00:2d 1062257                    /usr/local/python/3.12.1/lib/python3.12/site-packages/yarl/_quoting_c.cpython-312-x86_64-linux-gnu.so
7d755071b000-7d755071f000 r--p 00019000 00:2d 1062257                    /usr/local/python/3.12.1/lib/python3.12/site-packages/yarl/_quoting_c.cpython-312-x86_64-linux-gnu.so
7d755071f000-7d7550720000 r--p 0001c000 00:2d 1062257                    /usr/local/python/3.12.1/lib/python3.12/site-packages/yarl/_quoting_c.cpython-312-x86_64-linux-gnu.so
7d7550720000-7d7550721000 rw-p 0001d000 00:2d 1062257                    /usr/local/python/3.12.1/lib/python3.12/site-packages/yarl/_quoting_c.cpython-312-x86_64-linux-gnu.so
7d7550721000-7d7550722000 rw-p 00000000 00:00 0 
7d7550722000-7d7550726000 r--p 00000000 00:2d 1062199                    /usr/local/python/3.12.1/lib/python3.12/site-packages/multidict/_multidict.cpython-312-x86_64-linux-gnu.so
7d7550726000-7d7550737000 r-xp 00004000 00:2d 1062199                    /usr/local/python/3.12.1/lib/python3.12/site-packages/multidict/_multidict.cpython-312-x86_64-linux-gnu.so
7d7550737000-7d755073a000 r--p 00015000 00:2d 1062199                    /usr/local/python/3.12.1/lib/python3.12/site-packages/multidict/_multidict.cpython-312-x86_64-linux-gnu.so
7d755073a000-7d755073b000 r--p 00018000 00:2d 1062199                    /usr/local/python/3.12.1/lib/python3.12/site-packages/multidict/_multidict.cpython-312-x86_64-linux-gnu.so
7d755073b000-7d755073d000 rw-p 00019000 00:2d 1062199                    /usr/local/python/3.12.1/lib/python3.12/site-packages/multidict/_multidict.cpython-312-x86_64-linux-gnu.so
7d755073d000-7d7550744000 r--p 00000000 00:2d 830499                     /usr/local/python/3.12.1/lib/python3.12/lib-dynload/_sqlite3.cpython-312-x86_64-linux-gnu.so
7d7550744000-7d7550754000 r-xp 00007000 00:2d 830499                     /usr/local/python/3.12.1/lib/python3.12/lib-dynload/_sqlite3.cpython-312-x86_64-linux-gnu.so
7d7550754000-7d755075b000 r--p 00017000 00:2d 830499                     /usr/local/python/3.12.1/lib/python3.12/lib-dynload/_sqlite3.cpython-312-x86_64-linux-gnu.so
7d755075b000-7d755075c000 r--p 0001e000 00:2d 830499                     /usr/local/python/3.12.1/lib/python3.12/lib-dynload/_sqlite3.cpython-312-x86_64-linux-gnu.so
7d755075c000-7d755075e000 rw-p 0001f000 00:2d 830499                     /usr/local/python/3.12.1/lib/python3.12/lib-dynload/_sqlite3.cpython-312-x86_64-linux-gnu.so
7d755075e000-7d7550763000 r--p 00000000 00:2d 830477                     /usr/local/python/3.12.1/lib/python3.12/lib-dynload/_datetime.cpython-312-x86_64-linux-gnu.so
7d7550763000-7d7550774000 r-xp 00005000 00:2d 830477                     /usr/local/python/3.12.1/lib/python3.12/lib-dynload/_datetime.cpython-312-x86_64-linux-gnu.so
7d7550774000-7d7550779000 r--p 00016000 00:2d 830477                     /usr/local/python/3.12.1/lib/python3.12/lib-dynload/_datetime.cpython-312-x86_64-linux-gnu.so
7d7550779000-7d755077a000 r--p 0001b000 00:2d 830477                     /usr/local/python/3.12.1/lib/python3.12/lib-dynload/_datetime.cpython-312-x86_64-linux-gnu.so
7d755077a000-7d755077d000 rw-p 0001c000 00:2d 830477                     /usr/local/python/3.12.1/lib/python3.12/lib-dynload/_datetime.cpython-312-x86_64-linux-gnu.so
7d755077d000-7d755097d000 rw-p 00000000 00:00 0 
7d755097d000-7d755097f000 r--p 00000000 00:2d 830483                     /usr/local/python/3.12.1/lib/python3.12/lib-dynload/_json.cpython-312-x86_64-linux-gnu.so
7d755097f000-7d7550985000 r-xp 00002000 00:2d 830483                     /usr/local/python/3.12.1/lib/python3.12/lib-dynload/_json.cpython-312-x86_64-linux-gnu.so
7d7550985000-7d7550987000 r--p 00008000 00:2d 830483                     /usr/local/python/3.12.1/lib/python3.12/lib-dynload/_json.cpython-312-x86_64-linux-gnu.so
7d7550987000-7d7550988000 r--p 00009000 00:2d 830483                     /usr/local/python/3.12.1/lib/python3.12/lib-dynload/_json.cpython-312-x86_64-linux-gnu.so
7d7550988000-7d7550989000 rw-p 0000a000 00:2d 830483                     /usr/local/python/3.12.1/lib/python3.12/lib-dynload/_json.cpython-312-x86_64-linux-gnu.so
7d7550989000-7d755098d000 r--p 00000000 00:2d 830460                     /usr/local/python/3.12.1/lib/python3.12/lib-dynload/_asyncio.cpython-312-x86_64-linux-gnu.so
7d755098d000-7d7550996000 r-xp 00004000 00:2d 830460                     /usr/local/python/3.12.1/lib/python3.12/lib-dynload/_asyncio.cpython-312-x86_64-linux-gnu.so
7d7550996000-7d755099a000 r--p 0000d000 00:2d 830460                     /usr/local/python/3.12.1/lib/python3.12/lib-dynload/_asyncio.cpython-312-x86_64-linux-gnu.so
7d755099a000-7d755099b000 r--p 00011000 00:2d 830460                     /usr/local/python/3.12.1/lib/python3.12/lib-dynload/_asyncio.cpython-312-x86_64-linux-gnu.so
7d755099b000-7d755099d000 rw-p 00012000 00:2d 830460                     /usr/local/python/3.12.1/lib/python3.12/lib-dynload/_asyncio.cpython-312-x86_64-linux-gnu.so
7d755099d000-7d7550a9d000 rw-p 00000000 00:00 0 
7d7550a9d000-7d7550a9f000 r--p 00000000 00:2d 394217                     /usr/lib/x86_64-linux-gnu/libz.so.1.3
7d7550a9f000-7d7550ab1000 r-xp 00002000 00:2d 394217                     /usr/lib/x86_64-linux-gnu/libz.so.1.3
7d7550ab1000-7d7550ab7000 r--p 00014000 00:2d 394217                     /usr/lib/x86_64-linux-gnu/libz.so.1.3
7d7550ab7000-7d7550ab8000 r--p 0001a000 00:2d 394217                     /usr/lib/x86_64-linux-gnu/libz.so.1.3
7d7550ab8000-7d7550ab9000 rw-p 0001b000 00:2d 394217                     /usr/lib/x86_64-linux-gnu/libz.so.1.3
7d7550ab9000-7d7550b6c000 r--p 00000000 00:2d 394114                     /usr/lib/x86_64-linux-gnu/libcrypto.so.3
7d7550b6c000-7d7550e9f000 r-xp 000b3000 00:2d 394114                     /usr/lib/x86_64-linux-gnu/libcrypto.so.3
7d7550e9f000-7d7550f6a000 r--p 003e6000 00:2d 394114                     /usr/lib/x86_64-linux-gnu/libcrypto.so.3
7d7550f6a000-7d7550fc6000 r--p 004b0000 00:2d 394114                     /usr/lib/x86_64-linux-gnu/libcrypto.so.3
7d7550fc6000-7d7550fc9000 rw-p 0050c000 00:2d 394114                     /usr/lib/x86_64-linux-gnu/libcrypto.so.3
7d7550fc9000-7d7550fcc000 rw-p 00000000 00:00 0 
7d7550fcc000-7d7550fea000 r--p 00000000 00:2d 394195                     /usr/lib/x86_64-linux-gnu/libssl.so.3
7d7550fea000-7d755104c000 r-xp 0001e000 00:2d 394195                     /usr/lib/x86_64-linux-gnu/libssl.so.3
7d755104c000-7d7551068000 r--p 00080000 00:2d 394195                     /usr/lib/x86_64-linux-gnu/libssl.so.3
7d7551068000-7d7551072000 r--p 0009c000 00:2d 394195                     /usr/lib/x86_64-linux-gnu/libssl.so.3
7d7551072000-7d7551076000 rw-p 000a6000 00:2d 394195                     /usr/lib/x86_64-linux-gnu/libssl.so.3
7d7551076000-7d7551088000 r--p 00000000 00:2d 830500                     /usr/local/python/3.12.1/lib/python3.12/lib-dynload/_ssl.cpython-312-x86_64-linux-gnu.so
7d7551088000-7d7551097000 r-xp 00012000 00:2d 830500                     /usr/local/python/3.12.1/lib/python3.12/lib-dynload/_ssl.cpython-312-x86_64-linux-gnu.so
7d7551097000-7d75510a5000 r--p 00021000 00:2d 830500                     /usr/local/python/3.12.1/lib/python3.12/lib-dynload/_ssl.cpython-312-x86_64-linux-gnu.so
7d75510a5000-7d75510a6000 r--p 0002e000 00:2d 830500                     /usr/local/python/3.12.1/lib/python3.12/lib-dynload/_ssl.cpython-312-x86_64-linux-gnu.so
7d75510a6000-7d75510af000 rw-p 0002f000 00:2d 830500                     /usr/local/python/3.12.1/lib/python3.12/lib-dynload/_ssl.cpython-312-x86_64-linux-gnu.so
7d75510af000-7d75511af000 rw-p 00000000 00:00 0 
7d75511af000-7d75511b0000 r--p 00000000 00:2d 393772                     /usr/lib/locale/C.utf8/LC_MEASUREMENT
7d75511b0000-7d75511b1000 r--p 00000000 00:2d 393771                     /usr/lib/locale/C.utf8/LC_IDENTIFICATION
7d75511b1000-7d75511b2000 ---p 00000000 00:00 0 
7d75511b2000-7d75511b3000 r--p 00000000 00:00 0 
7d75511b3000-7d75511b6000 r--p 00000000 00:2d 830536                     /usr/local/python/3.12.1/lib/python3.12/lib-dynload/zlib.cpython-312-x86_64-linux-gnu.so
7d75511b6000-7d75511bd000 r-xp 00003000 00:2d 830536                     /usr/local/python/3.12.1/lib/python3.12/lib-dynload/zlib.cpython-312-x86_64-linux-gnu.so
7d75511bd000-7d75511c0000 r--p 0000a000 00:2d 830536                     /usr/local/python/3.12.1/lib/python3.12/lib-dynload/zlib.cpython-312-x86_64-linux-gnu.so
7d75511c0000-7d75511c1000 r--p 0000c000 00:2d 830536                     /usr/local/python/3.12.1/lib/python3.12/lib-dynload/zlib.cpython-312-x86_64-linux-gnu.so
7d75511c1000-7d75511c2000 rw-p 0000d000 00:2d 830536                     /usr/local/python/3.12.1/lib/python3.12/lib-dynload/zlib.cpython-312-x86_64-linux-gnu.so
7d75511c2000-7d75511c4000 r--p 00000000 00:2d 830496                     /usr/local/python/3.12.1/lib/python3.12/lib-dynload/_sha2.cpython-312-x86_64-linux-gnu.so
7d75511c4000-7d75511cf000 r-xp 00002000 00:2d 830496                     /usr/local/python/3.12.1/lib/python3.12/lib-dynload/_sha2.cpython-312-x86_64-linux-gnu.so
7d75511cf000-7d75511d1000 r--p 0000d000 00:2d 830496                     /usr/local/python/3.12.1/lib/python3.12/lib-dynload/_sha2.cpython-312-x86_64-linux-gnu.so
7d75511d1000-7d75511d2000 r--p 0000e000 00:2d 830496                     /usr/local/python/3.12.1/lib/python3.12/lib-dynload/_sha2.cpython-312-x86_64-linux-gnu.so
7d75511d2000-7d75511d3000 rw-p 0000f000 00:2d 830496                     /usr/local/python/3.12.1/lib/python3.12/lib-dynload/_sha2.cpython-312-x86_64-linux-gnu.so
7d75511d3000-7d75511d5000 r--p 00000000 00:2d 830494                     /usr/local/python/3.12.1/lib/python3.12/lib-dynload/_random.cpython-312-x86_64-linux-gnu.so
7d75511d5000-7d75511d7000 r-xp 00002000 00:2d 830494                     /usr/local/python/3.12.1/lib/python3.12/lib-dynload/_random.cpython-312-x86_64-linux-gnu.so
7d75511d7000-7d75511d8000 r--p 00004000 00:2d 830494                     /usr/local/python/3.12.1/lib/python3.12/lib-dynload/_random.cpython-312-x86_64-linux-gnu.so
7d75511d8000-7d75511d9000 r--p 00004000 00:2d 830494                     /usr/local/python/3.12.1/lib/python3.12/lib-dynload/_random.cpython-312-x86_64-linux-gnu.so
7d75511d9000-7d75511da000 rw-p 00005000 00:2d 830494                     /usr/local/python/3.12.1/lib/python3.12/lib-dynload/_random.cpython-312-x86_64-linux-gnu.so
7d75511da000-7d75511dc000 r--p 00000000 00:2d 830461                     /usr/local/python/3.12.1/lib/python3.12/lib-dynload/_bisect.cpython-312-x86_64-linux-gnu.so
7d75511dc000-7d75511df000 r-xp 00002000 00:2d 830461                     /usr/local/python/3.12.1/lib/python3.12/lib-dynload/_bisect.cpython-312-x86_64-linux-gnu.so
7d75511df000-7d75511e0000 r--p 00005000 00:2d 830461                     /usr/local/python/3.12.1/lib/python3.12/lib-dynload/_bisect.cpython-312-x86_64-linux-gnu.so
7d75511e0000-7d75511e1000 r--p 00005000 00:2d 830461                     /usr/local/python/3.12.1/lib/python3.12/lib-dynload/_bisect.cpython-312-x86_64-linux-gnu.so
7d75511e1000-7d75511e2000 rw-p 00006000 00:2d 830461                     /usr/local/python/3.12.1/lib/python3.12/lib-dynload/_bisect.cpython-312-x86_64-linux-gnu.so
7d75511e2000-7d75512e2000 rw-p 00000000 00:00 0 
7d75512e2000-7d75512e3000 ---p 00000000 00:00 0 
7d75512e3000-7d75512e5000 r--p 00000000 00:2d 830493                     /usr/local/python/3.12.1/lib/python3.12/lib-dynload/_queue.cpython-312-x86_64-linux-gnu.so
7d75512e5000-7d75512e7000 r-xp 00002000 00:2d 830493                     /usr/local/python/3.12.1/lib/python3.12/lib-dynload/_queue.cpython-312-x86_64-linux-gnu.so
7d75512e7000-7d75512e8000 r--p 00004000 00:2d 830493                     /usr/local/python/3.12.1/lib/python3.12/lib-dynload/_queue.cpython-312-x86_64-linux-gnu.so
7d75512e8000-7d75512e9000 r--p 00004000 00:2d 830493                     /usr/local/python/3.12.1/lib/python3.12/lib-dynload/_queue.cpython-312-x86_64-linux-gnu.so
7d75512e9000-7d75512ea000 rw-p 00005000 00:2d 830493                     /usr/local/python/3.12.1/lib/python3.12/lib-dynload/_queue.cpython-312-x86_64-linux-gnu.so
7d75512ea000-7d75512eb000 r--p 00000000 00:2d 830470                     /usr/local/python/3.12.1/lib/python3.12/lib-dynload/_contextvars.cpython-312-x86_64-linux-gnu.so
7d75512eb000-7d75512ec000 r-xp 00001000 00:2d 830470                     /usr/local/python/3.12.1/lib/python3.12/lib-dynload/_contextvars.cpython-312-x86_64-linux-gnu.so
7d75512ec000-7d75512ed000 r--p 00002000 00:2d 830470                     /usr/local/python/3.12.1/lib/python3.12/lib-dynload/_contextvars.cpython-312-x86_64-linux-gnu.so
7d75512ed000-7d75512ee000 r--p 00002000 00:2d 830470                     /usr/local/python/3.12.1/lib/python3.12/lib-dynload/_contextvars.cpython-312-x86_64-linux-gnu.so
7d75512ee000-7d75512ef000 rw-p 00003000 00:2d 830470                     /usr/local/python/3.12.1/lib/python3.12/lib-dynload/_contextvars.cpython-312-x86_64-linux-gnu.so
7d75512ef000-7d75512f0000 r--p 00000000 00:2d 830489                     /usr/local/python/3.12.1/lib/python3.12/lib-dynload/_opcode.cpython-312-x86_64-linux-gnu.so
7d75512f0000-7d75512f1000 r-xp 00001000 00:2d 830489                     /usr/local/python/3.12.1/lib/python3.12/lib-dynload/_opcode.cpython-312-x86_64-linux-gnu.so
7d75512f1000-7d75512f2000 r--p 00002000 00:2d 830489                     /usr/local/python/3.12.1/lib/python3.12/lib-dynload/_opcode.cpython-312-x86_64-linux-gnu.so
7d75512f2000-7d75512f3000 r--p 00002000 00:2d 830489                     /usr/local/python/3.12.1/lib/python3.12/lib-dynload/_opcode.cpython-312-x86_64-linux-gnu.so
7d75512f3000-7d75512f4000 rw-p 00003000 00:2d 830489                     /usr/local/python/3.12.1/lib/python3.12/lib-dynload/_opcode.cpython-312-x86_64-linux-gnu.so
7d75512f4000-7d75512f6000 r--p 00000000 00:2d 830518                     /usr/local/python/3.12.1/lib/python3.12/lib-dynload/binascii.cpython-312-x86_64-linux-gnu.so
7d75512f6000-7d75512f9000 r-xp 00002000 00:2d 830518                     /usr/local/python/3.12.1/lib/python3.12/lib-dynload/binascii.cpython-312-x86_64-linux-gnu.so
7d75512f9000-7d75512fb000 r--p 00005000 00:2d 830518                     /usr/local/python/3.12.1/lib/python3.12/lib-dynload/binascii.cpython-312-x86_64-linux-gnu.so
7d75512fb000-7d75512fc000 r--p 00006000 00:2d 830518                     /usr/local/python/3.12.1/lib/python3.12/lib-dynload/binascii.cpython-312-x86_64-linux-gnu.so
7d75512fc000-7d75512fd000 rw-p 00007000 00:2d 830518                     /usr/local/python/3.12.1/lib/python3.12/lib-dynload/binascii.cpython-312-x86_64-linux-gnu.so
7d75512fd000-7d75512fe000 r--p 00000000 00:2d 830482                     /usr/local/python/3.12.1/lib/python3.12/lib-dynload/_heapq.cpython-312-x86_64-linux-gnu.so
7d75512fe000-7d7551300000 r-xp 00001000 00:2d 830482                     /usr/local/python/3.12.1/lib/python3.12/lib-dynload/_heapq.cpython-312-x86_64-linux-gnu.so
7d7551300000-7d7551303000 r--p 00003000 00:2d 830482                     /usr/local/python/3.12.1/lib/python3.12/lib-dynload/_heapq.cpython-312-x86_64-linux-gnu.so
7d7551303000-7d7551304000 r--p 00005000 00:2d 830482                     /usr/local/python/3.12.1/lib/python3.12/lib-dynload/_heapq.cpython-312-x86_64-linux-gnu.so
7d7551304000-7d7551305000 rw-p 00006000 00:2d 830482                     /usr/local/python/3.12.1/lib/python3.12/lib-dynload/_heapq.cpython-312-x86_64-linux-gnu.so
7d7551305000-7d7551306000 r--p 00000000 00:2d 830491                     /usr/local/python/3.12.1/lib/python3.12/lib-dynload/_posixshmem.cpython-312-x86_64-linux-gnu.so
7d7551306000-7d7551307000 r-xp 00001000 00:2d 830491                     /usr/local/python/3.12.1/lib/python3.12/lib-dynload/_posixshmem.cpython-312-x86_64-linux-gnu.so
7d7551307000-7d7551308000 r--p 00002000 00:2d 830491                     /usr/local/python/3.12.1/lib/python3.12/lib-dynload/_posixshmem.cpython-312-x86_64-linux-gnu.so
7d7551308000-7d7551309000 r--p 00002000 00:2d 830491                     /usr/local/python/3.12.1/lib/python3.12/lib-dynload/_posixshmem.cpython-312-x86_64-linux-gnu.so
7d7551309000-7d755130a000 rw-p 00003000 00:2d 830491                     /usr/local/python/3.12.1/lib/python3.12/lib-dynload/_posixshmem.cpython-312-x86_64-linux-gnu.so
7d755130a000-7d755130c000 r--p 00000000 00:2d 830488                     /usr/local/python/3.12.1/lib/python3.12/lib-dynload/_multiprocessing.cpython-312-x86_64-linux-gnu.so
7d755130c000-7d755130e000 r-xp 00002000 00:2d 830488                     /usr/local/python/3.12.1/lib/python3.12/lib-dynload/_multiprocessing.cpython-312-x86_64-linux-gnu.so
7d755130e000-7d755130f000 r--p 00004000 00:2d 830488                     /usr/local/python/3.12.1/lib/python3.12/lib-dynload/_multiprocessing.cpython-312-x86_64-linux-gnu.so
7d755130f000-7d7551310000 r--p 00004000 00:2d 830488                     /usr/local/python/3.12.1/lib/python3.12/lib-dynload/_multiprocessing.cpython-312-x86_64-linux-gnu.so
7d7551310000-7d7551311000 rw-p 00005000 00:2d 830488                     /usr/local/python/3.12.1/lib/python3.12/lib-dynload/_multiprocessing.cpython-312-x86_64-linux-gnu.so
7d7551311000-7d7551313000 r--p 00000000 00:2d 830492                     /usr/local/python/3.12.1/lib/python3.12/lib-dynload/_posixsubprocess.cpython-312-x86_64-linux-gnu.so
7d7551313000-7d7551316000 r-xp 00002000 00:2d 830492                     /usr/local/python/3.12.1/lib/python3.12/lib-dynload/_posixsubprocess.cpython-312-x86_64-linux-gnu.so
7d7551316000-7d7551317000 r--p 00005000 00:2d 830492                     /usr/local/python/3.12.1/lib/python3.12/lib-dynload/_posixsubprocess.cpython-312-x86_64-linux-gnu.so
7d7551317000-7d7551318000 r--p 00005000 00:2d 830492                     /usr/local/python/3.12.1/lib/python3.12/lib-dynload/_posixsubprocess.cpython-312-x86_64-linux-gnu.so
7d7551318000-7d7551319000 rw-p 00006000 00:2d 830492                     /usr/local/python/3.12.1/lib/python3.12/lib-dynload/_posixsubprocess.cpython-312-x86_64-linux-gnu.so
7d7551319000-7d755131a000 r--p 00000000 00:2d 830520                     /usr/local/python/3.12.1/lib/python3.12/lib-dynload/fcntl.cpython-312-x86_64-linux-gnu.so
7d755131a000-7d755131c000 r-xp 00001000 00:2d 830520                     /usr/local/python/3.12.1/lib/python3.12/lib-dynload/fcntl.cpython-312-x86_64-linux-gnu.so
7d755131c000-7d755131e000 r--p 00003000 00:2d 830520                     /usr/local/python/3.12.1/lib/python3.12/lib-dynload/fcntl.cpython-312-x86_64-linux-gnu.so
7d755131e000-7d755131f000 r--p 00004000 00:2d 830520                     /usr/local/python/3.12.1/lib/python3.12/lib-dynload/fcntl.cpython-312-x86_64-linux-gnu.so
7d755131f000-7d7551320000 rw-p 00005000 00:2d 830520                     /usr/local/python/3.12.1/lib/python3.12/lib-dynload/fcntl.cpython-312-x86_64-linux-gnu.so
7d7551320000-7d7551324000 r--p 00000000 00:2d 830516                     /usr/local/python/3.12.1/lib/python3.12/lib-dynload/array.cpython-312-x86_64-linux-gnu.so
7d7551324000-7d755132c000 r-xp 00004000 00:2d 830516                     /usr/local/python/3.12.1/lib/python3.12/lib-dynload/array.cpython-312-x86_64-linux-gnu.so
7d755132c000-7d7551330000 r--p 0000c000 00:2d 830516                     /usr/local/python/3.12.1/lib/python3.12/lib-dynload/array.cpython-312-x86_64-linux-gnu.so
7d7551330000-7d7551331000 r--p 0000f000 00:2d 830516                     /usr/local/python/3.12.1/lib/python3.12/lib-dynload/array.cpython-312-x86_64-linux-gnu.so
7d7551331000-7d7551332000 rw-p 00010000 00:2d 830516                     /usr/local/python/3.12.1/lib/python3.12/lib-dynload/array.cpython-312-x86_64-linux-gnu.so
7d7551332000-7d7551334000 r--p 00000000 00:2d 830528                     /usr/local/python/3.12.1/lib/python3.12/lib-dynload/select.cpython-312-x86_64-linux-gnu.so
7d7551334000-7d7551337000 r-xp 00002000 00:2d 830528                     /usr/local/python/3.12.1/lib/python3.12/lib-dynload/select.cpython-312-x86_64-linux-gnu.so
7d7551337000-7d7551339000 r--p 00005000 00:2d 830528                     /usr/local/python/3.12.1/lib/python3.12/lib-dynload/select.cpython-312-x86_64-linux-gnu.so
7d7551339000-7d755133a000 r--p 00006000 00:2d 830528                     /usr/local/python/3.12.1/lib/python3.12/lib-dynload/select.cpython-312-x86_64-linux-gnu.so
7d755133a000-7d755133b000 rw-p 00007000 00:2d 830528                     /usr/local/python/3.12.1/lib/python3.12/lib-dynload/select.cpython-312-x86_64-linux-gnu.so
7d755133b000-7d755133e000 r--p 00000000 00:2d 830522                     /usr/local/python/3.12.1/lib/python3.12/lib-dynload/math.cpython-312-x86_64-linux-gnu.so
7d755133e000-7d755134a000 r-xp 00003000 00:2d 830522                     /usr/local/python/3.12.1/lib/python3.12/lib-dynload/math.cpython-312-x86_64-linux-gnu.so
7d755134a000-7d755134f000 r--p 0000f000 00:2d 830522                     /usr/local/python/3.12.1/lib/python3.12/lib-dynload/math.cpython-312-x86_64-linux-gnu.so
7d755134f000-7d7551350000 r--p 00013000 00:2d 830522                     /usr/local/python/3.12.1/lib/python3.12/lib-dynload/math.cpython-312-x86_64-linux-gnu.so
7d7551350000-7d7551351000 rw-p 00014000 00:2d 830522                     /usr/local/python/3.12.1/lib/python3.12/lib-dynload/math.cpython-312-x86_64-linux-gnu.so
7d7551351000-7d7551355000 r--p 00000000 00:2d 830498                     /usr/local/python/3.12.1/lib/python3.12/lib-dynload/_socket.cpython-312-x86_64-linux-gnu.so
7d7551355000-7d7551362000 r-xp 00004000 00:2d 830498                     /usr/local/python/3.12.1/lib/python3.12/lib-dynload/_socket.cpython-312-x86_64-linux-gnu.so
7d7551362000-7d755136b000 r--p 00011000 00:2d 830498                     /usr/local/python/3.12.1/lib/python3.12/lib-dynload/_socket.cpython-312-x86_64-linux-gnu.so
7d755136b000-7d755136c000 r--p 00019000 00:2d 830498                     /usr/local/python/3.12.1/lib/python3.12/lib-dynload/_socket.cpython-312-x86_64-linux-gnu.so
7d755136c000-7d755136d000 rw-p 0001a000 00:2d 830498                     /usr/local/python/3.12.1/lib/python3.12/lib-dynload/_socket.cpython-312-x86_64-linux-gnu.so
7d755136d000-7d7551372000 r--p 00000000 00:2d 830490                     /usr/local/python/3.12.1/lib/python3.12/lib-dynload/_pickle.cpython-312-x86_64-linux-gnu.so
7d7551372000-7d7551384000 r-xp 00005000 00:2d 830490                     /usr/local/python/3.12.1/lib/python3.12/lib-dynload/_pickle.cpython-312-x86_64-linux-gnu.so
7d7551384000-7d755138a000 r--p 00017000 00:2d 830490                     /usr/local/python/3.12.1/lib/python3.12/lib-dynload/_pickle.cpython-312-x86_64-linux-gnu.so
7d755138a000-7d755138b000 r--p 0001c000 00:2d 830490                     /usr/local/python/3.12.1/lib/python3.12/lib-dynload/_pickle.cpython-312-x86_64-linux-gnu.so
7d755138b000-7d755138c000 rw-p 0001d000 00:2d 830490                     /usr/local/python/3.12.1/lib/python3.12/lib-dynload/_pickle.cpython-312-x86_64-linux-gnu.so
7d755138c000-7d755138f000 r--p 00000000 00:2d 830502                     /usr/local/python/3.12.1/lib/python3.12/lib-dynload/_struct.cpython-312-x86_64-linux-gnu.so
7d755138f000-7d7551395000 r-xp 00003000 00:2d 830502                     /usr/local/python/3.12.1/lib/python3.12/lib-dynload/_struct.cpython-312-x86_64-linux-gnu.so
7d7551395000-7d7551398000 r--p 00009000 00:2d 830502                     /usr/local/python/3.12.1/lib/python3.12/lib-dynload/_struct.cpython-312-x86_64-linux-gnu.so
7d7551398000-7d7551399000 r--p 0000c000 00:2d 830502                     /usr/local/python/3.12.1/lib/python3.12/lib-dynload/_struct.cpython-312-x86_64-linux-gnu.so
7d7551399000-7d755139a000 rw-p 0000d000 00:2d 830502                     /usr/local/python/3.12.1/lib/python3.12/lib-dynload/_struct.cpython-312-x86_64-linux-gnu.so
7d755139a000-7d7551700000 rw-p 00000000 00:00 0 
7d7551700000-7d7551759000 r--p 00000000 00:2d 393770                     /usr/lib/locale/C.utf8/LC_CTYPE
7d7551759000-7d7551a44000 r--p 00000000 00:2d 531685                     /usr/lib/locale/locale-archive
7d7551a44000-7d7551a47000 rw-p 00000000 00:00 0 
7d7551a47000-7d7551a6f000 r--p 00000000 00:2d 394104                     /usr/lib/x86_64-linux-gnu/libc.so.6
7d7551a6f000-7d7551bf7000 r-xp 00028000 00:2d 394104                     /usr/lib/x86_64-linux-gnu/libc.so.6
7d7551bf7000-7d7551c46000 r--p 001b0000 00:2d 394104                     /usr/lib/x86_64-linux-gnu/libc.so.6
7d7551c46000-7d7551c4a000 r--p 001fe000 00:2d 394104                     /usr/lib/x86_64-linux-gnu/libc.so.6
7d7551c4a000-7d7551c4c000 rw-p 00202000 00:2d 394104                     /usr/lib/x86_64-linux-gnu/libc.so.6
7d7551c4c000-7d7551c59000 rw-p 00000000 00:00 0 
7d7551c59000-7d7551c69000 r--p 00000000 00:2d 394146                     /usr/lib/x86_64-linux-gnu/libm.so.6
7d7551c69000-7d7551ce8000 r-xp 00010000 00:2d 394146                     /usr/lib/x86_64-linux-gnu/libm.so.6
7d7551ce8000-7d7551d40000 r--p 0008f000 00:2d 394146                     /usr/lib/x86_64-linux-gnu/libm.so.6
7d7551d40000-7d7551d41000 r--p 000e7000 00:2d 394146                     /usr/lib/x86_64-linux-gnu/libm.so.6
7d7551d41000-7d7551d42000 rw-p 000e8000 00:2d 394146                     /usr/lib/x86_64-linux-gnu/libm.so.6
7d7551d42000-7d7551d49000 r--s 00000000 00:2d 394075                     /usr/lib/x86_64-linux-gnu/gconv/gconv-modules.cache
7d7551d49000-7d7551d4b000 rw-p 00000000 00:00 0 
7d7551d4b000-7d7551d4c000 r--p 00000000 00:2d 394084                     /usr/lib/x86_64-linux-gnu/ld-linux-x86-64.so.2
7d7551d4c000-7d7551d77000 r-xp 00001000 00:2d 394084                     /usr/lib/x86_64-linux-gnu/ld-linux-x86-64.so.2
7d7551d77000-7d7551d81000 r--p 0002c000 00:2d 394084                     /usr/lib/x86_64-linux-gnu/ld-linux-x86-64.so.2
7d7551d81000-7d7551d83000 r--p 00036000 00:2d 394084                     /usr/lib/x86_64-linux-gnu/ld-linux-x86-64.so.2
7d7551d83000-7d7551d85000 rw-p 00038000 00:2d 394084                     /usr/lib/x86_64-linux-gnu/ld-linux-x86-64.so.2
7ffe33a2d000-7ffe33a31000 ---p 00000000 00:00 0 
7ffe33a31000-7ffe33b2d000 rw-p 00000000 00:00 0                          [stack]
7ffe33b54000-7ffe33b58000 r--p 00000000 00:00 0                          [vvar]
7ffe33b58000-7ffe33b5a000 r-xp 00000000 00:00 0                          [vdso]
ffffffffff600000-ffffffffff601000 --xp 00000000 00:00 0                  [vsyscall]
Total number of mappings: 611

JVMTI agents: none


VM Arguments:
jvm_args: -Dfile.encoding=UTF8 -ea -Xmx1024m 
java_command: <unknown>
java_class_path (initial): /usr/local/python/3.12.1/lib/python3.12/site-packages/konlpy/java:/usr/local/python/3.12.1/lib/python3.12/site-packages/konlpy/java/bin:/usr/local/python/3.12.1/lib/python3.12/site-packages/konlpy/java/open-korean-text-2.1.0.jar:/usr/local/python/3.12.1/lib/python3.12/site-packages/konlpy/java/scala-library-2.12.3.jar:/usr/local/python/3.12.1/lib/python3.12/site-packages/konlpy/java/shineware-ds-1.0.jar:/usr/local/python/3.12.1/lib/python3.12/site-packages/konlpy/java/snakeyaml-1.12.jar:/usr/local/python/3.12.1/lib/python3.12/site-packages/konlpy/java/shineware-common-1.0.jar:/usr/local/python/3.12.1/lib/python3.12/site-packages/konlpy/java/jhannanum-0.8.4.jar:/usr/local/python/3.12.1/lib/python3.12/site-packages/konlpy/java/twitter-text-1.14.7.jar:/usr/local/python/3.12.1/lib/python3.12/site-packages/konlpy/java/aho-corasick.jar:/usr/local/python/3.12.1/lib/python3.12/site-packages/konlpy/java/komoran-3.0.jar:/usr/local/python/3.12.1/lib/python3.12/site-packages/konlpy/java/kkma-2.0.jar:/usr/local/python/3.12.1/lib/python3.12/site-packages/konlpy/java/jhannanum-0.8.4.jar:/usr/local/python/3.12.1/lib/python3.12/site-packages/konlpy/java/kkma-2.0.jar:/usr/local/python/3.12.1/lib/python3.12/site-packages/konlpy/java/aho-corasick.jar:/usr/local/python/3.12.1/lib/python3.12/site-packages/konlpy/java/shineware-common-1.0.jar:/usr/local/python/3.12.1/lib/python3.12/site-packages/konlpy/java/shineware-ds-1.0.jar:/usr/local/python/3.12.1/lib/python3.12/site-packages/konlpy/java/komoran-3.0.jar:/usr/local/python/3.12.1/lib/python3.12/site-packages/konlpy/java/snakeyaml-1.12.jar:/usr/local/python/3.12.1/lib/python3.12/site-packages/konlpy/java/scala-library-2.12.3.jar:/usr/local/python/3.12.1/lib/python3.12/site-packages/konlpy/java/open-korean-text-2.1.0.jar:/usr/local/python/3.12.1/lib/python3.12/site-packages/konlpy/java/twitter-text-1.14.7.jar:/usr/local/python/3.12.1/lib/python3.12/site-packages/konlpy/java/open-korean-text-2.1.0.jar:/usr/local/python/3.12.1/lib/python3.12/site-packages/konlpy/java/scala-library-2.12.3.jar:/usr/local/python/3.12.1/lib/python3.12/site-packages/konlpy/java/shineware-ds-1.0.jar:/usr/local/python/3.12.1/lib/python3.12/site-packages/konlpy/java/snakeyaml-1.12.jar:/usr/local/python/3.12.1/lib/python3.12/site-packages/konlpy/java/shineware-common-1.0.jar:/usr/local/python/3.12.1/lib/python3.12/site-packages/konlpy/java/jhannanum-0.8.4.jar:/usr/local/python/3.12.1/lib/python3.12/site-packages/konlpy/java/twitter-text-1.14.7.jar:/usr/local/python/3.12.1/lib/python3.12/site-packages/konlpy/java/aho-corasick.jar:/usr/local/python/3.12.1/lib/python3.12/site-packages/konlpy/java/komoran-3.0.jar:/usr/local/python/3.12.1/lib/python3.12/site-packages/konlpy/java/kkma-2.0.jar:/usr/local/python/3.12.1/lib/python3.12/site-packages/org.jpype.jar
Launcher Type: generic

[Global flags]
     intx CICompilerCount                          = 2                                         {product} {ergonomic}
     uint ConcGCThreads                            = 1                                         {product} {ergonomic}
     uint G1ConcRefinementThreads                  = 2                                         {product} {ergonomic}
   size_t G1HeapRegionSize                         = 1048576                                   {product} {ergonomic}
   size_t InitialHeapSize                          = 132120576                                 {product} {ergonomic}
   size_t MarkStackSize                            = 4194304                                   {product} {ergonomic}
   size_t MarkStackSizeMax                         = 536870912                                 {product} {ergonomic}
   size_t MaxHeapSize                              = 1073741824                                {product} {command line}
   size_t MaxNewSize                               = 643825664                                 {product} {ergonomic}
   size_t MinHeapDeltaBytes                        = 1048576                                   {product} {ergonomic}
   size_t MinHeapSize                              = 8388608                                   {product} {ergonomic}
    uintx NonNMethodCodeHeapSize                   = 5824512                                {pd product} {ergonomic}
    uintx NonProfiledCodeHeapSize                  = 122920960                              {pd product} {ergonomic}
    uintx ProfiledCodeHeapSize                     = 122912768                              {pd product} {ergonomic}
    uintx ReservedCodeCacheSize                    = 251658240                              {pd product} {ergonomic}
     bool SegmentedCodeCache                       = true                                      {product} {ergonomic}
   size_t SoftMaxHeapSize                          = 1073741824                             {manageable} {ergonomic}
     bool UseCompressedOops                        = true                           {product lp64_product} {ergonomic}
     bool UseG1GC                                  = true                                      {product} {ergonomic}

Logging:
Log output configuration:
 #0: stdout all=warning uptime,level,tags foldmultilines=false
 #1: stderr all=off uptime,level,tags foldmultilines=false

Release file:
IMPLEMENTOR="Microsoft"
IMPLEMENTOR_VERSION="Microsoft-12574222"
JAVA_RUNTIME_VERSION="25.0.1+8-LTS"
JAVA_VERSION="25.0.1"
JAVA_VERSION_DATE="2025-10-21"
LIBC="gnu"
MODULES="java.base java.compiler java.datatransfer java.xml java.prefs java.desktop java.instrument java.logging java.management java.security.sasl java.naming java.rmi java.management.rmi java.net.http java.scripting java.security.jgss java.transaction.xa java.sql java.sql.rowset java.xml.crypto java.se java.smartcardio jdk.accessibility jdk.internal.jvmstat jdk.attach jdk.charsets jdk.internal.opt jdk.zipfs jdk.compiler jdk.crypto.cryptoki jdk.crypto.ec jdk.dynalink jdk.internal.ed jdk.editpad jdk.internal.vm.ci jdk.graal.compiler jdk.graal.compiler.management jdk.hotspot.agent jdk.httpserver jdk.incubator.vector jdk.internal.le jdk.internal.md jdk.jartool jdk.javadoc jdk.jcmd jdk.management jdk.management.agent jdk.jconsole jdk.jdeps jdk.jdwp.agent jdk.jdi jdk.jfr jdk.jlink jdk.jpackage jdk.jshell jdk.jsobject jdk.jstatd jdk.localedata jdk.management.jfr jdk.naming.dns jdk.naming.rmi jdk.net jdk.nio.mapmode jdk.sctp jdk.security.auth jdk.security.jgss jdk.unsupported jdk.unsupported.desktop jdk.xml.dom"
OS_ARCH="x86_64"
OS_NAME="Linux"
SOURCE=".:git:a34d2ff2d503"

Environment Variables:
JAVA_HOME=/usr/local/sdkman/candidates/java/current
PATH=/usr/local/rvm/gems/ruby-3.4.7/bin:/usr/local/rvm/gems/ruby-3.4.7@global/bin:/usr/local/rvm/rubies/ruby-3.4.7/bin:/vscode/bin/linux-x64/41dd792b5e652393e7787322889ed5fdc58bd75b/bin/remote-cli:/home/codespace/.local/bin:/home/codespace/.dotnet:/home/codespace/nvm/current/bin:/home/codespace/.php/current/bin:/home/codespace/.python/current/bin:/home/codespace/java/current/bin:/home/codespace/.ruby/current/bin:/home/codespace/.local/bin:/usr/local/python/current/bin:/usr/local/py-utils/bin:/usr/local/jupyter:/usr/local/oryx:/usr/local/go/bin:/go/bin:/usr/local/sdkman/bin:/usr/local/sdkman/candidates/java/current/bin:/usr/local/sdkman/candidates/gradle/current/bin:/usr/local/sdkman/candidates/maven/current/bin:/usr/local/sdkman/candidates/ant/current/bin:/usr/local/rvm/gems/default/bin:/usr/local/rvm/gems/default@global/bin:/usr/local/rvm/rubies/default/bin:/usr/local/share/rbenv/bin:/usr/local/php/current/bin:/opt/conda/bin:/usr/local/nvs:/usr/local/share/nvm/versions/node/v24.11.1/bin:/usr/local/hugo/bin:/usr/local/sbin:/usr/local/bin:/usr/sbin:/usr/bin:/sbin:/bin:/usr/share/dotnet:/home/codespace/.dotnet/tools:/usr/local/rvm/bin
SHELL=/bin/bash
LANG=C.UTF-8
TERM=xterm-256color

Active Locale:
LC_ALL=C.UTF-8
LC_COLLATE=C.UTF-8
LC_CTYPE=C.UTF-8
LC_MESSAGES=C.UTF-8
LC_MONETARY=C.UTF-8
LC_NUMERIC=C.UTF-8
LC_TIME=C.UTF-8

Signal Handlers:
   SIGSEGV: crash_handler in libjvm.so, mask=11100100010111111101111111111110, flags=SA_RESTART|SA_SIGINFO, unblocked
    SIGBUS: crash_handler in libjvm.so, mask=11100100010111111101111111111110, flags=SA_RESTART|SA_SIGINFO, unblocked
    SIGFPE: crash_handler in libjvm.so, mask=11100100010111111101111111111110, flags=SA_RESTART|SA_SIGINFO, unblocked
   SIGPIPE: javaSignalHandler in libjvm.so, mask=11100100010111111101111111111110, flags=SA_RESTART|SA_SIGINFO, blocked
   SIGXFSZ: javaSignalHandler in libjvm.so, mask=11100100010111111101111111111110, flags=SA_RESTART|SA_SIGINFO, blocked
    SIGILL: crash_handler in libjvm.so, mask=11100100010111111101111111111110, flags=SA_RESTART|SA_SIGINFO, unblocked
   SIGUSR2: SR_handler in libjvm.so, mask=00000000000000000000000000000000, flags=SA_RESTART|SA_SIGINFO, blocked
    SIGHUP: UserHandler in libjvm.so, mask=11100100010111111101111111111110, flags=SA_RESTART|SA_SIGINFO, blocked
    SIGINT: UserHandler in libjvm.so, mask=11100100010111111101111111111110, flags=SA_RESTART|SA_SIGINFO, blocked
   SIGTERM: UserHandler in libjvm.so, mask=11100100010111111101111111111110, flags=SA_RESTART|SA_SIGINFO, blocked
   SIGQUIT: UserHandler in libjvm.so, mask=11100100010111111101111111111110, flags=SA_RESTART|SA_SIGINFO, blocked
   SIGTRAP: crash_handler in libjvm.so, mask=11100100010111111101111111111110, flags=SA_RESTART|SA_SIGINFO, unblocked


Compilation memory statistics disabled.

Periodic native trim disabled

---------------  S Y S T E M  ---------------

OS:
DISTRIB_ID=Ubuntu
DISTRIB_RELEASE=24.04
DISTRIB_CODENAME=noble
DISTRIB_DESCRIPTION="Ubuntu 24.04.3 LTS"
uname: Linux 6.8.0-1044-azure #50~22.04.1-Ubuntu SMP Wed Dec  3 15:13:22 UTC 2025 x86_64
OS uptime: 0 days 1:39 hours
libc: glibc 2.39 NPTL 2.39 
rlimit (soft/hard): STACK 8192k/infinity , CORE infinity/infinity , NPROC infinity/infinity , NOFILE 524288/524288 , AS infinity/infinity , CPU infinity/infinity , DATA infinity/infinity , FSIZE infinity/infinity , MEMLOCK 8192k/8192k
load average: 1.61 1.71 1.76

/proc/meminfo:
MemTotal:        8135224 kB
MemFree:          247916 kB
MemAvailable:    4802748 kB
Buffers:          232756 kB
Cached:          4437768 kB
SwapCached:            0 kB
Active:          4142208 kB
Inactive:        3202136 kB
Active(anon):    2267428 kB
Inactive(anon):   481760 kB
Active(file):    1874780 kB
Inactive(file):  2720376 kB
Unevictable:       30908 kB
Mlocked:           27836 kB
SwapTotal:             0 kB
SwapFree:              0 kB
Zswap:                 0 kB
Zswapped:              0 kB
Dirty:              7572 kB
Writeback:             0 kB
AnonPages:       2669320 kB
Mapped:           758388 kB
Shmem:             66268 kB
KReclaimable:     273304 kB
Slab:             375936 kB
SReclaimable:     273304 kB
SUnreclaim:       102632 kB
KernelStack:       10864 kB
PageTables:        33008 kB
SecPageTables:         0 kB
NFS_Unstable:          0 kB
Bounce:                0 kB
WritebackTmp:          0 kB
CommitLimit:     4067612 kB
Committed_AS:    6502976 kB
VmallocTotal:   34359738367 kB
VmallocUsed:       43872 kB
VmallocChunk:          0 kB
Percpu:             1248 kB
HardwareCorrupted:     0 kB
AnonHugePages:   1093632 kB
ShmemHugePages:        0 kB
ShmemPmdMapped:        0 kB
FileHugePages:         0 kB
FilePmdMapped:         0 kB
Unaccepted:            0 kB
HugePages_Total:       0
HugePages_Free:        0
HugePages_Rsvd:        0
HugePages_Surp:        0
Hugepagesize:       2048 kB
Hugetlb:               0 kB
DirectMap4k:      135104 kB
DirectMap2M:     6156288 kB
DirectMap1G:     4194304 kB

/sys/kernel/mm/transparent_hugepage/enabled: [always] madvise never
/sys/kernel/mm/transparent_hugepage/hpage_pmd_size: 2097152
/sys/kernel/mm/transparent_hugepage/shmem_enabled: always within_size advise [never] deny force
/sys/kernel/mm/transparent_hugepage/defrag (defrag/compaction efforts parameter): always defer defer+madvise [madvise] never

Process Memory:
Virtual Size: 3839472K (peak: 3892312K)
Resident Set Size: 184252K (peak: 184252K) (anon: 126012K, file: 58240K, shmem: 0K)
Swapped out: 0K
C-Heap outstanding allocations: 51371K, retained: 9056K
glibc malloc tunables: (default)

/proc/sys/kernel/threads-max (system-wide limit on the number of threads): 63498
/proc/sys/vm/max_map_count (maximum number of memory map areas a process may have): 65530
/proc/sys/vm/swappiness (control to define how aggressively the kernel swaps out anonymous memory): 60
/proc/sys/kernel/pid_max (system-wide limit on number of process identifiers): 4194304

container information not found.
Hyper-V virtualization detected
Steal ticks since vm start: 0
Steal ticks percentage since vm start:  0.000

CPU: total 2 (initial active 2) (16 cores per cpu, 2 threads per core) family 25 model 1 stepping 1 microcode 0xffffffff, cx8, cmov, fxsr, ht, mmx, 3dnowpref, sse, sse2, sse3, ssse3, sse4a, sse4.1, sse4.2, popcnt, lzcnt, tsc, tscinvbit, avx, avx2, aes, erms, clmul, bmi1, bmi2, adx, sha, fma, vzeroupper, clflush, clflushopt, clwb, hv, rdtscp, rdpid, fsrm, f16c, cet_ss
CPU Model and flags from /proc/cpuinfo:
model name	: AMD EPYC 7763 64-Core Processor
flags		: fpu vme de pse tsc msr pae mce cx8 apic sep mtrr pge mca cmov pat pse36 clflush mmx fxsr sse sse2 ht syscall nx mmxext fxsr_opt pdpe1gb rdtscp lm constant_tsc rep_good nopl tsc_reliable nonstop_tsc cpuid extd_apicid aperfmperf tsc_known_freq pni pclmulqdq ssse3 fma cx16 pcid sse4_1 sse4_2 movbe popcnt aes xsave avx f16c rdrand hypervisor lahf_lm cmp_legacy svm cr8_legacy abm sse4a misalignsse 3dnowprefetch osvw topoext vmmcall fsgsbase bmi1 avx2 smep bmi2 erms invpcid rdseed adx smap clflushopt clwb sha_ni xsaveopt xsavec xgetbv1 xsaves user_shstk clzero xsaveerptr rdpru arat npt nrip_save tsc_scale vmcb_clean flushbyasid decodeassists pausefilter pfthreshold v_vmsave_vmload umip vaes vpclmulqdq rdpid fsrm

Online cpus: 0-1
Offline cpus: 
BIOS frequency limitation: <Not Available>
Frequency switch latency (ns): <Not Available>
Available cpu frequencies: <Not Available>
Current governor: <Not Available>
Core performance/turbo boost: <Not Available>

Memory: 4k page, physical 8135224k(4802748k free), swap 0k(0k free)
Page Sizes: 4k

vm_info: OpenJDK 64-Bit Server VM (25.0.1+8-LTS) for linux-amd64 JRE (25.0.1+8-LTS), built on 2025-10-13T21:28:09Z with gcc 11.3.0

END.
