#
# A fatal error has been detected by the Java Runtime Environment:
#
#  SIGSEGV (0xb) at pc=0x000071ffa681e4f3, pid=140571, tid=140571
#
# JRE version: OpenJDK Runtime Environment Microsoft-12574222 (25.0.1+8) (build 25.0.1+8-LTS)
# Java VM: OpenJDK 64-Bit Server VM Microsoft-12574222 (25.0.1+8-LTS, mixed mode, sharing, tiered, compressed oops, compressed class ptrs, g1 gc, linux-amd64)
# Problematic frame:
# C  [_jpype.cpython-312-x86_64-linux-gnu.so+0x424f3]  JPypeException::toJava() [clone .cold]+0x5d
#
# Core dump will be written. Default location: Core dumps may be processed with "/usr/share/apport/apport -p%p -s%s -c%c -d%d -P%P -u%u -g%g -F%F -- %E" (or dumping to /workspaces/korean_reading_practice/myapp/backend/core.140571)
#
# If you would like to submit a bug report, please visit:
#   https://github.com/microsoft/openjdk/issues
# The crash happened outside the Java Virtual Machine in native code.
# See problematic frame for where to report the bug.
#

---------------  S U M M A R Y ------------

Command Line: -Dfile.encoding=UTF8 -ea -Xmx1024m 

Host: AMD EPYC 7763 64-Core Processor, 2 cores, 7G, Ubuntu 24.04.3 LTS
Time: Thu May  7 02:40:55 2026 UTC elapsed time: 0.273535 seconds (0d 0h 0m 0s)

---------------  T H R E A D  ---------------

Current thread (0x000060aaaaf84750):  JavaThread "main"             [_thread_in_native, id=140571, stack(0x00007ffe8ec71000,0x00007ffe8ed71000) (1024K)]

Stack: [0x00007ffe8ec71000,0x00007ffe8ed71000],  sp=0x00007ffe8ed6b9e0,  free space=1002k
Native frames: (J=compiled Java code, j=interpreted, Vv=VM code, C=native code)
C  [_jpype.cpython-312-x86_64-linux-gnu.so+0x424f3]  JPypeException::toJava() [clone .cold]+0x5d
Java frames: (J=compiled Java code, j=interpreted, Vv=VM code)
j  org.jpype.manager.TypeFactoryNative.newWrapper(JJ)V+0
j  org.jpype.JPypeContext.newWrapper(J)V+16
v  ~StubRoutines::call_stub 0x000071ff8ff38fa6
j  org.jpype.manager.TypeFactoryNative.newWrapper(JJ)V+0
j  org.jpype.JPypeContext.newWrapper(J)V+16
v  ~StubRoutines::call_stub 0x000071ff8ff38fa6

siginfo: si_signo: 11 (SIGSEGV), si_code: 1 (SEGV_MAPERR), si_addr: 0x0000000000000000

Registers:
RAX=0x000071ffa7d727d8, RBX=0x000060aaaba7b7d0, RCX=0x000071ffa7d698d0, RDX=0x000000060aaaaf98
RSP=0x00007ffe8ed6b9e0, RBP=0x0000000000000000, RSI=0x0000000000000000, RDI=0x00007ffe8ed6b968
R8 =0x000060aaa970b010, R9 =0x0000000000000007, R10=0x000060aaaaf98ef0, R11=0x0fb489f6343a98db
R12=0x00007ffe8ed6b9f0, R13=0x000060aaaba7b6a8, R14=0x00007ffe8ed6b9e8, R15=0x000060aaaaf84750
RIP=0x000071ffa681e4f3, EFLAGS=0x0000000000010202, CSGSFS=0x002b000000000033, ERR=0x0000000000000006
  TRAPNO=0x000000000000000e

XMM[0]=0x0000000000000000 0x000071ffaa36f563
XMM[1]=0x000071ffaa36f563 0x000071ffaa36f563
XMM[2]=0xffffffffffffffff 0xffffffffffffffff
XMM[3]=0xffffffffffffffff 0xffffffffffffffff
XMM[4]=0xffffffffffffffff 0xffffffffffffffff
XMM[5]=0xffffffffffffffff 0xffffffffffffffff
XMM[6]=0xffffffffffffffff 0xffffffffffffffff
XMM[7]=0xffffffffffffffff 0xffffffffffffffff
XMM[8]=0x0000000000f700f3 0x0000000000f600f2
XMM[9]=0x00000000000000f3 0x00000000000000f2
XMM[10]=0x000000000000000c 0x000000000000000c
XMM[11]=0x000000000000000a 0x000000000000000a
XMM[12]=0x0000000000000008 0x0000000000000008
XMM[13]=0x0000000000000006 0x0000000000000006
XMM[14]=0x0000000000000004 0x0000000000000004
XMM[15]=0x0000000000000002 0x0000000000000002
  MXCSR=0x00001fa2


Register to memory mapping:

RAX=0x000071ffa7d727d8: <offset 0x000000000027a7d8> in /lib/x86_64-linux-gnu/libstdc++.so.6 at 0x000071ffa7af8000
RBX=0x000060aaaba7b7d0 points into unknown readable memory: 0x000071ffa6894a38 | 38 4a 89 a6 ff 71 00 00
RCX=0x000071ffa7d698d0: <offset 0x00000000002718d0> in /lib/x86_64-linux-gnu/libstdc++.so.6 at 0x000071ffa7af8000
RDX=0x000000060aaaaf98 is an unknown value
RSP=0x00007ffe8ed6b9e0 is pointing into the stack for thread: 0x000060aaaaf84750
RBP=0x0 is null
RSI=0x0 is null
RDI=0x00007ffe8ed6b968 is pointing into the stack for thread: 0x000060aaaaf84750
R8 =0x000060aaa970b010 points into unknown readable memory: 0x0001000000010000 | 00 00 01 00 00 00 01 00
R9 =0x0000000000000007 is an unknown value
R10=0x000060aaaaf98ef0 points into unknown readable memory: 0x000000060aaaaf98 | 98 af aa 0a 06 00 00 00
R11=0x0fb489f6343a98db is an unknown value
R12=0x00007ffe8ed6b9f0 is pointing into the stack for thread: 0x000060aaaaf84750
R13=0x000060aaaba7b6a8 points into unknown readable memory: 0x726956206176614a | 4a 61 76 61 20 56 69 72
R14=0x00007ffe8ed6b9e8 is pointing into the stack for thread: 0x000060aaaaf84750
R15=0x000060aaaaf84750 is a thread

Top of Stack: (sp=0x00007ffe8ed6b9e0)
0x00007ffe8ed6b9e0:   0000003100000001 000071ffa686d7a0   ....1........q..
0x00007ffe8ed6b9f0:   000071ffa686d763 00007ffe8ed60000   c....q..........
0x00007ffe8ed6ba00:   00007ffe8ed6bb48 000071ffa7bb20f4   H........ ...q..
0x00007ffe8ed6ba10:   000071ff6440ac08 00007ffe8ed6ba60   ..@d.q..`.......
0x00007ffe8ed6ba20:   000060aaaba7b620 00007ffe8ed6ba58    ....`..X.......
0x00007ffe8ed6ba30:   00007ffe8ed6bb48 000071ffa68219e8   H............q..
0x00007ffe8ed6ba40:   00007ffe8ed6ba60 000071ffa6821a4b   `.......K....q..
0x00007ffe8ed6ba50:   00000000093e80a0 0000000000000001   ..>.............
0x00007ffe8ed6ba60:   000060aaaaf84bf0 00007ffe8ed60000   .K...`..........
0x00007ffe8ed6ba70:   00007ffe8ed6bb08 0000000000000000   ................
0x00007ffe8ed6ba80:   000071ff6440ac08 000071ff8ff44f85   ..@d.q...O...q..
0x00007ffe8ed6ba90:   0000000000000000 00000000c006b308   ................
0x00007ffe8ed6baa0:   000071ff6440ae88 0000000000000000   ..@d.q..........
0x00007ffe8ed6bab0:   00007ffe8ed6bad8 00007ffe8ed6bb68   ........h.......
0x00007ffe8ed6bac0:   fffffffffffffff7 0000000000000000   ................
0x00007ffe8ed6bad0:   0000000000000008 000071ff6440b288   ..........@d.q..
0x00007ffe8ed6bae0:   0000000000000000 00000000c006b308   ................
0x00007ffe8ed6baf0:   000071ff6440ac08 0000000000000000   ..@d.q..........
0x00007ffe8ed6bb00:   00007ffe8ed6bb28 00007ffe8ed6bba8   (...............
0x00007ffe8ed6bb10:   000071ff8ff40936 0000000000000000   6....q..........
0x00007ffe8ed6bb20:   000071ff8ff42437 000060aaaba145d0   7$...q...E...`..
0x00007ffe8ed6bb30:   0000000000000000 000060aaaaac5900   .........Y...`..
0x00007ffe8ed6bb40:   0000000000000000 00000000c006b3d0   ................
0x00007ffe8ed6bb50:   00000000c006b3d0 00000000c006b3d0   ................
0x00007ffe8ed6bb60:   fffffffffffffff5 000071ff6440eaa0   ..........@d.q..
0x00007ffe8ed6bb70:   0000000000000006 000071ff6440a968   ........h.@d.q..
0x00007ffe8ed6bb80:   0000000000000000 00000000c006a570   ........p.......
0x00007ffe8ed6bb90:   000071ff6440eac8 fffffffffffffff0   ..@d.q..........
0x00007ffe8ed6bba0:   00007ffe8ed6bbc8 00007ffe8ed6bc40   ........@.......
0x00007ffe8ed6bbb0:   000071ff8ff38fa6 0000000000000000   .....q..........
0x00007ffe8ed6bbc0:   00000000c006b3d0 000060aaaba145d0   .........E...`..
0x00007ffe8ed6bbd0:   000060aaaaffe128 00000000c006abd8   (....`..........

Instructions: (pc=0x000071ffa681e4f3)
  0x000071ffa681e3f3:   ff ff 48 8b 54 24 30 48 8b 4c 24 38 49 89 c7 48
  0x000071ffa681e403:   89 94 24 90 00 00 00 48 8b 52 e8 48 89 8c 14 90
  0x000071ffa681e413:   00 00 00 48 c7 84 24 98 00 00 00 00 00 00 00 e9
  0x000071ffa681e423:   56 fe ff ff 4c 89 ff e8 21 9c ff ff e9 46 fd ff
  0x000071ffa681e433:   ff 4c 89 f7 48 89 c3 48 89 d5 e8 fe a6 ff ff eb
  0x000071ffa681e443:   a1 ff d0 48 8d 3d 65 ee 04 00 48 89 c6 e8 fb 90
  0x000071ffa681e453:   ff ff e9 27 ff ff ff 48 89 c7 48 89 d0 e9 ab fe
  0x000071ffa681e463:   ff ff 48 8b 7c 24 60 e8 71 00 02 00 49 8d 74 24
  0x000071ffa681e473:   08 4c 89 f7 e8 94 af ff ff e9 fc fd ff ff e8 ca
  0x000071ffa681e483:   b8 ff ff 48 89 c5 e8 f2 b3 ff ff 48 89 ef e8 ba
  0x000071ffa681e493:   b8 ff ff 4c 89 f7 e8 f2 a1 ff ff 4c 89 e7 e8 4a
  0x000071ffa681e4a3:   a7 ff ff 48 89 df 48 83 ed 01 75 59 e8 2c b6 ff
  0x000071ffa681e4b3:   ff 48 8d 3d 9d ee 04 00 48 89 c3 e8 5d 98 ff ff
  0x000071ffa681e4c3:   48 8b 43 20 48 8d 74 24 10 48 8d 7c 24 08 48 8b
  0x000071ffa681e4d3:   50 08 48 8b 08 8b 40 10 48 89 54 24 08 48 8d 54
  0x000071ffa681e4e3:   24 04 89 44 24 04 48 89 4c 24 10 e8 ed 98 ff ff
=>0x000071ffa681e4f3:   c7 04 25 00 00 00 00 00 00 00 00 e8 7d b3 ff ff
  0x000071ffa681e503:   e9 b9 fe 01 00 e8 d3 b5 ff ff 48 8d 3d 44 ee 04
  0x000071ffa681e513:   00 e8 07 98 ff ff c7 04 25 00 00 00 00 00 00 00
  0x000071ffa681e523:   00 e8 57 b3 ff ff e9 93 fe 01 00 4c 89 f7 e8 5a
  0x000071ffa681e533:   a1 ff ff e9 63 ff ff ff 48 89 c3 48 89 d5 e8 3a
  0x000071ffa681e543:   b3 ff ff 48 89 df 48 89 e8 48 83 e8 01 75 52 e8
  0x000071ffa681e553:   89 b5 ff ff 48 8d 74 24 10 c7 44 24 20 b8 01 00
  0x000071ffa681e563:   00 48 89 c7 48 8d 05 75 ed 04 00 48 89 44 24 10
  0x000071ffa681e573:   48 8d 05 be ed 04 00 48 89 44 24 18 e8 5c 94 ff
  0x000071ffa681e583:   ff e8 17 93 ff ff 48 89 c7 48 89 d0 eb bb 48 89
  0x000071ffa681e593:   c3 48 89 d5 e8 e4 b2 ff ff 48 89 df 48 89 e8 eb
  0x000071ffa681e5a3:   a8 e8 a7 b7 ff ff 48 89 c5 e8 cf b2 ff ff 48 89
  0x000071ffa681e5b3:   ef e8 97 b7 ff ff 90 48 8b 73 18 48 85 f6 74 0f
  0x000071ffa681e5c3:   48 8b 05 ee 98 07 00 48 8b 38 e8 0e 93 ff ff 4c
  0x000071ffa681e5d3:   89 f7 e8 76 9a ff ff 48 89 ef e8 6e b7 ff ff 48
  0x000071ffa681e5e3:   89 ef e8 06 a6 ff ff 48 89 df 4c 89 e0 48 83 e8


Stack slot to memory mapping:

stack at sp + 0 slots: 0x0000003100000001 is an unknown value
stack at sp + 1 slots: 0x000071ffa686d7a0: <offset 0x00000000000917a0> in /usr/local/python/3.12.1/lib/python3.12/site-packages/_jpype.cpython-312-x86_64-linux-gnu.so at 0x000071ffa67dc000
stack at sp + 2 slots: 0x000071ffa686d763: <offset 0x0000000000091763> in /usr/local/python/3.12.1/lib/python3.12/site-packages/_jpype.cpython-312-x86_64-linux-gnu.so at 0x000071ffa67dc000
stack at sp + 3 slots: 0x00007ffe8ed60000 is pointing into the stack for thread: 0x000060aaaaf84750
stack at sp + 4 slots: 0x00007ffe8ed6bb48 is pointing into the stack for thread: 0x000060aaaaf84750
stack at sp + 5 slots: 0x000071ffa7bb20f4: __cxa_get_globals+0x0000000000000014 in /lib/x86_64-linux-gnu/libstdc++.so.6 at 0x000071ffa7af8000
stack at sp + 6 slots: {method} {0x000071ff6440ac08} 'newWrapper' '(JJ)V' in 'org/jpype/manager/TypeFactoryNative'
stack at sp + 7 slots: 0x00007ffe8ed6ba60 is pointing into the stack for thread: 0x000060aaaaf84750

Lock stack of current Java thread (top to bottom):
LockStack[1]: org.jpype.manager.TypeFactoryNative 
{0x00000000c006b3d0} - klass: 'org/jpype/manager/TypeFactoryNative' - flags: 

 - ---- fields (total size 3 words):
 - public 'context' 'J' @16  0 (0x0000000000000000)
LockStack[0]: org.jpype.manager.TypeFactoryNative 
{0x00000000c006b3d0} - klass: 'org/jpype/manager/TypeFactoryNative' - flags: 

 - ---- fields (total size 3 words):
 - public 'context' 'J' @16  0 (0x0000000000000000)


---------------  P R O C E S S  ---------------

Threads class SMR info:
_java_thread_list=0x000071ff441d3590, length=13, elements={
0x000060aaaaf84750, 0x000060aaab8ac5b0, 0x000060aaab8ade60, 0x000060aaab8af930,
0x000060aaab8b12d0, 0x000060aaab8b2bd0, 0x000060aaab8b49a0, 0x000060aaab8b6410,
0x000060aaab8ca590, 0x000060aaab8cc6d0, 0x000060aaaba440d0, 0x000071ff54001030,
0x000071ff441d1910
}

Java Threads: ( => current thread )
=>0x000060aaaaf84750 JavaThread "main"                              [_thread_in_native, id=140571, stack(0x00007ffe8ec71000,0x00007ffe8ed71000) (1024K)]
  0x000060aaab8ac5b0 JavaThread "Reference Handler"          daemon [_thread_blocked, id=140642, stack(0x000071ff84afc000,0x000071ff84bfc000) (1024K)]
  0x000060aaab8ade60 JavaThread "Finalizer"                  daemon [_thread_blocked, id=140643, stack(0x000071ff849fb000,0x000071ff84afb000) (1024K)]
  0x000060aaab8af930 JavaThread "Signal Dispatcher"          daemon [_thread_blocked, id=140644, stack(0x000071ff848fa000,0x000071ff849fa000) (1024K)]
  0x000060aaab8b12d0 JavaThread "Service Thread"             daemon [_thread_blocked, id=140645, stack(0x000071ff847f9000,0x000071ff848f9000) (1024K)]
  0x000060aaab8b2bd0 JavaThread "Monitor Deflation Thread"   daemon [_thread_blocked, id=140646, stack(0x000071ff846f8000,0x000071ff847f8000) (1024K)]
  0x000060aaab8b49a0 JavaThread "C2 CompilerThread0"         daemon [_thread_blocked, id=140647, stack(0x000071ff845f7000,0x000071ff846f7000) (1024K)]
  0x000060aaab8b6410 JavaThread "C1 CompilerThread0"         daemon [_thread_in_native, id=140648, stack(0x000071ff844f6000,0x000071ff845f6000) (1024K)]
  0x000060aaab8ca590 JavaThread "Notification Thread"        daemon [_thread_blocked, id=140649, stack(0x000071ff843f5000,0x000071ff844f5000) (1024K)]
  0x000060aaab8cc6d0 JavaThread "Common-Cleaner"             daemon [_thread_blocked, id=140650, stack(0x000071ff842f4000,0x000071ff843f4000) (1024K)]
  0x000060aaaba440d0 JavaThread "Python Reference Queue"     daemon [_thread_in_native, id=140651, stack(0x000071ff841f3000,0x000071ff842f3000) (1024K)]
  0x000071ff54001030 JavaThread "SIGTERM handler"            daemon [_thread_blocked, id=140652, stack(0x000071ff840f2000,0x000071ff841f2000) (1024K)]
  0x000071ff441d1910 JavaThread "Thread-0"                          [_thread_blocked, id=140653, stack(0x000071ff43f00000,0x000071ff44000000) (1024K)]
Total: 13

Other Threads:
  0x000060aaab8a1720 VMThread "VM Thread"                           [id=140641, stack(0x000071ff84bfd000,0x000071ff84cfd000) (1024K)]
  0x000060aaab892660 WatcherThread "VM Periodic Task Thread"        [id=140640, stack(0x000071ff84cfe000,0x000071ff84dfe000) (1024K)]
  0x000060aaab030eb0 WorkerThread "GC Thread#0"                     [id=140634, stack(0x000071ff87300000,0x000071ff87400000) (1024K)]
  0x000071ff6c000fc0 WorkerThread "GC Thread#1"                     [id=140654, stack(0x000071ff43dff000,0x000071ff43eff000) (1024K)]
  0x000060aaab1c5050 ConcurrentGCThread "G1 Main Marker"            [id=140635, stack(0x000071ff871ff000,0x000071ff872ff000) (1024K)]
  0x000060aaaaf70810 WorkerThread "G1 Conc#0"                       [id=140636, stack(0x000071ff870fe000,0x000071ff871fe000) (1024K)]
  0x000060aaab763580 ConcurrentGCThread "G1 Refine#0"               [id=140637, stack(0x000071ff84f00000,0x000071ff85000000) (1024K)]
  0x000060aaab764720 ConcurrentGCThread "G1 Service"                [id=140638, stack(0x000071ff84dff000,0x000071ff84eff000) (1024K)]
Total: 8

Threads with active compile tasks:
C1 CompilerThread0  322  725       3       java.util.Spliterators::checkFromToBounds (74 bytes)
Total: 1

VM state: not at safepoint (normal execution)

VM Mutex/Monitor currently owned by a thread: None

Heap address: 0x00000000c0000000, size: 1024 MB, Compressed Oops mode: 32-bit

CDS archive(s) mapped at: [0x0000000009000000-0x0000000009d8c000-0x0000000009d8c000), size 14204928, SharedBaseAddress: 0x0000000009000000, ArchiveRelocationMode: 1.
Compressed class space mapped at: 0x000000000a000000-0x000000004a000000, reserved size: 1073741824
UseCompressedClassPointers 1, UseCompactObjectHeaders 0
Narrow klass pointer bits 32, Max shift 3
Narrow klass base: 0x0000000009000000, Narrow klass shift: 0
Encoding Range: [0x0000000009000000 - 0x0000000109000000), (4294967296 bytes)
Klass Range:    [0x0000000009001000 - 0x000000004a000000), (1090514944 bytes)
Klass ID Range:  [4096 - 1090519033) (1090514937)
Protection zone: [0x0000000009000000 - 0x0000000009001000), (4096 bytes)

GC Precious Log:
 CardTable entry size: 512
 Card Set container configuration: InlinePtr #cards 5 size 8 Array Of Cards #cards 10 size 36 Howl #buckets 4 coarsen threshold 1843 Howl Bitmap #cards 512 size 80 coarsen threshold 460 Card regions per heap region 1 cards per card region 2048
 CPUs: 2 total, 2 available
 Memory: 7944M
 Large Page Support: Disabled
 NUMA Support: Disabled
 Compressed Oops: Enabled (32-bit)
 Heap Region Size: 1M
 Heap Min Capacity: 8M
 Heap Initial Capacity: 126M
 Heap Max Capacity: 1G
 Pre-touch: Disabled
 Parallel Workers: 2
 Concurrent Workers: 1
 Concurrent Refinement Workers: 2
 Periodic GC: Disabled
 G1 Time-Based Heap Sizing enabled (uncommit-only)
 Evaluation Interval: 60s, Uncommit Delay: 300s, Min Regions To Uncommit: 10

Heap:
 garbage-first heap   total reserved 1048576K, committed 10240K, used 2126K [0x00000000c0000000, 0x0000000100000000)
  region size 1024K, 1 young (1024K), 0 survivors (0K)

Heap Regions: E=young(eden), S=young(survivor), O=old, HS=humongous(starts), HC=humongous(continues), CS=collection set, F=free, TAMS=top-at-mark-start, PB=parsable bottom
|   0|0x00000000c0000000, 0x00000000c008d398, 0x00000000c0100000| 55%| O|  |TAMS 0x00000000c0000000| PB 0x00000000c0000000| Untracked |  0
|   1|0x00000000c0100000, 0x00000000c0186778, 0x00000000c0200000| 52%| O|  |TAMS 0x00000000c0100000| PB 0x00000000c0100000| Untracked |  0
|   2|0x00000000c0200000, 0x00000000c0200000, 0x00000000c0300000|  0%| F|  |TAMS 0x00000000c0200000| PB 0x00000000c0200000| Untracked |  0
|   3|0x00000000c0300000, 0x00000000c0300000, 0x00000000c0400000|  0%| F|  |TAMS 0x00000000c0300000| PB 0x00000000c0300000| Untracked |  0
|   4|0x00000000c0400000, 0x00000000c0400000, 0x00000000c0500000|  0%| F|  |TAMS 0x00000000c0400000| PB 0x00000000c0400000| Untracked |  0
|   5|0x00000000c0500000, 0x00000000c0500000, 0x00000000c0600000|  0%| F|  |TAMS 0x00000000c0500000| PB 0x00000000c0500000| Untracked |  0
|   6|0x00000000c0600000, 0x00000000c0600000, 0x00000000c0700000|  0%| F|  |TAMS 0x00000000c0600000| PB 0x00000000c0600000| Untracked |  0
|   7|0x00000000c0700000, 0x00000000c0700000, 0x00000000c0800000|  0%| F|  |TAMS 0x00000000c0700000| PB 0x00000000c0700000| Untracked |  0
|   8|0x00000000c0800000, 0x00000000c08d7110, 0x00000000c0900000| 84%| E|  |TAMS 0x00000000c0800000| PB 0x00000000c0800000| Complete |  0
|1022|0x00000000ffe00000, 0x00000000fff00000, 0x00000000fff00000|100%| O|  |TAMS 0x00000000ffe00000| PB 0x00000000ffe00000| Untracked |  0

Card table byte_map: [0x000071ff88400000,0x000071ff88600000] _byte_map_base: 0x000071ff87e00000

Marking Bits: (CMBitMap*) 0x000060aaab1501c0
 Bits: [0x000071ff87400000, 0x000071ff88400000)

Polling page: 0x000071ffa98d5000

Metaspace:
Metaspace        used 1797K, committed 1920K, reserved 1114112K
 class space     used 133K, committed 192K, reserved 1048576K

Usage:
  Non-class:      1.63 MB used.
      Class:    133.17 KB used.
       Both:      1.76 MB used.

Virtual space:
  Non-class space:       64.00 MB reserved,       1.69 MB (  3%) committed,  1 nodes.
      Class space:        1.00 GB reserved,     192.00 KB ( <1%) committed,  1 nodes.
             Both:        1.06 GB reserved,       1.88 MB ( <1%) committed. 

Chunk freelists:
   Non-Class:  11.83 MB
       Class:  15.70 MB
        Both:  27.53 MB

MaxMetaspaceSize: unlimited
CompressedClassSpaceSize: 1.00 GB
Initial GC threshold: 21.00 MB
Current GC threshold: 21.00 MB
CDS: on
 - commit_granule_bytes: 65536.
 - commit_granule_words: 8192.
 - virtual_space_node_default_size: 8388608.
 - enlarge_chunks_in_place: 1.
UseCompressedClassPointers 1, UseCompactObjectHeaders 0
Narrow klass pointer bits 32, Max shift 3
Narrow klass base: 0x0000000009000000, Narrow klass shift: 0
Encoding Range: [0x0000000009000000 - 0x0000000109000000), (4294967296 bytes)
Klass Range:    [0x0000000009001000 - 0x000000004a000000), (1090514944 bytes)
Klass ID Range:  [4096 - 1090519033) (1090514937)
Protection zone: [0x0000000009000000 - 0x0000000009001000), (4096 bytes)


Internal statistics:

num_allocs_failed_limit: 0.
num_arena_births: 46.
num_arena_deaths: 0.
num_vsnodes_births: 2.
num_vsnodes_deaths: 0.
num_space_committed: 30.
num_space_uncommitted: 0.
num_chunks_returned_to_freelist: 0.
num_chunks_taken_from_freelist: 69.
num_chunk_merges: 0.
num_chunk_splits: 41.
num_chunks_enlarged: 17.
num_inconsistent_stats: 0.

CodeHeap 'non-profiled nmethods': size=120040Kb used=123Kb max_used=123Kb free=119917Kb
 bounds [0x000071ff904c6000, 0x000071ff90736000, 0x000071ff97a00000]
CodeHeap 'profiled nmethods': size=120032Kb used=833Kb max_used=833Kb free=119199Kb
 bounds [0x000071ff88a00000, 0x000071ff88c70000, 0x000071ff8ff38000]
CodeHeap 'non-nmethods': size=5688Kb used=1325Kb max_used=1339Kb free=4362Kb
 bounds [0x000071ff8ff38000, 0x000071ff901a8000, 0x000071ff904c6000]
CodeCache: size=245760Kb, used=2281Kb, max_used=2295Kb, free=243478Kb
 total_blobs=1048, nmethods=638, adapters=315, full_count=0
Compilation: enabled, stopped_count=0, restarted_count=0

Compilation events (20 events):
Event: 0.262 Thread 0x000060aaab8b6410 nmethod 670 0x000071ff904e4008 code [0x000071ff904e4100, 0x000071ff904e41c0]
Event: 0.262 Thread 0x000060aaab8b6410  488       3       java.util.HashMap::get (19 bytes)
Event: 0.262 Thread 0x000060aaab8b6410 nmethod 488 0x000071ff88aa5388 code [0x000071ff88aa5480, 0x000071ff88aa56a8]
Event: 0.262 Thread 0x000060aaab8b6410  691       3       java.lang.reflect.Method::getRoot (5 bytes)
Event: 0.262 Thread 0x000060aaab8b6410 nmethod 691 0x000071ff88aa5708 code [0x000071ff88aa5800, 0x000071ff88aa5998]
Event: 0.262 Thread 0x000060aaab8b6410  700   !   3       java.lang.reflect.Executable::declaredAnnotations (85 bytes)
Event: 0.263 Thread 0x000060aaab8b6410 nmethod 700 0x000071ff88aa5a08 code [0x000071ff88aa5b00, 0x000071ff88aa64b8]
Event: 0.263 Thread 0x000060aaab8b6410  706       3       org.jpype.manager.MethodResolution::isMoreSpecificThan (519 bytes)
Event: 0.265 Thread 0x000060aaab8b6410 nmethod 706 0x000071ff88aa6508 code [0x000071ff88aa6600, 0x000071ff88aaa248]
Event: 0.265 Thread 0x000060aaab8b6410  779       3       java.util.TreeMap::put (221 bytes)
Event: 0.266 Thread 0x000060aaab8b6410 nmethod 779 0x000071ff88aaa288 code [0x000071ff88aaa380, 0x000071ff88aaae60]
Event: 0.266 Thread 0x000060aaab8b6410  770       3       org.jpype.manager.MethodResolution::isCovered (48 bytes)
Event: 0.266 Thread 0x000060aaab8b6410 nmethod 770 0x000071ff88aaae88 code [0x000071ff88aaaf80, 0x000071ff88aab4b0]
Event: 0.266 Thread 0x000060aaab8b6410  632   !   3       java.lang.Class::getTypeName (46 bytes)
Event: 0.267 Thread 0x000060aaab8b6410 nmethod 632 0x000071ff88aab508 code [0x000071ff88aab600, 0x000071ff88aad0d0]
Event: 0.267 Thread 0x000060aaab8b6410  658   !   3       org.jpype.manager.TypeManager::isOverridden (28 bytes)
Event: 0.269 Thread 0x000060aaab8b6410 nmethod 658 0x000071ff88aad108 code [0x000071ff88aad200, 0x000071ff88aad848]
Event: 0.269 Thread 0x000060aaab8b6410  692       3       java.util.AbstractCollection::isEmpty (13 bytes)
Event: 0.269 Thread 0x000060aaab8b6410 nmethod 692 0x000071ff88aad888 code [0x000071ff88aad980, 0x000071ff88aadb88]
Event: 0.269 Thread 0x000060aaab8b6410  788       3       org.jpype.manager.TypeManager::isCallerSensitive (91 bytes)

GC Heap Usage History (2 events):
Event: 0.255 {heap Before GC invocations=0 (full 0):
 garbage-first heap   total reserved 1048576K, committed 131072K, used 6275K [0x00000000c0000000, 0x0000000100000000)
  region size 1024K, 6 young (6144K), 0 survivors (0K)
}
Event: 0.261 {heap After GC invocations=1 (full 1):
 garbage-first heap   total reserved 1048576K, committed 10240K, used 2126K [0x00000000c0000000, 0x0000000100000000)
  region size 1024K, 0 young (0K), 0 survivors (0K)
}

Metaspace Usage History (2 events):
Event: 0.255 {metaspace Before GC invocations=0 (full 0):
 Metaspace       used 1757K, committed 1920K, reserved 1114112K
  class space    used 132K, committed 192K, reserved 1048576K
}
Event: 0.261 {metaspace After GC invocations=1 (full 1):
 Metaspace       used 1757K, committed 1920K, reserved 1114112K
  class space    used 132K, committed 192K, reserved 1048576K
}

Dll operation events (6 events):
Event: 0.003 Loaded shared library /usr/local/sdkman/candidates/java/25.0.1-ms/lib/libjava.so
Event: 0.018 Loaded shared library /usr/local/sdkman/candidates/java/25.0.1-ms/lib/libsimdsort.so
Event: 0.028 Loaded shared library /usr/local/sdkman/candidates/java/25.0.1-ms/lib/libnio.so
Event: 0.032 Loaded shared library /usr/local/sdkman/candidates/java/25.0.1-ms/lib/libzip.so
Event: 0.086 Loaded shared library /usr/local/python/3.12.1/lib/python3.12/site-packages/_jpype.cpython-312-x86_64-linux-gnu.so
Event: 0.130 Loaded shared library /usr/local/sdkman/candidates/java/25.0.1-ms/lib/libjimage.so

Deoptimization events (8 events):
Event: 0.050 Thread 0x000060aaaaf84750 Uncommon trap: trap_request=0xffffff45 fr.pc=0x000071ff904c98f8 relative=0x0000000000000078
Event: 0.050 Thread 0x000060aaaaf84750 Uncommon trap: reason=unstable_if action=reinterpret pc=0x000071ff904c98f8 method=jdk.internal.misc.Unsafe.convEndian(ZS)S @ 4 c2
Event: 0.050 Thread 0x000060aaaaf84750 DEOPT PACKING pc=0x000071ff904c98f8 sp=0x00007ffe8ed6b560
Event: 0.050 Thread 0x000060aaaaf84750 DEOPT UNPACKING pc=0x000071ff8ffc61f9 sp=0x00007ffe8ed6b4b0 mode 2
Event: 0.080 Thread 0x000060aaaaf84750 Uncommon trap: trap_request=0xffffff45 fr.pc=0x000071ff904c92f8 relative=0x0000000000000078
Event: 0.080 Thread 0x000060aaaaf84750 Uncommon trap: reason=unstable_if action=reinterpret pc=0x000071ff904c92f8 method=jdk.internal.misc.Unsafe.convEndian(ZI)I @ 4 c2
Event: 0.080 Thread 0x000060aaaaf84750 DEOPT PACKING pc=0x000071ff904c92f8 sp=0x00007ffe8ed6aec0
Event: 0.080 Thread 0x000060aaaaf84750 DEOPT UNPACKING pc=0x000071ff8ffc61f9 sp=0x00007ffe8ed6ae10 mode 2

Classes loaded (20 events):
Event: 0.240 Loading class jdk/internal/logger/SimpleConsoleLogger done
Event: 0.240 Loading class jdk/internal/logger/SurrogateLogger done
Event: 0.241 Loading class java/nio/charset/CharsetDecoder
Event: 0.241 Loading class java/nio/charset/CharsetDecoder done
Event: 0.241 Loading class java/nio/charset/CharacterCodingException
Event: 0.241 Loading class java/nio/charset/CharacterCodingException done
Event: 0.241 Loading class java/lang/foreign/MemorySegment
Event: 0.242 Loading class java/lang/foreign/MemorySegment done
Event: 0.250 Loading class sun/util/logging/PlatformLogger
Event: 0.250 Loading class sun/util/logging/PlatformLogger done
Event: 0.250 Loading class sun/util/logging/PlatformLogger$Level
Event: 0.251 Loading class sun/util/logging/PlatformLogger$Level done
Event: 0.253 Loading class jdk/internal/event/ThreadSleepEvent
Event: 0.253 Loading class jdk/internal/event/Event
Event: 0.253 Loading class jdk/internal/event/Event done
Event: 0.253 Loading class jdk/internal/event/ThreadSleepEvent done
Event: 0.253 Loading class java/util/Spliterator$OfInt
Event: 0.253 Loading class java/util/Spliterator$OfPrimitive
Event: 0.253 Loading class java/util/Spliterator$OfPrimitive done
Event: 0.253 Loading class java/util/Spliterator$OfInt done

Classes unloaded (0 events):
No events

Classes redefined (0 events):
No events

Internal exceptions (13 events):
Event: 0.066 Thread 0x000060aaaaf84750 Exception <a 'java/lang/NoSuchMethodError'{0x00000000c7c83670}: 'void java.lang.invoke.DirectMethodHandle$Holder.invokeSpecial(java.lang.Object, java.lang.Object, java.lang.Object)'> (0x00000000c7c83670) 
thrown [src/hotspot/share/interpreter/linkResolver.cpp, line 803]
Event: 0.090 Thread 0x000060aaaaf84750 Exception <a 'java/lang/NoSuchMethodError'{0x00000000c7b06850}: 'int java.lang.invoke.DirectMethodHandle$Holder.invokeStaticInit(java.lang.Object, java.lang.Object)'> (0x00000000c7b06850) 
thrown [src/hotspot/share/interpreter/linkResolver.cpp, line 803]
Event: 0.091 Thread 0x000060aaaaf84750 Exception <a 'java/lang/NoSuchMethodError'{0x00000000c7b163f0}: 'java.lang.Object java.lang.invoke.DirectMethodHandle$Holder.invokeStaticInit(java.lang.Object, int)'> (0x00000000c7b163f0) 
thrown [src/hotspot/share/interpreter/linkResolver.cpp, line 803]
Event: 0.096 Thread 0x000060aaaaf84750 Exception <a 'java/lang/NoSuchMethodError'{0x00000000c7b3cb30}: 'java.lang.Object java.lang.invoke.DirectMethodHandle$Holder.newInvokeSpecial(java.lang.Object, java.lang.Object, java.lang.Object, java.lang.Object, java.lang.Object)'> (0x00000000c7b3cb30) 
thrown [src/hotspot/share/interpreter/linkResolver.cpp, line 803]
Event: 0.097 Thread 0x000060aaaaf84750 Exception <a 'java/lang/NoSuchMethodError'{0x00000000c7b94458}: 'void java.lang.invoke.DirectMethodHandle$Holder.invokeStatic(java.lang.Object, java.lang.Object, java.lang.Object, java.lang.Object)'> (0x00000000c7b94458) 
thrown [src/hotspot/share/interpreter/linkResolver.cpp, line 803]
Event: 0.099 Thread 0x000060aaaaf84750 Exception <a 'java/lang/NoSuchMethodError'{0x00000000c7bada68}: 'void java.lang.invoke.DirectMethodHandle$Holder.invokeStatic(java.lang.Object, java.lang.Object, java.lang.Object)'> (0x00000000c7bada68) 
thrown [src/hotspot/share/interpreter/linkResolver.cpp, line 803]
Event: 0.105 Thread 0x000060aaaaf84750 Exception <a 'java/lang/NoSuchMethodError'{0x00000000c7bd7708}: 'java.lang.Object java.lang.invoke.DirectMethodHandle$Holder.invokeInterface(java.lang.Object, java.lang.Object)'> (0x00000000c7bd7708) 
thrown [src/hotspot/share/interpreter/linkResolver.cpp, line 803]
Event: 0.106 Thread 0x000060aaaaf84750 Exception <a 'java/lang/IncompatibleClassChangeError'{0x00000000c7bdfb88}: Found class java.lang.Object, but interface was expected> (0x00000000c7bdfb88) 
thrown [src/hotspot/share/interpreter/linkResolver.cpp, line 871]
Event: 0.107 Thread 0x000060aaaaf84750 Exception <a 'java/lang/NoSuchMethodError'{0x00000000c7be7d80}: 'void java.lang.invoke.DirectMethodHandle$Holder.invokeStatic(java.lang.Object, java.lang.Object)'> (0x00000000c7be7d80) 
thrown [src/hotspot/share/interpreter/linkResolver.cpp, line 803]
Event: 0.110 Thread 0x000060aaaaf84750 Exception <a 'java/lang/NoSuchMethodError'{0x00000000c7bfb7d0}: 'java.lang.Object java.lang.invoke.Invokers$Holder.invokeExact_MT(java.lang.Object, java.lang.Object, java.lang.Object, java.lang.Object, java.lang.Object)'> (0x00000000c7bfb7d0) 
thrown [src/hotspot/share/interpreter/linkResolver.cpp, line 803]
Event: 0.114 Thread 0x000060aaaaf84750 Exception <a 'java/lang/NoSuchMethodError'{0x00000000c7a17a38}: 'int java.lang.invoke.Invokers$Holder.invokeExact_MT(java.lang.Object, java.lang.Object, java.lang.Object)'> (0x00000000c7a17a38) 
thrown [src/hotspot/share/interpreter/linkResolver.cpp, line 803]
Event: 0.135 Thread 0x000060aaaaf84750 Exception <a 'java/lang/NoSuchMethodError'{0x00000000c7a8dbd8}: 'java.lang.Object java.lang.invoke.DirectMethodHandle$Holder.invokeStaticInit(java.lang.Object)'> (0x00000000c7a8dbd8) 
thrown [src/hotspot/share/interpreter/linkResolver.cpp, line 803]
Event: 0.184 Thread 0x000060aaaaf84750 Exception <a 'java/lang/IncompatibleClassChangeError'{0x00000000c7914170}: Found class java.lang.Object, but interface was expected> (0x00000000c7914170) 
thrown [src/hotspot/share/interpreter/linkResolver.cpp, line 871]

VM Operations (4 events):
Event: 0.255 Executing safepoint VM operation: G1CollectFull (System.gc())
Event: 0.261 Executing safepoint VM operation: G1CollectFull (System.gc()) done
Event: 0.267 Executing safepoint VM operation: ThreadDump
Event: 0.267 Executing safepoint VM operation: ThreadDump done

Memory protections (15 events):
Event: 0.003 Protecting memory [0x00007ffe8ec71000,0x00007ffe8ec75000] with protection modes 0
Event: 0.010 Protecting memory [0x0000000009000000,0x0000000009001000] with protection modes 0
Event: 0.016 Protecting memory [0x000071ff84afc000,0x000071ff84b00000] with protection modes 0
Event: 0.017 Protecting memory [0x000071ff849fb000,0x000071ff849ff000] with protection modes 0
Event: 0.017 Protecting memory [0x000071ff848fa000,0x000071ff848fe000] with protection modes 0
Event: 0.017 Protecting memory [0x000071ff847f9000,0x000071ff847fd000] with protection modes 0
Event: 0.017 Protecting memory [0x000071ff846f8000,0x000071ff846fc000] with protection modes 0
Event: 0.017 Protecting memory [0x000071ff845f7000,0x000071ff845fb000] with protection modes 0
Event: 0.018 Protecting memory [0x000071ff844f6000,0x000071ff844fa000] with protection modes 0
Event: 0.025 Protecting memory [0x000071ff843f5000,0x000071ff843f9000] with protection modes 0
Event: 0.027 Protecting memory [0x000071ff842f4000,0x000071ff842f8000] with protection modes 0
Event: 0.113 Protecting memory [0x000071ffa798d000,0x000071ffa798e000] with protection modes 1
Event: 0.127 Protecting memory [0x000071ff841f3000,0x000071ff841f7000] with protection modes 0
Event: 0.233 Protecting memory [0x000071ff840f2000,0x000071ff840f6000] with protection modes 0
Event: 0.253 Protecting memory [0x000071ff43f00000,0x000071ff43f04000] with protection modes 0

Nmethod flushes (0 events):
No events

Events (13 events):
Event: 0.011 Thread 0x000060aaaaf84750 Thread added: 0x000060aaaaf84750
Event: 0.016 Thread 0x000060aaaaf84750 Thread added: 0x000060aaab8ac5b0
Event: 0.017 Thread 0x000060aaaaf84750 Thread added: 0x000060aaab8ade60
Event: 0.017 Thread 0x000060aaaaf84750 Thread added: 0x000060aaab8af930
Event: 0.017 Thread 0x000060aaaaf84750 Thread added: 0x000060aaab8b12d0
Event: 0.017 Thread 0x000060aaaaf84750 Thread added: 0x000060aaab8b2bd0
Event: 0.017 Thread 0x000060aaaaf84750 Thread added: 0x000060aaab8b49a0
Event: 0.017 Thread 0x000060aaaaf84750 Thread added: 0x000060aaab8b6410
Event: 0.025 Thread 0x000060aaaaf84750 Thread added: 0x000060aaab8ca590
Event: 0.027 Thread 0x000060aaaaf84750 Thread added: 0x000060aaab8cc6d0
Event: 0.127 Thread 0x000060aaaaf84750 Thread added: 0x000060aaaba440d0
Event: 0.233 Thread 0x000060aaab8af930 Thread added: 0x000071ff54001030
Event: 0.252 Thread 0x000071ff54001030 Thread added: 0x000071ff441d1910


Dynamic libraries:
09000000-09001000 ---p 00000000 00:00 0 
09001000-094ab000 rw-p 00001000 00:2d 681584                             /usr/local/sdkman/candidates/java/25.0.1-ms/lib/server/classes.jsa
094ab000-09d8c000 rw-p 004ab000 00:2d 681584                             /usr/local/sdkman/candidates/java/25.0.1-ms/lib/server/classes.jsa
09d8c000-0a000000 ---p 00000000 00:00 0 
0a000000-0a020000 rw-p 00000000 00:00 0 
0a020000-0a040000 ---p 00000000 00:00 0 
0a040000-0a050000 rw-p 00000000 00:00 0 
0a050000-4a000000 ---p 00000000 00:00 0 
c0000000-c0900000 rw-p 00000000 00:00 0 
c0900000-ffe00000 ---p 00000000 00:00 0 
ffe00000-fff00000 rw-p 00dbf000 00:2d 681584                             /usr/local/sdkman/candidates/java/25.0.1-ms/lib/server/classes.jsa
fff00000-100000000 ---p 00000000 00:00 0 
60aa6aacf000-60aa6abcd000 r--p 00000000 00:2d 828064                     /usr/local/python/3.12.1/bin/python3.12
60aa6abcd000-60aa6ae6a000 r-xp 000fe000 00:2d 828064                     /usr/local/python/3.12.1/bin/python3.12
60aa6ae6a000-60aa6afbc000 r--p 0039b000 00:2d 828064                     /usr/local/python/3.12.1/bin/python3.12
60aa6afbc000-60aa6b033000 r--p 004ed000 00:2d 828064                     /usr/local/python/3.12.1/bin/python3.12
60aa6b033000-60aa6b1a0000 rw-p 00564000 00:2d 828064                     /usr/local/python/3.12.1/bin/python3.12
60aa6b1a0000-60aa6b1a2000 rw-p 00000000 00:00 0 
60aaa970b000-60aaabaf8000 rw-p 00000000 00:00 0                          [heap]
71ff43dfe000-71ff43dff000 ---p 00000000 00:00 0 
71ff43dff000-71ff43eff000 rw-p 00000000 00:00 0 
71ff43eff000-71ff43f00000 ---p 00000000 00:00 0 
71ff43f00000-71ff43f04000 ---p 00000000 00:00 0 
71ff43f04000-71ff44000000 rw-p 00000000 00:00 0 
71ff44000000-71ff444e8000 rw-p 00000000 00:00 0 
71ff444e8000-71ff48000000 ---p 00000000 00:00 0 
71ff48000000-71ff48021000 rw-p 00000000 00:00 0 
71ff48021000-71ff4c000000 ---p 00000000 00:00 0 
71ff4c000000-71ff4c021000 rw-p 00000000 00:00 0 
71ff4c021000-71ff50000000 ---p 00000000 00:00 0 
71ff50000000-71ff5031a000 rw-p 00000000 00:00 0 
71ff5031a000-71ff54000000 ---p 00000000 00:00 0 
71ff54000000-71ff54021000 rw-p 00000000 00:00 0 
71ff54021000-71ff58000000 ---p 00000000 00:00 0 
71ff58000000-71ff58021000 rw-p 00000000 00:00 0 
71ff58021000-71ff5c000000 ---p 00000000 00:00 0 
71ff5c000000-71ff5c021000 rw-p 00000000 00:00 0 
71ff5c021000-71ff60000000 ---p 00000000 00:00 0 
71ff60000000-71ff60021000 rw-p 00000000 00:00 0 
71ff60021000-71ff64000000 ---p 00000000 00:00 0 
71ff64000000-71ff64180000 rw-p 00000000 00:00 0 
71ff64180000-71ff64400000 ---p 00000000 00:00 0 
71ff64400000-71ff64430000 rw-p 00000000 00:00 0 
71ff64430000-71ff68000000 ---p 00000000 00:00 0 
71ff68000000-71ff68021000 rw-p 00000000 00:00 0 
71ff68021000-71ff6c000000 ---p 00000000 00:00 0 
71ff6c000000-71ff6c619000 rw-p 00000000 00:00 0 
71ff6c619000-71ff70000000 ---p 00000000 00:00 0 
71ff70000000-71ff70021000 rw-p 00000000 00:00 0 
71ff70021000-71ff74000000 ---p 00000000 00:00 0 
71ff74000000-71ff74021000 rw-p 00000000 00:00 0 
71ff74021000-71ff78000000 ---p 00000000 00:00 0 
71ff78000000-71ff78021000 rw-p 00000000 00:00 0 
71ff78021000-71ff7c000000 ---p 00000000 00:00 0 
71ff7c000000-71ff7c021000 rw-p 00000000 00:00 0 
71ff7c021000-71ff80000000 ---p 00000000 00:00 0 
71ff80000000-71ff80021000 rw-p 00000000 00:00 0 
71ff80021000-71ff84000000 ---p 00000000 00:00 0 
71ff840f1000-71ff840f2000 ---p 00000000 00:00 0 
71ff840f2000-71ff840f6000 ---p 00000000 00:00 0 
71ff840f6000-71ff841f2000 rw-p 00000000 00:00 0 
71ff841f2000-71ff841f3000 ---p 00000000 00:00 0 
71ff841f3000-71ff841f7000 ---p 00000000 00:00 0 
71ff841f7000-71ff842f3000 rw-p 00000000 00:00 0 
71ff842f3000-71ff842f4000 ---p 00000000 00:00 0 
71ff842f4000-71ff842f8000 ---p 00000000 00:00 0 
71ff842f8000-71ff843f4000 rw-p 00000000 00:00 0 
71ff843f4000-71ff843f5000 ---p 00000000 00:00 0 
71ff843f5000-71ff843f9000 ---p 00000000 00:00 0 
71ff843f9000-71ff844f5000 rw-p 00000000 00:00 0 
71ff844f5000-71ff844f6000 ---p 00000000 00:00 0 
71ff844f6000-71ff844fa000 ---p 00000000 00:00 0 
71ff844fa000-71ff845f6000 rw-p 00000000 00:00 0 
71ff845f6000-71ff845f7000 ---p 00000000 00:00 0 
71ff845f7000-71ff845fb000 ---p 00000000 00:00 0 
71ff845fb000-71ff846f7000 rw-p 00000000 00:00 0 
71ff846f7000-71ff846f8000 ---p 00000000 00:00 0 
71ff846f8000-71ff846fc000 ---p 00000000 00:00 0 
71ff846fc000-71ff847f8000 rw-p 00000000 00:00 0 
71ff847f8000-71ff847f9000 ---p 00000000 00:00 0 
71ff847f9000-71ff847fd000 ---p 00000000 00:00 0 
71ff847fd000-71ff848f9000 rw-p 00000000 00:00 0 
71ff848f9000-71ff848fa000 ---p 00000000 00:00 0 
71ff848fa000-71ff848fe000 ---p 00000000 00:00 0 
71ff848fe000-71ff849fa000 rw-p 00000000 00:00 0 
71ff849fa000-71ff849fb000 ---p 00000000 00:00 0 
71ff849fb000-71ff849ff000 ---p 00000000 00:00 0 
71ff849ff000-71ff84afb000 rw-p 00000000 00:00 0 
71ff84afb000-71ff84afc000 ---p 00000000 00:00 0 
71ff84afc000-71ff84b00000 ---p 00000000 00:00 0 
71ff84b00000-71ff84bfc000 rw-p 00000000 00:00 0 
71ff84bfc000-71ff84bfd000 ---p 00000000 00:00 0 
71ff84bfd000-71ff84cfd000 rw-p 00000000 00:00 0 
71ff84cfd000-71ff84cfe000 ---p 00000000 00:00 0 
71ff84cfe000-71ff84dfe000 rw-p 00000000 00:00 0 
71ff84dfe000-71ff84dff000 ---p 00000000 00:00 0 
71ff84dff000-71ff84eff000 rw-p 00000000 00:00 0 
71ff84eff000-71ff84f00000 ---p 00000000 00:00 0 
71ff84f00000-71ff85000000 rw-p 00000000 00:00 0 
71ff85000000-71ff87000000 rw-p 00000000 00:00 0 
71ff870bd000-71ff870fa000 r-xp 00000000 00:2d 681571                     /usr/local/sdkman/candidates/java/25.0.1-ms/lib/libsimdsort.so
71ff870fa000-71ff870fb000 ---p 0003d000 00:2d 681571                     /usr/local/sdkman/candidates/java/25.0.1-ms/lib/libsimdsort.so
71ff870fb000-71ff870fc000 r--p 0003d000 00:2d 681571                     /usr/local/sdkman/candidates/java/25.0.1-ms/lib/libsimdsort.so
71ff870fc000-71ff870fd000 rw-p 0003e000 00:2d 681571                     /usr/local/sdkman/candidates/java/25.0.1-ms/lib/libsimdsort.so
71ff870fd000-71ff870fe000 ---p 00000000 00:00 0 
71ff870fe000-71ff871fe000 rw-p 00000000 00:00 0 
71ff871fe000-71ff871ff000 ---p 00000000 00:00 0 
71ff871ff000-71ff872ff000 rw-p 00000000 00:00 0 
71ff872ff000-71ff87300000 ---p 00000000 00:00 0 
71ff87300000-71ff87400000 rw-p 00000000 00:00 0 
71ff87400000-71ff87424000 rw-p 00000000 00:00 0 
71ff87424000-71ff883f8000 ---p 00000000 00:00 0 
71ff883f8000-71ff883fc000 rw-p 00000000 00:00 0 
71ff883fc000-71ff88400000 ---p 00000000 00:00 0 
71ff88400000-71ff88405000 rw-p 00000000 00:00 0 
71ff88405000-71ff885ff000 ---p 00000000 00:00 0 
71ff885ff000-71ff88605000 rw-p 00000000 00:00 0 
71ff88605000-71ff887ff000 ---p 00000000 00:00 0 
71ff887ff000-71ff88800000 rw-p 00000000 00:00 0 
71ff8882a000-71ff8882f000 rw-p 00000000 00:00 0 
71ff8882f000-71ff88915000 ---p 00000000 00:00 0 
71ff88915000-71ff8891a000 rw-p 00000000 00:00 0 
71ff8891a000-71ff88a00000 ---p 00000000 00:00 0 
71ff88a00000-71ff88c70000 rwxp 00000000 00:00 0 
71ff88c70000-71ff8ff38000 ---p 00000000 00:00 0 
71ff8ff38000-71ff901a8000 rwxp 00000000 00:00 0 
71ff901a8000-71ff904c6000 ---p 00000000 00:00 0 
71ff904c6000-71ff90736000 rwxp 00000000 00:00 0 
71ff90736000-71ff97a00000 ---p 00000000 00:00 0 
71ff97a1f000-71ffa0512000 r--s 00000000 00:2d 681576                     /usr/local/sdkman/candidates/java/25.0.1-ms/lib/modules
71ffa0512000-71ffa1ab5000 r-xp 00000000 00:2d 681589                     /usr/local/sdkman/candidates/java/25.0.1-ms/lib/server/libjvm.so
71ffa1ab5000-71ffa1ab6000 ---p 015a3000 00:2d 681589                     /usr/local/sdkman/candidates/java/25.0.1-ms/lib/server/libjvm.so
71ffa1ab6000-71ffa1b9f000 r--p 015a3000 00:2d 681589                     /usr/local/sdkman/candidates/java/25.0.1-ms/lib/server/libjvm.so
71ffa1b9f000-71ffa1bca000 rw-p 0168c000 00:2d 681589                     /usr/local/sdkman/candidates/java/25.0.1-ms/lib/server/libjvm.so
71ffa1bca000-71ffa1c46000 rw-p 00000000 00:00 0 
71ffa1c46000-71ffa1e19000 r--p 00000000 00:2d 1078548                    /usr/local/python/3.12.1/lib/python3.12/site-packages/pymupdf/_mupdf.so
71ffa1e19000-71ffa22c4000 r-xp 001d3000 00:2d 1078548                    /usr/local/python/3.12.1/lib/python3.12/site-packages/pymupdf/_mupdf.so
71ffa22c4000-71ffa279e000 r--p 0067e000 00:2d 1078548                    /usr/local/python/3.12.1/lib/python3.12/site-packages/pymupdf/_mupdf.so
71ffa279e000-71ffa27a2000 r--p 00b57000 00:2d 1078548                    /usr/local/python/3.12.1/lib/python3.12/site-packages/pymupdf/_mupdf.so
71ffa27a2000-71ffa2836000 rw-p 00b5b000 00:2d 1078548                    /usr/local/python/3.12.1/lib/python3.12/site-packages/pymupdf/_mupdf.so
71ffa2836000-71ffa2e38000 rw-p 00000000 00:00 0 
71ffa2e59000-71ffa2e65000 r-xp 00000000 00:2d 681565                     /usr/local/sdkman/candidates/java/25.0.1-ms/lib/libnet.so
71ffa2e65000-71ffa2e66000 r--p 0000b000 00:2d 681565                     /usr/local/sdkman/candidates/java/25.0.1-ms/lib/libnet.so
71ffa2e66000-71ffa2e67000 rw-p 0000c000 00:2d 681565                     /usr/local/sdkman/candidates/java/25.0.1-ms/lib/libnet.so
71ffa2e67000-71ffa318a000 rw-p 00000000 00:00 0 
71ffa318a000-71ffa3282000 r--p 00000000 00:2d 1078549                    /usr/local/python/3.12.1/lib/python3.12/site-packages/pymupdf/libmupdfcpp.so.27.2
71ffa3282000-71ffa332d000 r-xp 000f8000 00:2d 1078549                    /usr/local/python/3.12.1/lib/python3.12/site-packages/pymupdf/libmupdfcpp.so.27.2
71ffa332d000-71ffa3383000 r--p 001a3000 00:2d 1078549                    /usr/local/python/3.12.1/lib/python3.12/site-packages/pymupdf/libmupdfcpp.so.27.2
71ffa3383000-71ffa3385000 r--p 001f8000 00:2d 1078549                    /usr/local/python/3.12.1/lib/python3.12/site-packages/pymupdf/libmupdfcpp.so.27.2
71ffa3385000-71ffa3392000 rw-p 001fa000 00:2d 1078549                    /usr/local/python/3.12.1/lib/python3.12/site-packages/pymupdf/libmupdfcpp.so.27.2
71ffa3392000-71ffa34d5000 r--p 00000000 00:2d 1078550                    /usr/local/python/3.12.1/lib/python3.12/site-packages/pymupdf/libmupdf.so.27.2
71ffa34d5000-71ffa3e71000 r-xp 00143000 00:2d 1078550                    /usr/local/python/3.12.1/lib/python3.12/site-packages/pymupdf/libmupdf.so.27.2
71ffa3e71000-71ffa4338000 r--p 00adf000 00:2d 1078550                    /usr/local/python/3.12.1/lib/python3.12/site-packages/pymupdf/libmupdf.so.27.2
71ffa4338000-71ffa4357000 r--p 00fa6000 00:2d 1078550                    /usr/local/python/3.12.1/lib/python3.12/site-packages/pymupdf/libmupdf.so.27.2
71ffa4357000-71ffa54f9000 rw-p 00fc5000 00:2d 1078550                    /usr/local/python/3.12.1/lib/python3.12/site-packages/pymupdf/libmupdf.so.27.2
71ffa54f9000-71ffa5706000 rw-p 00000000 00:00 0 
71ffa570d000-71ffa59e3000 rw-p 00000000 00:00 0 
71ffa59e3000-71ffa5a31000 r--p 00000000 00:2d 1065088                    /usr/local/python/3.12.1/lib/python3.12/site-packages/lxml/etree.cpython-312-x86_64-linux-gnu.so
71ffa5a31000-71ffa5d56000 r-xp 0004e000 00:2d 1065088                    /usr/local/python/3.12.1/lib/python3.12/site-packages/lxml/etree.cpython-312-x86_64-linux-gnu.so
71ffa5d56000-71ffa5edd000 r--p 00373000 00:2d 1065088                    /usr/local/python/3.12.1/lib/python3.12/site-packages/lxml/etree.cpython-312-x86_64-linux-gnu.so
71ffa5edd000-71ffa5eec000 r--p 004fa000 00:2d 1065088                    /usr/local/python/3.12.1/lib/python3.12/site-packages/lxml/etree.cpython-312-x86_64-linux-gnu.so
71ffa5eec000-71ffa5f08000 rw-p 00509000 00:2d 1065088                    /usr/local/python/3.12.1/lib/python3.12/site-packages/lxml/etree.cpython-312-x86_64-linux-gnu.so
71ffa5f08000-71ffa6111000 rw-p 00000000 00:00 0 
71ffa6111000-71ffa6114000 r--p 00000000 00:2d 830487                     /usr/local/python/3.12.1/lib/python3.12/lib-dynload/_multibytecodec.cpython-312-x86_64-linux-gnu.so
71ffa6114000-71ffa611a000 r-xp 00003000 00:2d 830487                     /usr/local/python/3.12.1/lib/python3.12/lib-dynload/_multibytecodec.cpython-312-x86_64-linux-gnu.so
71ffa611a000-71ffa611c000 r--p 00009000 00:2d 830487                     /usr/local/python/3.12.1/lib/python3.12/lib-dynload/_multibytecodec.cpython-312-x86_64-linux-gnu.so
71ffa611c000-71ffa611d000 r--p 0000a000 00:2d 830487                     /usr/local/python/3.12.1/lib/python3.12/lib-dynload/_multibytecodec.cpython-312-x86_64-linux-gnu.so
71ffa611d000-71ffa611e000 rw-p 0000b000 00:2d 830487                     /usr/local/python/3.12.1/lib/python3.12/lib-dynload/_multibytecodec.cpython-312-x86_64-linux-gnu.so
71ffa611e000-71ffa612c000 r--p 00000000 00:2d 795733                     /home/codespace/.local/lib/python3.12/site-packages/charset_normalizer/md__mypyc.cpython-312-x86_64-linux-gnu.so
71ffa612c000-71ffa614c000 r-xp 0000e000 00:2d 795733                     /home/codespace/.local/lib/python3.12/site-packages/charset_normalizer/md__mypyc.cpython-312-x86_64-linux-gnu.so
71ffa614c000-71ffa6156000 r--p 0002e000 00:2d 795733                     /home/codespace/.local/lib/python3.12/site-packages/charset_normalizer/md__mypyc.cpython-312-x86_64-linux-gnu.so
71ffa6156000-71ffa6157000 r--p 00037000 00:2d 795733                     /home/codespace/.local/lib/python3.12/site-packages/charset_normalizer/md__mypyc.cpython-312-x86_64-linux-gnu.so
71ffa6157000-71ffa615b000 rw-p 00038000 00:2d 795733                     /home/codespace/.local/lib/python3.12/site-packages/charset_normalizer/md__mypyc.cpython-312-x86_64-linux-gnu.so
71ffa615b000-71ffa625c000 rw-p 00000000 00:00 0 
71ffa625c000-71ffa6262000 r--p 00000000 00:2d 830525                     /usr/local/python/3.12.1/lib/python3.12/lib-dynload/pyexpat.cpython-312-x86_64-linux-gnu.so
71ffa6262000-71ffa6287000 r-xp 00006000 00:2d 830525                     /usr/local/python/3.12.1/lib/python3.12/lib-dynload/pyexpat.cpython-312-x86_64-linux-gnu.so
71ffa6287000-71ffa6292000 r--p 0002b000 00:2d 830525                     /usr/local/python/3.12.1/lib/python3.12/lib-dynload/pyexpat.cpython-312-x86_64-linux-gnu.so
71ffa6292000-71ffa6295000 r--p 00035000 00:2d 830525                     /usr/local/python/3.12.1/lib/python3.12/lib-dynload/pyexpat.cpython-312-x86_64-linux-gnu.so
71ffa6295000-71ffa6297000 rw-p 00038000 00:2d 830525                     /usr/local/python/3.12.1/lib/python3.12/lib-dynload/pyexpat.cpython-312-x86_64-linux-gnu.so
71ffa6297000-71ffa629b000 r--p 00000000 00:2d 830479                     /usr/local/python/3.12.1/lib/python3.12/lib-dynload/_elementtree.cpython-312-x86_64-linux-gnu.so
71ffa629b000-71ffa62a7000 r-xp 00004000 00:2d 830479                     /usr/local/python/3.12.1/lib/python3.12/lib-dynload/_elementtree.cpython-312-x86_64-linux-gnu.so
71ffa62a7000-71ffa62aa000 r--p 00010000 00:2d 830479                     /usr/local/python/3.12.1/lib/python3.12/lib-dynload/_elementtree.cpython-312-x86_64-linux-gnu.so
71ffa62aa000-71ffa62ab000 r--p 00012000 00:2d 830479                     /usr/local/python/3.12.1/lib/python3.12/lib-dynload/_elementtree.cpython-312-x86_64-linux-gnu.so
71ffa62ab000-71ffa62ad000 rw-p 00013000 00:2d 830479                     /usr/local/python/3.12.1/lib/python3.12/lib-dynload/_elementtree.cpython-312-x86_64-linux-gnu.so
71ffa62ad000-71ffa66ad000 rw-p 00000000 00:00 0 
71ffa66ad000-71ffa66af000 r--p 00000000 00:2d 394126                     /usr/lib/x86_64-linux-gnu/libffi.so.8.1.4
71ffa66af000-71ffa66b6000 r-xp 00002000 00:2d 394126                     /usr/lib/x86_64-linux-gnu/libffi.so.8.1.4
71ffa66b6000-71ffa66b7000 r--p 00009000 00:2d 394126                     /usr/lib/x86_64-linux-gnu/libffi.so.8.1.4
71ffa66b7000-71ffa66b8000 r--p 0000a000 00:2d 394126                     /usr/lib/x86_64-linux-gnu/libffi.so.8.1.4
71ffa66b8000-71ffa66b9000 rw-p 0000b000 00:2d 394126                     /usr/lib/x86_64-linux-gnu/libffi.so.8.1.4
71ffa66b9000-71ffa66bf000 r--p 00000000 00:2d 830473                     /usr/local/python/3.12.1/lib/python3.12/lib-dynload/_ctypes.cpython-312-x86_64-linux-gnu.so
71ffa66bf000-71ffa66d1000 r-xp 00006000 00:2d 830473                     /usr/local/python/3.12.1/lib/python3.12/lib-dynload/_ctypes.cpython-312-x86_64-linux-gnu.so
71ffa66d1000-71ffa66d7000 r--p 00018000 00:2d 830473                     /usr/local/python/3.12.1/lib/python3.12/lib-dynload/_ctypes.cpython-312-x86_64-linux-gnu.so
71ffa66d7000-71ffa66d8000 r--p 0001d000 00:2d 830473                     /usr/local/python/3.12.1/lib/python3.12/lib-dynload/_ctypes.cpython-312-x86_64-linux-gnu.so
71ffa66d8000-71ffa66dc000 rw-p 0001e000 00:2d 830473                     /usr/local/python/3.12.1/lib/python3.12/lib-dynload/_ctypes.cpython-312-x86_64-linux-gnu.so
71ffa66dc000-71ffa67dc000 rw-p 00000000 00:00 0 
71ffa67dc000-71ffa6817000 r--p 00000000 00:2d 1065257                    /usr/local/python/3.12.1/lib/python3.12/site-packages/_jpype.cpython-312-x86_64-linux-gnu.so
71ffa6817000-71ffa686b000 r-xp 0003b000 00:2d 1065257                    /usr/local/python/3.12.1/lib/python3.12/site-packages/_jpype.cpython-312-x86_64-linux-gnu.so
71ffa686b000-71ffa6893000 r--p 0008f000 00:2d 1065257                    /usr/local/python/3.12.1/lib/python3.12/site-packages/_jpype.cpython-312-x86_64-linux-gnu.so
71ffa6893000-71ffa6894000 ---p 000b7000 00:2d 1065257                    /usr/local/python/3.12.1/lib/python3.12/site-packages/_jpype.cpython-312-x86_64-linux-gnu.so
71ffa6894000-71ffa6898000 r--p 000b7000 00:2d 1065257                    /usr/local/python/3.12.1/lib/python3.12/site-packages/_jpype.cpython-312-x86_64-linux-gnu.so
71ffa6898000-71ffa689c000 rw-p 000bb000 00:2d 1065257                    /usr/local/python/3.12.1/lib/python3.12/site-packages/_jpype.cpython-312-x86_64-linux-gnu.so
71ffa689c000-71ffa699c000 rw-p 00000000 00:00 0 
71ffa699c000-71ffa69a1000 r--p 00000000 00:2d 1062218                    /usr/local/python/3.12.1/lib/python3.12/site-packages/frozenlist/_frozenlist.cpython-312-x86_64-linux-gnu.so
71ffa69a1000-71ffa69ae000 r-xp 00005000 00:2d 1062218                    /usr/local/python/3.12.1/lib/python3.12/site-packages/frozenlist/_frozenlist.cpython-312-x86_64-linux-gnu.so
71ffa69ae000-71ffa69b2000 r--p 00012000 00:2d 1062218                    /usr/local/python/3.12.1/lib/python3.12/site-packages/frozenlist/_frozenlist.cpython-312-x86_64-linux-gnu.so
71ffa69b2000-71ffa69b3000 r--p 00015000 00:2d 1062218                    /usr/local/python/3.12.1/lib/python3.12/site-packages/frozenlist/_frozenlist.cpython-312-x86_64-linux-gnu.so
71ffa69b3000-71ffa69b5000 rw-p 00016000 00:2d 1062218                    /usr/local/python/3.12.1/lib/python3.12/site-packages/frozenlist/_frozenlist.cpython-312-x86_64-linux-gnu.so
71ffa69b5000-71ffa6ab5000 rw-p 00000000 00:00 0 
71ffa6ab5000-71ffa6abb000 r--p 00000000 00:2d 1062364                    /usr/local/python/3.12.1/lib/python3.12/site-packages/aiohttp/_websocket/reader_c.cpython-312-x86_64-linux-gnu.so
71ffa6abb000-71ffa6ade000 r-xp 00006000 00:2d 1062364                    /usr/local/python/3.12.1/lib/python3.12/site-packages/aiohttp/_websocket/reader_c.cpython-312-x86_64-linux-gnu.so
71ffa6ade000-71ffa6ae5000 r--p 00029000 00:2d 1062364                    /usr/local/python/3.12.1/lib/python3.12/site-packages/aiohttp/_websocket/reader_c.cpython-312-x86_64-linux-gnu.so
71ffa6ae5000-71ffa6ae7000 r--p 0002f000 00:2d 1062364                    /usr/local/python/3.12.1/lib/python3.12/site-packages/aiohttp/_websocket/reader_c.cpython-312-x86_64-linux-gnu.so
71ffa6ae7000-71ffa6ae9000 rw-p 00031000 00:2d 1062364                    /usr/local/python/3.12.1/lib/python3.12/site-packages/aiohttp/_websocket/reader_c.cpython-312-x86_64-linux-gnu.so
71ffa6ae9000-71ffa6aea000 rw-p 00000000 00:00 0 
71ffa6aea000-71ffa6aed000 r--p 00000000 00:2d 1062359                    /usr/local/python/3.12.1/lib/python3.12/site-packages/aiohttp/_websocket/mask.cpython-312-x86_64-linux-gnu.so
71ffa6aed000-71ffa6af2000 r-xp 00003000 00:2d 1062359                    /usr/local/python/3.12.1/lib/python3.12/site-packages/aiohttp/_websocket/mask.cpython-312-x86_64-linux-gnu.so
71ffa6af2000-71ffa6af4000 r--p 00008000 00:2d 1062359                    /usr/local/python/3.12.1/lib/python3.12/site-packages/aiohttp/_websocket/mask.cpython-312-x86_64-linux-gnu.so
71ffa6af4000-71ffa6af5000 r--p 00009000 00:2d 1062359                    /usr/local/python/3.12.1/lib/python3.12/site-packages/aiohttp/_websocket/mask.cpython-312-x86_64-linux-gnu.so
71ffa6af5000-71ffa6af6000 rw-p 0000a000 00:2d 1062359                    /usr/local/python/3.12.1/lib/python3.12/site-packages/aiohttp/_websocket/mask.cpython-312-x86_64-linux-gnu.so
71ffa6af6000-71ffa6b00000 r--p 00000000 00:2d 1062299                    /usr/local/python/3.12.1/lib/python3.12/site-packages/aiohttp/_http_parser.cpython-312-x86_64-linux-gnu.so
71ffa6b00000-71ffa6b56000 r-xp 0000a000 00:2d 1062299                    /usr/local/python/3.12.1/lib/python3.12/site-packages/aiohttp/_http_parser.cpython-312-x86_64-linux-gnu.so
71ffa6b56000-71ffa6b62000 r--p 00060000 00:2d 1062299                    /usr/local/python/3.12.1/lib/python3.12/site-packages/aiohttp/_http_parser.cpython-312-x86_64-linux-gnu.so
71ffa6b62000-71ffa6b64000 r--p 0006c000 00:2d 1062299                    /usr/local/python/3.12.1/lib/python3.12/site-packages/aiohttp/_http_parser.cpython-312-x86_64-linux-gnu.so
71ffa6b64000-71ffa6b67000 rw-p 0006e000 00:2d 1062299                    /usr/local/python/3.12.1/lib/python3.12/site-packages/aiohttp/_http_parser.cpython-312-x86_64-linux-gnu.so
71ffa6b67000-71ffa6b69000 rw-p 00000000 00:00 0 
71ffa6b69000-71ffa6b6c000 r--p 00000000 00:2d 1062301                    /usr/local/python/3.12.1/lib/python3.12/site-packages/aiohttp/_http_writer.cpython-312-x86_64-linux-gnu.so
71ffa6b6c000-71ffa6b74000 r-xp 00003000 00:2d 1062301                    /usr/local/python/3.12.1/lib/python3.12/site-packages/aiohttp/_http_writer.cpython-312-x86_64-linux-gnu.so
71ffa6b74000-71ffa6b76000 r--p 0000b000 00:2d 1062301                    /usr/local/python/3.12.1/lib/python3.12/site-packages/aiohttp/_http_writer.cpython-312-x86_64-linux-gnu.so
71ffa6b76000-71ffa6b77000 r--p 0000c000 00:2d 1062301                    /usr/local/python/3.12.1/lib/python3.12/site-packages/aiohttp/_http_writer.cpython-312-x86_64-linux-gnu.so
71ffa6b77000-71ffa6b78000 rw-p 0000d000 00:2d 1062301                    /usr/local/python/3.12.1/lib/python3.12/site-packages/aiohttp/_http_writer.cpython-312-x86_64-linux-gnu.so
71ffa6b78000-71ffa6c78000 rw-p 00000000 00:00 0 
71ffa6c78000-71ffa6c7c000 r--p 00000000 00:2d 1062176                    /usr/local/python/3.12.1/lib/python3.12/site-packages/propcache/_helpers_c.cpython-312-x86_64-linux-gnu.so
71ffa6c7c000-71ffa6c88000 r-xp 00004000 00:2d 1062176                    /usr/local/python/3.12.1/lib/python3.12/site-packages/propcache/_helpers_c.cpython-312-x86_64-linux-gnu.so
71ffa6c88000-71ffa6c8c000 r--p 00010000 00:2d 1062176                    /usr/local/python/3.12.1/lib/python3.12/site-packages/propcache/_helpers_c.cpython-312-x86_64-linux-gnu.so
71ffa6c8c000-71ffa6c8d000 r--p 00013000 00:2d 1062176                    /usr/local/python/3.12.1/lib/python3.12/site-packages/propcache/_helpers_c.cpython-312-x86_64-linux-gnu.so
71ffa6c8d000-71ffa6c8e000 rw-p 00014000 00:2d 1062176                    /usr/local/python/3.12.1/lib/python3.12/site-packages/propcache/_helpers_c.cpython-312-x86_64-linux-gnu.so
71ffa6c8e000-71ffa6c8f000 rw-p 00000000 00:00 0 
71ffa6c8f000-71ffa6c92000 r--p 00000000 00:2d 830532                     /usr/local/python/3.12.1/lib/python3.12/lib-dynload/unicodedata.cpython-312-x86_64-linux-gnu.so
71ffa6c92000-71ffa6c97000 r-xp 00003000 00:2d 830532                     /usr/local/python/3.12.1/lib/python3.12/lib-dynload/unicodedata.cpython-312-x86_64-linux-gnu.so
71ffa6c97000-71ffa6da3000 r--p 00008000 00:2d 830532                     /usr/local/python/3.12.1/lib/python3.12/lib-dynload/unicodedata.cpython-312-x86_64-linux-gnu.so
71ffa6da3000-71ffa6da4000 r--p 00113000 00:2d 830532                     /usr/local/python/3.12.1/lib/python3.12/lib-dynload/unicodedata.cpython-312-x86_64-linux-gnu.so
71ffa6da4000-71ffa6da5000 rw-p 00114000 00:2d 830532                     /usr/local/python/3.12.1/lib/python3.12/lib-dynload/unicodedata.cpython-312-x86_64-linux-gnu.so
71ffa6da5000-71ffa6ea5000 rw-p 00000000 00:00 0 
71ffa6ea5000-71ffa6ec5000 r--p 00000000 00:2d 412047                     /usr/lib/x86_64-linux-gnu/libsqlite3.so.0.8.6
71ffa6ec5000-71ffa6fd0000 r-xp 00020000 00:2d 412047                     /usr/lib/x86_64-linux-gnu/libsqlite3.so.0.8.6
71ffa6fd0000-71ffa7004000 r--p 0012b000 00:2d 412047                     /usr/lib/x86_64-linux-gnu/libsqlite3.so.0.8.6
71ffa7004000-71ffa7008000 r--p 0015e000 00:2d 412047                     /usr/lib/x86_64-linux-gnu/libsqlite3.so.0.8.6
71ffa7008000-71ffa700c000 rw-p 00162000 00:2d 412047                     /usr/lib/x86_64-linux-gnu/libsqlite3.so.0.8.6
71ffa700c000-71ffa790d000 rw-p 00000000 00:00 0 
71ffa790d000-71ffa7914000 r-xp 00000000 00:2d 681575                     /usr/local/sdkman/candidates/java/25.0.1-ms/lib/libzip.so
71ffa7914000-71ffa7915000 ---p 00007000 00:2d 681575                     /usr/local/sdkman/candidates/java/25.0.1-ms/lib/libzip.so
71ffa7915000-71ffa7916000 r--p 00007000 00:2d 681575                     /usr/local/sdkman/candidates/java/25.0.1-ms/lib/libzip.so
71ffa7916000-71ffa7917000 rw-p 00008000 00:2d 681575                     /usr/local/sdkman/candidates/java/25.0.1-ms/lib/libzip.so
71ffa7917000-71ffa792b000 r-xp 00000000 00:2d 681566                     /usr/local/sdkman/candidates/java/25.0.1-ms/lib/libnio.so
71ffa792b000-71ffa792c000 r--p 00013000 00:2d 681566                     /usr/local/sdkman/candidates/java/25.0.1-ms/lib/libnio.so
71ffa792c000-71ffa792d000 rw-p 00014000 00:2d 681566                     /usr/local/sdkman/candidates/java/25.0.1-ms/lib/libnio.so
71ffa792d000-71ffa7932000 rw-p 00000000 00:00 0 
71ffa7932000-71ffa7939000 ---p 00000000 00:00 0 
71ffa7939000-71ffa7959000 r-xp 00000000 00:2d 681551                     /usr/local/sdkman/candidates/java/25.0.1-ms/lib/libjava.so
71ffa7959000-71ffa795a000 r--p 0001f000 00:2d 681551                     /usr/local/sdkman/candidates/java/25.0.1-ms/lib/libjava.so
71ffa795a000-71ffa795b000 rw-p 00020000 00:2d 681551                     /usr/local/sdkman/candidates/java/25.0.1-ms/lib/libjava.so
71ffa795b000-71ffa795c000 rw-p 00000000 00:00 0 
71ffa795c000-71ffa7964000 rw-s 00000000 08:01 131775                     /tmp/hsperfdata_codespace/140571
71ffa7964000-71ffa797f000 r-xp 00000000 00:2d 681555                     /usr/local/sdkman/candidates/java/25.0.1-ms/lib/libjimage.so
71ffa797f000-71ffa7980000 ---p 0001b000 00:2d 681555                     /usr/local/sdkman/candidates/java/25.0.1-ms/lib/libjimage.so
71ffa7980000-71ffa7982000 r--p 0001b000 00:2d 681555                     /usr/local/sdkman/candidates/java/25.0.1-ms/lib/libjimage.so
71ffa7982000-71ffa7983000 rw-p 0001d000 00:2d 681555                     /usr/local/sdkman/candidates/java/25.0.1-ms/lib/libjimage.so
71ffa7983000-71ffa7984000 r--p 00000000 00:2d 394211                     /usr/lib/x86_64-linux-gnu/libutil.so.1
71ffa7984000-71ffa7985000 r-xp 00001000 00:2d 394211                     /usr/lib/x86_64-linux-gnu/libutil.so.1
71ffa7985000-71ffa7986000 r--p 00002000 00:2d 394211                     /usr/lib/x86_64-linux-gnu/libutil.so.1
71ffa7986000-71ffa7987000 r--p 00002000 00:2d 394211                     /usr/lib/x86_64-linux-gnu/libutil.so.1
71ffa7987000-71ffa7988000 rw-p 00003000 00:2d 394211                     /usr/lib/x86_64-linux-gnu/libutil.so.1
71ffa798d000-71ffa798e000 r--p 00000000 00:00 0 
71ffa798e000-71ffa798f000 r--p 00000000 00:2d 393777                     /usr/lib/locale/C.utf8/LC_NUMERIC
71ffa798f000-71ffa799a000 r--p 00000000 00:2d 1078542                    /usr/local/python/3.12.1/lib/python3.12/site-packages/pymupdf/_extra.so
71ffa799a000-71ffa79b3000 r-xp 0000b000 00:2d 1078542                    /usr/local/python/3.12.1/lib/python3.12/site-packages/pymupdf/_extra.so
71ffa79b3000-71ffa79be000 r--p 00024000 00:2d 1078542                    /usr/local/python/3.12.1/lib/python3.12/site-packages/pymupdf/_extra.so
71ffa79be000-71ffa79bf000 r--p 0002e000 00:2d 1078542                    /usr/local/python/3.12.1/lib/python3.12/site-packages/pymupdf/_extra.so
71ffa79bf000-71ffa79c2000 rw-p 0002f000 00:2d 1078542                    /usr/local/python/3.12.1/lib/python3.12/site-packages/pymupdf/_extra.so
71ffa79c2000-71ffa79c8000 r--p 00000000 00:2d 1065076                    /usr/local/python/3.12.1/lib/python3.12/site-packages/lxml/_elementpath.cpython-312-x86_64-linux-gnu.so
71ffa79c8000-71ffa79ec000 r-xp 00006000 00:2d 1065076                    /usr/local/python/3.12.1/lib/python3.12/site-packages/lxml/_elementpath.cpython-312-x86_64-linux-gnu.so
71ffa79ec000-71ffa79f3000 r--p 0002a000 00:2d 1065076                    /usr/local/python/3.12.1/lib/python3.12/site-packages/lxml/_elementpath.cpython-312-x86_64-linux-gnu.so
71ffa79f3000-71ffa79f4000 r--p 00031000 00:2d 1065076                    /usr/local/python/3.12.1/lib/python3.12/site-packages/lxml/_elementpath.cpython-312-x86_64-linux-gnu.so
71ffa79f4000-71ffa79f7000 rw-p 00032000 00:2d 1065076                    /usr/local/python/3.12.1/lib/python3.12/site-packages/lxml/_elementpath.cpython-312-x86_64-linux-gnu.so
71ffa79f7000-71ffa7af8000 rw-p 00000000 00:00 0 
71ffa7af8000-71ffa7b95000 r--p 00000000 00:2d 394197                     /usr/lib/x86_64-linux-gnu/libstdc++.so.6.0.33
71ffa7b95000-71ffa7cdd000 r-xp 0009d000 00:2d 394197                     /usr/lib/x86_64-linux-gnu/libstdc++.so.6.0.33
71ffa7cdd000-71ffa7d64000 r--p 001e5000 00:2d 394197                     /usr/lib/x86_64-linux-gnu/libstdc++.so.6.0.33
71ffa7d64000-71ffa7d6f000 r--p 0026b000 00:2d 394197                     /usr/lib/x86_64-linux-gnu/libstdc++.so.6.0.33
71ffa7d6f000-71ffa7d72000 rw-p 00276000 00:2d 394197                     /usr/lib/x86_64-linux-gnu/libstdc++.so.6.0.33
71ffa7d72000-71ffa7d76000 rw-p 00000000 00:00 0 
71ffa7d76000-71ffa7d7f000 r--p 00000000 00:2d 1062870                    /usr/local/python/3.12.1/lib/python3.12/site-packages/greenlet/_greenlet.cpython-312-x86_64-linux-gnu.so
71ffa7d7f000-71ffa7d8f000 r-xp 00009000 00:2d 1062870                    /usr/local/python/3.12.1/lib/python3.12/site-packages/greenlet/_greenlet.cpython-312-x86_64-linux-gnu.so
71ffa7d8f000-71ffa7d95000 r--p 00019000 00:2d 1062870                    /usr/local/python/3.12.1/lib/python3.12/site-packages/greenlet/_greenlet.cpython-312-x86_64-linux-gnu.so
71ffa7d95000-71ffa7d96000 r--p 0001f000 00:2d 1062870                    /usr/local/python/3.12.1/lib/python3.12/site-packages/greenlet/_greenlet.cpython-312-x86_64-linux-gnu.so
71ffa7d96000-71ffa7d97000 rw-p 00020000 00:2d 1062870                    /usr/local/python/3.12.1/lib/python3.12/site-packages/greenlet/_greenlet.cpython-312-x86_64-linux-gnu.so
71ffa7d97000-71ffa7d9b000 r--p 00000000 00:2d 1065900                    /usr/local/python/3.12.1/lib/python3.12/site-packages/sqlalchemy/cyextension/util.cpython-312-x86_64-linux-gnu.so
71ffa7d9b000-71ffa7dab000 r-xp 00004000 00:2d 1065900                    /usr/local/python/3.12.1/lib/python3.12/site-packages/sqlalchemy/cyextension/util.cpython-312-x86_64-linux-gnu.so
71ffa7dab000-71ffa7dae000 r--p 00014000 00:2d 1065900                    /usr/local/python/3.12.1/lib/python3.12/site-packages/sqlalchemy/cyextension/util.cpython-312-x86_64-linux-gnu.so
71ffa7dae000-71ffa7daf000 r--p 00017000 00:2d 1065900                    /usr/local/python/3.12.1/lib/python3.12/site-packages/sqlalchemy/cyextension/util.cpython-312-x86_64-linux-gnu.so
71ffa7daf000-71ffa7db0000 rw-p 00018000 00:2d 1065900                    /usr/local/python/3.12.1/lib/python3.12/site-packages/sqlalchemy/cyextension/util.cpython-312-x86_64-linux-gnu.so
71ffa7db0000-71ffa7db1000 rw-p 00000000 00:00 0 
71ffa7db1000-71ffa7db5000 r--p 00000000 00:2d 1065898                    /usr/local/python/3.12.1/lib/python3.12/site-packages/sqlalchemy/cyextension/resultproxy.cpython-312-x86_64-linux-gnu.so
71ffa7db5000-71ffa7dc0000 r-xp 00004000 00:2d 1065898                    /usr/local/python/3.12.1/lib/python3.12/site-packages/sqlalchemy/cyextension/resultproxy.cpython-312-x86_64-linux-gnu.so
71ffa7dc0000-71ffa7dc3000 r--p 0000f000 00:2d 1065898                    /usr/local/python/3.12.1/lib/python3.12/site-packages/sqlalchemy/cyextension/resultproxy.cpython-312-x86_64-linux-gnu.so
71ffa7dc3000-71ffa7dc4000 r--p 00011000 00:2d 1065898                    /usr/local/python/3.12.1/lib/python3.12/site-packages/sqlalchemy/cyextension/resultproxy.cpython-312-x86_64-linux-gnu.so
71ffa7dc4000-71ffa7dc5000 rw-p 00012000 00:2d 1065898                    /usr/local/python/3.12.1/lib/python3.12/site-packages/sqlalchemy/cyextension/resultproxy.cpython-312-x86_64-linux-gnu.so
71ffa7dc5000-71ffa7dc6000 rw-p 00000000 00:00 0 
71ffa7dc6000-71ffa7dca000 r--p 00000000 00:2d 1065896                    /usr/local/python/3.12.1/lib/python3.12/site-packages/sqlalchemy/cyextension/processors.cpython-312-x86_64-linux-gnu.so
71ffa7dca000-71ffa7dd5000 r-xp 00004000 00:2d 1065896                    /usr/local/python/3.12.1/lib/python3.12/site-packages/sqlalchemy/cyextension/processors.cpython-312-x86_64-linux-gnu.so
71ffa7dd5000-71ffa7dd8000 r--p 0000f000 00:2d 1065896                    /usr/local/python/3.12.1/lib/python3.12/site-packages/sqlalchemy/cyextension/processors.cpython-312-x86_64-linux-gnu.so
71ffa7dd8000-71ffa7dd9000 r--p 00011000 00:2d 1065896                    /usr/local/python/3.12.1/lib/python3.12/site-packages/sqlalchemy/cyextension/processors.cpython-312-x86_64-linux-gnu.so
71ffa7dd9000-71ffa7dda000 rw-p 00012000 00:2d 1065896                    /usr/local/python/3.12.1/lib/python3.12/site-packages/sqlalchemy/cyextension/processors.cpython-312-x86_64-linux-gnu.so
71ffa7dda000-71ffa7ddb000 rw-p 00000000 00:00 0 
71ffa7ddb000-71ffa7ddf000 r--p 00000000 00:2d 1065893                    /usr/local/python/3.12.1/lib/python3.12/site-packages/sqlalchemy/cyextension/immutabledict.cpython-312-x86_64-linux-gnu.so
71ffa7ddf000-71ffa7dee000 r-xp 00004000 00:2d 1065893                    /usr/local/python/3.12.1/lib/python3.12/site-packages/sqlalchemy/cyextension/immutabledict.cpython-312-x86_64-linux-gnu.so
71ffa7dee000-71ffa7df1000 r--p 00013000 00:2d 1065893                    /usr/local/python/3.12.1/lib/python3.12/site-packages/sqlalchemy/cyextension/immutabledict.cpython-312-x86_64-linux-gnu.so
71ffa7df1000-71ffa7df2000 r--p 00015000 00:2d 1065893                    /usr/local/python/3.12.1/lib/python3.12/site-packages/sqlalchemy/cyextension/immutabledict.cpython-312-x86_64-linux-gnu.so
71ffa7df2000-71ffa7df4000 rw-p 00016000 00:2d 1065893                    /usr/local/python/3.12.1/lib/python3.12/site-packages/sqlalchemy/cyextension/immutabledict.cpython-312-x86_64-linux-gnu.so
71ffa7df4000-71ffa7dfa000 r--p 00000000 00:2d 1065891                    /usr/local/python/3.12.1/lib/python3.12/site-packages/sqlalchemy/cyextension/collections.cpython-312-x86_64-linux-gnu.so
71ffa7dfa000-71ffa7e20000 r-xp 00006000 00:2d 1065891                    /usr/local/python/3.12.1/lib/python3.12/site-packages/sqlalchemy/cyextension/collections.cpython-312-x86_64-linux-gnu.so
71ffa7e20000-71ffa7e28000 r--p 0002c000 00:2d 1065891                    /usr/local/python/3.12.1/lib/python3.12/site-packages/sqlalchemy/cyextension/collections.cpython-312-x86_64-linux-gnu.so
71ffa7e28000-71ffa7e29000 r--p 00033000 00:2d 1065891                    /usr/local/python/3.12.1/lib/python3.12/site-packages/sqlalchemy/cyextension/collections.cpython-312-x86_64-linux-gnu.so
71ffa7e29000-71ffa7e2c000 rw-p 00034000 00:2d 1065891                    /usr/local/python/3.12.1/lib/python3.12/site-packages/sqlalchemy/cyextension/collections.cpython-312-x86_64-linux-gnu.so
71ffa7e2c000-71ffa802c000 rw-p 00000000 00:00 0 
71ffa802c000-71ffa802e000 r--p 00000000 00:2d 830462                     /usr/local/python/3.12.1/lib/python3.12/lib-dynload/_blake2.cpython-312-x86_64-linux-gnu.so
71ffa802e000-71ffa8035000 r-xp 00002000 00:2d 830462                     /usr/local/python/3.12.1/lib/python3.12/lib-dynload/_blake2.cpython-312-x86_64-linux-gnu.so
71ffa8035000-71ffa8037000 r--p 00009000 00:2d 830462                     /usr/local/python/3.12.1/lib/python3.12/lib-dynload/_blake2.cpython-312-x86_64-linux-gnu.so
71ffa8037000-71ffa8038000 r--p 0000a000 00:2d 830462                     /usr/local/python/3.12.1/lib/python3.12/lib-dynload/_blake2.cpython-312-x86_64-linux-gnu.so
71ffa8038000-71ffa8039000 rw-p 0000b000 00:2d 830462                     /usr/local/python/3.12.1/lib/python3.12/lib-dynload/_blake2.cpython-312-x86_64-linux-gnu.so
71ffa8039000-71ffa803d000 r--p 00000000 00:2d 830481                     /usr/local/python/3.12.1/lib/python3.12/lib-dynload/_hashlib.cpython-312-x86_64-linux-gnu.so
71ffa803d000-71ffa8043000 r-xp 00004000 00:2d 830481                     /usr/local/python/3.12.1/lib/python3.12/lib-dynload/_hashlib.cpython-312-x86_64-linux-gnu.so
71ffa8043000-71ffa8047000 r--p 0000a000 00:2d 830481                     /usr/local/python/3.12.1/lib/python3.12/lib-dynload/_hashlib.cpython-312-x86_64-linux-gnu.so
71ffa8047000-71ffa8048000 r--p 0000d000 00:2d 830481                     /usr/local/python/3.12.1/lib/python3.12/lib-dynload/_hashlib.cpython-312-x86_64-linux-gnu.so
71ffa8048000-71ffa804a000 rw-p 0000e000 00:2d 830481                     /usr/local/python/3.12.1/lib/python3.12/lib-dynload/_hashlib.cpython-312-x86_64-linux-gnu.so
71ffa804a000-71ffa824a000 rw-p 00000000 00:00 0 
71ffa824a000-71ffa824c000 r--p 00000000 00:2d 830472                     /usr/local/python/3.12.1/lib/python3.12/lib-dynload/_csv.cpython-312-x86_64-linux-gnu.so
71ffa824c000-71ffa8250000 r-xp 00002000 00:2d 830472                     /usr/local/python/3.12.1/lib/python3.12/lib-dynload/_csv.cpython-312-x86_64-linux-gnu.so
71ffa8250000-71ffa8253000 r--p 00006000 00:2d 830472                     /usr/local/python/3.12.1/lib/python3.12/lib-dynload/_csv.cpython-312-x86_64-linux-gnu.so
71ffa8253000-71ffa8254000 r--p 00008000 00:2d 830472                     /usr/local/python/3.12.1/lib/python3.12/lib-dynload/_csv.cpython-312-x86_64-linux-gnu.so
71ffa8254000-71ffa8255000 rw-p 00009000 00:2d 830472                     /usr/local/python/3.12.1/lib/python3.12/lib-dynload/_csv.cpython-312-x86_64-linux-gnu.so
71ffa8255000-71ffa8355000 rw-p 00000000 00:00 0 
71ffa8355000-71ffa8357000 r--p 00000000 00:2d 830515                     /usr/local/python/3.12.1/lib/python3.12/lib-dynload/_zoneinfo.cpython-312-x86_64-linux-gnu.so
71ffa8357000-71ffa835c000 r-xp 00002000 00:2d 830515                     /usr/local/python/3.12.1/lib/python3.12/lib-dynload/_zoneinfo.cpython-312-x86_64-linux-gnu.so
71ffa835c000-71ffa835e000 r--p 00007000 00:2d 830515                     /usr/local/python/3.12.1/lib/python3.12/lib-dynload/_zoneinfo.cpython-312-x86_64-linux-gnu.so
71ffa835e000-71ffa835f000 r--p 00008000 00:2d 830515                     /usr/local/python/3.12.1/lib/python3.12/lib-dynload/_zoneinfo.cpython-312-x86_64-linux-gnu.so
71ffa835f000-71ffa8360000 rw-p 00009000 00:2d 830515                     /usr/local/python/3.12.1/lib/python3.12/lib-dynload/_zoneinfo.cpython-312-x86_64-linux-gnu.so
71ffa8360000-71ffa8362000 r--p 00000000 00:2d 394213                     /usr/lib/x86_64-linux-gnu/libuuid.so.1.3.0
71ffa8362000-71ffa8367000 r-xp 00002000 00:2d 394213                     /usr/lib/x86_64-linux-gnu/libuuid.so.1.3.0
71ffa8367000-71ffa8368000 r--p 00007000 00:2d 394213                     /usr/lib/x86_64-linux-gnu/libuuid.so.1.3.0
71ffa8368000-71ffa8369000 r--p 00007000 00:2d 394213                     /usr/lib/x86_64-linux-gnu/libuuid.so.1.3.0
71ffa8369000-71ffa836a000 rw-p 00008000 00:2d 394213                     /usr/lib/x86_64-linux-gnu/libuuid.so.1.3.0
71ffa836a000-71ffa836b000 r--p 00000000 00:2d 393780                     /usr/lib/locale/C.utf8/LC_TIME
71ffa836b000-71ffa836c000 r--p 00000000 00:2d 393769                     /usr/lib/locale/C.utf8/LC_COLLATE
71ffa836c000-71ffa836d000 r--p 00000000 00:2d 795731                     /home/codespace/.local/lib/python3.12/site-packages/charset_normalizer/md.cpython-312-x86_64-linux-gnu.so
71ffa836d000-71ffa836e000 r-xp 00001000 00:2d 795731                     /home/codespace/.local/lib/python3.12/site-packages/charset_normalizer/md.cpython-312-x86_64-linux-gnu.so
71ffa836e000-71ffa836f000 r--p 00002000 00:2d 795731                     /home/codespace/.local/lib/python3.12/site-packages/charset_normalizer/md.cpython-312-x86_64-linux-gnu.so
71ffa836f000-71ffa8370000 r--p 00002000 00:2d 795731                     /home/codespace/.local/lib/python3.12/site-packages/charset_normalizer/md.cpython-312-x86_64-linux-gnu.so
71ffa8370000-71ffa8371000 rw-p 00003000 00:2d 795731                     /home/codespace/.local/lib/python3.12/site-packages/charset_normalizer/md.cpython-312-x86_64-linux-gnu.so
71ffa8371000-71ffa8571000 rw-p 00000000 00:00 0 
71ffa8571000-71ffa8578000 r--p 00000000 00:2d 830478                     /usr/local/python/3.12.1/lib/python3.12/lib-dynload/_decimal.cpython-312-x86_64-linux-gnu.so
71ffa8578000-71ffa85c0000 r-xp 00007000 00:2d 830478                     /usr/local/python/3.12.1/lib/python3.12/lib-dynload/_decimal.cpython-312-x86_64-linux-gnu.so
71ffa85c0000-71ffa85d0000 r--p 0004f000 00:2d 830478                     /usr/local/python/3.12.1/lib/python3.12/lib-dynload/_decimal.cpython-312-x86_64-linux-gnu.so
71ffa85d0000-71ffa85d1000 r--p 0005f000 00:2d 830478                     /usr/local/python/3.12.1/lib/python3.12/lib-dynload/_decimal.cpython-312-x86_64-linux-gnu.so
71ffa85d1000-71ffa85d4000 rw-p 00060000 00:2d 830478                     /usr/local/python/3.12.1/lib/python3.12/lib-dynload/_decimal.cpython-312-x86_64-linux-gnu.so
71ffa85d4000-71ffa85d5000 r--p 00000000 00:2d 394118                     /usr/lib/x86_64-linux-gnu/libdl.so.2
71ffa85d5000-71ffa85d6000 r-xp 00001000 00:2d 394118                     /usr/lib/x86_64-linux-gnu/libdl.so.2
71ffa85d6000-71ffa85d7000 r--p 00002000 00:2d 394118                     /usr/lib/x86_64-linux-gnu/libdl.so.2
71ffa85d7000-71ffa85d8000 r--p 00002000 00:2d 394118                     /usr/lib/x86_64-linux-gnu/libdl.so.2
71ffa85d8000-71ffa85d9000 rw-p 00003000 00:2d 394118                     /usr/lib/x86_64-linux-gnu/libdl.so.2
71ffa85d9000-71ffa85da000 r--p 00000000 00:2d 394183                     /usr/lib/x86_64-linux-gnu/libpthread.so.0
71ffa85da000-71ffa85db000 r-xp 00001000 00:2d 394183                     /usr/lib/x86_64-linux-gnu/libpthread.so.0
71ffa85db000-71ffa85dc000 r--p 00002000 00:2d 394183                     /usr/lib/x86_64-linux-gnu/libpthread.so.0
71ffa85dc000-71ffa85dd000 r--p 00002000 00:2d 394183                     /usr/lib/x86_64-linux-gnu/libpthread.so.0
71ffa85dd000-71ffa85de000 rw-p 00003000 00:2d 394183                     /usr/lib/x86_64-linux-gnu/libpthread.so.0
71ffa85de000-71ffa85df000 r--p 00000000 00:2d 394185                     /usr/lib/x86_64-linux-gnu/librt.so.1
71ffa85df000-71ffa85e0000 r-xp 00001000 00:2d 394185                     /usr/lib/x86_64-linux-gnu/librt.so.1
71ffa85e0000-71ffa85e1000 r--p 00002000 00:2d 394185                     /usr/lib/x86_64-linux-gnu/librt.so.1
71ffa85e1000-71ffa85e2000 r--p 00002000 00:2d 394185                     /usr/lib/x86_64-linux-gnu/librt.so.1
71ffa85e2000-71ffa85e3000 rw-p 00003000 00:2d 394185                     /usr/lib/x86_64-linux-gnu/librt.so.1
71ffa85e3000-71ffa85e7000 r--p 00000000 00:2d 394129                     /usr/lib/x86_64-linux-gnu/libgcc_s.so.1
71ffa85e7000-71ffa860b000 r-xp 00004000 00:2d 394129                     /usr/lib/x86_64-linux-gnu/libgcc_s.so.1
71ffa860b000-71ffa860f000 r--p 00028000 00:2d 394129                     /usr/lib/x86_64-linux-gnu/libgcc_s.so.1
71ffa860f000-71ffa8610000 r--p 0002b000 00:2d 394129                     /usr/lib/x86_64-linux-gnu/libgcc_s.so.1
71ffa8610000-71ffa8611000 rw-p 0002c000 00:2d 394129                     /usr/lib/x86_64-linux-gnu/libgcc_s.so.1
71ffa8611000-71ffa8748000 r--p 00000000 00:2d 1063037                    /usr/local/python/3.12.1/lib/python3.12/site-packages/pydantic_core/_pydantic_core.cpython-312-x86_64-linux-gnu.so
71ffa8748000-71ffa8a82000 r-xp 00136000 00:2d 1063037                    /usr/local/python/3.12.1/lib/python3.12/site-packages/pydantic_core/_pydantic_core.cpython-312-x86_64-linux-gnu.so
71ffa8a82000-71ffa8ab6000 r--p 0046f000 00:2d 1063037                    /usr/local/python/3.12.1/lib/python3.12/site-packages/pydantic_core/_pydantic_core.cpython-312-x86_64-linux-gnu.so
71ffa8ab6000-71ffa8abc000 rw-p 004a2000 00:2d 1063037                    /usr/local/python/3.12.1/lib/python3.12/site-packages/pydantic_core/_pydantic_core.cpython-312-x86_64-linux-gnu.so
71ffa8abc000-71ffa8cbc000 rw-p 00000000 00:00 0 
71ffa8cbc000-71ffa8cbf000 r--p 00000000 00:2d 394145                     /usr/lib/x86_64-linux-gnu/liblzma.so.5.4.5
71ffa8cbf000-71ffa8ce1000 r-xp 00003000 00:2d 394145                     /usr/lib/x86_64-linux-gnu/liblzma.so.5.4.5
71ffa8ce1000-71ffa8cec000 r--p 00025000 00:2d 394145                     /usr/lib/x86_64-linux-gnu/liblzma.so.5.4.5
71ffa8cec000-71ffa8ced000 r--p 00030000 00:2d 394145                     /usr/lib/x86_64-linux-gnu/liblzma.so.5.4.5
71ffa8ced000-71ffa8cee000 rw-p 00031000 00:2d 394145                     /usr/lib/x86_64-linux-gnu/liblzma.so.5.4.5
71ffa8cee000-71ffa8cf1000 r--p 00000000 00:2d 830485                     /usr/local/python/3.12.1/lib/python3.12/lib-dynload/_lzma.cpython-312-x86_64-linux-gnu.so
71ffa8cf1000-71ffa8cf5000 r-xp 00003000 00:2d 830485                     /usr/local/python/3.12.1/lib/python3.12/lib-dynload/_lzma.cpython-312-x86_64-linux-gnu.so
71ffa8cf5000-71ffa8cf8000 r--p 00007000 00:2d 830485                     /usr/local/python/3.12.1/lib/python3.12/lib-dynload/_lzma.cpython-312-x86_64-linux-gnu.so
71ffa8cf8000-71ffa8cf9000 r--p 00009000 00:2d 830485                     /usr/local/python/3.12.1/lib/python3.12/lib-dynload/_lzma.cpython-312-x86_64-linux-gnu.so
71ffa8cf9000-71ffa8cfa000 rw-p 0000a000 00:2d 830485                     /usr/local/python/3.12.1/lib/python3.12/lib-dynload/_lzma.cpython-312-x86_64-linux-gnu.so
71ffa8cfa000-71ffa8cfc000 r--p 00000000 00:2d 394103                     /usr/lib/x86_64-linux-gnu/libbz2.so.1.0.4
71ffa8cfc000-71ffa8d0a000 r-xp 00002000 00:2d 394103                     /usr/lib/x86_64-linux-gnu/libbz2.so.1.0.4
71ffa8d0a000-71ffa8d0c000 r--p 00010000 00:2d 394103                     /usr/lib/x86_64-linux-gnu/libbz2.so.1.0.4
71ffa8d0c000-71ffa8d0d000 r--p 00011000 00:2d 394103                     /usr/lib/x86_64-linux-gnu/libbz2.so.1.0.4
71ffa8d0d000-71ffa8d0e000 rw-p 00012000 00:2d 394103                     /usr/lib/x86_64-linux-gnu/libbz2.so.1.0.4
71ffa8d0e000-71ffa8d0f000 r--p 00000000 00:2d 393775                     /usr/lib/locale/C.utf8/LC_MONETARY
71ffa8d0f000-71ffa8d10000 r--p 00000000 00:2d 393774                     /usr/lib/locale/C.utf8/LC_MESSAGES/SYS_LC_MESSAGES
71ffa8d10000-71ffa8d11000 r--p 00000000 00:2d 830511                     /usr/local/python/3.12.1/lib/python3.12/lib-dynload/_uuid.cpython-312-x86_64-linux-gnu.so
71ffa8d11000-71ffa8d12000 r-xp 00001000 00:2d 830511                     /usr/local/python/3.12.1/lib/python3.12/lib-dynload/_uuid.cpython-312-x86_64-linux-gnu.so
71ffa8d12000-71ffa8d13000 r--p 00002000 00:2d 830511                     /usr/local/python/3.12.1/lib/python3.12/lib-dynload/_uuid.cpython-312-x86_64-linux-gnu.so
71ffa8d13000-71ffa8d14000 r--p 00002000 00:2d 830511                     /usr/local/python/3.12.1/lib/python3.12/lib-dynload/_uuid.cpython-312-x86_64-linux-gnu.so
71ffa8d14000-71ffa8d15000 rw-p 00003000 00:2d 830511                     /usr/local/python/3.12.1/lib/python3.12/lib-dynload/_uuid.cpython-312-x86_64-linux-gnu.so
71ffa8d15000-71ffa8d17000 r--p 00000000 00:2d 830463                     /usr/local/python/3.12.1/lib/python3.12/lib-dynload/_bz2.cpython-312-x86_64-linux-gnu.so
71ffa8d17000-71ffa8d19000 r-xp 00002000 00:2d 830463                     /usr/local/python/3.12.1/lib/python3.12/lib-dynload/_bz2.cpython-312-x86_64-linux-gnu.so
71ffa8d19000-71ffa8d1a000 r--p 00004000 00:2d 830463                     /usr/local/python/3.12.1/lib/python3.12/lib-dynload/_bz2.cpython-312-x86_64-linux-gnu.so
71ffa8d1a000-71ffa8d1b000 r--p 00005000 00:2d 830463                     /usr/local/python/3.12.1/lib/python3.12/lib-dynload/_bz2.cpython-312-x86_64-linux-gnu.so
71ffa8d1b000-71ffa8d1c000 rw-p 00006000 00:2d 830463                     /usr/local/python/3.12.1/lib/python3.12/lib-dynload/_bz2.cpython-312-x86_64-linux-gnu.so
71ffa8d1c000-71ffa8e1c000 rw-p 00000000 00:00 0 
71ffa8e1c000-71ffa8e1d000 r--p 00000000 00:2d 393778                     /usr/lib/locale/C.utf8/LC_PAPER
71ffa8e1d000-71ffa8e1e000 r--p 00000000 00:2d 393776                     /usr/lib/locale/C.utf8/LC_NAME
71ffa8e1e000-71ffa8e1f000 r--p 00000000 00:2d 393768                     /usr/lib/locale/C.utf8/LC_ADDRESS
71ffa8e1f000-71ffa8e20000 r--p 00000000 00:2d 393779                     /usr/lib/locale/C.utf8/LC_TELEPHONE
71ffa8e20000-71ffa8e22000 r--p 00000000 00:2d 830521                     /usr/local/python/3.12.1/lib/python3.12/lib-dynload/grp.cpython-312-x86_64-linux-gnu.so
71ffa8e22000-71ffa8e23000 r-xp 00002000 00:2d 830521                     /usr/local/python/3.12.1/lib/python3.12/lib-dynload/grp.cpython-312-x86_64-linux-gnu.so
71ffa8e23000-71ffa8e24000 r--p 00003000 00:2d 830521                     /usr/local/python/3.12.1/lib/python3.12/lib-dynload/grp.cpython-312-x86_64-linux-gnu.so
71ffa8e24000-71ffa8e25000 r--p 00003000 00:2d 830521                     /usr/local/python/3.12.1/lib/python3.12/lib-dynload/grp.cpython-312-x86_64-linux-gnu.so
71ffa8e25000-71ffa8e26000 rw-p 00004000 00:2d 830521                     /usr/local/python/3.12.1/lib/python3.12/lib-dynload/grp.cpython-312-x86_64-linux-gnu.so
71ffa8e26000-71ffa8e2a000 r--p 00000000 00:2d 1062257                    /usr/local/python/3.12.1/lib/python3.12/site-packages/yarl/_quoting_c.cpython-312-x86_64-linux-gnu.so
71ffa8e2a000-71ffa8e3f000 r-xp 00004000 00:2d 1062257                    /usr/local/python/3.12.1/lib/python3.12/site-packages/yarl/_quoting_c.cpython-312-x86_64-linux-gnu.so
71ffa8e3f000-71ffa8e43000 r--p 00019000 00:2d 1062257                    /usr/local/python/3.12.1/lib/python3.12/site-packages/yarl/_quoting_c.cpython-312-x86_64-linux-gnu.so
71ffa8e43000-71ffa8e44000 r--p 0001c000 00:2d 1062257                    /usr/local/python/3.12.1/lib/python3.12/site-packages/yarl/_quoting_c.cpython-312-x86_64-linux-gnu.so
71ffa8e44000-71ffa8e45000 rw-p 0001d000 00:2d 1062257                    /usr/local/python/3.12.1/lib/python3.12/site-packages/yarl/_quoting_c.cpython-312-x86_64-linux-gnu.so
71ffa8e45000-71ffa8e46000 rw-p 00000000 00:00 0 
71ffa8e46000-71ffa8e4a000 r--p 00000000 00:2d 1062199                    /usr/local/python/3.12.1/lib/python3.12/site-packages/multidict/_multidict.cpython-312-x86_64-linux-gnu.so
71ffa8e4a000-71ffa8e5b000 r-xp 00004000 00:2d 1062199                    /usr/local/python/3.12.1/lib/python3.12/site-packages/multidict/_multidict.cpython-312-x86_64-linux-gnu.so
71ffa8e5b000-71ffa8e5e000 r--p 00015000 00:2d 1062199                    /usr/local/python/3.12.1/lib/python3.12/site-packages/multidict/_multidict.cpython-312-x86_64-linux-gnu.so
71ffa8e5e000-71ffa8e5f000 r--p 00018000 00:2d 1062199                    /usr/local/python/3.12.1/lib/python3.12/site-packages/multidict/_multidict.cpython-312-x86_64-linux-gnu.so
71ffa8e5f000-71ffa8e61000 rw-p 00019000 00:2d 1062199                    /usr/local/python/3.12.1/lib/python3.12/site-packages/multidict/_multidict.cpython-312-x86_64-linux-gnu.so
71ffa8e61000-71ffa8e68000 r--p 00000000 00:2d 830499                     /usr/local/python/3.12.1/lib/python3.12/lib-dynload/_sqlite3.cpython-312-x86_64-linux-gnu.so
71ffa8e68000-71ffa8e78000 r-xp 00007000 00:2d 830499                     /usr/local/python/3.12.1/lib/python3.12/lib-dynload/_sqlite3.cpython-312-x86_64-linux-gnu.so
71ffa8e78000-71ffa8e7f000 r--p 00017000 00:2d 830499                     /usr/local/python/3.12.1/lib/python3.12/lib-dynload/_sqlite3.cpython-312-x86_64-linux-gnu.so
71ffa8e7f000-71ffa8e80000 r--p 0001e000 00:2d 830499                     /usr/local/python/3.12.1/lib/python3.12/lib-dynload/_sqlite3.cpython-312-x86_64-linux-gnu.so
71ffa8e80000-71ffa8e82000 rw-p 0001f000 00:2d 830499                     /usr/local/python/3.12.1/lib/python3.12/lib-dynload/_sqlite3.cpython-312-x86_64-linux-gnu.so
71ffa8e82000-71ffa8e87000 r--p 00000000 00:2d 830477                     /usr/local/python/3.12.1/lib/python3.12/lib-dynload/_datetime.cpython-312-x86_64-linux-gnu.so
71ffa8e87000-71ffa8e98000 r-xp 00005000 00:2d 830477                     /usr/local/python/3.12.1/lib/python3.12/lib-dynload/_datetime.cpython-312-x86_64-linux-gnu.so
71ffa8e98000-71ffa8e9d000 r--p 00016000 00:2d 830477                     /usr/local/python/3.12.1/lib/python3.12/lib-dynload/_datetime.cpython-312-x86_64-linux-gnu.so
71ffa8e9d000-71ffa8e9e000 r--p 0001b000 00:2d 830477                     /usr/local/python/3.12.1/lib/python3.12/lib-dynload/_datetime.cpython-312-x86_64-linux-gnu.so
71ffa8e9e000-71ffa8ea1000 rw-p 0001c000 00:2d 830477                     /usr/local/python/3.12.1/lib/python3.12/lib-dynload/_datetime.cpython-312-x86_64-linux-gnu.so
71ffa8ea1000-71ffa90a1000 rw-p 00000000 00:00 0 
71ffa90a1000-71ffa90a3000 r--p 00000000 00:2d 830483                     /usr/local/python/3.12.1/lib/python3.12/lib-dynload/_json.cpython-312-x86_64-linux-gnu.so
71ffa90a3000-71ffa90a9000 r-xp 00002000 00:2d 830483                     /usr/local/python/3.12.1/lib/python3.12/lib-dynload/_json.cpython-312-x86_64-linux-gnu.so
71ffa90a9000-71ffa90ab000 r--p 00008000 00:2d 830483                     /usr/local/python/3.12.1/lib/python3.12/lib-dynload/_json.cpython-312-x86_64-linux-gnu.so
71ffa90ab000-71ffa90ac000 r--p 00009000 00:2d 830483                     /usr/local/python/3.12.1/lib/python3.12/lib-dynload/_json.cpython-312-x86_64-linux-gnu.so
71ffa90ac000-71ffa90ad000 rw-p 0000a000 00:2d 830483                     /usr/local/python/3.12.1/lib/python3.12/lib-dynload/_json.cpython-312-x86_64-linux-gnu.so
71ffa90ad000-71ffa90b1000 r--p 00000000 00:2d 830460                     /usr/local/python/3.12.1/lib/python3.12/lib-dynload/_asyncio.cpython-312-x86_64-linux-gnu.so
71ffa90b1000-71ffa90ba000 r-xp 00004000 00:2d 830460                     /usr/local/python/3.12.1/lib/python3.12/lib-dynload/_asyncio.cpython-312-x86_64-linux-gnu.so
71ffa90ba000-71ffa90be000 r--p 0000d000 00:2d 830460                     /usr/local/python/3.12.1/lib/python3.12/lib-dynload/_asyncio.cpython-312-x86_64-linux-gnu.so
71ffa90be000-71ffa90bf000 r--p 00011000 00:2d 830460                     /usr/local/python/3.12.1/lib/python3.12/lib-dynload/_asyncio.cpython-312-x86_64-linux-gnu.so
71ffa90bf000-71ffa90c1000 rw-p 00012000 00:2d 830460                     /usr/local/python/3.12.1/lib/python3.12/lib-dynload/_asyncio.cpython-312-x86_64-linux-gnu.so
71ffa90c1000-71ffa91c1000 rw-p 00000000 00:00 0 
71ffa91c1000-71ffa91c3000 r--p 00000000 00:2d 394217                     /usr/lib/x86_64-linux-gnu/libz.so.1.3
71ffa91c3000-71ffa91d5000 r-xp 00002000 00:2d 394217                     /usr/lib/x86_64-linux-gnu/libz.so.1.3
71ffa91d5000-71ffa91db000 r--p 00014000 00:2d 394217                     /usr/lib/x86_64-linux-gnu/libz.so.1.3
71ffa91db000-71ffa91dc000 r--p 0001a000 00:2d 394217                     /usr/lib/x86_64-linux-gnu/libz.so.1.3
71ffa91dc000-71ffa91dd000 rw-p 0001b000 00:2d 394217                     /usr/lib/x86_64-linux-gnu/libz.so.1.3
71ffa91dd000-71ffa9290000 r--p 00000000 00:2d 394114                     /usr/lib/x86_64-linux-gnu/libcrypto.so.3
71ffa9290000-71ffa95c3000 r-xp 000b3000 00:2d 394114                     /usr/lib/x86_64-linux-gnu/libcrypto.so.3
71ffa95c3000-71ffa968e000 r--p 003e6000 00:2d 394114                     /usr/lib/x86_64-linux-gnu/libcrypto.so.3
71ffa968e000-71ffa96ea000 r--p 004b0000 00:2d 394114                     /usr/lib/x86_64-linux-gnu/libcrypto.so.3
71ffa96ea000-71ffa96ed000 rw-p 0050c000 00:2d 394114                     /usr/lib/x86_64-linux-gnu/libcrypto.so.3
71ffa96ed000-71ffa96f0000 rw-p 00000000 00:00 0 
71ffa96f0000-71ffa970e000 r--p 00000000 00:2d 394195                     /usr/lib/x86_64-linux-gnu/libssl.so.3
71ffa970e000-71ffa9770000 r-xp 0001e000 00:2d 394195                     /usr/lib/x86_64-linux-gnu/libssl.so.3
71ffa9770000-71ffa978c000 r--p 00080000 00:2d 394195                     /usr/lib/x86_64-linux-gnu/libssl.so.3
71ffa978c000-71ffa9796000 r--p 0009c000 00:2d 394195                     /usr/lib/x86_64-linux-gnu/libssl.so.3
71ffa9796000-71ffa979a000 rw-p 000a6000 00:2d 394195                     /usr/lib/x86_64-linux-gnu/libssl.so.3
71ffa979a000-71ffa97ac000 r--p 00000000 00:2d 830500                     /usr/local/python/3.12.1/lib/python3.12/lib-dynload/_ssl.cpython-312-x86_64-linux-gnu.so
71ffa97ac000-71ffa97bb000 r-xp 00012000 00:2d 830500                     /usr/local/python/3.12.1/lib/python3.12/lib-dynload/_ssl.cpython-312-x86_64-linux-gnu.so
71ffa97bb000-71ffa97c9000 r--p 00021000 00:2d 830500                     /usr/local/python/3.12.1/lib/python3.12/lib-dynload/_ssl.cpython-312-x86_64-linux-gnu.so
71ffa97c9000-71ffa97ca000 r--p 0002e000 00:2d 830500                     /usr/local/python/3.12.1/lib/python3.12/lib-dynload/_ssl.cpython-312-x86_64-linux-gnu.so
71ffa97ca000-71ffa97d3000 rw-p 0002f000 00:2d 830500                     /usr/local/python/3.12.1/lib/python3.12/lib-dynload/_ssl.cpython-312-x86_64-linux-gnu.so
71ffa97d3000-71ffa98d3000 rw-p 00000000 00:00 0 
71ffa98d3000-71ffa98d4000 r--p 00000000 00:2d 393772                     /usr/lib/locale/C.utf8/LC_MEASUREMENT
71ffa98d4000-71ffa98d5000 r--p 00000000 00:2d 393771                     /usr/lib/locale/C.utf8/LC_IDENTIFICATION
71ffa98d5000-71ffa98d6000 ---p 00000000 00:00 0 
71ffa98d6000-71ffa98d7000 r--p 00000000 00:00 0 
71ffa98d7000-71ffa98da000 r--p 00000000 00:2d 830536                     /usr/local/python/3.12.1/lib/python3.12/lib-dynload/zlib.cpython-312-x86_64-linux-gnu.so
71ffa98da000-71ffa98e1000 r-xp 00003000 00:2d 830536                     /usr/local/python/3.12.1/lib/python3.12/lib-dynload/zlib.cpython-312-x86_64-linux-gnu.so
71ffa98e1000-71ffa98e4000 r--p 0000a000 00:2d 830536                     /usr/local/python/3.12.1/lib/python3.12/lib-dynload/zlib.cpython-312-x86_64-linux-gnu.so
71ffa98e4000-71ffa98e5000 r--p 0000c000 00:2d 830536                     /usr/local/python/3.12.1/lib/python3.12/lib-dynload/zlib.cpython-312-x86_64-linux-gnu.so
71ffa98e5000-71ffa98e6000 rw-p 0000d000 00:2d 830536                     /usr/local/python/3.12.1/lib/python3.12/lib-dynload/zlib.cpython-312-x86_64-linux-gnu.so
71ffa98e6000-71ffa98e8000 r--p 00000000 00:2d 830496                     /usr/local/python/3.12.1/lib/python3.12/lib-dynload/_sha2.cpython-312-x86_64-linux-gnu.so
71ffa98e8000-71ffa98f3000 r-xp 00002000 00:2d 830496                     /usr/local/python/3.12.1/lib/python3.12/lib-dynload/_sha2.cpython-312-x86_64-linux-gnu.so
71ffa98f3000-71ffa98f5000 r--p 0000d000 00:2d 830496                     /usr/local/python/3.12.1/lib/python3.12/lib-dynload/_sha2.cpython-312-x86_64-linux-gnu.so
71ffa98f5000-71ffa98f6000 r--p 0000e000 00:2d 830496                     /usr/local/python/3.12.1/lib/python3.12/lib-dynload/_sha2.cpython-312-x86_64-linux-gnu.so
71ffa98f6000-71ffa98f7000 rw-p 0000f000 00:2d 830496                     /usr/local/python/3.12.1/lib/python3.12/lib-dynload/_sha2.cpython-312-x86_64-linux-gnu.so
71ffa98f7000-71ffa98f9000 r--p 00000000 00:2d 830494                     /usr/local/python/3.12.1/lib/python3.12/lib-dynload/_random.cpython-312-x86_64-linux-gnu.so
71ffa98f9000-71ffa98fb000 r-xp 00002000 00:2d 830494                     /usr/local/python/3.12.1/lib/python3.12/lib-dynload/_random.cpython-312-x86_64-linux-gnu.so
71ffa98fb000-71ffa98fc000 r--p 00004000 00:2d 830494                     /usr/local/python/3.12.1/lib/python3.12/lib-dynload/_random.cpython-312-x86_64-linux-gnu.so
71ffa98fc000-71ffa98fd000 r--p 00004000 00:2d 830494                     /usr/local/python/3.12.1/lib/python3.12/lib-dynload/_random.cpython-312-x86_64-linux-gnu.so
71ffa98fd000-71ffa98fe000 rw-p 00005000 00:2d 830494                     /usr/local/python/3.12.1/lib/python3.12/lib-dynload/_random.cpython-312-x86_64-linux-gnu.so
71ffa98fe000-71ffa9900000 r--p 00000000 00:2d 830461                     /usr/local/python/3.12.1/lib/python3.12/lib-dynload/_bisect.cpython-312-x86_64-linux-gnu.so
71ffa9900000-71ffa9903000 r-xp 00002000 00:2d 830461                     /usr/local/python/3.12.1/lib/python3.12/lib-dynload/_bisect.cpython-312-x86_64-linux-gnu.so
71ffa9903000-71ffa9904000 r--p 00005000 00:2d 830461                     /usr/local/python/3.12.1/lib/python3.12/lib-dynload/_bisect.cpython-312-x86_64-linux-gnu.so
71ffa9904000-71ffa9905000 r--p 00005000 00:2d 830461                     /usr/local/python/3.12.1/lib/python3.12/lib-dynload/_bisect.cpython-312-x86_64-linux-gnu.so
71ffa9905000-71ffa9906000 rw-p 00006000 00:2d 830461                     /usr/local/python/3.12.1/lib/python3.12/lib-dynload/_bisect.cpython-312-x86_64-linux-gnu.so
71ffa9906000-71ffa9a06000 rw-p 00000000 00:00 0 
71ffa9a06000-71ffa9a07000 ---p 00000000 00:00 0 
71ffa9a07000-71ffa9a09000 r--p 00000000 00:2d 830493                     /usr/local/python/3.12.1/lib/python3.12/lib-dynload/_queue.cpython-312-x86_64-linux-gnu.so
71ffa9a09000-71ffa9a0b000 r-xp 00002000 00:2d 830493                     /usr/local/python/3.12.1/lib/python3.12/lib-dynload/_queue.cpython-312-x86_64-linux-gnu.so
71ffa9a0b000-71ffa9a0c000 r--p 00004000 00:2d 830493                     /usr/local/python/3.12.1/lib/python3.12/lib-dynload/_queue.cpython-312-x86_64-linux-gnu.so
71ffa9a0c000-71ffa9a0d000 r--p 00004000 00:2d 830493                     /usr/local/python/3.12.1/lib/python3.12/lib-dynload/_queue.cpython-312-x86_64-linux-gnu.so
71ffa9a0d000-71ffa9a0e000 rw-p 00005000 00:2d 830493                     /usr/local/python/3.12.1/lib/python3.12/lib-dynload/_queue.cpython-312-x86_64-linux-gnu.so
71ffa9a0e000-71ffa9a0f000 r--p 00000000 00:2d 830470                     /usr/local/python/3.12.1/lib/python3.12/lib-dynload/_contextvars.cpython-312-x86_64-linux-gnu.so
71ffa9a0f000-71ffa9a10000 r-xp 00001000 00:2d 830470                     /usr/local/python/3.12.1/lib/python3.12/lib-dynload/_contextvars.cpython-312-x86_64-linux-gnu.so
71ffa9a10000-71ffa9a11000 r--p 00002000 00:2d 830470                     /usr/local/python/3.12.1/lib/python3.12/lib-dynload/_contextvars.cpython-312-x86_64-linux-gnu.so
71ffa9a11000-71ffa9a12000 r--p 00002000 00:2d 830470                     /usr/local/python/3.12.1/lib/python3.12/lib-dynload/_contextvars.cpython-312-x86_64-linux-gnu.so
71ffa9a12000-71ffa9a13000 rw-p 00003000 00:2d 830470                     /usr/local/python/3.12.1/lib/python3.12/lib-dynload/_contextvars.cpython-312-x86_64-linux-gnu.so
71ffa9a13000-71ffa9a14000 r--p 00000000 00:2d 830489                     /usr/local/python/3.12.1/lib/python3.12/lib-dynload/_opcode.cpython-312-x86_64-linux-gnu.so
71ffa9a14000-71ffa9a15000 r-xp 00001000 00:2d 830489                     /usr/local/python/3.12.1/lib/python3.12/lib-dynload/_opcode.cpython-312-x86_64-linux-gnu.so
71ffa9a15000-71ffa9a16000 r--p 00002000 00:2d 830489                     /usr/local/python/3.12.1/lib/python3.12/lib-dynload/_opcode.cpython-312-x86_64-linux-gnu.so
71ffa9a16000-71ffa9a17000 r--p 00002000 00:2d 830489                     /usr/local/python/3.12.1/lib/python3.12/lib-dynload/_opcode.cpython-312-x86_64-linux-gnu.so
71ffa9a17000-71ffa9a18000 rw-p 00003000 00:2d 830489                     /usr/local/python/3.12.1/lib/python3.12/lib-dynload/_opcode.cpython-312-x86_64-linux-gnu.so
71ffa9a18000-71ffa9a1a000 r--p 00000000 00:2d 830518                     /usr/local/python/3.12.1/lib/python3.12/lib-dynload/binascii.cpython-312-x86_64-linux-gnu.so
71ffa9a1a000-71ffa9a1d000 r-xp 00002000 00:2d 830518                     /usr/local/python/3.12.1/lib/python3.12/lib-dynload/binascii.cpython-312-x86_64-linux-gnu.so
71ffa9a1d000-71ffa9a1f000 r--p 00005000 00:2d 830518                     /usr/local/python/3.12.1/lib/python3.12/lib-dynload/binascii.cpython-312-x86_64-linux-gnu.so
71ffa9a1f000-71ffa9a20000 r--p 00006000 00:2d 830518                     /usr/local/python/3.12.1/lib/python3.12/lib-dynload/binascii.cpython-312-x86_64-linux-gnu.so
71ffa9a20000-71ffa9a21000 rw-p 00007000 00:2d 830518                     /usr/local/python/3.12.1/lib/python3.12/lib-dynload/binascii.cpython-312-x86_64-linux-gnu.so
71ffa9a21000-71ffa9a22000 r--p 00000000 00:2d 830482                     /usr/local/python/3.12.1/lib/python3.12/lib-dynload/_heapq.cpython-312-x86_64-linux-gnu.so
71ffa9a22000-71ffa9a24000 r-xp 00001000 00:2d 830482                     /usr/local/python/3.12.1/lib/python3.12/lib-dynload/_heapq.cpython-312-x86_64-linux-gnu.so
71ffa9a24000-71ffa9a27000 r--p 00003000 00:2d 830482                     /usr/local/python/3.12.1/lib/python3.12/lib-dynload/_heapq.cpython-312-x86_64-linux-gnu.so
71ffa9a27000-71ffa9a28000 r--p 00005000 00:2d 830482                     /usr/local/python/3.12.1/lib/python3.12/lib-dynload/_heapq.cpython-312-x86_64-linux-gnu.so
71ffa9a28000-71ffa9a29000 rw-p 00006000 00:2d 830482                     /usr/local/python/3.12.1/lib/python3.12/lib-dynload/_heapq.cpython-312-x86_64-linux-gnu.so
71ffa9a29000-71ffa9a2a000 r--p 00000000 00:2d 830491                     /usr/local/python/3.12.1/lib/python3.12/lib-dynload/_posixshmem.cpython-312-x86_64-linux-gnu.so
71ffa9a2a000-71ffa9a2b000 r-xp 00001000 00:2d 830491                     /usr/local/python/3.12.1/lib/python3.12/lib-dynload/_posixshmem.cpython-312-x86_64-linux-gnu.so
71ffa9a2b000-71ffa9a2c000 r--p 00002000 00:2d 830491                     /usr/local/python/3.12.1/lib/python3.12/lib-dynload/_posixshmem.cpython-312-x86_64-linux-gnu.so
71ffa9a2c000-71ffa9a2d000 r--p 00002000 00:2d 830491                     /usr/local/python/3.12.1/lib/python3.12/lib-dynload/_posixshmem.cpython-312-x86_64-linux-gnu.so
71ffa9a2d000-71ffa9a2e000 rw-p 00003000 00:2d 830491                     /usr/local/python/3.12.1/lib/python3.12/lib-dynload/_posixshmem.cpython-312-x86_64-linux-gnu.so
71ffa9a2e000-71ffa9a30000 r--p 00000000 00:2d 830488                     /usr/local/python/3.12.1/lib/python3.12/lib-dynload/_multiprocessing.cpython-312-x86_64-linux-gnu.so
71ffa9a30000-71ffa9a32000 r-xp 00002000 00:2d 830488                     /usr/local/python/3.12.1/lib/python3.12/lib-dynload/_multiprocessing.cpython-312-x86_64-linux-gnu.so
71ffa9a32000-71ffa9a33000 r--p 00004000 00:2d 830488                     /usr/local/python/3.12.1/lib/python3.12/lib-dynload/_multiprocessing.cpython-312-x86_64-linux-gnu.so
71ffa9a33000-71ffa9a34000 r--p 00004000 00:2d 830488                     /usr/local/python/3.12.1/lib/python3.12/lib-dynload/_multiprocessing.cpython-312-x86_64-linux-gnu.so
71ffa9a34000-71ffa9a35000 rw-p 00005000 00:2d 830488                     /usr/local/python/3.12.1/lib/python3.12/lib-dynload/_multiprocessing.cpython-312-x86_64-linux-gnu.so
71ffa9a35000-71ffa9a37000 r--p 00000000 00:2d 830492                     /usr/local/python/3.12.1/lib/python3.12/lib-dynload/_posixsubprocess.cpython-312-x86_64-linux-gnu.so
71ffa9a37000-71ffa9a3a000 r-xp 00002000 00:2d 830492                     /usr/local/python/3.12.1/lib/python3.12/lib-dynload/_posixsubprocess.cpython-312-x86_64-linux-gnu.so
71ffa9a3a000-71ffa9a3b000 r--p 00005000 00:2d 830492                     /usr/local/python/3.12.1/lib/python3.12/lib-dynload/_posixsubprocess.cpython-312-x86_64-linux-gnu.so
71ffa9a3b000-71ffa9a3c000 r--p 00005000 00:2d 830492                     /usr/local/python/3.12.1/lib/python3.12/lib-dynload/_posixsubprocess.cpython-312-x86_64-linux-gnu.so
71ffa9a3c000-71ffa9a3d000 rw-p 00006000 00:2d 830492                     /usr/local/python/3.12.1/lib/python3.12/lib-dynload/_posixsubprocess.cpython-312-x86_64-linux-gnu.so
71ffa9a3d000-71ffa9a3e000 r--p 00000000 00:2d 830520                     /usr/local/python/3.12.1/lib/python3.12/lib-dynload/fcntl.cpython-312-x86_64-linux-gnu.so
71ffa9a3e000-71ffa9a40000 r-xp 00001000 00:2d 830520                     /usr/local/python/3.12.1/lib/python3.12/lib-dynload/fcntl.cpython-312-x86_64-linux-gnu.so
71ffa9a40000-71ffa9a42000 r--p 00003000 00:2d 830520                     /usr/local/python/3.12.1/lib/python3.12/lib-dynload/fcntl.cpython-312-x86_64-linux-gnu.so
71ffa9a42000-71ffa9a43000 r--p 00004000 00:2d 830520                     /usr/local/python/3.12.1/lib/python3.12/lib-dynload/fcntl.cpython-312-x86_64-linux-gnu.so
71ffa9a43000-71ffa9a44000 rw-p 00005000 00:2d 830520                     /usr/local/python/3.12.1/lib/python3.12/lib-dynload/fcntl.cpython-312-x86_64-linux-gnu.so
71ffa9a44000-71ffa9a48000 r--p 00000000 00:2d 830516                     /usr/local/python/3.12.1/lib/python3.12/lib-dynload/array.cpython-312-x86_64-linux-gnu.so
71ffa9a48000-71ffa9a50000 r-xp 00004000 00:2d 830516                     /usr/local/python/3.12.1/lib/python3.12/lib-dynload/array.cpython-312-x86_64-linux-gnu.so
71ffa9a50000-71ffa9a54000 r--p 0000c000 00:2d 830516                     /usr/local/python/3.12.1/lib/python3.12/lib-dynload/array.cpython-312-x86_64-linux-gnu.so
71ffa9a54000-71ffa9a55000 r--p 0000f000 00:2d 830516                     /usr/local/python/3.12.1/lib/python3.12/lib-dynload/array.cpython-312-x86_64-linux-gnu.so
71ffa9a55000-71ffa9a56000 rw-p 00010000 00:2d 830516                     /usr/local/python/3.12.1/lib/python3.12/lib-dynload/array.cpython-312-x86_64-linux-gnu.so
71ffa9a56000-71ffa9a58000 r--p 00000000 00:2d 830528                     /usr/local/python/3.12.1/lib/python3.12/lib-dynload/select.cpython-312-x86_64-linux-gnu.so
71ffa9a58000-71ffa9a5b000 r-xp 00002000 00:2d 830528                     /usr/local/python/3.12.1/lib/python3.12/lib-dynload/select.cpython-312-x86_64-linux-gnu.so
71ffa9a5b000-71ffa9a5d000 r--p 00005000 00:2d 830528                     /usr/local/python/3.12.1/lib/python3.12/lib-dynload/select.cpython-312-x86_64-linux-gnu.so
71ffa9a5d000-71ffa9a5e000 r--p 00006000 00:2d 830528                     /usr/local/python/3.12.1/lib/python3.12/lib-dynload/select.cpython-312-x86_64-linux-gnu.so
71ffa9a5e000-71ffa9a5f000 rw-p 00007000 00:2d 830528                     /usr/local/python/3.12.1/lib/python3.12/lib-dynload/select.cpython-312-x86_64-linux-gnu.so
71ffa9a5f000-71ffa9a62000 r--p 00000000 00:2d 830522                     /usr/local/python/3.12.1/lib/python3.12/lib-dynload/math.cpython-312-x86_64-linux-gnu.so
71ffa9a62000-71ffa9a6e000 r-xp 00003000 00:2d 830522                     /usr/local/python/3.12.1/lib/python3.12/lib-dynload/math.cpython-312-x86_64-linux-gnu.so
71ffa9a6e000-71ffa9a73000 r--p 0000f000 00:2d 830522                     /usr/local/python/3.12.1/lib/python3.12/lib-dynload/math.cpython-312-x86_64-linux-gnu.so
71ffa9a73000-71ffa9a74000 r--p 00013000 00:2d 830522                     /usr/local/python/3.12.1/lib/python3.12/lib-dynload/math.cpython-312-x86_64-linux-gnu.so
71ffa9a74000-71ffa9a75000 rw-p 00014000 00:2d 830522                     /usr/local/python/3.12.1/lib/python3.12/lib-dynload/math.cpython-312-x86_64-linux-gnu.so
71ffa9a75000-71ffa9a79000 r--p 00000000 00:2d 830498                     /usr/local/python/3.12.1/lib/python3.12/lib-dynload/_socket.cpython-312-x86_64-linux-gnu.so
71ffa9a79000-71ffa9a86000 r-xp 00004000 00:2d 830498                     /usr/local/python/3.12.1/lib/python3.12/lib-dynload/_socket.cpython-312-x86_64-linux-gnu.so
71ffa9a86000-71ffa9a8f000 r--p 00011000 00:2d 830498                     /usr/local/python/3.12.1/lib/python3.12/lib-dynload/_socket.cpython-312-x86_64-linux-gnu.so
71ffa9a8f000-71ffa9a90000 r--p 00019000 00:2d 830498                     /usr/local/python/3.12.1/lib/python3.12/lib-dynload/_socket.cpython-312-x86_64-linux-gnu.so
71ffa9a90000-71ffa9a91000 rw-p 0001a000 00:2d 830498                     /usr/local/python/3.12.1/lib/python3.12/lib-dynload/_socket.cpython-312-x86_64-linux-gnu.so
71ffa9a91000-71ffa9a96000 r--p 00000000 00:2d 830490                     /usr/local/python/3.12.1/lib/python3.12/lib-dynload/_pickle.cpython-312-x86_64-linux-gnu.so
71ffa9a96000-71ffa9aa8000 r-xp 00005000 00:2d 830490                     /usr/local/python/3.12.1/lib/python3.12/lib-dynload/_pickle.cpython-312-x86_64-linux-gnu.so
71ffa9aa8000-71ffa9aae000 r--p 00017000 00:2d 830490                     /usr/local/python/3.12.1/lib/python3.12/lib-dynload/_pickle.cpython-312-x86_64-linux-gnu.so
71ffa9aae000-71ffa9aaf000 r--p 0001c000 00:2d 830490                     /usr/local/python/3.12.1/lib/python3.12/lib-dynload/_pickle.cpython-312-x86_64-linux-gnu.so
71ffa9aaf000-71ffa9ab0000 rw-p 0001d000 00:2d 830490                     /usr/local/python/3.12.1/lib/python3.12/lib-dynload/_pickle.cpython-312-x86_64-linux-gnu.so
71ffa9ab0000-71ffa9ab3000 r--p 00000000 00:2d 830502                     /usr/local/python/3.12.1/lib/python3.12/lib-dynload/_struct.cpython-312-x86_64-linux-gnu.so
71ffa9ab3000-71ffa9ab9000 r-xp 00003000 00:2d 830502                     /usr/local/python/3.12.1/lib/python3.12/lib-dynload/_struct.cpython-312-x86_64-linux-gnu.so
71ffa9ab9000-71ffa9abc000 r--p 00009000 00:2d 830502                     /usr/local/python/3.12.1/lib/python3.12/lib-dynload/_struct.cpython-312-x86_64-linux-gnu.so
71ffa9abc000-71ffa9abd000 r--p 0000c000 00:2d 830502                     /usr/local/python/3.12.1/lib/python3.12/lib-dynload/_struct.cpython-312-x86_64-linux-gnu.so
71ffa9abd000-71ffa9abe000 rw-p 0000d000 00:2d 830502                     /usr/local/python/3.12.1/lib/python3.12/lib-dynload/_struct.cpython-312-x86_64-linux-gnu.so
71ffa9abe000-71ffa9e24000 rw-p 00000000 00:00 0 
71ffa9e24000-71ffa9e7d000 r--p 00000000 00:2d 393770                     /usr/lib/locale/C.utf8/LC_CTYPE
71ffa9e7d000-71ffaa168000 r--p 00000000 00:2d 531685                     /usr/lib/locale/locale-archive
71ffaa168000-71ffaa16b000 rw-p 00000000 00:00 0 
71ffaa16b000-71ffaa193000 r--p 00000000 00:2d 394104                     /usr/lib/x86_64-linux-gnu/libc.so.6
71ffaa193000-71ffaa31b000 r-xp 00028000 00:2d 394104                     /usr/lib/x86_64-linux-gnu/libc.so.6
71ffaa31b000-71ffaa36a000 r--p 001b0000 00:2d 394104                     /usr/lib/x86_64-linux-gnu/libc.so.6
71ffaa36a000-71ffaa36e000 r--p 001fe000 00:2d 394104                     /usr/lib/x86_64-linux-gnu/libc.so.6
71ffaa36e000-71ffaa370000 rw-p 00202000 00:2d 394104                     /usr/lib/x86_64-linux-gnu/libc.so.6
71ffaa370000-71ffaa37d000 rw-p 00000000 00:00 0 
71ffaa37d000-71ffaa38d000 r--p 00000000 00:2d 394146                     /usr/lib/x86_64-linux-gnu/libm.so.6
71ffaa38d000-71ffaa40c000 r-xp 00010000 00:2d 394146                     /usr/lib/x86_64-linux-gnu/libm.so.6
71ffaa40c000-71ffaa464000 r--p 0008f000 00:2d 394146                     /usr/lib/x86_64-linux-gnu/libm.so.6
71ffaa464000-71ffaa465000 r--p 000e7000 00:2d 394146                     /usr/lib/x86_64-linux-gnu/libm.so.6
71ffaa465000-71ffaa466000 rw-p 000e8000 00:2d 394146                     /usr/lib/x86_64-linux-gnu/libm.so.6
71ffaa466000-71ffaa46d000 r--s 00000000 00:2d 394075                     /usr/lib/x86_64-linux-gnu/gconv/gconv-modules.cache
71ffaa46d000-71ffaa46f000 rw-p 00000000 00:00 0 
71ffaa46f000-71ffaa470000 r--p 00000000 00:2d 394084                     /usr/lib/x86_64-linux-gnu/ld-linux-x86-64.so.2
71ffaa470000-71ffaa49b000 r-xp 00001000 00:2d 394084                     /usr/lib/x86_64-linux-gnu/ld-linux-x86-64.so.2
71ffaa49b000-71ffaa4a5000 r--p 0002c000 00:2d 394084                     /usr/lib/x86_64-linux-gnu/ld-linux-x86-64.so.2
71ffaa4a5000-71ffaa4a7000 r--p 00036000 00:2d 394084                     /usr/lib/x86_64-linux-gnu/ld-linux-x86-64.so.2
71ffaa4a7000-71ffaa4a9000 rw-p 00038000 00:2d 394084                     /usr/lib/x86_64-linux-gnu/ld-linux-x86-64.so.2
7ffe8ec71000-7ffe8ec75000 ---p 00000000 00:00 0 
7ffe8ec75000-7ffe8ed71000 rw-p 00000000 00:00 0                          [stack]
7ffe8ed8e000-7ffe8ed92000 r--p 00000000 00:00 0                          [vvar]
7ffe8ed92000-7ffe8ed94000 r-xp 00000000 00:00 0                          [vdso]
ffffffffff600000-ffffffffff601000 --xp 00000000 00:00 0                  [vsyscall]
Total number of mappings: 611

JVMTI agents: none


VM Arguments:
jvm_args: -Dfile.encoding=UTF8 -ea -Xmx1024m 
java_command: <unknown>
java_class_path (initial): /usr/local/python/3.12.1/lib/python3.12/site-packages/konlpy/java:/usr/local/python/3.12.1/lib/python3.12/site-packages/konlpy/java/bin:/usr/local/python/3.12.1/lib/python3.12/site-packages/konlpy/java/open-korean-text-2.1.0.jar:/usr/local/python/3.12.1/lib/python3.12/site-packages/konlpy/java/scala-library-2.12.3.jar:/usr/local/python/3.12.1/lib/python3.12/site-packages/konlpy/java/shineware-ds-1.0.jar:/usr/local/python/3.12.1/lib/python3.12/site-packages/konlpy/java/snakeyaml-1.12.jar:/usr/local/python/3.12.1/lib/python3.12/site-packages/konlpy/java/shineware-common-1.0.jar:/usr/local/python/3.12.1/lib/python3.12/site-packages/konlpy/java/jhannanum-0.8.4.jar:/usr/local/python/3.12.1/lib/python3.12/site-packages/konlpy/java/twitter-text-1.14.7.jar:/usr/local/python/3.12.1/lib/python3.12/site-packages/konlpy/java/aho-corasick.jar:/usr/local/python/3.12.1/lib/python3.12/site-packages/konlpy/java/komoran-3.0.jar:/usr/local/python/3.12.1/lib/python3.12/site-packages/konlpy/java/kkma-2.0.jar:/usr/local/python/3.12.1/lib/python3.12/site-packages/konlpy/java/jhannanum-0.8.4.jar:/usr/local/python/3.12.1/lib/python3.12/site-packages/konlpy/java/kkma-2.0.jar:/usr/local/python/3.12.1/lib/python3.12/site-packages/konlpy/java/aho-corasick.jar:/usr/local/python/3.12.1/lib/python3.12/site-packages/konlpy/java/shineware-common-1.0.jar:/usr/local/python/3.12.1/lib/python3.12/site-packages/konlpy/java/shineware-ds-1.0.jar:/usr/local/python/3.12.1/lib/python3.12/site-packages/konlpy/java/komoran-3.0.jar:/usr/local/python/3.12.1/lib/python3.12/site-packages/konlpy/java/snakeyaml-1.12.jar:/usr/local/python/3.12.1/lib/python3.12/site-packages/konlpy/java/scala-library-2.12.3.jar:/usr/local/python/3.12.1/lib/python3.12/site-packages/konlpy/java/open-korean-text-2.1.0.jar:/usr/local/python/3.12.1/lib/python3.12/site-packages/konlpy/java/twitter-text-1.14.7.jar:/usr/local/python/3.12.1/lib/python3.12/site-packages/konlpy/java/open-korean-text-2.1.0.jar:/usr/local/python/3.12.1/lib/python3.12/site-packages/konlpy/java/scala-library-2.12.3.jar:/usr/local/python/3.12.1/lib/python3.12/site-packages/konlpy/java/shineware-ds-1.0.jar:/usr/local/python/3.12.1/lib/python3.12/site-packages/konlpy/java/snakeyaml-1.12.jar:/usr/local/python/3.12.1/lib/python3.12/site-packages/konlpy/java/shineware-common-1.0.jar:/usr/local/python/3.12.1/lib/python3.12/site-packages/konlpy/java/jhannanum-0.8.4.jar:/usr/local/python/3.12.1/lib/python3.12/site-packages/konlpy/java/twitter-text-1.14.7.jar:/usr/local/python/3.12.1/lib/python3.12/site-packages/konlpy/java/aho-corasick.jar:/usr/local/python/3.12.1/lib/python3.12/site-packages/konlpy/java/komoran-3.0.jar:/usr/local/python/3.12.1/lib/python3.12/site-packages/konlpy/java/kkma-2.0.jar:/usr/local/python/3.12.1/lib/python3.12/site-packages/org.jpype.jar
Launcher Type: generic

[Global flags]
     intx CICompilerCount                          = 2                                         {product} {ergonomic}
     uint ConcGCThreads                            = 1                                         {product} {ergonomic}
     uint G1ConcRefinementThreads                  = 2                                         {product} {ergonomic}
   size_t G1HeapRegionSize                         = 1048576                                   {product} {ergonomic}
   size_t InitialHeapSize                          = 132120576                                 {product} {ergonomic}
   size_t MarkStackSize                            = 4194304                                   {product} {ergonomic}
   size_t MarkStackSizeMax                         = 536870912                                 {product} {ergonomic}
   size_t MaxHeapSize                              = 1073741824                                {product} {command line}
   size_t MaxNewSize                               = 643825664                                 {product} {ergonomic}
   size_t MinHeapDeltaBytes                        = 1048576                                   {product} {ergonomic}
   size_t MinHeapSize                              = 8388608                                   {product} {ergonomic}
    uintx NonNMethodCodeHeapSize                   = 5824512                                {pd product} {ergonomic}
    uintx NonProfiledCodeHeapSize                  = 122920960                              {pd product} {ergonomic}
    uintx ProfiledCodeHeapSize                     = 122912768                              {pd product} {ergonomic}
    uintx ReservedCodeCacheSize                    = 251658240                              {pd product} {ergonomic}
     bool SegmentedCodeCache                       = true                                      {product} {ergonomic}
   size_t SoftMaxHeapSize                          = 1073741824                             {manageable} {ergonomic}
     bool UseCompressedOops                        = true                           {product lp64_product} {ergonomic}
     bool UseG1GC                                  = true                                      {product} {ergonomic}

Logging:
Log output configuration:
 #0: stdout all=warning uptime,level,tags foldmultilines=false
 #1: stderr all=off uptime,level,tags foldmultilines=false

Release file:
IMPLEMENTOR="Microsoft"
IMPLEMENTOR_VERSION="Microsoft-12574222"
JAVA_RUNTIME_VERSION="25.0.1+8-LTS"
JAVA_VERSION="25.0.1"
JAVA_VERSION_DATE="2025-10-21"
LIBC="gnu"
MODULES="java.base java.compiler java.datatransfer java.xml java.prefs java.desktop java.instrument java.logging java.management java.security.sasl java.naming java.rmi java.management.rmi java.net.http java.scripting java.security.jgss java.transaction.xa java.sql java.sql.rowset java.xml.crypto java.se java.smartcardio jdk.accessibility jdk.internal.jvmstat jdk.attach jdk.charsets jdk.internal.opt jdk.zipfs jdk.compiler jdk.crypto.cryptoki jdk.crypto.ec jdk.dynalink jdk.internal.ed jdk.editpad jdk.internal.vm.ci jdk.graal.compiler jdk.graal.compiler.management jdk.hotspot.agent jdk.httpserver jdk.incubator.vector jdk.internal.le jdk.internal.md jdk.jartool jdk.javadoc jdk.jcmd jdk.management jdk.management.agent jdk.jconsole jdk.jdeps jdk.jdwp.agent jdk.jdi jdk.jfr jdk.jlink jdk.jpackage jdk.jshell jdk.jsobject jdk.jstatd jdk.localedata jdk.management.jfr jdk.naming.dns jdk.naming.rmi jdk.net jdk.nio.mapmode jdk.sctp jdk.security.auth jdk.security.jgss jdk.unsupported jdk.unsupported.desktop jdk.xml.dom"
OS_ARCH="x86_64"
OS_NAME="Linux"
SOURCE=".:git:a34d2ff2d503"

Environment Variables:
JAVA_HOME=/usr/local/sdkman/candidates/java/current
PATH=/usr/local/rvm/gems/ruby-3.4.7/bin:/usr/local/rvm/gems/ruby-3.4.7@global/bin:/usr/local/rvm/rubies/ruby-3.4.7/bin:/vscode/bin/linux-x64/41dd792b5e652393e7787322889ed5fdc58bd75b/bin/remote-cli:/home/codespace/.local/bin:/home/codespace/.dotnet:/home/codespace/nvm/current/bin:/home/codespace/.php/current/bin:/home/codespace/.python/current/bin:/home/codespace/java/current/bin:/home/codespace/.ruby/current/bin:/home/codespace/.local/bin:/usr/local/python/current/bin:/usr/local/py-utils/bin:/usr/local/jupyter:/usr/local/oryx:/usr/local/go/bin:/go/bin:/usr/local/sdkman/bin:/usr/local/sdkman/candidates/java/current/bin:/usr/local/sdkman/candidates/gradle/current/bin:/usr/local/sdkman/candidates/maven/current/bin:/usr/local/sdkman/candidates/ant/current/bin:/usr/local/rvm/gems/default/bin:/usr/local/rvm/gems/default@global/bin:/usr/local/rvm/rubies/default/bin:/usr/local/share/rbenv/bin:/usr/local/php/current/bin:/opt/conda/bin:/usr/local/nvs:/usr/local/share/nvm/versions/node/v24.11.1/bin:/usr/local/hugo/bin:/usr/local/sbin:/usr/local/bin:/usr/sbin:/usr/bin:/sbin:/bin:/usr/share/dotnet:/home/codespace/.dotnet/tools:/usr/local/rvm/bin
SHELL=/bin/bash
LANG=C.UTF-8
TERM=xterm-256color

Active Locale:
LC_ALL=C.UTF-8
LC_COLLATE=C.UTF-8
LC_CTYPE=C.UTF-8
LC_MESSAGES=C.UTF-8
LC_MONETARY=C.UTF-8
LC_NUMERIC=C.UTF-8
LC_TIME=C.UTF-8

Signal Handlers:
   SIGSEGV: crash_handler in libjvm.so, mask=11100100010111111101111111111110, flags=SA_RESTART|SA_SIGINFO, unblocked
    SIGBUS: crash_handler in libjvm.so, mask=11100100010111111101111111111110, flags=SA_RESTART|SA_SIGINFO, unblocked
    SIGFPE: crash_handler in libjvm.so, mask=11100100010111111101111111111110, flags=SA_RESTART|SA_SIGINFO, unblocked
   SIGPIPE: javaSignalHandler in libjvm.so, mask=11100100010111111101111111111110, flags=SA_RESTART|SA_SIGINFO, blocked
   SIGXFSZ: javaSignalHandler in libjvm.so, mask=11100100010111111101111111111110, flags=SA_RESTART|SA_SIGINFO, blocked
    SIGILL: crash_handler in libjvm.so, mask=11100100010111111101111111111110, flags=SA_RESTART|SA_SIGINFO, unblocked
   SIGUSR2: SR_handler in libjvm.so, mask=00000000000000000000000000000000, flags=SA_RESTART|SA_SIGINFO, blocked
    SIGHUP: UserHandler in libjvm.so, mask=11100100010111111101111111111110, flags=SA_RESTART|SA_SIGINFO, blocked
    SIGINT: UserHandler in libjvm.so, mask=11100100010111111101111111111110, flags=SA_RESTART|SA_SIGINFO, blocked
   SIGTERM: UserHandler in libjvm.so, mask=11100100010111111101111111111110, flags=SA_RESTART|SA_SIGINFO, blocked
   SIGQUIT: UserHandler in libjvm.so, mask=11100100010111111101111111111110, flags=SA_RESTART|SA_SIGINFO, blocked
   SIGTRAP: crash_handler in libjvm.so, mask=11100100010111111101111111111110, flags=SA_RESTART|SA_SIGINFO, unblocked


Compilation memory statistics disabled.

Periodic native trim disabled

---------------  S Y S T E M  ---------------

OS:
DISTRIB_ID=Ubuntu
DISTRIB_RELEASE=24.04
DISTRIB_CODENAME=noble
DISTRIB_DESCRIPTION="Ubuntu 24.04.3 LTS"
uname: Linux 6.8.0-1044-azure #50~22.04.1-Ubuntu SMP Wed Dec  3 15:13:22 UTC 2025 x86_64
OS uptime: 0 days 3:49 hours
libc: glibc 2.39 NPTL 2.39 
rlimit (soft/hard): STACK 8192k/infinity , CORE infinity/infinity , NPROC infinity/infinity , NOFILE 524288/524288 , AS infinity/infinity , CPU infinity/infinity , DATA infinity/infinity , FSIZE infinity/infinity , MEMLOCK 8192k/8192k
load average: 1.51 1.39 1.23

/proc/meminfo:
MemTotal:        8135228 kB
MemFree:          772204 kB
MemAvailable:    4149148 kB
Buffers:          149580 kB
Cached:          2718332 kB
SwapCached:            0 kB
Active:          3288192 kB
Inactive:        2805584 kB
Active(anon):    2206256 kB
Inactive(anon):  1096244 kB
Active(file):    1081936 kB
Inactive(file):  1709340 kB
Unevictable:       30912 kB
Mlocked:           27840 kB
SwapTotal:             0 kB
SwapFree:              0 kB
Zswap:                 0 kB
Zswapped:              0 kB
Dirty:              5156 kB
Writeback:             0 kB
AnonPages:       3198552 kB
Mapped:           395460 kB
Shmem:             67540 kB
KReclaimable:     899324 kB
Slab:            1051584 kB
SReclaimable:     899324 kB
SUnreclaim:       152260 kB
KernelStack:       13248 kB
PageTables:        66136 kB
SecPageTables:         0 kB
NFS_Unstable:          0 kB
Bounce:                0 kB
WritebackTmp:          0 kB
CommitLimit:     4067612 kB
Committed_AS:    7253488 kB
VmallocTotal:   34359738367 kB
VmallocUsed:       46508 kB
VmallocChunk:          0 kB
Percpu:             1240 kB
HardwareCorrupted:     0 kB
AnonHugePages:   1150976 kB
ShmemHugePages:        0 kB
ShmemPmdMapped:        0 kB
FileHugePages:         0 kB
FilePmdMapped:         0 kB
Unaccepted:            0 kB
HugePages_Total:       0
HugePages_Free:        0
HugePages_Rsvd:        0
HugePages_Surp:        0
Hugepagesize:       2048 kB
Hugetlb:               0 kB
DirectMap4k:      171968 kB
DirectMap2M:     5070848 kB
DirectMap1G:     5242880 kB

/sys/kernel/mm/transparent_hugepage/enabled: [always] madvise never
/sys/kernel/mm/transparent_hugepage/hpage_pmd_size: 2097152
/sys/kernel/mm/transparent_hugepage/shmem_enabled: always within_size advise [never] deny force
/sys/kernel/mm/transparent_hugepage/defrag (defrag/compaction efforts parameter): always defer defer+madvise [madvise] never

Process Memory:
Virtual Size: 3839116K (peak: 3839116K)
Resident Set Size: 181868K (peak: 184548K) (anon: 123024K, file: 58844K, shmem: 0K)
Swapped out: 0K
C-Heap outstanding allocations: 51042K, retained: 8997K
glibc malloc tunables: (default)

/proc/sys/kernel/threads-max (system-wide limit on the number of threads): 63498
/proc/sys/vm/max_map_count (maximum number of memory map areas a process may have): 65530
/proc/sys/vm/swappiness (control to define how aggressively the kernel swaps out anonymous memory): 60
/proc/sys/kernel/pid_max (system-wide limit on number of process identifiers): 4194304

container information not found.
Hyper-V virtualization detected
Steal ticks since vm start: 0
Steal ticks percentage since vm start:  0.000

CPU: total 2 (initial active 2) (16 cores per cpu, 2 threads per core) family 25 model 1 stepping 1 microcode 0xffffffff, cx8, cmov, fxsr, ht, mmx, 3dnowpref, sse, sse2, sse3, ssse3, sse4a, sse4.1, sse4.2, popcnt, lzcnt, tsc, tscinvbit, avx, avx2, aes, erms, clmul, bmi1, bmi2, adx, sha, fma, vzeroupper, clflush, clflushopt, clwb, hv, rdtscp, rdpid, fsrm, f16c, cet_ss
CPU Model and flags from /proc/cpuinfo:
model name	: AMD EPYC 7763 64-Core Processor
flags		: fpu vme de pse tsc msr pae mce cx8 apic sep mtrr pge mca cmov pat pse36 clflush mmx fxsr sse sse2 ht syscall nx mmxext fxsr_opt pdpe1gb rdtscp lm constant_tsc rep_good nopl tsc_reliable nonstop_tsc cpuid extd_apicid aperfmperf tsc_known_freq pni pclmulqdq ssse3 fma cx16 pcid sse4_1 sse4_2 movbe popcnt aes xsave avx f16c rdrand hypervisor lahf_lm cmp_legacy svm cr8_legacy abm sse4a misalignsse 3dnowprefetch osvw topoext vmmcall fsgsbase bmi1 avx2 smep bmi2 erms invpcid rdseed adx smap clflushopt clwb sha_ni xsaveopt xsavec xgetbv1 xsaves user_shstk clzero xsaveerptr rdpru arat npt nrip_save tsc_scale vmcb_clean flushbyasid decodeassists pausefilter pfthreshold v_vmsave_vmload umip vaes vpclmulqdq rdpid fsrm

Online cpus: 0-1
Offline cpus: 
BIOS frequency limitation: <Not Available>
Frequency switch latency (ns): <Not Available>
Available cpu frequencies: <Not Available>
Current governor: <Not Available>
Core performance/turbo boost: <Not Available>

Memory: 4k page, physical 8135228k(4149148k free), swap 0k(0k free)
Page Sizes: 4k

vm_info: OpenJDK 64-Bit Server VM (25.0.1+8-LTS) for linux-amd64 JRE (25.0.1+8-LTS), built on 2025-10-13T21:28:09Z with gcc 11.3.0

END.
