#
# A fatal error has been detected by the Java Runtime Environment:
#
#  SIGSEGV (0xb) at pc=0x000074fd1edfd4f3, pid=24607, tid=24607
#
# JRE version: OpenJDK Runtime Environment Microsoft-12574222 (25.0.1+8) (build 25.0.1+8-LTS)
# Java VM: OpenJDK 64-Bit Server VM Microsoft-12574222 (25.0.1+8-LTS, mixed mode, sharing, tiered, compressed oops, compressed class ptrs, g1 gc, linux-amd64)
# Problematic frame:
# C  [_jpype.cpython-312-x86_64-linux-gnu.so+0x424f3]  JPypeException::toJava() [clone .cold]+0x5d
#
# Core dump will be written. Default location: Core dumps may be processed with "/usr/share/apport/apport -p%p -s%s -c%c -d%d -P%P -u%u -g%g -F%F -- %E" (or dumping to /workspaces/korean_reading_practice/myapp/backend/core.24607)
#
# If you would like to submit a bug report, please visit:
#   https://github.com/microsoft/openjdk/issues
# The crash happened outside the Java Virtual Machine in native code.
# See problematic frame for where to report the bug.
#

---------------  S U M M A R Y ------------

Command Line: -Dfile.encoding=UTF8 -ea -Xmx1024m 

Host: AMD EPYC 7763 64-Core Processor, 2 cores, 7G, Ubuntu 24.04.3 LTS
Time: Tue May 12 20:50:10 2026 UTC elapsed time: 0.452526 seconds (0d 0h 0m 0s)

---------------  T H R E A D  ---------------

Current thread (0x000058745c2a3240):  JavaThread "main"             [_thread_in_native, id=24607, stack(0x00007ffd6fcff000,0x00007ffd6fdff000) (1024K)]

Stack: [0x00007ffd6fcff000,0x00007ffd6fdff000],  sp=0x00007ffd6fdfa390,  free space=1004k
Native frames: (J=compiled Java code, j=interpreted, Vv=VM code, C=native code)
C  [_jpype.cpython-312-x86_64-linux-gnu.so+0x424f3]  JPypeException::toJava() [clone .cold]+0x5d
Java frames: (J=compiled Java code, j=interpreted, Vv=VM code)
j  org.jpype.manager.TypeFactoryNative.newWrapper(JJ)V+0
j  org.jpype.JPypeContext.newWrapper(J)V+16
v  ~StubRoutines::call_stub 0x000074fd08338fa6

siginfo: si_signo: 11 (SIGSEGV), si_code: 1 (SEGV_MAPERR), si_addr: 0x0000000000000000

Registers:
RAX=0x000074fd203517d8, RBX=0x000058745cdd52a0, RCX=0x000074fd203488d0, RDX=0x000000058745c423
RSP=0x00007ffd6fdfa390, RBP=0x0000000000000000, RSI=0x0000000000000000, RDI=0x00007ffd6fdfa318
R8 =0x000058745a9cc010, R9 =0x0000000000000007, R10=0x000058745c423d20, R11=0x9ac1c57555a5245c
R12=0x00007ffd6fdfa3a0, R13=0x000058745cdd5308, R14=0x00007ffd6fdfa398, R15=0x000058745c2a3240
RIP=0x000074fd1edfd4f3, EFLAGS=0x0000000000010202, CSGSFS=0x002b000000000033, ERR=0x0000000000000006
  TRAPNO=0x000000000000000e

XMM[0]=0x0000000000000000 0x000074fd22949563
XMM[1]=0x000074fd22949563 0x000074fd22949563
XMM[2]=0xffffffffffffffff 0xffffffffffffffff
XMM[3]=0xffffffffffffffff 0xffffffffffffffff
XMM[4]=0x0000000000000000 0x000074fd22948b20
XMM[5]=0xffffffffffffffff 0xffffffffffffffff
XMM[6]=0xffffffffffffffff 0xffffffffffffffff
XMM[7]=0xffffffffffffffff 0xffffffffffffffff
XMM[8]=0x0000000000f700f3 0x0000000000f600f2
XMM[9]=0x00000000000000f3 0x00000000000000f2
XMM[10]=0x000000000000000c 0x000000000000000c
XMM[11]=0x000000000000000a 0x000000000000000a
XMM[12]=0x0000000000000008 0x0000000000000008
XMM[13]=0x0000000000000006 0x0000000000000006
XMM[14]=0x0000000000000004 0x0000000000000004
XMM[15]=0x0000000000000002 0x0000000000000002
  MXCSR=0x00001fa2


Register to memory mapping:

RAX=0x000074fd203517d8: <offset 0x000000000027a7d8> in /lib/x86_64-linux-gnu/libstdc++.so.6 at 0x000074fd200d7000
RBX=0x000058745cdd52a0 points into unknown readable memory: 0x000074fd1ee73a38 | 38 3a e7 1e fd 74 00 00
RCX=0x000074fd203488d0: <offset 0x00000000002718d0> in /lib/x86_64-linux-gnu/libstdc++.so.6 at 0x000074fd200d7000
RDX=0x000000058745c423 is an unknown value
RSP=0x00007ffd6fdfa390 is pointing into the stack for thread: 0x000058745c2a3240
RBP=0x0 is null
RSI=0x0 is null
RDI=0x00007ffd6fdfa318 is pointing into the stack for thread: 0x000058745c2a3240
R8 =0x000058745a9cc010 points into unknown readable memory: 0x0001000100010005 | 05 00 01 00 01 00 01 00
R9 =0x0000000000000007 is an unknown value
R10=0x000058745c423d20 points into unknown readable memory: 0x000000058745c423 | 23 c4 45 87 05 00 00 00
R11=0x9ac1c57555a5245c is an unknown value
R12=0x00007ffd6fdfa3a0 is pointing into the stack for thread: 0x000058745c2a3240
R13=0x000058745cdd5308 points into unknown readable memory: 0x00000000656e6f4e | 4e 6f 6e 65 00 00 00 00
R14=0x00007ffd6fdfa398 is pointing into the stack for thread: 0x000058745c2a3240
R15=0x000058745c2a3240 is a thread

Top of Stack: (sp=0x00007ffd6fdfa390)
0x00007ffd6fdfa390:   0000003100000001 000074fd1ee4c7a0   ....1........t..
0x00007ffd6fdfa3a0:   000074fd1ee4c763 00007ffd6fdf0000   c....t.....o....
0x00007ffd6fdfa3b0:   00007ffd6fdfa4f8 000074fd201910f4   ...o....... .t..
0x00007ffd6fdfa3c0:   000074fcdc40ac08 00007ffd6fdfa410   ..@..t.....o....
0x00007ffd6fdfa3d0:   000058745cdd50f0 00007ffd6fdfa408   .P.\tX.....o....
0x00007ffd6fdfa3e0:   00007ffd6fdfa4f8 000074fd1ee009e8   ...o.........t..
0x00007ffd6fdfa3f0:   00007ffd6fdfa410 000074fd1ee00a4b   ...o....K....t..
0x00007ffd6fdfa400:   00007ffd00001fa2 0000000000000001   ................
0x00007ffd6fdfa410:   000058745c2a36e0 00007ffd6fdf0000   .6*\tX.....o....
0x00007ffd6fdfa420:   00007ffd6fdfa4b8 0000000000000000   ...o............
0x00007ffd6fdfa430:   000074fcdc40ac08 000074fd08344f85   ..@..t...O4..t..
0x00007ffd6fdfa440:   00007ffd0000000b 00007ffd6fdfa6a0   ...........o....
0x00007ffd6fdfa450:   00007ffd6fdfa6a8 00000000ffffffff   ...o............
0x00007ffd6fdfa460:   000058745c2a3240 00007ffd6fdfa4a0   @2*\tX.....o....
0x00007ffd6fdfa470:   fffffffffffffff7 0000000000000000   ................
0x00007ffd6fdfa480:   0000000000000008 000074fcdc40b288   ..........@..t..
0x00007ffd6fdfa490:   0000000000000000 00000000c00658d8   .........X......
0x00007ffd6fdfa4a0:   000074fcdc40ac08 0000000000000000   ..@..t..........
0x00007ffd6fdfa4b0:   00007ffd6fdfa4d8 00007ffd6fdfa558   ...o....X..o....
0x00007ffd6fdfa4c0:   000074fd08340936 0000000000000000   6.4..t..........
0x00007ffd6fdfa4d0:   000074fd08342437 000058745cc1eeb0   7$4..t.....\tX..
0x00007ffd6fdfa4e0:   0000000000000000 000058745bd8a1c0   ...........[tX..
0x00007ffd6fdfa4f0:   0000000000000000 00000000c00659a0   .........Y......
0x00007ffd6fdfa500:   00000000c00659a0 00000000c00659a0   .Y.......Y......
0x00007ffd6fdfa510:   fffffffffffffff5 000074fcdc40eaa0   ..........@..t..
0x00007ffd6fdfa520:   0000000000000006 000074fcdc40a968   ........h.@..t..
0x00007ffd6fdfa530:   0000000000000000 00000000c0064b40   ........@K......
0x00007ffd6fdfa540:   000074fcdc40eac8 fffffffffffffff0   ..@..t..........
0x00007ffd6fdfa550:   00007ffd6fdfa578 00007ffd6fdfa5f0   x..o.......o....
0x00007ffd6fdfa560:   000074fd08338fa6 0000000000000000   ..3..t..........
0x00007ffd6fdfa570:   00000000c00659a0 000058745cc1eeb0   .Y.........\tX..
0x00007ffd6fdfa580:   000058745bed9390 00000000c00651a8   ...[tX...Q......

Instructions: (pc=0x000074fd1edfd4f3)
  0x000074fd1edfd3f3:   ff ff 48 8b 54 24 30 48 8b 4c 24 38 49 89 c7 48
  0x000074fd1edfd403:   89 94 24 90 00 00 00 48 8b 52 e8 48 89 8c 14 90
  0x000074fd1edfd413:   00 00 00 48 c7 84 24 98 00 00 00 00 00 00 00 e9
  0x000074fd1edfd423:   56 fe ff ff 4c 89 ff e8 21 9c ff ff e9 46 fd ff
  0x000074fd1edfd433:   ff 4c 89 f7 48 89 c3 48 89 d5 e8 fe a6 ff ff eb
  0x000074fd1edfd443:   a1 ff d0 48 8d 3d 65 ee 04 00 48 89 c6 e8 fb 90
  0x000074fd1edfd453:   ff ff e9 27 ff ff ff 48 89 c7 48 89 d0 e9 ab fe
  0x000074fd1edfd463:   ff ff 48 8b 7c 24 60 e8 71 00 02 00 49 8d 74 24
  0x000074fd1edfd473:   08 4c 89 f7 e8 94 af ff ff e9 fc fd ff ff e8 ca
  0x000074fd1edfd483:   b8 ff ff 48 89 c5 e8 f2 b3 ff ff 48 89 ef e8 ba
  0x000074fd1edfd493:   b8 ff ff 4c 89 f7 e8 f2 a1 ff ff 4c 89 e7 e8 4a
  0x000074fd1edfd4a3:   a7 ff ff 48 89 df 48 83 ed 01 75 59 e8 2c b6 ff
  0x000074fd1edfd4b3:   ff 48 8d 3d 9d ee 04 00 48 89 c3 e8 5d 98 ff ff
  0x000074fd1edfd4c3:   48 8b 43 20 48 8d 74 24 10 48 8d 7c 24 08 48 8b
  0x000074fd1edfd4d3:   50 08 48 8b 08 8b 40 10 48 89 54 24 08 48 8d 54
  0x000074fd1edfd4e3:   24 04 89 44 24 04 48 89 4c 24 10 e8 ed 98 ff ff
=>0x000074fd1edfd4f3:   c7 04 25 00 00 00 00 00 00 00 00 e8 7d b3 ff ff
  0x000074fd1edfd503:   e9 b9 fe 01 00 e8 d3 b5 ff ff 48 8d 3d 44 ee 04
  0x000074fd1edfd513:   00 e8 07 98 ff ff c7 04 25 00 00 00 00 00 00 00
  0x000074fd1edfd523:   00 e8 57 b3 ff ff e9 93 fe 01 00 4c 89 f7 e8 5a
  0x000074fd1edfd533:   a1 ff ff e9 63 ff ff ff 48 89 c3 48 89 d5 e8 3a
  0x000074fd1edfd543:   b3 ff ff 48 89 df 48 89 e8 48 83 e8 01 75 52 e8
  0x000074fd1edfd553:   89 b5 ff ff 48 8d 74 24 10 c7 44 24 20 b8 01 00
  0x000074fd1edfd563:   00 48 89 c7 48 8d 05 75 ed 04 00 48 89 44 24 10
  0x000074fd1edfd573:   48 8d 05 be ed 04 00 48 89 44 24 18 e8 5c 94 ff
  0x000074fd1edfd583:   ff e8 17 93 ff ff 48 89 c7 48 89 d0 eb bb 48 89
  0x000074fd1edfd593:   c3 48 89 d5 e8 e4 b2 ff ff 48 89 df 48 89 e8 eb
  0x000074fd1edfd5a3:   a8 e8 a7 b7 ff ff 48 89 c5 e8 cf b2 ff ff 48 89
  0x000074fd1edfd5b3:   ef e8 97 b7 ff ff 90 48 8b 73 18 48 85 f6 74 0f
  0x000074fd1edfd5c3:   48 8b 05 ee 98 07 00 48 8b 38 e8 0e 93 ff ff 4c
  0x000074fd1edfd5d3:   89 f7 e8 76 9a ff ff 48 89 ef e8 6e b7 ff ff 48
  0x000074fd1edfd5e3:   89 ef e8 06 a6 ff ff 48 89 df 4c 89 e0 48 83 e8


Stack slot to memory mapping:

stack at sp + 0 slots: 0x0000003100000001 is an unknown value
stack at sp + 1 slots: 0x000074fd1ee4c7a0: <offset 0x00000000000917a0> in /usr/local/python/3.12.1/lib/python3.12/site-packages/_jpype.cpython-312-x86_64-linux-gnu.so at 0x000074fd1edbb000
stack at sp + 2 slots: 0x000074fd1ee4c763: <offset 0x0000000000091763> in /usr/local/python/3.12.1/lib/python3.12/site-packages/_jpype.cpython-312-x86_64-linux-gnu.so at 0x000074fd1edbb000
stack at sp + 3 slots: 0x00007ffd6fdf0000 is pointing into the stack for thread: 0x000058745c2a3240
stack at sp + 4 slots: 0x00007ffd6fdfa4f8 is pointing into the stack for thread: 0x000058745c2a3240
stack at sp + 5 slots: 0x000074fd201910f4: __cxa_get_globals+0x0000000000000014 in /lib/x86_64-linux-gnu/libstdc++.so.6 at 0x000074fd200d7000
stack at sp + 6 slots: {method} {0x000074fcdc40ac08} 'newWrapper' '(JJ)V' in 'org/jpype/manager/TypeFactoryNative'
stack at sp + 7 slots: 0x00007ffd6fdfa410 is pointing into the stack for thread: 0x000058745c2a3240

Lock stack of current Java thread (top to bottom):
LockStack[0]: org.jpype.manager.TypeFactoryNative 
{0x00000000c00659a0} - klass: 'org/jpype/manager/TypeFactoryNative' - flags: 

 - ---- fields (total size 3 words):
 - public 'context' 'J' @16  0 (0x0000000000000000)


---------------  P R O C E S S  ---------------

Threads class SMR info:
_java_thread_list=0x000058745cd98730, length=10, elements={
0x000058745c2a3240, 0x000058745cb70ab0, 0x000058745cb72360, 0x000058745cb757d0,
0x000058745cb770d0, 0x000058745cb78ea0, 0x000058745cb7a910, 0x000058745cb967d0,
0x000058745cb98910, 0x000074fccc001030
}

Java Threads: ( => current thread )
=>0x000058745c2a3240 JavaThread "main"                              [_thread_in_native, id=24607, stack(0x00007ffd6fcff000,0x00007ffd6fdff000) (1024K)]
  0x000058745cb70ab0 JavaThread "Reference Handler"          daemon [_thread_blocked, id=24670, stack(0x000074fcfd0fc000,0x000074fcfd1fc000) (1024K)]
  0x000058745cb72360 JavaThread "Finalizer"                  daemon [_thread_blocked, id=24671, stack(0x000074fcfcffb000,0x000074fcfd0fb000) (1024K)]
  0x000058745cb757d0 JavaThread "Service Thread"             daemon [_thread_blocked, id=24673, stack(0x000074fcfcdf9000,0x000074fcfcef9000) (1024K)]
  0x000058745cb770d0 JavaThread "Monitor Deflation Thread"   daemon [_thread_blocked, id=24674, stack(0x000074fcfccf8000,0x000074fcfcdf8000) (1024K)]
  0x000058745cb78ea0 JavaThread "C2 CompilerThread0"         daemon [_thread_blocked, id=24675, stack(0x000074fcfcbf7000,0x000074fcfccf7000) (1024K)]
  0x000058745cb7a910 JavaThread "C1 CompilerThread0"         daemon [_thread_blocked, id=24676, stack(0x000074fcfcaf6000,0x000074fcfcbf6000) (1024K)]
  0x000058745cb967d0 JavaThread "Notification Thread"        daemon [_thread_blocked, id=24677, stack(0x000074fcfc9f5000,0x000074fcfcaf5000) (1024K)]
  0x000058745cb98910 JavaThread "Common-Cleaner"             daemon [_thread_blocked, id=24678, stack(0x000074fcfc8f4000,0x000074fcfc9f4000) (1024K)]
  0x000074fccc001030 JavaThread "SIGTERM handler"            daemon [_thread_blocked, id=24681, stack(0x000074fcfc6f2000,0x000074fcfc7f2000) (1024K)]
Total: 10

Other Threads:
  0x000058745cb65d60 VMThread "VM Thread"                           [id=24669, stack(0x000074fcfd1fd000,0x000074fcfd2fd000) (1024K)] _threads_hazard_ptr=0x000058745cd98730
  0x000058745c414830 WorkerThread "GC Thread#0"                     [id=24662, stack(0x000074fcff900000,0x000074fcffa00000) (1024K)]
  0x000074fce4000fc0 WorkerThread "GC Thread#1"                     [id=24683, stack(0x000074fcfc4f0000,0x000074fcfc5f0000) (1024K)]
  0x000058745c813ad0 ConcurrentGCThread "G1 Main Marker"            terminated
  0x000058745c813f70 WorkerThread "G1 Conc#0"                       [id=24664, stack(0x000074fcff6fe000,0x000074fcff7fe000) (1024K)]
  0x000058745ca27cf0 ConcurrentGCThread "G1 Refine#0"               terminated
  0x000058745ca28e90 ConcurrentGCThread "G1 Service"                terminated
Total: 7

Threads with active compile tasks:
Total: 0

VM state: at safepoint (normal execution)

VM Mutex/Monitor currently owned by a thread:  ([mutex/lock_event])
[0x000074fd1a1f2f68] Threads_lock - owner thread: 0x000058745cb65d60
[0x000074fd1a1f2de8] Heap_lock - owner thread: 0x000074fccc001030

Heap address: 0x00000000c0000000, size: 1024 MB, Compressed Oops mode: 32-bit

CDS archive(s) mapped at: [0x000000001f000000-0x000000001fd8c000-0x000000001fd8c000), size 14204928, SharedBaseAddress: 0x000000001f000000, ArchiveRelocationMode: 1.
Compressed class space mapped at: 0x0000000020000000-0x0000000060000000, reserved size: 1073741824
UseCompressedClassPointers 1, UseCompactObjectHeaders 0
Narrow klass pointer bits 32, Max shift 3
Narrow klass base: 0x000000001f000000, Narrow klass shift: 0
Encoding Range: [0x000000001f000000 - 0x000000011f000000), (4294967296 bytes)
Klass Range:    [0x000000001f001000 - 0x0000000060000000), (1090514944 bytes)
Klass ID Range:  [4096 - 1090519033) (1090514937)
Protection zone: [0x000000001f000000 - 0x000000001f001000), (4096 bytes)

GC Precious Log:
 CardTable entry size: 512
 Card Set container configuration: InlinePtr #cards 5 size 8 Array Of Cards #cards 10 size 36 Howl #buckets 4 coarsen threshold 1843 Howl Bitmap #cards 512 size 80 coarsen threshold 460 Card regions per heap region 1 cards per card region 2048
 CPUs: 2 total, 2 available
 Memory: 7944M
 Large Page Support: Disabled
 NUMA Support: Disabled
 Compressed Oops: Enabled (32-bit)
 Heap Region Size: 1M
 Heap Min Capacity: 8M
 Heap Initial Capacity: 126M
 Heap Max Capacity: 1G
 Pre-touch: Disabled
 Parallel Workers: 2
 Concurrent Workers: 1
 Concurrent Refinement Workers: 2
 Periodic GC: Disabled
 G1 Time-Based Heap Sizing enabled (uncommit-only)
 Evaluation Interval: 60s, Uncommit Delay: 300s, Min Regions To Uncommit: 10

Heap:
 garbage-first heap   total reserved 1048576K, committed 10240K, used 2126K [0x00000000c0000000, 0x0000000100000000)
  region size 1024K, 1 young (1024K), 0 survivors (0K)

Heap Regions: E=young(eden), S=young(survivor), O=old, HS=humongous(starts), HC=humongous(continues), CS=collection set, F=free, TAMS=top-at-mark-start, PB=parsable bottom
|   0|0x00000000c0000000, 0x00000000c0087968, 0x00000000c0100000| 52%| O|  |TAMS 0x00000000c0000000| PB 0x00000000c0000000| Untracked |  0
|   1|0x00000000c0100000, 0x00000000c018c1a8, 0x00000000c0200000| 54%| O|  |TAMS 0x00000000c0100000| PB 0x00000000c0100000| Untracked |  0
|   2|0x00000000c0200000, 0x00000000c0200000, 0x00000000c0300000|  0%| F|  |TAMS 0x00000000c0200000| PB 0x00000000c0200000| Untracked |  0
|   3|0x00000000c0300000, 0x00000000c0300000, 0x00000000c0400000|  0%| F|  |TAMS 0x00000000c0300000| PB 0x00000000c0300000| Untracked |  0
|   4|0x00000000c0400000, 0x00000000c0400000, 0x00000000c0500000|  0%| F|  |TAMS 0x00000000c0400000| PB 0x00000000c0400000| Untracked |  0
|   5|0x00000000c0500000, 0x00000000c0500000, 0x00000000c0600000|  0%| F|  |TAMS 0x00000000c0500000| PB 0x00000000c0500000| Untracked |  0
|   6|0x00000000c0600000, 0x00000000c0600000, 0x00000000c0700000|  0%| F|  |TAMS 0x00000000c0600000| PB 0x00000000c0600000| Untracked |  0
|   7|0x00000000c0700000, 0x00000000c0700000, 0x00000000c0800000|  0%| F|  |TAMS 0x00000000c0700000| PB 0x00000000c0700000| Untracked |  0
|   8|0x00000000c0800000, 0x00000000c08d7160, 0x00000000c0900000| 84%| E|  |TAMS 0x00000000c0800000| PB 0x00000000c0800000| Complete |  0
|1022|0x00000000ffe00000, 0x00000000fff00000, 0x00000000fff00000|100%| O|  |TAMS 0x00000000ffe00000| PB 0x00000000ffe00000| Untracked |  0

Card table byte_map: [0x000074fd00a00000,0x000074fd00c00000] _byte_map_base: 0x000074fd00400000

Marking Bits: (CMBitMap*) 0x000058745c489b00
 Bits: [0x000074fcffa00000, 0x000074fd00a00000)

Polling page: 0x000074fd213f7000

Metaspace:
Metaspace        used 1846K, committed 1984K, reserved 1114112K
 class space     used 133K, committed 192K, reserved 1048576K

Usage:
  Non-class:      1.67 MB used.
      Class:    133.78 KB used.
       Both:      1.80 MB used.

Virtual space:
  Non-class space:       64.00 MB reserved,       1.75 MB (  3%) committed,  1 nodes.
      Class space:        1.00 GB reserved,     192.00 KB ( <1%) committed,  1 nodes.
             Both:        1.06 GB reserved,       1.94 MB ( <1%) committed. 

Chunk freelists:
   Non-Class:  11.83 MB
       Class:  15.70 MB
        Both:  27.53 MB

MaxMetaspaceSize: unlimited
CompressedClassSpaceSize: 1.00 GB
Initial GC threshold: 21.00 MB
Current GC threshold: 21.00 MB
CDS: on
 - commit_granule_bytes: 65536.
 - commit_granule_words: 8192.
 - virtual_space_node_default_size: 8388608.
 - enlarge_chunks_in_place: 1.
UseCompressedClassPointers 1, UseCompactObjectHeaders 0
Narrow klass pointer bits 32, Max shift 3
Narrow klass base: 0x000000001f000000, Narrow klass shift: 0
Encoding Range: [0x000000001f000000 - 0x000000011f000000), (4294967296 bytes)
Klass Range:    [0x000000001f001000 - 0x0000000060000000), (1090514944 bytes)
Klass ID Range:  [4096 - 1090519033) (1090514937)
Protection zone: [0x000000001f000000 - 0x000000001f001000), (4096 bytes)


Internal statistics:

num_allocs_failed_limit: 0.
num_arena_births: 46.
num_arena_deaths: 0.
num_vsnodes_births: 2.
num_vsnodes_deaths: 0.
num_space_committed: 31.
num_space_uncommitted: 0.
num_chunks_returned_to_freelist: 0.
num_chunks_taken_from_freelist: 69.
num_chunk_merges: 0.
num_chunk_splits: 41.
num_chunks_enlarged: 17.
num_inconsistent_stats: 0.

CodeHeap 'non-profiled nmethods': size=120040Kb used=133Kb max_used=133Kb free=119906Kb
 bounds [0x000074fd088c6000, 0x000074fd08b36000, 0x000074fd0fe00000]
CodeHeap 'profiled nmethods': size=120032Kb used=958Kb max_used=958Kb free=119073Kb
 bounds [0x000074fd00e00000, 0x000074fd01070000, 0x000074fd08338000]
CodeHeap 'non-nmethods': size=5688Kb used=1326Kb max_used=1339Kb free=4361Kb
 bounds [0x000074fd08338000, 0x000074fd085a8000, 0x000074fd088c6000]
CodeCache: size=245760Kb, used=2417Kb, max_used=2430Kb, free=243340Kb
 total_blobs=1128, nmethods=718, adapters=315, full_count=0
Compilation: enabled, stopped_count=0, restarted_count=0

Compilation events (20 events):
Event: 0.420 Thread 0x000058745cb7a910  767       3       org.jpype.manager.MethodResolution::<init> (498 bytes)
Event: 0.422 Thread 0x000058745cb7a910 nmethod 767 0x000074fd00ee5208 code [0x000074fd00ee5300, 0x000074fd00eeb2b0]
Event: 0.422 Thread 0x000058745cb7a910  667       3       java.util.AbstractSet::<init> (5 bytes)
Event: 0.422 Thread 0x000058745cb7a910 nmethod 667 0x000074fd00eeb308 code [0x000074fd00eeb400, 0x000074fd00eeb5b8]
Event: 0.422 Thread 0x000058745cb7a910  768   !   3       java.lang.reflect.Executable::sharedToString (138 bytes)
Event: 0.423 Thread 0x000058745cb7a910 nmethod 768 0x000074fd00eeb608 code [0x000074fd00eeb700, 0x000074fd00eed4d8]
Event: 0.423 Thread 0x000058745cb7a910  769       3       java.lang.reflect.Executable::printModifiersIfNonzero (101 bytes)
Event: 0.423 Thread 0x000058745cb7a910 nmethod 769 0x000074fd00eed508 code [0x000074fd00eed600, 0x000074fd00eee160]
Event: 0.423 Thread 0x000058745cb7a910  770       3       java.lang.reflect.Modifier::toString (185 bytes)
Event: 0.424 Thread 0x000058745cb7a910 nmethod 770 0x000074fd00eee188 code [0x000074fd00eee280, 0x000074fd00eeefe0]
Event: 0.424 Thread 0x000058745cb7a910  771       3       java.util.StringJoiner::<init> (10 bytes)
Event: 0.424 Thread 0x000058745cb7a910 nmethod 771 0x000074fd00eef008 code [0x000074fd00eef100, 0x000074fd00eef248]
Event: 0.424 Thread 0x000058745cb7a910  739       3       java.util.HashMap::<init> (11 bytes)
Event: 0.424 Thread 0x000058745cb7a910 nmethod 739 0x000074fd00eef308 code [0x000074fd00eef400, 0x000074fd00eef5c0]
Event: 0.424 Thread 0x000058745cb7a910  543       1       java.lang.Class::getModule (5 bytes)
Event: 0.424 Thread 0x000058745cb7a910 nmethod 543 0x000074fd088e7008 code [0x000074fd088e7100, 0x000074fd088e71c0]
Event: 0.424 Thread 0x000058745cb7a910  547       1       java.lang.Class::getModifiers (5 bytes)
Event: 0.424 Thread 0x000058745cb7a910 nmethod 547 0x000074fd088e7308 code [0x000074fd088e7400, 0x000074fd088e74c0]
Event: 0.449 Thread 0x000058745cb7a910  773       3       java.util.HashMap$HashIterator::hasNext (13 bytes)
Event: 0.449 Thread 0x000058745cb7a910 nmethod 773 0x000074fd00eef608 code [0x000074fd00eef700, 0x000074fd00eef850]

GC Heap Usage History (2 events):
Event: 0.380 {heap Before GC invocations=0 (full 0):
 garbage-first heap   total reserved 1048576K, committed 131072K, used 6275K [0x00000000c0000000, 0x0000000100000000)
  region size 1024K, 6 young (6144K), 0 survivors (0K)
}
Event: 0.389 {heap After GC invocations=1 (full 1):
 garbage-first heap   total reserved 1048576K, committed 10240K, used 2126K [0x00000000c0000000, 0x0000000100000000)
  region size 1024K, 0 young (0K), 0 survivors (0K)
}

Metaspace Usage History (2 events):
Event: 0.380 {metaspace Before GC invocations=0 (full 0):
 Metaspace       used 1807K, committed 1920K, reserved 1114112K
  class space    used 132K, committed 192K, reserved 1048576K
}
Event: 0.389 {metaspace After GC invocations=1 (full 1):
 Metaspace       used 1807K, committed 1920K, reserved 1114112K
  class space    used 132K, committed 192K, reserved 1048576K
}

Dll operation events (6 events):
Event: 0.004 Loaded shared library /usr/local/sdkman/candidates/java/25.0.1-ms/lib/libjava.so
Event: 0.054 Loaded shared library /usr/local/sdkman/candidates/java/25.0.1-ms/lib/libsimdsort.so
Event: 0.069 Loaded shared library /usr/local/sdkman/candidates/java/25.0.1-ms/lib/libnio.so
Event: 0.084 Loaded shared library /usr/local/sdkman/candidates/java/25.0.1-ms/lib/libzip.so
Event: 0.139 Loaded shared library /usr/local/python/3.12.1/lib/python3.12/site-packages/_jpype.cpython-312-x86_64-linux-gnu.so
Event: 0.177 Loaded shared library /usr/local/sdkman/candidates/java/25.0.1-ms/lib/libjimage.so

Deoptimization events (4 events):
Event: 0.104 Thread 0x000058745c2a3240 Uncommon trap: trap_request=0xffffff45 fr.pc=0x000074fd088c8cf8 relative=0x0000000000000078
Event: 0.104 Thread 0x000058745c2a3240 Uncommon trap: reason=unstable_if action=reinterpret pc=0x000074fd088c8cf8 method=jdk.internal.misc.Unsafe.convEndian(ZS)S @ 4 c2
Event: 0.104 Thread 0x000058745c2a3240 DEOPT PACKING pc=0x000074fd088c8cf8 sp=0x00007ffd6fdf9880
Event: 0.104 Thread 0x000058745c2a3240 DEOPT UNPACKING pc=0x000074fd083c3df9 sp=0x00007ffd6fdf97d0 mode 2

Classes loaded (20 events):
Event: 0.370 Loading class java/util/Spliterator$OfInt
Event: 0.370 Loading class java/util/Spliterator$OfPrimitive
Event: 0.370 Loading class sun/util/logging/PlatformLogger$ConfigurableBridge$LoggerConfiguration
Event: 0.370 Loading class java/util/Spliterator$OfPrimitive done
Event: 0.370 Loading class sun/util/logging/PlatformLogger$ConfigurableBridge$LoggerConfiguration done
Event: 0.370 Loading class jdk/internal/logger/SimpleConsoleLogger done
Event: 0.370 Loading class java/util/Spliterator$OfInt done
Event: 0.370 Loading class jdk/internal/logger/SurrogateLogger done
Event: 0.371 Loading class sun/util/logging/PlatformLogger
Event: 0.371 Loading class sun/util/logging/PlatformLogger done
Event: 0.371 Loading class sun/util/logging/PlatformLogger$Level
Event: 0.371 Loading class sun/util/logging/PlatformLogger$Level done
Event: 0.374 Loading class jdk/internal/event/ThreadSleepEvent
Event: 0.374 Loading class jdk/internal/event/Event
Event: 0.374 Loading class jdk/internal/event/Event done
Event: 0.374 Loading class jdk/internal/event/ThreadSleepEvent done
Event: 0.449 Loading class java/util/WeakHashMap$KeyIterator
Event: 0.449 Loading class java/util/WeakHashMap$HashIterator
Event: 0.449 Loading class java/util/WeakHashMap$HashIterator done
Event: 0.449 Loading class java/util/WeakHashMap$KeyIterator done

Classes unloaded (0 events):
No events

Classes redefined (0 events):
No events

Internal exceptions (13 events):
Event: 0.121 Thread 0x000058745c2a3240 Exception <a 'java/lang/NoSuchMethodError'{0x00000000c7c83670}: 'void java.lang.invoke.DirectMethodHandle$Holder.invokeSpecial(java.lang.Object, java.lang.Object, java.lang.Object)'> (0x00000000c7c83670) 
thrown [src/hotspot/share/interpreter/linkResolver.cpp, line 803]
Event: 0.142 Thread 0x000058745c2a3240 Exception <a 'java/lang/NoSuchMethodError'{0x00000000c7b06850}: 'int java.lang.invoke.DirectMethodHandle$Holder.invokeStaticInit(java.lang.Object, java.lang.Object)'> (0x00000000c7b06850) 
thrown [src/hotspot/share/interpreter/linkResolver.cpp, line 803]
Event: 0.144 Thread 0x000058745c2a3240 Exception <a 'java/lang/NoSuchMethodError'{0x00000000c7b163f0}: 'java.lang.Object java.lang.invoke.DirectMethodHandle$Holder.invokeStaticInit(java.lang.Object, int)'> (0x00000000c7b163f0) 
thrown [src/hotspot/share/interpreter/linkResolver.cpp, line 803]
Event: 0.150 Thread 0x000058745c2a3240 Exception <a 'java/lang/NoSuchMethodError'{0x00000000c7b3cb30}: 'java.lang.Object java.lang.invoke.DirectMethodHandle$Holder.newInvokeSpecial(java.lang.Object, java.lang.Object, java.lang.Object, java.lang.Object, java.lang.Object)'> (0x00000000c7b3cb30) 
thrown [src/hotspot/share/interpreter/linkResolver.cpp, line 803]
Event: 0.151 Thread 0x000058745c2a3240 Exception <a 'java/lang/NoSuchMethodError'{0x00000000c7b94458}: 'void java.lang.invoke.DirectMethodHandle$Holder.invokeStatic(java.lang.Object, java.lang.Object, java.lang.Object, java.lang.Object)'> (0x00000000c7b94458) 
thrown [src/hotspot/share/interpreter/linkResolver.cpp, line 803]
Event: 0.153 Thread 0x000058745c2a3240 Exception <a 'java/lang/NoSuchMethodError'{0x00000000c7bada68}: 'void java.lang.invoke.DirectMethodHandle$Holder.invokeStatic(java.lang.Object, java.lang.Object, java.lang.Object)'> (0x00000000c7bada68) 
thrown [src/hotspot/share/interpreter/linkResolver.cpp, line 803]
Event: 0.158 Thread 0x000058745c2a3240 Exception <a 'java/lang/NoSuchMethodError'{0x00000000c7bd7708}: 'java.lang.Object java.lang.invoke.DirectMethodHandle$Holder.invokeInterface(java.lang.Object, java.lang.Object)'> (0x00000000c7bd7708) 
thrown [src/hotspot/share/interpreter/linkResolver.cpp, line 803]
Event: 0.159 Thread 0x000058745c2a3240 Exception <a 'java/lang/IncompatibleClassChangeError'{0x00000000c7bdfb88}: Found class java.lang.Object, but interface was expected> (0x00000000c7bdfb88) 
thrown [src/hotspot/share/interpreter/linkResolver.cpp, line 871]
Event: 0.159 Thread 0x000058745c2a3240 Exception <a 'java/lang/NoSuchMethodError'{0x00000000c7be7d80}: 'void java.lang.invoke.DirectMethodHandle$Holder.invokeStatic(java.lang.Object, java.lang.Object)'> (0x00000000c7be7d80) 
thrown [src/hotspot/share/interpreter/linkResolver.cpp, line 803]
Event: 0.162 Thread 0x000058745c2a3240 Exception <a 'java/lang/NoSuchMethodError'{0x00000000c7bfb7d0}: 'java.lang.Object java.lang.invoke.Invokers$Holder.invokeExact_MT(java.lang.Object, java.lang.Object, java.lang.Object, java.lang.Object, java.lang.Object)'> (0x00000000c7bfb7d0) 
thrown [src/hotspot/share/interpreter/linkResolver.cpp, line 803]
Event: 0.164 Thread 0x000058745c2a3240 Exception <a 'java/lang/NoSuchMethodError'{0x00000000c7a17a38}: 'int java.lang.invoke.Invokers$Holder.invokeExact_MT(java.lang.Object, java.lang.Object, java.lang.Object)'> (0x00000000c7a17a38) 
thrown [src/hotspot/share/interpreter/linkResolver.cpp, line 803]
Event: 0.182 Thread 0x000058745c2a3240 Exception <a 'java/lang/NoSuchMethodError'{0x00000000c7a8dbd8}: 'java.lang.Object java.lang.invoke.DirectMethodHandle$Holder.invokeStaticInit(java.lang.Object)'> (0x00000000c7a8dbd8) 
thrown [src/hotspot/share/interpreter/linkResolver.cpp, line 803]
Event: 0.227 Thread 0x000058745c2a3240 Exception <a 'java/lang/IncompatibleClassChangeError'{0x00000000c7914170}: Found class java.lang.Object, but interface was expected> (0x00000000c7914170) 
thrown [src/hotspot/share/interpreter/linkResolver.cpp, line 871]

VM Operations (5 events):
Event: 0.380 Executing safepoint VM operation: G1CollectFull (System.gc())
Event: 0.389 Executing safepoint VM operation: G1CollectFull (System.gc()) done
Event: 0.396 Executing safepoint VM operation: ThreadDump
Event: 0.402 Executing safepoint VM operation: ThreadDump done
Event: 0.450 Executing safepoint VM operation: Exit

Memory protections (15 events):
Event: 0.003 Protecting memory [0x00007ffd6fcff000,0x00007ffd6fd03000] with protection modes 0
Event: 0.033 Protecting memory [0x000000001f000000,0x000000001f001000] with protection modes 0
Event: 0.051 Protecting memory [0x000074fcfd0fc000,0x000074fcfd100000] with protection modes 0
Event: 0.051 Protecting memory [0x000074fcfcffb000,0x000074fcfcfff000] with protection modes 0
Event: 0.051 Protecting memory [0x000074fcfcefa000,0x000074fcfcefe000] with protection modes 0
Event: 0.053 Protecting memory [0x000074fcfcdf9000,0x000074fcfcdfd000] with protection modes 0
Event: 0.053 Protecting memory [0x000074fcfccf8000,0x000074fcfccfc000] with protection modes 0
Event: 0.053 Protecting memory [0x000074fcfcbf7000,0x000074fcfcbfb000] with protection modes 0
Event: 0.058 Protecting memory [0x000074fcfcaf6000,0x000074fcfcafa000] with protection modes 0
Event: 0.066 Protecting memory [0x000074fcfc9f5000,0x000074fcfc9f9000] with protection modes 0
Event: 0.070 Protecting memory [0x000074fcfc8f4000,0x000074fcfc8f8000] with protection modes 0
Event: 0.163 Protecting memory [0x000074fd1ff67000,0x000074fd1ff68000] with protection modes 1
Event: 0.175 Protecting memory [0x000074fcfc7f3000,0x000074fcfc7f7000] with protection modes 0
Event: 0.359 Protecting memory [0x000074fcfc6f2000,0x000074fcfc6f6000] with protection modes 0
Event: 0.374 Protecting memory [0x000074fcfc5f1000,0x000074fcfc5f5000] with protection modes 0

Nmethod flushes (0 events):
No events

Events (17 events):
Event: 0.038 Thread 0x000058745c2a3240 Thread added: 0x000058745c2a3240
Event: 0.051 Thread 0x000058745c2a3240 Thread added: 0x000058745cb70ab0
Event: 0.051 Thread 0x000058745c2a3240 Thread added: 0x000058745cb72360
Event: 0.051 Thread 0x000058745c2a3240 Thread added: 0x000058745cb73e30
Event: 0.053 Thread 0x000058745c2a3240 Thread added: 0x000058745cb757d0
Event: 0.053 Thread 0x000058745c2a3240 Thread added: 0x000058745cb770d0
Event: 0.053 Thread 0x000058745c2a3240 Thread added: 0x000058745cb78ea0
Event: 0.055 Thread 0x000058745c2a3240 Thread added: 0x000058745cb7a910
Event: 0.065 Thread 0x000058745c2a3240 Thread added: 0x000058745cb967d0
Event: 0.068 Thread 0x000058745c2a3240 Thread added: 0x000058745cb98910
Event: 0.174 Thread 0x000058745c2a3240 Thread added: 0x000058745cd987d0
Event: 0.359 Thread 0x000058745cb73e30 Thread added: 0x000074fccc001030
Event: 0.374 Thread 0x000074fccc001030 Thread added: 0x000074fcbc2cfea0
Event: 0.449 Thread 0x000058745cd987d0 Thread exited: 0x000058745cd987d0
Event: 0.449 Thread 0x000074fcbc2cfea0 Thread exited: 0x000074fcbc2cfea0
Event: 0.450 Thread 0x000074fccc001030 Before exit entered
Event: 0.450 Thread 0x000058745cb73e30 Thread exited: 0x000058745cb73e30


Dynamic libraries:
1f000000-1f001000 ---p 00000000 00:00 0 
1f001000-1f4ab000 rw-p 00001000 00:2d 681584                             /usr/local/sdkman/candidates/java/25.0.1-ms/lib/server/classes.jsa
1f4ab000-1fd8c000 rw-p 004ab000 00:2d 681584                             /usr/local/sdkman/candidates/java/25.0.1-ms/lib/server/classes.jsa
1fd8c000-20000000 ---p 00000000 00:00 0 
20000000-20020000 rw-p 00000000 00:00 0 
20020000-20040000 ---p 00000000 00:00 0 
20040000-20050000 rw-p 00000000 00:00 0 
20050000-60000000 ---p 00000000 00:00 0 
c0000000-c0900000 rw-p 00000000 00:00 0 
c0900000-ffe00000 ---p 00000000 00:00 0 
ffe00000-fff00000 rw-p 00dbf000 00:2d 681584                             /usr/local/sdkman/candidates/java/25.0.1-ms/lib/server/classes.jsa
fff00000-100000000 ---p 00000000 00:00 0 
587424677000-587424775000 r--p 00000000 00:2d 828064                     /usr/local/python/3.12.1/bin/python3.12
587424775000-587424a12000 r-xp 000fe000 00:2d 828064                     /usr/local/python/3.12.1/bin/python3.12
587424a12000-587424b64000 r--p 0039b000 00:2d 828064                     /usr/local/python/3.12.1/bin/python3.12
587424b64000-587424bdb000 r--p 004ed000 00:2d 828064                     /usr/local/python/3.12.1/bin/python3.12
587424bdb000-587424d48000 rw-p 00564000 00:2d 828064                     /usr/local/python/3.12.1/bin/python3.12
587424d48000-587424d4a000 rw-p 00000000 00:00 0 
58745a9cc000-58745ce51000 rw-p 00000000 00:00 0                          [heap]
74fcbc000000-74fcbc4e5000 rw-p 00000000 00:00 0 
74fcbc4e5000-74fcc0000000 ---p 00000000 00:00 0 
74fcc0000000-74fcc0021000 rw-p 00000000 00:00 0 
74fcc0021000-74fcc4000000 ---p 00000000 00:00 0 
74fcc4000000-74fcc4021000 rw-p 00000000 00:00 0 
74fcc4021000-74fcc8000000 ---p 00000000 00:00 0 
74fcc8000000-74fcc8286000 rw-p 00000000 00:00 0 
74fcc8286000-74fccc000000 ---p 00000000 00:00 0 
74fccc000000-74fccc021000 rw-p 00000000 00:00 0 
74fccc021000-74fcd0000000 ---p 00000000 00:00 0 
74fcd0000000-74fcd0021000 rw-p 00000000 00:00 0 
74fcd0021000-74fcd4000000 ---p 00000000 00:00 0 
74fcd4000000-74fcd4021000 rw-p 00000000 00:00 0 
74fcd4021000-74fcd8000000 ---p 00000000 00:00 0 
74fcd8000000-74fcd8021000 rw-p 00000000 00:00 0 
74fcd8021000-74fcdc000000 ---p 00000000 00:00 0 
74fcdc000000-74fcdc190000 rw-p 00000000 00:00 0 
74fcdc190000-74fcdc400000 ---p 00000000 00:00 0 
74fcdc400000-74fcdc430000 rw-p 00000000 00:00 0 
74fcdc430000-74fce0000000 ---p 00000000 00:00 0 
74fce0000000-74fce0021000 rw-p 00000000 00:00 0 
74fce0021000-74fce4000000 ---p 00000000 00:00 0 
74fce4000000-74fce4619000 rw-p 00000000 00:00 0 
74fce4619000-74fce8000000 ---p 00000000 00:00 0 
74fce8000000-74fce8021000 rw-p 00000000 00:00 0 
74fce8021000-74fcec000000 ---p 00000000 00:00 0 
74fcec000000-74fcec021000 rw-p 00000000 00:00 0 
74fcec021000-74fcf0000000 ---p 00000000 00:00 0 
74fcf0000000-74fcf0021000 rw-p 00000000 00:00 0 
74fcf0021000-74fcf4000000 ---p 00000000 00:00 0 
74fcf4000000-74fcf4021000 rw-p 00000000 00:00 0 
74fcf4021000-74fcf8000000 ---p 00000000 00:00 0 
74fcf8000000-74fcf8021000 rw-p 00000000 00:00 0 
74fcf8021000-74fcfc000000 ---p 00000000 00:00 0 
74fcfc4ef000-74fcfc4f0000 ---p 00000000 00:00 0 
74fcfc4f0000-74fcfc5f0000 rw-p 00000000 00:00 0 
74fcfc5f0000-74fcfc5f1000 ---p 00000000 00:00 0 
74fcfc5f1000-74fcfc5f5000 ---p 00000000 00:00 0 
74fcfc5f5000-74fcfc6f1000 rw-p 00000000 00:00 0 
74fcfc6f1000-74fcfc6f2000 ---p 00000000 00:00 0 
74fcfc6f2000-74fcfc6f6000 ---p 00000000 00:00 0 
74fcfc6f6000-74fcfc7f2000 rw-p 00000000 00:00 0 
74fcfc7f2000-74fcfc7f3000 ---p 00000000 00:00 0 
74fcfc7f3000-74fcfc7f7000 ---p 00000000 00:00 0 
74fcfc7f7000-74fcfc8f3000 rw-p 00000000 00:00 0 
74fcfc8f3000-74fcfc8f4000 ---p 00000000 00:00 0 
74fcfc8f4000-74fcfc8f8000 ---p 00000000 00:00 0 
74fcfc8f8000-74fcfc9f4000 rw-p 00000000 00:00 0 
74fcfc9f4000-74fcfc9f5000 ---p 00000000 00:00 0 
74fcfc9f5000-74fcfc9f9000 ---p 00000000 00:00 0 
74fcfc9f9000-74fcfcaf5000 rw-p 00000000 00:00 0 
74fcfcaf5000-74fcfcaf6000 ---p 00000000 00:00 0 
74fcfcaf6000-74fcfcafa000 ---p 00000000 00:00 0 
74fcfcafa000-74fcfcbf6000 rw-p 00000000 00:00 0 
74fcfcbf6000-74fcfcbf7000 ---p 00000000 00:00 0 
74fcfcbf7000-74fcfcbfb000 ---p 00000000 00:00 0 
74fcfcbfb000-74fcfccf7000 rw-p 00000000 00:00 0 
74fcfccf7000-74fcfccf8000 ---p 00000000 00:00 0 
74fcfccf8000-74fcfccfc000 ---p 00000000 00:00 0 
74fcfccfc000-74fcfcdf8000 rw-p 00000000 00:00 0 
74fcfcdf8000-74fcfcdf9000 ---p 00000000 00:00 0 
74fcfcdf9000-74fcfcdfd000 ---p 00000000 00:00 0 
74fcfcdfd000-74fcfcef9000 rw-p 00000000 00:00 0 
74fcfcef9000-74fcfcefa000 ---p 00000000 00:00 0 
74fcfcefa000-74fcfcefe000 ---p 00000000 00:00 0 
74fcfcefe000-74fcfcffa000 rw-p 00000000 00:00 0 
74fcfcffa000-74fcfcffb000 ---p 00000000 00:00 0 
74fcfcffb000-74fcfcfff000 ---p 00000000 00:00 0 
74fcfcfff000-74fcfd0fb000 rw-p 00000000 00:00 0 
74fcfd0fb000-74fcfd0fc000 ---p 00000000 00:00 0 
74fcfd0fc000-74fcfd100000 ---p 00000000 00:00 0 
74fcfd100000-74fcfd1fc000 rw-p 00000000 00:00 0 
74fcfd1fc000-74fcfd1fd000 ---p 00000000 00:00 0 
74fcfd1fd000-74fcfd2fd000 rw-p 00000000 00:00 0 
74fcfd2fd000-74fcfd2fe000 ---p 00000000 00:00 0 
74fcfd2fe000-74fcfd3fe000 rw-p 00000000 00:00 0 
74fcfd3fe000-74fcfd3ff000 ---p 00000000 00:00 0 
74fcfd3ff000-74fcfd4ff000 rw-p 00000000 00:00 0 
74fcfd4ff000-74fcfd500000 ---p 00000000 00:00 0 
74fcfd500000-74fcfd600000 rw-p 00000000 00:00 0 
74fcfd600000-74fcff600000 rw-p 00000000 00:00 0 
74fcff6bd000-74fcff6fa000 r-xp 00000000 00:2d 681571                     /usr/local/sdkman/candidates/java/25.0.1-ms/lib/libsimdsort.so
74fcff6fa000-74fcff6fb000 ---p 0003d000 00:2d 681571                     /usr/local/sdkman/candidates/java/25.0.1-ms/lib/libsimdsort.so
74fcff6fb000-74fcff6fc000 r--p 0003d000 00:2d 681571                     /usr/local/sdkman/candidates/java/25.0.1-ms/lib/libsimdsort.so
74fcff6fc000-74fcff6fd000 rw-p 0003e000 00:2d 681571                     /usr/local/sdkman/candidates/java/25.0.1-ms/lib/libsimdsort.so
74fcff6fd000-74fcff6fe000 ---p 00000000 00:00 0 
74fcff6fe000-74fcff7fe000 rw-p 00000000 00:00 0 
74fcff7fe000-74fcff7ff000 ---p 00000000 00:00 0 
74fcff7ff000-74fcff8ff000 rw-p 00000000 00:00 0 
74fcff8ff000-74fcff900000 ---p 00000000 00:00 0 
74fcff900000-74fcffa00000 rw-p 00000000 00:00 0 
74fcffa00000-74fcffa24000 rw-p 00000000 00:00 0 
74fcffa24000-74fd009f8000 ---p 00000000 00:00 0 
74fd009f8000-74fd009fc000 rw-p 00000000 00:00 0 
74fd009fc000-74fd00a00000 ---p 00000000 00:00 0 
74fd00a00000-74fd00a05000 rw-p 00000000 00:00 0 
74fd00a05000-74fd00bff000 ---p 00000000 00:00 0 
74fd00bff000-74fd00c05000 rw-p 00000000 00:00 0 
74fd00c05000-74fd00dff000 ---p 00000000 00:00 0 
74fd00dff000-74fd00e00000 rw-p 00000000 00:00 0 
74fd00e00000-74fd01070000 rwxp 00000000 00:00 0 
74fd01070000-74fd08338000 ---p 00000000 00:00 0 
74fd08338000-74fd085a8000 rwxp 00000000 00:00 0 
74fd085a8000-74fd088c6000 ---p 00000000 00:00 0 
74fd088c6000-74fd08b36000 rwxp 00000000 00:00 0 
74fd08b36000-74fd0fe00000 ---p 00000000 00:00 0 
74fd0fe28000-74fd0fe2d000 rw-p 00000000 00:00 0 
74fd0fe2d000-74fd0ff13000 ---p 00000000 00:00 0 
74fd0ff13000-74fd0ff18000 rw-p 00000000 00:00 0 
74fd0ff18000-74fd0fffe000 ---p 00000000 00:00 0 
74fd0fffe000-74fd18af1000 r--s 00000000 00:2d 681576                     /usr/local/sdkman/candidates/java/25.0.1-ms/lib/modules
74fd18af1000-74fd1a094000 r-xp 00000000 00:2d 681589                     /usr/local/sdkman/candidates/java/25.0.1-ms/lib/server/libjvm.so
74fd1a094000-74fd1a095000 ---p 015a3000 00:2d 681589                     /usr/local/sdkman/candidates/java/25.0.1-ms/lib/server/libjvm.so
74fd1a095000-74fd1a17e000 r--p 015a3000 00:2d 681589                     /usr/local/sdkman/candidates/java/25.0.1-ms/lib/server/libjvm.so
74fd1a17e000-74fd1a1a9000 rw-p 0168c000 00:2d 681589                     /usr/local/sdkman/candidates/java/25.0.1-ms/lib/server/libjvm.so
74fd1a1a9000-74fd1a225000 rw-p 00000000 00:00 0 
74fd1a225000-74fd1a3f8000 r--p 00000000 00:2d 1078548                    /usr/local/python/3.12.1/lib/python3.12/site-packages/pymupdf/_mupdf.so
74fd1a3f8000-74fd1a8a3000 r-xp 001d3000 00:2d 1078548                    /usr/local/python/3.12.1/lib/python3.12/site-packages/pymupdf/_mupdf.so
74fd1a8a3000-74fd1ad7d000 r--p 0067e000 00:2d 1078548                    /usr/local/python/3.12.1/lib/python3.12/site-packages/pymupdf/_mupdf.so
74fd1ad7d000-74fd1ad81000 r--p 00b57000 00:2d 1078548                    /usr/local/python/3.12.1/lib/python3.12/site-packages/pymupdf/_mupdf.so
74fd1ad81000-74fd1ae15000 rw-p 00b5b000 00:2d 1078548                    /usr/local/python/3.12.1/lib/python3.12/site-packages/pymupdf/_mupdf.so
74fd1ae15000-74fd1b417000 rw-p 00000000 00:00 0 
74fd1b438000-74fd1b444000 r-xp 00000000 00:2d 681565                     /usr/local/sdkman/candidates/java/25.0.1-ms/lib/libnet.so
74fd1b444000-74fd1b445000 r--p 0000b000 00:2d 681565                     /usr/local/sdkman/candidates/java/25.0.1-ms/lib/libnet.so
74fd1b445000-74fd1b446000 rw-p 0000c000 00:2d 681565                     /usr/local/sdkman/candidates/java/25.0.1-ms/lib/libnet.so
74fd1b446000-74fd1b769000 rw-p 00000000 00:00 0 
74fd1b769000-74fd1b861000 r--p 00000000 00:2d 1078549                    /usr/local/python/3.12.1/lib/python3.12/site-packages/pymupdf/libmupdfcpp.so.27.2
74fd1b861000-74fd1b90c000 r-xp 000f8000 00:2d 1078549                    /usr/local/python/3.12.1/lib/python3.12/site-packages/pymupdf/libmupdfcpp.so.27.2
74fd1b90c000-74fd1b962000 r--p 001a3000 00:2d 1078549                    /usr/local/python/3.12.1/lib/python3.12/site-packages/pymupdf/libmupdfcpp.so.27.2
74fd1b962000-74fd1b964000 r--p 001f8000 00:2d 1078549                    /usr/local/python/3.12.1/lib/python3.12/site-packages/pymupdf/libmupdfcpp.so.27.2
74fd1b964000-74fd1b971000 rw-p 001fa000 00:2d 1078549                    /usr/local/python/3.12.1/lib/python3.12/site-packages/pymupdf/libmupdfcpp.so.27.2
74fd1b971000-74fd1bab4000 r--p 00000000 00:2d 1078550                    /usr/local/python/3.12.1/lib/python3.12/site-packages/pymupdf/libmupdf.so.27.2
74fd1bab4000-74fd1c450000 r-xp 00143000 00:2d 1078550                    /usr/local/python/3.12.1/lib/python3.12/site-packages/pymupdf/libmupdf.so.27.2
74fd1c450000-74fd1c917000 r--p 00adf000 00:2d 1078550                    /usr/local/python/3.12.1/lib/python3.12/site-packages/pymupdf/libmupdf.so.27.2
74fd1c917000-74fd1c936000 r--p 00fa6000 00:2d 1078550                    /usr/local/python/3.12.1/lib/python3.12/site-packages/pymupdf/libmupdf.so.27.2
74fd1c936000-74fd1dad8000 rw-p 00fc5000 00:2d 1078550                    /usr/local/python/3.12.1/lib/python3.12/site-packages/pymupdf/libmupdf.so.27.2
74fd1dad8000-74fd1dce5000 rw-p 00000000 00:00 0 
74fd1dcec000-74fd1dfc2000 rw-p 00000000 00:00 0 
74fd1dfc2000-74fd1e010000 r--p 00000000 00:2d 1065088                    /usr/local/python/3.12.1/lib/python3.12/site-packages/lxml/etree.cpython-312-x86_64-linux-gnu.so
74fd1e010000-74fd1e335000 r-xp 0004e000 00:2d 1065088                    /usr/local/python/3.12.1/lib/python3.12/site-packages/lxml/etree.cpython-312-x86_64-linux-gnu.so
74fd1e335000-74fd1e4bc000 r--p 00373000 00:2d 1065088                    /usr/local/python/3.12.1/lib/python3.12/site-packages/lxml/etree.cpython-312-x86_64-linux-gnu.so
74fd1e4bc000-74fd1e4cb000 r--p 004fa000 00:2d 1065088                    /usr/local/python/3.12.1/lib/python3.12/site-packages/lxml/etree.cpython-312-x86_64-linux-gnu.so
74fd1e4cb000-74fd1e4e7000 rw-p 00509000 00:2d 1065088                    /usr/local/python/3.12.1/lib/python3.12/site-packages/lxml/etree.cpython-312-x86_64-linux-gnu.so
74fd1e4e7000-74fd1e6f0000 rw-p 00000000 00:00 0 
74fd1e6f0000-74fd1e6f3000 r--p 00000000 00:2d 830487                     /usr/local/python/3.12.1/lib/python3.12/lib-dynload/_multibytecodec.cpython-312-x86_64-linux-gnu.so
74fd1e6f3000-74fd1e6f9000 r-xp 00003000 00:2d 830487                     /usr/local/python/3.12.1/lib/python3.12/lib-dynload/_multibytecodec.cpython-312-x86_64-linux-gnu.so
74fd1e6f9000-74fd1e6fb000 r--p 00009000 00:2d 830487                     /usr/local/python/3.12.1/lib/python3.12/lib-dynload/_multibytecodec.cpython-312-x86_64-linux-gnu.so
74fd1e6fb000-74fd1e6fc000 r--p 0000a000 00:2d 830487                     /usr/local/python/3.12.1/lib/python3.12/lib-dynload/_multibytecodec.cpython-312-x86_64-linux-gnu.so
74fd1e6fc000-74fd1e6fd000 rw-p 0000b000 00:2d 830487                     /usr/local/python/3.12.1/lib/python3.12/lib-dynload/_multibytecodec.cpython-312-x86_64-linux-gnu.so
74fd1e6fd000-74fd1e70b000 r--p 00000000 00:2d 795733                     /home/codespace/.local/lib/python3.12/site-packages/charset_normalizer/md__mypyc.cpython-312-x86_64-linux-gnu.so
74fd1e70b000-74fd1e72b000 r-xp 0000e000 00:2d 795733                     /home/codespace/.local/lib/python3.12/site-packages/charset_normalizer/md__mypyc.cpython-312-x86_64-linux-gnu.so
74fd1e72b000-74fd1e735000 r--p 0002e000 00:2d 795733                     /home/codespace/.local/lib/python3.12/site-packages/charset_normalizer/md__mypyc.cpython-312-x86_64-linux-gnu.so
74fd1e735000-74fd1e736000 r--p 00037000 00:2d 795733                     /home/codespace/.local/lib/python3.12/site-packages/charset_normalizer/md__mypyc.cpython-312-x86_64-linux-gnu.so
74fd1e736000-74fd1e73a000 rw-p 00038000 00:2d 795733                     /home/codespace/.local/lib/python3.12/site-packages/charset_normalizer/md__mypyc.cpython-312-x86_64-linux-gnu.so
74fd1e73a000-74fd1e83b000 rw-p 00000000 00:00 0 
74fd1e83b000-74fd1e841000 r--p 00000000 00:2d 830525                     /usr/local/python/3.12.1/lib/python3.12/lib-dynload/pyexpat.cpython-312-x86_64-linux-gnu.so
74fd1e841000-74fd1e866000 r-xp 00006000 00:2d 830525                     /usr/local/python/3.12.1/lib/python3.12/lib-dynload/pyexpat.cpython-312-x86_64-linux-gnu.so
74fd1e866000-74fd1e871000 r--p 0002b000 00:2d 830525                     /usr/local/python/3.12.1/lib/python3.12/lib-dynload/pyexpat.cpython-312-x86_64-linux-gnu.so
74fd1e871000-74fd1e874000 r--p 00035000 00:2d 830525                     /usr/local/python/3.12.1/lib/python3.12/lib-dynload/pyexpat.cpython-312-x86_64-linux-gnu.so
74fd1e874000-74fd1e876000 rw-p 00038000 00:2d 830525                     /usr/local/python/3.12.1/lib/python3.12/lib-dynload/pyexpat.cpython-312-x86_64-linux-gnu.so
74fd1e876000-74fd1e87a000 r--p 00000000 00:2d 830479                     /usr/local/python/3.12.1/lib/python3.12/lib-dynload/_elementtree.cpython-312-x86_64-linux-gnu.so
74fd1e87a000-74fd1e886000 r-xp 00004000 00:2d 830479                     /usr/local/python/3.12.1/lib/python3.12/lib-dynload/_elementtree.cpython-312-x86_64-linux-gnu.so
74fd1e886000-74fd1e889000 r--p 00010000 00:2d 830479                     /usr/local/python/3.12.1/lib/python3.12/lib-dynload/_elementtree.cpython-312-x86_64-linux-gnu.so
74fd1e889000-74fd1e88a000 r--p 00012000 00:2d 830479                     /usr/local/python/3.12.1/lib/python3.12/lib-dynload/_elementtree.cpython-312-x86_64-linux-gnu.so
74fd1e88a000-74fd1e88c000 rw-p 00013000 00:2d 830479                     /usr/local/python/3.12.1/lib/python3.12/lib-dynload/_elementtree.cpython-312-x86_64-linux-gnu.so
74fd1e88c000-74fd1ec8c000 rw-p 00000000 00:00 0 
74fd1ec8c000-74fd1ec8e000 r--p 00000000 00:2d 394126                     /usr/lib/x86_64-linux-gnu/libffi.so.8.1.4
74fd1ec8e000-74fd1ec95000 r-xp 00002000 00:2d 394126                     /usr/lib/x86_64-linux-gnu/libffi.so.8.1.4
74fd1ec95000-74fd1ec96000 r--p 00009000 00:2d 394126                     /usr/lib/x86_64-linux-gnu/libffi.so.8.1.4
74fd1ec96000-74fd1ec97000 r--p 0000a000 00:2d 394126                     /usr/lib/x86_64-linux-gnu/libffi.so.8.1.4
74fd1ec97000-74fd1ec98000 rw-p 0000b000 00:2d 394126                     /usr/lib/x86_64-linux-gnu/libffi.so.8.1.4
74fd1ec98000-74fd1ec9e000 r--p 00000000 00:2d 830473                     /usr/local/python/3.12.1/lib/python3.12/lib-dynload/_ctypes.cpython-312-x86_64-linux-gnu.so
74fd1ec9e000-74fd1ecb0000 r-xp 00006000 00:2d 830473                     /usr/local/python/3.12.1/lib/python3.12/lib-dynload/_ctypes.cpython-312-x86_64-linux-gnu.so
74fd1ecb0000-74fd1ecb6000 r--p 00018000 00:2d 830473                     /usr/local/python/3.12.1/lib/python3.12/lib-dynload/_ctypes.cpython-312-x86_64-linux-gnu.so
74fd1ecb6000-74fd1ecb7000 r--p 0001d000 00:2d 830473                     /usr/local/python/3.12.1/lib/python3.12/lib-dynload/_ctypes.cpython-312-x86_64-linux-gnu.so
74fd1ecb7000-74fd1ecbb000 rw-p 0001e000 00:2d 830473                     /usr/local/python/3.12.1/lib/python3.12/lib-dynload/_ctypes.cpython-312-x86_64-linux-gnu.so
74fd1ecbb000-74fd1edbb000 rw-p 00000000 00:00 0 
74fd1edbb000-74fd1edf6000 r--p 00000000 00:2d 1065257                    /usr/local/python/3.12.1/lib/python3.12/site-packages/_jpype.cpython-312-x86_64-linux-gnu.so
74fd1edf6000-74fd1ee4a000 r-xp 0003b000 00:2d 1065257                    /usr/local/python/3.12.1/lib/python3.12/site-packages/_jpype.cpython-312-x86_64-linux-gnu.so
74fd1ee4a000-74fd1ee72000 r--p 0008f000 00:2d 1065257                    /usr/local/python/3.12.1/lib/python3.12/site-packages/_jpype.cpython-312-x86_64-linux-gnu.so
74fd1ee72000-74fd1ee73000 ---p 000b7000 00:2d 1065257                    /usr/local/python/3.12.1/lib/python3.12/site-packages/_jpype.cpython-312-x86_64-linux-gnu.so
74fd1ee73000-74fd1ee77000 r--p 000b7000 00:2d 1065257                    /usr/local/python/3.12.1/lib/python3.12/site-packages/_jpype.cpython-312-x86_64-linux-gnu.so
74fd1ee77000-74fd1ee7b000 rw-p 000bb000 00:2d 1065257                    /usr/local/python/3.12.1/lib/python3.12/site-packages/_jpype.cpython-312-x86_64-linux-gnu.so
74fd1ee7b000-74fd1ef7b000 rw-p 00000000 00:00 0 
74fd1ef7b000-74fd1ef80000 r--p 00000000 00:2d 1062218                    /usr/local/python/3.12.1/lib/python3.12/site-packages/frozenlist/_frozenlist.cpython-312-x86_64-linux-gnu.so
74fd1ef80000-74fd1ef8d000 r-xp 00005000 00:2d 1062218                    /usr/local/python/3.12.1/lib/python3.12/site-packages/frozenlist/_frozenlist.cpython-312-x86_64-linux-gnu.so
74fd1ef8d000-74fd1ef91000 r--p 00012000 00:2d 1062218                    /usr/local/python/3.12.1/lib/python3.12/site-packages/frozenlist/_frozenlist.cpython-312-x86_64-linux-gnu.so
74fd1ef91000-74fd1ef92000 r--p 00015000 00:2d 1062218                    /usr/local/python/3.12.1/lib/python3.12/site-packages/frozenlist/_frozenlist.cpython-312-x86_64-linux-gnu.so
74fd1ef92000-74fd1ef94000 rw-p 00016000 00:2d 1062218                    /usr/local/python/3.12.1/lib/python3.12/site-packages/frozenlist/_frozenlist.cpython-312-x86_64-linux-gnu.so
74fd1ef94000-74fd1f094000 rw-p 00000000 00:00 0 
74fd1f094000-74fd1f09a000 r--p 00000000 00:2d 1062364                    /usr/local/python/3.12.1/lib/python3.12/site-packages/aiohttp/_websocket/reader_c.cpython-312-x86_64-linux-gnu.so
74fd1f09a000-74fd1f0bd000 r-xp 00006000 00:2d 1062364                    /usr/local/python/3.12.1/lib/python3.12/site-packages/aiohttp/_websocket/reader_c.cpython-312-x86_64-linux-gnu.so
74fd1f0bd000-74fd1f0c4000 r--p 00029000 00:2d 1062364                    /usr/local/python/3.12.1/lib/python3.12/site-packages/aiohttp/_websocket/reader_c.cpython-312-x86_64-linux-gnu.so
74fd1f0c4000-74fd1f0c6000 r--p 0002f000 00:2d 1062364                    /usr/local/python/3.12.1/lib/python3.12/site-packages/aiohttp/_websocket/reader_c.cpython-312-x86_64-linux-gnu.so
74fd1f0c6000-74fd1f0c8000 rw-p 00031000 00:2d 1062364                    /usr/local/python/3.12.1/lib/python3.12/site-packages/aiohttp/_websocket/reader_c.cpython-312-x86_64-linux-gnu.so
74fd1f0c8000-74fd1f0c9000 rw-p 00000000 00:00 0 
74fd1f0c9000-74fd1f0cc000 r--p 00000000 00:2d 1062359                    /usr/local/python/3.12.1/lib/python3.12/site-packages/aiohttp/_websocket/mask.cpython-312-x86_64-linux-gnu.so
74fd1f0cc000-74fd1f0d1000 r-xp 00003000 00:2d 1062359                    /usr/local/python/3.12.1/lib/python3.12/site-packages/aiohttp/_websocket/mask.cpython-312-x86_64-linux-gnu.so
74fd1f0d1000-74fd1f0d3000 r--p 00008000 00:2d 1062359                    /usr/local/python/3.12.1/lib/python3.12/site-packages/aiohttp/_websocket/mask.cpython-312-x86_64-linux-gnu.so
74fd1f0d3000-74fd1f0d4000 r--p 00009000 00:2d 1062359                    /usr/local/python/3.12.1/lib/python3.12/site-packages/aiohttp/_websocket/mask.cpython-312-x86_64-linux-gnu.so
74fd1f0d4000-74fd1f0d5000 rw-p 0000a000 00:2d 1062359                    /usr/local/python/3.12.1/lib/python3.12/site-packages/aiohttp/_websocket/mask.cpython-312-x86_64-linux-gnu.so
74fd1f0d5000-74fd1f0df000 r--p 00000000 00:2d 1062299                    /usr/local/python/3.12.1/lib/python3.12/site-packages/aiohttp/_http_parser.cpython-312-x86_64-linux-gnu.so
74fd1f0df000-74fd1f135000 r-xp 0000a000 00:2d 1062299                    /usr/local/python/3.12.1/lib/python3.12/site-packages/aiohttp/_http_parser.cpython-312-x86_64-linux-gnu.so
74fd1f135000-74fd1f141000 r--p 00060000 00:2d 1062299                    /usr/local/python/3.12.1/lib/python3.12/site-packages/aiohttp/_http_parser.cpython-312-x86_64-linux-gnu.so
74fd1f141000-74fd1f143000 r--p 0006c000 00:2d 1062299                    /usr/local/python/3.12.1/lib/python3.12/site-packages/aiohttp/_http_parser.cpython-312-x86_64-linux-gnu.so
74fd1f143000-74fd1f146000 rw-p 0006e000 00:2d 1062299                    /usr/local/python/3.12.1/lib/python3.12/site-packages/aiohttp/_http_parser.cpython-312-x86_64-linux-gnu.so
74fd1f146000-74fd1f148000 rw-p 00000000 00:00 0 
74fd1f148000-74fd1f14b000 r--p 00000000 00:2d 1062301                    /usr/local/python/3.12.1/lib/python3.12/site-packages/aiohttp/_http_writer.cpython-312-x86_64-linux-gnu.so
74fd1f14b000-74fd1f153000 r-xp 00003000 00:2d 1062301                    /usr/local/python/3.12.1/lib/python3.12/site-packages/aiohttp/_http_writer.cpython-312-x86_64-linux-gnu.so
74fd1f153000-74fd1f155000 r--p 0000b000 00:2d 1062301                    /usr/local/python/3.12.1/lib/python3.12/site-packages/aiohttp/_http_writer.cpython-312-x86_64-linux-gnu.so
74fd1f155000-74fd1f156000 r--p 0000c000 00:2d 1062301                    /usr/local/python/3.12.1/lib/python3.12/site-packages/aiohttp/_http_writer.cpython-312-x86_64-linux-gnu.so
74fd1f156000-74fd1f157000 rw-p 0000d000 00:2d 1062301                    /usr/local/python/3.12.1/lib/python3.12/site-packages/aiohttp/_http_writer.cpython-312-x86_64-linux-gnu.so
74fd1f157000-74fd1f257000 rw-p 00000000 00:00 0 
74fd1f257000-74fd1f25b000 r--p 00000000 00:2d 1062176                    /usr/local/python/3.12.1/lib/python3.12/site-packages/propcache/_helpers_c.cpython-312-x86_64-linux-gnu.so
74fd1f25b000-74fd1f267000 r-xp 00004000 00:2d 1062176                    /usr/local/python/3.12.1/lib/python3.12/site-packages/propcache/_helpers_c.cpython-312-x86_64-linux-gnu.so
74fd1f267000-74fd1f26b000 r--p 00010000 00:2d 1062176                    /usr/local/python/3.12.1/lib/python3.12/site-packages/propcache/_helpers_c.cpython-312-x86_64-linux-gnu.so
74fd1f26b000-74fd1f26c000 r--p 00013000 00:2d 1062176                    /usr/local/python/3.12.1/lib/python3.12/site-packages/propcache/_helpers_c.cpython-312-x86_64-linux-gnu.so
74fd1f26c000-74fd1f26d000 rw-p 00014000 00:2d 1062176                    /usr/local/python/3.12.1/lib/python3.12/site-packages/propcache/_helpers_c.cpython-312-x86_64-linux-gnu.so
74fd1f26d000-74fd1f26e000 rw-p 00000000 00:00 0 
74fd1f26e000-74fd1f271000 r--p 00000000 00:2d 830532                     /usr/local/python/3.12.1/lib/python3.12/lib-dynload/unicodedata.cpython-312-x86_64-linux-gnu.so
74fd1f271000-74fd1f276000 r-xp 00003000 00:2d 830532                     /usr/local/python/3.12.1/lib/python3.12/lib-dynload/unicodedata.cpython-312-x86_64-linux-gnu.so
74fd1f276000-74fd1f382000 r--p 00008000 00:2d 830532                     /usr/local/python/3.12.1/lib/python3.12/lib-dynload/unicodedata.cpython-312-x86_64-linux-gnu.so
74fd1f382000-74fd1f383000 r--p 00113000 00:2d 830532                     /usr/local/python/3.12.1/lib/python3.12/lib-dynload/unicodedata.cpython-312-x86_64-linux-gnu.so
74fd1f383000-74fd1f384000 rw-p 00114000 00:2d 830532                     /usr/local/python/3.12.1/lib/python3.12/lib-dynload/unicodedata.cpython-312-x86_64-linux-gnu.so
74fd1f384000-74fd1f584000 rw-p 00000000 00:00 0 
74fd1f584000-74fd1f5a4000 r--p 00000000 00:2d 412047                     /usr/lib/x86_64-linux-gnu/libsqlite3.so.0.8.6
74fd1f5a4000-74fd1f6af000 r-xp 00020000 00:2d 412047                     /usr/lib/x86_64-linux-gnu/libsqlite3.so.0.8.6
74fd1f6af000-74fd1f6e3000 r--p 0012b000 00:2d 412047                     /usr/lib/x86_64-linux-gnu/libsqlite3.so.0.8.6
74fd1f6e3000-74fd1f6e7000 r--p 0015e000 00:2d 412047                     /usr/lib/x86_64-linux-gnu/libsqlite3.so.0.8.6
74fd1f6e7000-74fd1f6eb000 rw-p 00162000 00:2d 412047                     /usr/lib/x86_64-linux-gnu/libsqlite3.so.0.8.6
74fd1f6eb000-74fd1feec000 rw-p 00000000 00:00 0 
74fd1feec000-74fd1fef3000 r-xp 00000000 00:2d 681575                     /usr/local/sdkman/candidates/java/25.0.1-ms/lib/libzip.so
74fd1fef3000-74fd1fef4000 ---p 00007000 00:2d 681575                     /usr/local/sdkman/candidates/java/25.0.1-ms/lib/libzip.so
74fd1fef4000-74fd1fef5000 r--p 00007000 00:2d 681575                     /usr/local/sdkman/candidates/java/25.0.1-ms/lib/libzip.so
74fd1fef5000-74fd1fef6000 rw-p 00008000 00:2d 681575                     /usr/local/sdkman/candidates/java/25.0.1-ms/lib/libzip.so
74fd1fef6000-74fd1ff0a000 r-xp 00000000 00:2d 681566                     /usr/local/sdkman/candidates/java/25.0.1-ms/lib/libnio.so
74fd1ff0a000-74fd1ff0b000 r--p 00013000 00:2d 681566                     /usr/local/sdkman/candidates/java/25.0.1-ms/lib/libnio.so
74fd1ff0b000-74fd1ff0c000 rw-p 00014000 00:2d 681566                     /usr/local/sdkman/candidates/java/25.0.1-ms/lib/libnio.so
74fd1ff0c000-74fd1ff11000 rw-p 00000000 00:00 0 
74fd1ff11000-74fd1ff18000 ---p 00000000 00:00 0 
74fd1ff18000-74fd1ff38000 r-xp 00000000 00:2d 681551                     /usr/local/sdkman/candidates/java/25.0.1-ms/lib/libjava.so
74fd1ff38000-74fd1ff39000 r--p 0001f000 00:2d 681551                     /usr/local/sdkman/candidates/java/25.0.1-ms/lib/libjava.so
74fd1ff39000-74fd1ff3a000 rw-p 00020000 00:2d 681551                     /usr/local/sdkman/candidates/java/25.0.1-ms/lib/libjava.so
74fd1ff3a000-74fd1ff3b000 rw-p 00000000 00:00 0 
74fd1ff3b000-74fd1ff43000 rw-s 00000000 08:11 917569                     /tmp/hsperfdata_codespace/24607
74fd1ff43000-74fd1ff5e000 r-xp 00000000 00:2d 681555                     /usr/local/sdkman/candidates/java/25.0.1-ms/lib/libjimage.so
74fd1ff5e000-74fd1ff5f000 ---p 0001b000 00:2d 681555                     /usr/local/sdkman/candidates/java/25.0.1-ms/lib/libjimage.so
74fd1ff5f000-74fd1ff61000 r--p 0001b000 00:2d 681555                     /usr/local/sdkman/candidates/java/25.0.1-ms/lib/libjimage.so
74fd1ff61000-74fd1ff62000 rw-p 0001d000 00:2d 681555                     /usr/local/sdkman/candidates/java/25.0.1-ms/lib/libjimage.so
74fd1ff62000-74fd1ff63000 r--p 00000000 00:2d 394211                     /usr/lib/x86_64-linux-gnu/libutil.so.1
74fd1ff63000-74fd1ff64000 r-xp 00001000 00:2d 394211                     /usr/lib/x86_64-linux-gnu/libutil.so.1
74fd1ff64000-74fd1ff65000 r--p 00002000 00:2d 394211                     /usr/lib/x86_64-linux-gnu/libutil.so.1
74fd1ff65000-74fd1ff66000 r--p 00002000 00:2d 394211                     /usr/lib/x86_64-linux-gnu/libutil.so.1
74fd1ff66000-74fd1ff67000 rw-p 00003000 00:2d 394211                     /usr/lib/x86_64-linux-gnu/libutil.so.1
74fd1ff67000-74fd1ff68000 r--p 00000000 00:00 0 
74fd1ff68000-74fd1ff69000 r--p 00000000 00:2d 393777                     /usr/lib/locale/C.utf8/LC_NUMERIC
74fd1ff69000-74fd1ff6a000 r--p 00000000 00:2d 393780                     /usr/lib/locale/C.utf8/LC_TIME
74fd1ff6a000-74fd1ff6b000 r--p 00000000 00:2d 393769                     /usr/lib/locale/C.utf8/LC_COLLATE
74fd1ff6b000-74fd1ff6c000 r--p 00000000 00:2d 393775                     /usr/lib/locale/C.utf8/LC_MONETARY
74fd1ff6c000-74fd1ff6d000 r--p 00000000 00:2d 393774                     /usr/lib/locale/C.utf8/LC_MESSAGES/SYS_LC_MESSAGES
74fd1ff6d000-74fd1ff6e000 r--p 00000000 00:2d 393778                     /usr/lib/locale/C.utf8/LC_PAPER
74fd1ff6e000-74fd1ff79000 r--p 00000000 00:2d 1078542                    /usr/local/python/3.12.1/lib/python3.12/site-packages/pymupdf/_extra.so
74fd1ff79000-74fd1ff92000 r-xp 0000b000 00:2d 1078542                    /usr/local/python/3.12.1/lib/python3.12/site-packages/pymupdf/_extra.so
74fd1ff92000-74fd1ff9d000 r--p 00024000 00:2d 1078542                    /usr/local/python/3.12.1/lib/python3.12/site-packages/pymupdf/_extra.so
74fd1ff9d000-74fd1ff9e000 r--p 0002e000 00:2d 1078542                    /usr/local/python/3.12.1/lib/python3.12/site-packages/pymupdf/_extra.so
74fd1ff9e000-74fd1ffa1000 rw-p 0002f000 00:2d 1078542                    /usr/local/python/3.12.1/lib/python3.12/site-packages/pymupdf/_extra.so
74fd1ffa1000-74fd1ffa7000 r--p 00000000 00:2d 1065076                    /usr/local/python/3.12.1/lib/python3.12/site-packages/lxml/_elementpath.cpython-312-x86_64-linux-gnu.so
74fd1ffa7000-74fd1ffcb000 r-xp 00006000 00:2d 1065076                    /usr/local/python/3.12.1/lib/python3.12/site-packages/lxml/_elementpath.cpython-312-x86_64-linux-gnu.so
74fd1ffcb000-74fd1ffd2000 r--p 0002a000 00:2d 1065076                    /usr/local/python/3.12.1/lib/python3.12/site-packages/lxml/_elementpath.cpython-312-x86_64-linux-gnu.so
74fd1ffd2000-74fd1ffd3000 r--p 00031000 00:2d 1065076                    /usr/local/python/3.12.1/lib/python3.12/site-packages/lxml/_elementpath.cpython-312-x86_64-linux-gnu.so
74fd1ffd3000-74fd1ffd6000 rw-p 00032000 00:2d 1065076                    /usr/local/python/3.12.1/lib/python3.12/site-packages/lxml/_elementpath.cpython-312-x86_64-linux-gnu.so
74fd1ffd6000-74fd200d7000 rw-p 00000000 00:00 0 
74fd200d7000-74fd20174000 r--p 00000000 00:2d 394197                     /usr/lib/x86_64-linux-gnu/libstdc++.so.6.0.33
74fd20174000-74fd202bc000 r-xp 0009d000 00:2d 394197                     /usr/lib/x86_64-linux-gnu/libstdc++.so.6.0.33
74fd202bc000-74fd20343000 r--p 001e5000 00:2d 394197                     /usr/lib/x86_64-linux-gnu/libstdc++.so.6.0.33
74fd20343000-74fd2034e000 r--p 0026b000 00:2d 394197                     /usr/lib/x86_64-linux-gnu/libstdc++.so.6.0.33
74fd2034e000-74fd20351000 rw-p 00276000 00:2d 394197                     /usr/lib/x86_64-linux-gnu/libstdc++.so.6.0.33
74fd20351000-74fd20355000 rw-p 00000000 00:00 0 
74fd20355000-74fd2035e000 r--p 00000000 00:2d 1062870                    /usr/local/python/3.12.1/lib/python3.12/site-packages/greenlet/_greenlet.cpython-312-x86_64-linux-gnu.so
74fd2035e000-74fd2036e000 r-xp 00009000 00:2d 1062870                    /usr/local/python/3.12.1/lib/python3.12/site-packages/greenlet/_greenlet.cpython-312-x86_64-linux-gnu.so
74fd2036e000-74fd20374000 r--p 00019000 00:2d 1062870                    /usr/local/python/3.12.1/lib/python3.12/site-packages/greenlet/_greenlet.cpython-312-x86_64-linux-gnu.so
74fd20374000-74fd20375000 r--p 0001f000 00:2d 1062870                    /usr/local/python/3.12.1/lib/python3.12/site-packages/greenlet/_greenlet.cpython-312-x86_64-linux-gnu.so
74fd20375000-74fd20376000 rw-p 00020000 00:2d 1062870                    /usr/local/python/3.12.1/lib/python3.12/site-packages/greenlet/_greenlet.cpython-312-x86_64-linux-gnu.so
74fd20376000-74fd2037a000 r--p 00000000 00:2d 1065900                    /usr/local/python/3.12.1/lib/python3.12/site-packages/sqlalchemy/cyextension/util.cpython-312-x86_64-linux-gnu.so
74fd2037a000-74fd2038a000 r-xp 00004000 00:2d 1065900                    /usr/local/python/3.12.1/lib/python3.12/site-packages/sqlalchemy/cyextension/util.cpython-312-x86_64-linux-gnu.so
74fd2038a000-74fd2038d000 r--p 00014000 00:2d 1065900                    /usr/local/python/3.12.1/lib/python3.12/site-packages/sqlalchemy/cyextension/util.cpython-312-x86_64-linux-gnu.so
74fd2038d000-74fd2038e000 r--p 00017000 00:2d 1065900                    /usr/local/python/3.12.1/lib/python3.12/site-packages/sqlalchemy/cyextension/util.cpython-312-x86_64-linux-gnu.so
74fd2038e000-74fd2038f000 rw-p 00018000 00:2d 1065900                    /usr/local/python/3.12.1/lib/python3.12/site-packages/sqlalchemy/cyextension/util.cpython-312-x86_64-linux-gnu.so
74fd2038f000-74fd20390000 rw-p 00000000 00:00 0 
74fd20390000-74fd20394000 r--p 00000000 00:2d 1065898                    /usr/local/python/3.12.1/lib/python3.12/site-packages/sqlalchemy/cyextension/resultproxy.cpython-312-x86_64-linux-gnu.so
74fd20394000-74fd2039f000 r-xp 00004000 00:2d 1065898                    /usr/local/python/3.12.1/lib/python3.12/site-packages/sqlalchemy/cyextension/resultproxy.cpython-312-x86_64-linux-gnu.so
74fd2039f000-74fd203a2000 r--p 0000f000 00:2d 1065898                    /usr/local/python/3.12.1/lib/python3.12/site-packages/sqlalchemy/cyextension/resultproxy.cpython-312-x86_64-linux-gnu.so
74fd203a2000-74fd203a3000 r--p 00011000 00:2d 1065898                    /usr/local/python/3.12.1/lib/python3.12/site-packages/sqlalchemy/cyextension/resultproxy.cpython-312-x86_64-linux-gnu.so
74fd203a3000-74fd203a4000 rw-p 00012000 00:2d 1065898                    /usr/local/python/3.12.1/lib/python3.12/site-packages/sqlalchemy/cyextension/resultproxy.cpython-312-x86_64-linux-gnu.so
74fd203a4000-74fd203a5000 rw-p 00000000 00:00 0 
74fd203a5000-74fd203a9000 r--p 00000000 00:2d 1065896                    /usr/local/python/3.12.1/lib/python3.12/site-packages/sqlalchemy/cyextension/processors.cpython-312-x86_64-linux-gnu.so
74fd203a9000-74fd203b4000 r-xp 00004000 00:2d 1065896                    /usr/local/python/3.12.1/lib/python3.12/site-packages/sqlalchemy/cyextension/processors.cpython-312-x86_64-linux-gnu.so
74fd203b4000-74fd203b7000 r--p 0000f000 00:2d 1065896                    /usr/local/python/3.12.1/lib/python3.12/site-packages/sqlalchemy/cyextension/processors.cpython-312-x86_64-linux-gnu.so
74fd203b7000-74fd203b8000 r--p 00011000 00:2d 1065896                    /usr/local/python/3.12.1/lib/python3.12/site-packages/sqlalchemy/cyextension/processors.cpython-312-x86_64-linux-gnu.so
74fd203b8000-74fd203b9000 rw-p 00012000 00:2d 1065896                    /usr/local/python/3.12.1/lib/python3.12/site-packages/sqlalchemy/cyextension/processors.cpython-312-x86_64-linux-gnu.so
74fd203b9000-74fd203ba000 rw-p 00000000 00:00 0 
74fd203ba000-74fd203be000 r--p 00000000 00:2d 1065893                    /usr/local/python/3.12.1/lib/python3.12/site-packages/sqlalchemy/cyextension/immutabledict.cpython-312-x86_64-linux-gnu.so
74fd203be000-74fd203cd000 r-xp 00004000 00:2d 1065893                    /usr/local/python/3.12.1/lib/python3.12/site-packages/sqlalchemy/cyextension/immutabledict.cpython-312-x86_64-linux-gnu.so
74fd203cd000-74fd203d0000 r--p 00013000 00:2d 1065893                    /usr/local/python/3.12.1/lib/python3.12/site-packages/sqlalchemy/cyextension/immutabledict.cpython-312-x86_64-linux-gnu.so
74fd203d0000-74fd203d1000 r--p 00015000 00:2d 1065893                    /usr/local/python/3.12.1/lib/python3.12/site-packages/sqlalchemy/cyextension/immutabledict.cpython-312-x86_64-linux-gnu.so
74fd203d1000-74fd203d3000 rw-p 00016000 00:2d 1065893                    /usr/local/python/3.12.1/lib/python3.12/site-packages/sqlalchemy/cyextension/immutabledict.cpython-312-x86_64-linux-gnu.so
74fd203d3000-74fd203d9000 r--p 00000000 00:2d 1065891                    /usr/local/python/3.12.1/lib/python3.12/site-packages/sqlalchemy/cyextension/collections.cpython-312-x86_64-linux-gnu.so
74fd203d9000-74fd203ff000 r-xp 00006000 00:2d 1065891                    /usr/local/python/3.12.1/lib/python3.12/site-packages/sqlalchemy/cyextension/collections.cpython-312-x86_64-linux-gnu.so
74fd203ff000-74fd20407000 r--p 0002c000 00:2d 1065891                    /usr/local/python/3.12.1/lib/python3.12/site-packages/sqlalchemy/cyextension/collections.cpython-312-x86_64-linux-gnu.so
74fd20407000-74fd20408000 r--p 00033000 00:2d 1065891                    /usr/local/python/3.12.1/lib/python3.12/site-packages/sqlalchemy/cyextension/collections.cpython-312-x86_64-linux-gnu.so
74fd20408000-74fd2040b000 rw-p 00034000 00:2d 1065891                    /usr/local/python/3.12.1/lib/python3.12/site-packages/sqlalchemy/cyextension/collections.cpython-312-x86_64-linux-gnu.so
74fd2040b000-74fd2060b000 rw-p 00000000 00:00 0 
74fd2060b000-74fd2060d000 r--p 00000000 00:2d 830462                     /usr/local/python/3.12.1/lib/python3.12/lib-dynload/_blake2.cpython-312-x86_64-linux-gnu.so
74fd2060d000-74fd20614000 r-xp 00002000 00:2d 830462                     /usr/local/python/3.12.1/lib/python3.12/lib-dynload/_blake2.cpython-312-x86_64-linux-gnu.so
74fd20614000-74fd20616000 r--p 00009000 00:2d 830462                     /usr/local/python/3.12.1/lib/python3.12/lib-dynload/_blake2.cpython-312-x86_64-linux-gnu.so
74fd20616000-74fd20617000 r--p 0000a000 00:2d 830462                     /usr/local/python/3.12.1/lib/python3.12/lib-dynload/_blake2.cpython-312-x86_64-linux-gnu.so
74fd20617000-74fd20618000 rw-p 0000b000 00:2d 830462                     /usr/local/python/3.12.1/lib/python3.12/lib-dynload/_blake2.cpython-312-x86_64-linux-gnu.so
74fd20618000-74fd2061c000 r--p 00000000 00:2d 830481                     /usr/local/python/3.12.1/lib/python3.12/lib-dynload/_hashlib.cpython-312-x86_64-linux-gnu.so
74fd2061c000-74fd20622000 r-xp 00004000 00:2d 830481                     /usr/local/python/3.12.1/lib/python3.12/lib-dynload/_hashlib.cpython-312-x86_64-linux-gnu.so
74fd20622000-74fd20626000 r--p 0000a000 00:2d 830481                     /usr/local/python/3.12.1/lib/python3.12/lib-dynload/_hashlib.cpython-312-x86_64-linux-gnu.so
74fd20626000-74fd20627000 r--p 0000d000 00:2d 830481                     /usr/local/python/3.12.1/lib/python3.12/lib-dynload/_hashlib.cpython-312-x86_64-linux-gnu.so
74fd20627000-74fd20629000 rw-p 0000e000 00:2d 830481                     /usr/local/python/3.12.1/lib/python3.12/lib-dynload/_hashlib.cpython-312-x86_64-linux-gnu.so
74fd20629000-74fd20829000 rw-p 00000000 00:00 0 
74fd20829000-74fd2082b000 r--p 00000000 00:2d 830472                     /usr/local/python/3.12.1/lib/python3.12/lib-dynload/_csv.cpython-312-x86_64-linux-gnu.so
74fd2082b000-74fd2082f000 r-xp 00002000 00:2d 830472                     /usr/local/python/3.12.1/lib/python3.12/lib-dynload/_csv.cpython-312-x86_64-linux-gnu.so
74fd2082f000-74fd20832000 r--p 00006000 00:2d 830472                     /usr/local/python/3.12.1/lib/python3.12/lib-dynload/_csv.cpython-312-x86_64-linux-gnu.so
74fd20832000-74fd20833000 r--p 00008000 00:2d 830472                     /usr/local/python/3.12.1/lib/python3.12/lib-dynload/_csv.cpython-312-x86_64-linux-gnu.so
74fd20833000-74fd20834000 rw-p 00009000 00:2d 830472                     /usr/local/python/3.12.1/lib/python3.12/lib-dynload/_csv.cpython-312-x86_64-linux-gnu.so
74fd20834000-74fd20934000 rw-p 00000000 00:00 0 
74fd20934000-74fd20936000 r--p 00000000 00:2d 830515                     /usr/local/python/3.12.1/lib/python3.12/lib-dynload/_zoneinfo.cpython-312-x86_64-linux-gnu.so
74fd20936000-74fd2093b000 r-xp 00002000 00:2d 830515                     /usr/local/python/3.12.1/lib/python3.12/lib-dynload/_zoneinfo.cpython-312-x86_64-linux-gnu.so
74fd2093b000-74fd2093d000 r--p 00007000 00:2d 830515                     /usr/local/python/3.12.1/lib/python3.12/lib-dynload/_zoneinfo.cpython-312-x86_64-linux-gnu.so
74fd2093d000-74fd2093e000 r--p 00008000 00:2d 830515                     /usr/local/python/3.12.1/lib/python3.12/lib-dynload/_zoneinfo.cpython-312-x86_64-linux-gnu.so
74fd2093e000-74fd2093f000 rw-p 00009000 00:2d 830515                     /usr/local/python/3.12.1/lib/python3.12/lib-dynload/_zoneinfo.cpython-312-x86_64-linux-gnu.so
74fd2093f000-74fd20941000 r--p 00000000 00:2d 394213                     /usr/lib/x86_64-linux-gnu/libuuid.so.1.3.0
74fd20941000-74fd20946000 r-xp 00002000 00:2d 394213                     /usr/lib/x86_64-linux-gnu/libuuid.so.1.3.0
74fd20946000-74fd20947000 r--p 00007000 00:2d 394213                     /usr/lib/x86_64-linux-gnu/libuuid.so.1.3.0
74fd20947000-74fd20948000 r--p 00007000 00:2d 394213                     /usr/lib/x86_64-linux-gnu/libuuid.so.1.3.0
74fd20948000-74fd20949000 rw-p 00008000 00:2d 394213                     /usr/lib/x86_64-linux-gnu/libuuid.so.1.3.0
74fd20949000-74fd2094a000 r--p 00000000 00:2d 393776                     /usr/lib/locale/C.utf8/LC_NAME
74fd2094a000-74fd2094b000 r--p 00000000 00:2d 393768                     /usr/lib/locale/C.utf8/LC_ADDRESS
74fd2094b000-74fd2094c000 r--p 00000000 00:2d 795731                     /home/codespace/.local/lib/python3.12/site-packages/charset_normalizer/md.cpython-312-x86_64-linux-gnu.so
74fd2094c000-74fd2094d000 r-xp 00001000 00:2d 795731                     /home/codespace/.local/lib/python3.12/site-packages/charset_normalizer/md.cpython-312-x86_64-linux-gnu.so
74fd2094d000-74fd2094e000 r--p 00002000 00:2d 795731                     /home/codespace/.local/lib/python3.12/site-packages/charset_normalizer/md.cpython-312-x86_64-linux-gnu.so
74fd2094e000-74fd2094f000 r--p 00002000 00:2d 795731                     /home/codespace/.local/lib/python3.12/site-packages/charset_normalizer/md.cpython-312-x86_64-linux-gnu.so
74fd2094f000-74fd20950000 rw-p 00003000 00:2d 795731                     /home/codespace/.local/lib/python3.12/site-packages/charset_normalizer/md.cpython-312-x86_64-linux-gnu.so
74fd20950000-74fd20b50000 rw-p 00000000 00:00 0 
74fd20b50000-74fd20b57000 r--p 00000000 00:2d 830478                     /usr/local/python/3.12.1/lib/python3.12/lib-dynload/_decimal.cpython-312-x86_64-linux-gnu.so
74fd20b57000-74fd20b9f000 r-xp 00007000 00:2d 830478                     /usr/local/python/3.12.1/lib/python3.12/lib-dynload/_decimal.cpython-312-x86_64-linux-gnu.so
74fd20b9f000-74fd20baf000 r--p 0004f000 00:2d 830478                     /usr/local/python/3.12.1/lib/python3.12/lib-dynload/_decimal.cpython-312-x86_64-linux-gnu.so
74fd20baf000-74fd20bb0000 r--p 0005f000 00:2d 830478                     /usr/local/python/3.12.1/lib/python3.12/lib-dynload/_decimal.cpython-312-x86_64-linux-gnu.so
74fd20bb0000-74fd20bb3000 rw-p 00060000 00:2d 830478                     /usr/local/python/3.12.1/lib/python3.12/lib-dynload/_decimal.cpython-312-x86_64-linux-gnu.so
74fd20bb3000-74fd20bb4000 r--p 00000000 00:2d 394118                     /usr/lib/x86_64-linux-gnu/libdl.so.2
74fd20bb4000-74fd20bb5000 r-xp 00001000 00:2d 394118                     /usr/lib/x86_64-linux-gnu/libdl.so.2
74fd20bb5000-74fd20bb6000 r--p 00002000 00:2d 394118                     /usr/lib/x86_64-linux-gnu/libdl.so.2
74fd20bb6000-74fd20bb7000 r--p 00002000 00:2d 394118                     /usr/lib/x86_64-linux-gnu/libdl.so.2
74fd20bb7000-74fd20bb8000 rw-p 00003000 00:2d 394118                     /usr/lib/x86_64-linux-gnu/libdl.so.2
74fd20bb8000-74fd20bb9000 r--p 00000000 00:2d 394183                     /usr/lib/x86_64-linux-gnu/libpthread.so.0
74fd20bb9000-74fd20bba000 r-xp 00001000 00:2d 394183                     /usr/lib/x86_64-linux-gnu/libpthread.so.0
74fd20bba000-74fd20bbb000 r--p 00002000 00:2d 394183                     /usr/lib/x86_64-linux-gnu/libpthread.so.0
74fd20bbb000-74fd20bbc000 r--p 00002000 00:2d 394183                     /usr/lib/x86_64-linux-gnu/libpthread.so.0
74fd20bbc000-74fd20bbd000 rw-p 00003000 00:2d 394183                     /usr/lib/x86_64-linux-gnu/libpthread.so.0
74fd20bbd000-74fd20bc1000 r--p 00000000 00:2d 394129                     /usr/lib/x86_64-linux-gnu/libgcc_s.so.1
74fd20bc1000-74fd20be5000 r-xp 00004000 00:2d 394129                     /usr/lib/x86_64-linux-gnu/libgcc_s.so.1
74fd20be5000-74fd20be9000 r--p 00028000 00:2d 394129                     /usr/lib/x86_64-linux-gnu/libgcc_s.so.1
74fd20be9000-74fd20bea000 r--p 0002b000 00:2d 394129                     /usr/lib/x86_64-linux-gnu/libgcc_s.so.1
74fd20bea000-74fd20beb000 rw-p 0002c000 00:2d 394129                     /usr/lib/x86_64-linux-gnu/libgcc_s.so.1
74fd20beb000-74fd20d22000 r--p 00000000 00:2d 1063037                    /usr/local/python/3.12.1/lib/python3.12/site-packages/pydantic_core/_pydantic_core.cpython-312-x86_64-linux-gnu.so
74fd20d22000-74fd2105c000 r-xp 00136000 00:2d 1063037                    /usr/local/python/3.12.1/lib/python3.12/site-packages/pydantic_core/_pydantic_core.cpython-312-x86_64-linux-gnu.so
74fd2105c000-74fd21090000 r--p 0046f000 00:2d 1063037                    /usr/local/python/3.12.1/lib/python3.12/site-packages/pydantic_core/_pydantic_core.cpython-312-x86_64-linux-gnu.so
74fd21090000-74fd21096000 rw-p 004a2000 00:2d 1063037                    /usr/local/python/3.12.1/lib/python3.12/site-packages/pydantic_core/_pydantic_core.cpython-312-x86_64-linux-gnu.so
74fd21096000-74fd21296000 rw-p 00000000 00:00 0 
74fd21296000-74fd21299000 r--p 00000000 00:2d 394145                     /usr/lib/x86_64-linux-gnu/liblzma.so.5.4.5
74fd21299000-74fd212bb000 r-xp 00003000 00:2d 394145                     /usr/lib/x86_64-linux-gnu/liblzma.so.5.4.5
74fd212bb000-74fd212c6000 r--p 00025000 00:2d 394145                     /usr/lib/x86_64-linux-gnu/liblzma.so.5.4.5
74fd212c6000-74fd212c7000 r--p 00030000 00:2d 394145                     /usr/lib/x86_64-linux-gnu/liblzma.so.5.4.5
74fd212c7000-74fd212c8000 rw-p 00031000 00:2d 394145                     /usr/lib/x86_64-linux-gnu/liblzma.so.5.4.5
74fd212c8000-74fd212cb000 r--p 00000000 00:2d 830485                     /usr/local/python/3.12.1/lib/python3.12/lib-dynload/_lzma.cpython-312-x86_64-linux-gnu.so
74fd212cb000-74fd212cf000 r-xp 00003000 00:2d 830485                     /usr/local/python/3.12.1/lib/python3.12/lib-dynload/_lzma.cpython-312-x86_64-linux-gnu.so
74fd212cf000-74fd212d2000 r--p 00007000 00:2d 830485                     /usr/local/python/3.12.1/lib/python3.12/lib-dynload/_lzma.cpython-312-x86_64-linux-gnu.so
74fd212d2000-74fd212d3000 r--p 00009000 00:2d 830485                     /usr/local/python/3.12.1/lib/python3.12/lib-dynload/_lzma.cpython-312-x86_64-linux-gnu.so
74fd212d3000-74fd212d4000 rw-p 0000a000 00:2d 830485                     /usr/local/python/3.12.1/lib/python3.12/lib-dynload/_lzma.cpython-312-x86_64-linux-gnu.so
74fd212d4000-74fd212d6000 r--p 00000000 00:2d 394103                     /usr/lib/x86_64-linux-gnu/libbz2.so.1.0.4
74fd212d6000-74fd212e4000 r-xp 00002000 00:2d 394103                     /usr/lib/x86_64-linux-gnu/libbz2.so.1.0.4
74fd212e4000-74fd212e6000 r--p 00010000 00:2d 394103                     /usr/lib/x86_64-linux-gnu/libbz2.so.1.0.4
74fd212e6000-74fd212e7000 r--p 00011000 00:2d 394103                     /usr/lib/x86_64-linux-gnu/libbz2.so.1.0.4
74fd212e7000-74fd212e8000 rw-p 00012000 00:2d 394103                     /usr/lib/x86_64-linux-gnu/libbz2.so.1.0.4
74fd212e8000-74fd212e9000 r--p 00000000 00:2d 393779                     /usr/lib/locale/C.utf8/LC_TELEPHONE
74fd212e9000-74fd212ea000 r--p 00000000 00:2d 393772                     /usr/lib/locale/C.utf8/LC_MEASUREMENT
74fd212ea000-74fd212eb000 r--p 00000000 00:2d 830511                     /usr/local/python/3.12.1/lib/python3.12/lib-dynload/_uuid.cpython-312-x86_64-linux-gnu.so
74fd212eb000-74fd212ec000 r-xp 00001000 00:2d 830511                     /usr/local/python/3.12.1/lib/python3.12/lib-dynload/_uuid.cpython-312-x86_64-linux-gnu.so
74fd212ec000-74fd212ed000 r--p 00002000 00:2d 830511                     /usr/local/python/3.12.1/lib/python3.12/lib-dynload/_uuid.cpython-312-x86_64-linux-gnu.so
74fd212ed000-74fd212ee000 r--p 00002000 00:2d 830511                     /usr/local/python/3.12.1/lib/python3.12/lib-dynload/_uuid.cpython-312-x86_64-linux-gnu.so
74fd212ee000-74fd212ef000 rw-p 00003000 00:2d 830511                     /usr/local/python/3.12.1/lib/python3.12/lib-dynload/_uuid.cpython-312-x86_64-linux-gnu.so
74fd212ef000-74fd212f1000 r--p 00000000 00:2d 830463                     /usr/local/python/3.12.1/lib/python3.12/lib-dynload/_bz2.cpython-312-x86_64-linux-gnu.so
74fd212f1000-74fd212f3000 r-xp 00002000 00:2d 830463                     /usr/local/python/3.12.1/lib/python3.12/lib-dynload/_bz2.cpython-312-x86_64-linux-gnu.so
74fd212f3000-74fd212f4000 r--p 00004000 00:2d 830463                     /usr/local/python/3.12.1/lib/python3.12/lib-dynload/_bz2.cpython-312-x86_64-linux-gnu.so
74fd212f4000-74fd212f5000 r--p 00005000 00:2d 830463                     /usr/local/python/3.12.1/lib/python3.12/lib-dynload/_bz2.cpython-312-x86_64-linux-gnu.so
74fd212f5000-74fd212f6000 rw-p 00006000 00:2d 830463                     /usr/local/python/3.12.1/lib/python3.12/lib-dynload/_bz2.cpython-312-x86_64-linux-gnu.so
74fd212f6000-74fd213f6000 rw-p 00000000 00:00 0 
74fd213f6000-74fd213f7000 r--p 00000000 00:2d 393771                     /usr/lib/locale/C.utf8/LC_IDENTIFICATION
74fd213f7000-74fd213f8000 ---p 00000000 00:00 0 
74fd213f8000-74fd213f9000 r--p 00000000 00:00 0 
74fd213f9000-74fd213fa000 ---p 00000000 00:00 0 
74fd213fa000-74fd213fc000 r--p 00000000 00:2d 830521                     /usr/local/python/3.12.1/lib/python3.12/lib-dynload/grp.cpython-312-x86_64-linux-gnu.so
74fd213fc000-74fd213fd000 r-xp 00002000 00:2d 830521                     /usr/local/python/3.12.1/lib/python3.12/lib-dynload/grp.cpython-312-x86_64-linux-gnu.so
74fd213fd000-74fd213fe000 r--p 00003000 00:2d 830521                     /usr/local/python/3.12.1/lib/python3.12/lib-dynload/grp.cpython-312-x86_64-linux-gnu.so
74fd213fe000-74fd213ff000 r--p 00003000 00:2d 830521                     /usr/local/python/3.12.1/lib/python3.12/lib-dynload/grp.cpython-312-x86_64-linux-gnu.so
74fd213ff000-74fd21400000 rw-p 00004000 00:2d 830521                     /usr/local/python/3.12.1/lib/python3.12/lib-dynload/grp.cpython-312-x86_64-linux-gnu.so
74fd21400000-74fd21404000 r--p 00000000 00:2d 1062257                    /usr/local/python/3.12.1/lib/python3.12/site-packages/yarl/_quoting_c.cpython-312-x86_64-linux-gnu.so
74fd21404000-74fd21419000 r-xp 00004000 00:2d 1062257                    /usr/local/python/3.12.1/lib/python3.12/site-packages/yarl/_quoting_c.cpython-312-x86_64-linux-gnu.so
74fd21419000-74fd2141d000 r--p 00019000 00:2d 1062257                    /usr/local/python/3.12.1/lib/python3.12/site-packages/yarl/_quoting_c.cpython-312-x86_64-linux-gnu.so
74fd2141d000-74fd2141e000 r--p 0001c000 00:2d 1062257                    /usr/local/python/3.12.1/lib/python3.12/site-packages/yarl/_quoting_c.cpython-312-x86_64-linux-gnu.so
74fd2141e000-74fd2141f000 rw-p 0001d000 00:2d 1062257                    /usr/local/python/3.12.1/lib/python3.12/site-packages/yarl/_quoting_c.cpython-312-x86_64-linux-gnu.so
74fd2141f000-74fd21420000 rw-p 00000000 00:00 0 
74fd21420000-74fd21424000 r--p 00000000 00:2d 1062199                    /usr/local/python/3.12.1/lib/python3.12/site-packages/multidict/_multidict.cpython-312-x86_64-linux-gnu.so
74fd21424000-74fd21435000 r-xp 00004000 00:2d 1062199                    /usr/local/python/3.12.1/lib/python3.12/site-packages/multidict/_multidict.cpython-312-x86_64-linux-gnu.so
74fd21435000-74fd21438000 r--p 00015000 00:2d 1062199                    /usr/local/python/3.12.1/lib/python3.12/site-packages/multidict/_multidict.cpython-312-x86_64-linux-gnu.so
74fd21438000-74fd21439000 r--p 00018000 00:2d 1062199                    /usr/local/python/3.12.1/lib/python3.12/site-packages/multidict/_multidict.cpython-312-x86_64-linux-gnu.so
74fd21439000-74fd2143b000 rw-p 00019000 00:2d 1062199                    /usr/local/python/3.12.1/lib/python3.12/site-packages/multidict/_multidict.cpython-312-x86_64-linux-gnu.so
74fd2143b000-74fd21442000 r--p 00000000 00:2d 830499                     /usr/local/python/3.12.1/lib/python3.12/lib-dynload/_sqlite3.cpython-312-x86_64-linux-gnu.so
74fd21442000-74fd21452000 r-xp 00007000 00:2d 830499                     /usr/local/python/3.12.1/lib/python3.12/lib-dynload/_sqlite3.cpython-312-x86_64-linux-gnu.so
74fd21452000-74fd21459000 r--p 00017000 00:2d 830499                     /usr/local/python/3.12.1/lib/python3.12/lib-dynload/_sqlite3.cpython-312-x86_64-linux-gnu.so
74fd21459000-74fd2145a000 r--p 0001e000 00:2d 830499                     /usr/local/python/3.12.1/lib/python3.12/lib-dynload/_sqlite3.cpython-312-x86_64-linux-gnu.so
74fd2145a000-74fd2145c000 rw-p 0001f000 00:2d 830499                     /usr/local/python/3.12.1/lib/python3.12/lib-dynload/_sqlite3.cpython-312-x86_64-linux-gnu.so
74fd2145c000-74fd21461000 r--p 00000000 00:2d 830477                     /usr/local/python/3.12.1/lib/python3.12/lib-dynload/_datetime.cpython-312-x86_64-linux-gnu.so
74fd21461000-74fd21472000 r-xp 00005000 00:2d 830477                     /usr/local/python/3.12.1/lib/python3.12/lib-dynload/_datetime.cpython-312-x86_64-linux-gnu.so
74fd21472000-74fd21477000 r--p 00016000 00:2d 830477                     /usr/local/python/3.12.1/lib/python3.12/lib-dynload/_datetime.cpython-312-x86_64-linux-gnu.so
74fd21477000-74fd21478000 r--p 0001b000 00:2d 830477                     /usr/local/python/3.12.1/lib/python3.12/lib-dynload/_datetime.cpython-312-x86_64-linux-gnu.so
74fd21478000-74fd2147b000 rw-p 0001c000 00:2d 830477                     /usr/local/python/3.12.1/lib/python3.12/lib-dynload/_datetime.cpython-312-x86_64-linux-gnu.so
74fd2147b000-74fd2167b000 rw-p 00000000 00:00 0 
74fd2167b000-74fd2167d000 r--p 00000000 00:2d 830483                     /usr/local/python/3.12.1/lib/python3.12/lib-dynload/_json.cpython-312-x86_64-linux-gnu.so
74fd2167d000-74fd21683000 r-xp 00002000 00:2d 830483                     /usr/local/python/3.12.1/lib/python3.12/lib-dynload/_json.cpython-312-x86_64-linux-gnu.so
74fd21683000-74fd21685000 r--p 00008000 00:2d 830483                     /usr/local/python/3.12.1/lib/python3.12/lib-dynload/_json.cpython-312-x86_64-linux-gnu.so
74fd21685000-74fd21686000 r--p 00009000 00:2d 830483                     /usr/local/python/3.12.1/lib/python3.12/lib-dynload/_json.cpython-312-x86_64-linux-gnu.so
74fd21686000-74fd21687000 rw-p 0000a000 00:2d 830483                     /usr/local/python/3.12.1/lib/python3.12/lib-dynload/_json.cpython-312-x86_64-linux-gnu.so
74fd21687000-74fd2168b000 r--p 00000000 00:2d 830460                     /usr/local/python/3.12.1/lib/python3.12/lib-dynload/_asyncio.cpython-312-x86_64-linux-gnu.so
74fd2168b000-74fd21694000 r-xp 00004000 00:2d 830460                     /usr/local/python/3.12.1/lib/python3.12/lib-dynload/_asyncio.cpython-312-x86_64-linux-gnu.so
74fd21694000-74fd21698000 r--p 0000d000 00:2d 830460                     /usr/local/python/3.12.1/lib/python3.12/lib-dynload/_asyncio.cpython-312-x86_64-linux-gnu.so
74fd21698000-74fd21699000 r--p 00011000 00:2d 830460                     /usr/local/python/3.12.1/lib/python3.12/lib-dynload/_asyncio.cpython-312-x86_64-linux-gnu.so
74fd21699000-74fd2169b000 rw-p 00012000 00:2d 830460                     /usr/local/python/3.12.1/lib/python3.12/lib-dynload/_asyncio.cpython-312-x86_64-linux-gnu.so
74fd2169b000-74fd2179b000 rw-p 00000000 00:00 0 
74fd2179b000-74fd2179d000 r--p 00000000 00:2d 394217                     /usr/lib/x86_64-linux-gnu/libz.so.1.3
74fd2179d000-74fd217af000 r-xp 00002000 00:2d 394217                     /usr/lib/x86_64-linux-gnu/libz.so.1.3
74fd217af000-74fd217b5000 r--p 00014000 00:2d 394217                     /usr/lib/x86_64-linux-gnu/libz.so.1.3
74fd217b5000-74fd217b6000 r--p 0001a000 00:2d 394217                     /usr/lib/x86_64-linux-gnu/libz.so.1.3
74fd217b6000-74fd217b7000 rw-p 0001b000 00:2d 394217                     /usr/lib/x86_64-linux-gnu/libz.so.1.3
74fd217b7000-74fd2186a000 r--p 00000000 00:2d 394114                     /usr/lib/x86_64-linux-gnu/libcrypto.so.3
74fd2186a000-74fd21b9d000 r-xp 000b3000 00:2d 394114                     /usr/lib/x86_64-linux-gnu/libcrypto.so.3
74fd21b9d000-74fd21c68000 r--p 003e6000 00:2d 394114                     /usr/lib/x86_64-linux-gnu/libcrypto.so.3
74fd21c68000-74fd21cc4000 r--p 004b0000 00:2d 394114                     /usr/lib/x86_64-linux-gnu/libcrypto.so.3
74fd21cc4000-74fd21cc7000 rw-p 0050c000 00:2d 394114                     /usr/lib/x86_64-linux-gnu/libcrypto.so.3
74fd21cc7000-74fd21cca000 rw-p 00000000 00:00 0 
74fd21cca000-74fd21ce8000 r--p 00000000 00:2d 394195                     /usr/lib/x86_64-linux-gnu/libssl.so.3
74fd21ce8000-74fd21d4a000 r-xp 0001e000 00:2d 394195                     /usr/lib/x86_64-linux-gnu/libssl.so.3
74fd21d4a000-74fd21d66000 r--p 00080000 00:2d 394195                     /usr/lib/x86_64-linux-gnu/libssl.so.3
74fd21d66000-74fd21d70000 r--p 0009c000 00:2d 394195                     /usr/lib/x86_64-linux-gnu/libssl.so.3
74fd21d70000-74fd21d74000 rw-p 000a6000 00:2d 394195                     /usr/lib/x86_64-linux-gnu/libssl.so.3
74fd21d74000-74fd21d86000 r--p 00000000 00:2d 830500                     /usr/local/python/3.12.1/lib/python3.12/lib-dynload/_ssl.cpython-312-x86_64-linux-gnu.so
74fd21d86000-74fd21d95000 r-xp 00012000 00:2d 830500                     /usr/local/python/3.12.1/lib/python3.12/lib-dynload/_ssl.cpython-312-x86_64-linux-gnu.so
74fd21d95000-74fd21da3000 r--p 00021000 00:2d 830500                     /usr/local/python/3.12.1/lib/python3.12/lib-dynload/_ssl.cpython-312-x86_64-linux-gnu.so
74fd21da3000-74fd21da4000 r--p 0002e000 00:2d 830500                     /usr/local/python/3.12.1/lib/python3.12/lib-dynload/_ssl.cpython-312-x86_64-linux-gnu.so
74fd21da4000-74fd21dad000 rw-p 0002f000 00:2d 830500                     /usr/local/python/3.12.1/lib/python3.12/lib-dynload/_ssl.cpython-312-x86_64-linux-gnu.so
74fd21dad000-74fd21fad000 rw-p 00000000 00:00 0 
74fd21fad000-74fd21fae000 r--p 00000000 00:2d 394185                     /usr/lib/x86_64-linux-gnu/librt.so.1
74fd21fae000-74fd21faf000 r-xp 00001000 00:2d 394185                     /usr/lib/x86_64-linux-gnu/librt.so.1
74fd21faf000-74fd21fb0000 r--p 00002000 00:2d 394185                     /usr/lib/x86_64-linux-gnu/librt.so.1
74fd21fb0000-74fd21fb1000 r--p 00002000 00:2d 394185                     /usr/lib/x86_64-linux-gnu/librt.so.1
74fd21fb1000-74fd21fb2000 rw-p 00003000 00:2d 394185                     /usr/lib/x86_64-linux-gnu/librt.so.1
74fd21fb2000-74fd21fb5000 r--p 00000000 00:2d 830536                     /usr/local/python/3.12.1/lib/python3.12/lib-dynload/zlib.cpython-312-x86_64-linux-gnu.so
74fd21fb5000-74fd21fbc000 r-xp 00003000 00:2d 830536                     /usr/local/python/3.12.1/lib/python3.12/lib-dynload/zlib.cpython-312-x86_64-linux-gnu.so
74fd21fbc000-74fd21fbf000 r--p 0000a000 00:2d 830536                     /usr/local/python/3.12.1/lib/python3.12/lib-dynload/zlib.cpython-312-x86_64-linux-gnu.so
74fd21fbf000-74fd21fc0000 r--p 0000c000 00:2d 830536                     /usr/local/python/3.12.1/lib/python3.12/lib-dynload/zlib.cpython-312-x86_64-linux-gnu.so
74fd21fc0000-74fd21fc1000 rw-p 0000d000 00:2d 830536                     /usr/local/python/3.12.1/lib/python3.12/lib-dynload/zlib.cpython-312-x86_64-linux-gnu.so
74fd21fc1000-74fd21fc3000 r--p 00000000 00:2d 830496                     /usr/local/python/3.12.1/lib/python3.12/lib-dynload/_sha2.cpython-312-x86_64-linux-gnu.so
74fd21fc3000-74fd21fce000 r-xp 00002000 00:2d 830496                     /usr/local/python/3.12.1/lib/python3.12/lib-dynload/_sha2.cpython-312-x86_64-linux-gnu.so
74fd21fce000-74fd21fd0000 r--p 0000d000 00:2d 830496                     /usr/local/python/3.12.1/lib/python3.12/lib-dynload/_sha2.cpython-312-x86_64-linux-gnu.so
74fd21fd0000-74fd21fd1000 r--p 0000e000 00:2d 830496                     /usr/local/python/3.12.1/lib/python3.12/lib-dynload/_sha2.cpython-312-x86_64-linux-gnu.so
74fd21fd1000-74fd21fd2000 rw-p 0000f000 00:2d 830496                     /usr/local/python/3.12.1/lib/python3.12/lib-dynload/_sha2.cpython-312-x86_64-linux-gnu.so
74fd21fd2000-74fd21fd4000 r--p 00000000 00:2d 830494                     /usr/local/python/3.12.1/lib/python3.12/lib-dynload/_random.cpython-312-x86_64-linux-gnu.so
74fd21fd4000-74fd21fd6000 r-xp 00002000 00:2d 830494                     /usr/local/python/3.12.1/lib/python3.12/lib-dynload/_random.cpython-312-x86_64-linux-gnu.so
74fd21fd6000-74fd21fd7000 r--p 00004000 00:2d 830494                     /usr/local/python/3.12.1/lib/python3.12/lib-dynload/_random.cpython-312-x86_64-linux-gnu.so
74fd21fd7000-74fd21fd8000 r--p 00004000 00:2d 830494                     /usr/local/python/3.12.1/lib/python3.12/lib-dynload/_random.cpython-312-x86_64-linux-gnu.so
74fd21fd8000-74fd21fd9000 rw-p 00005000 00:2d 830494                     /usr/local/python/3.12.1/lib/python3.12/lib-dynload/_random.cpython-312-x86_64-linux-gnu.so
74fd21fd9000-74fd21fdb000 r--p 00000000 00:2d 830461                     /usr/local/python/3.12.1/lib/python3.12/lib-dynload/_bisect.cpython-312-x86_64-linux-gnu.so
74fd21fdb000-74fd21fde000 r-xp 00002000 00:2d 830461                     /usr/local/python/3.12.1/lib/python3.12/lib-dynload/_bisect.cpython-312-x86_64-linux-gnu.so
74fd21fde000-74fd21fdf000 r--p 00005000 00:2d 830461                     /usr/local/python/3.12.1/lib/python3.12/lib-dynload/_bisect.cpython-312-x86_64-linux-gnu.so
74fd21fdf000-74fd21fe0000 r--p 00005000 00:2d 830461                     /usr/local/python/3.12.1/lib/python3.12/lib-dynload/_bisect.cpython-312-x86_64-linux-gnu.so
74fd21fe0000-74fd21fe1000 rw-p 00006000 00:2d 830461                     /usr/local/python/3.12.1/lib/python3.12/lib-dynload/_bisect.cpython-312-x86_64-linux-gnu.so
74fd21fe1000-74fd21fe3000 r--p 00000000 00:2d 830493                     /usr/local/python/3.12.1/lib/python3.12/lib-dynload/_queue.cpython-312-x86_64-linux-gnu.so
74fd21fe3000-74fd21fe5000 r-xp 00002000 00:2d 830493                     /usr/local/python/3.12.1/lib/python3.12/lib-dynload/_queue.cpython-312-x86_64-linux-gnu.so
74fd21fe5000-74fd21fe6000 r--p 00004000 00:2d 830493                     /usr/local/python/3.12.1/lib/python3.12/lib-dynload/_queue.cpython-312-x86_64-linux-gnu.so
74fd21fe6000-74fd21fe7000 r--p 00004000 00:2d 830493                     /usr/local/python/3.12.1/lib/python3.12/lib-dynload/_queue.cpython-312-x86_64-linux-gnu.so
74fd21fe7000-74fd21fe8000 rw-p 00005000 00:2d 830493                     /usr/local/python/3.12.1/lib/python3.12/lib-dynload/_queue.cpython-312-x86_64-linux-gnu.so
74fd21fe8000-74fd21fe9000 r--p 00000000 00:2d 830470                     /usr/local/python/3.12.1/lib/python3.12/lib-dynload/_contextvars.cpython-312-x86_64-linux-gnu.so
74fd21fe9000-74fd21fea000 r-xp 00001000 00:2d 830470                     /usr/local/python/3.12.1/lib/python3.12/lib-dynload/_contextvars.cpython-312-x86_64-linux-gnu.so
74fd21fea000-74fd21feb000 r--p 00002000 00:2d 830470                     /usr/local/python/3.12.1/lib/python3.12/lib-dynload/_contextvars.cpython-312-x86_64-linux-gnu.so
74fd21feb000-74fd21fec000 r--p 00002000 00:2d 830470                     /usr/local/python/3.12.1/lib/python3.12/lib-dynload/_contextvars.cpython-312-x86_64-linux-gnu.so
74fd21fec000-74fd21fed000 rw-p 00003000 00:2d 830470                     /usr/local/python/3.12.1/lib/python3.12/lib-dynload/_contextvars.cpython-312-x86_64-linux-gnu.so
74fd21fed000-74fd21fee000 r--p 00000000 00:2d 830489                     /usr/local/python/3.12.1/lib/python3.12/lib-dynload/_opcode.cpython-312-x86_64-linux-gnu.so
74fd21fee000-74fd21fef000 r-xp 00001000 00:2d 830489                     /usr/local/python/3.12.1/lib/python3.12/lib-dynload/_opcode.cpython-312-x86_64-linux-gnu.so
74fd21fef000-74fd21ff0000 r--p 00002000 00:2d 830489                     /usr/local/python/3.12.1/lib/python3.12/lib-dynload/_opcode.cpython-312-x86_64-linux-gnu.so
74fd21ff0000-74fd21ff1000 r--p 00002000 00:2d 830489                     /usr/local/python/3.12.1/lib/python3.12/lib-dynload/_opcode.cpython-312-x86_64-linux-gnu.so
74fd21ff1000-74fd21ff2000 rw-p 00003000 00:2d 830489                     /usr/local/python/3.12.1/lib/python3.12/lib-dynload/_opcode.cpython-312-x86_64-linux-gnu.so
74fd21ff2000-74fd21ff4000 r--p 00000000 00:2d 830518                     /usr/local/python/3.12.1/lib/python3.12/lib-dynload/binascii.cpython-312-x86_64-linux-gnu.so
74fd21ff4000-74fd21ff7000 r-xp 00002000 00:2d 830518                     /usr/local/python/3.12.1/lib/python3.12/lib-dynload/binascii.cpython-312-x86_64-linux-gnu.so
74fd21ff7000-74fd21ff9000 r--p 00005000 00:2d 830518                     /usr/local/python/3.12.1/lib/python3.12/lib-dynload/binascii.cpython-312-x86_64-linux-gnu.so
74fd21ff9000-74fd21ffa000 r--p 00006000 00:2d 830518                     /usr/local/python/3.12.1/lib/python3.12/lib-dynload/binascii.cpython-312-x86_64-linux-gnu.so
74fd21ffa000-74fd21ffb000 rw-p 00007000 00:2d 830518                     /usr/local/python/3.12.1/lib/python3.12/lib-dynload/binascii.cpython-312-x86_64-linux-gnu.so
74fd21ffb000-74fd21ffc000 r--p 00000000 00:2d 830482                     /usr/local/python/3.12.1/lib/python3.12/lib-dynload/_heapq.cpython-312-x86_64-linux-gnu.so
74fd21ffc000-74fd21ffe000 r-xp 00001000 00:2d 830482                     /usr/local/python/3.12.1/lib/python3.12/lib-dynload/_heapq.cpython-312-x86_64-linux-gnu.so
74fd21ffe000-74fd22001000 r--p 00003000 00:2d 830482                     /usr/local/python/3.12.1/lib/python3.12/lib-dynload/_heapq.cpython-312-x86_64-linux-gnu.so
74fd22001000-74fd22002000 r--p 00005000 00:2d 830482                     /usr/local/python/3.12.1/lib/python3.12/lib-dynload/_heapq.cpython-312-x86_64-linux-gnu.so
74fd22002000-74fd22003000 rw-p 00006000 00:2d 830482                     /usr/local/python/3.12.1/lib/python3.12/lib-dynload/_heapq.cpython-312-x86_64-linux-gnu.so
74fd22003000-74fd22004000 r--p 00000000 00:2d 830491                     /usr/local/python/3.12.1/lib/python3.12/lib-dynload/_posixshmem.cpython-312-x86_64-linux-gnu.so
74fd22004000-74fd22005000 r-xp 00001000 00:2d 830491                     /usr/local/python/3.12.1/lib/python3.12/lib-dynload/_posixshmem.cpython-312-x86_64-linux-gnu.so
74fd22005000-74fd22006000 r--p 00002000 00:2d 830491                     /usr/local/python/3.12.1/lib/python3.12/lib-dynload/_posixshmem.cpython-312-x86_64-linux-gnu.so
74fd22006000-74fd22007000 r--p 00002000 00:2d 830491                     /usr/local/python/3.12.1/lib/python3.12/lib-dynload/_posixshmem.cpython-312-x86_64-linux-gnu.so
74fd22007000-74fd22008000 rw-p 00003000 00:2d 830491                     /usr/local/python/3.12.1/lib/python3.12/lib-dynload/_posixshmem.cpython-312-x86_64-linux-gnu.so
74fd22008000-74fd2200a000 r--p 00000000 00:2d 830488                     /usr/local/python/3.12.1/lib/python3.12/lib-dynload/_multiprocessing.cpython-312-x86_64-linux-gnu.so
74fd2200a000-74fd2200c000 r-xp 00002000 00:2d 830488                     /usr/local/python/3.12.1/lib/python3.12/lib-dynload/_multiprocessing.cpython-312-x86_64-linux-gnu.so
74fd2200c000-74fd2200d000 r--p 00004000 00:2d 830488                     /usr/local/python/3.12.1/lib/python3.12/lib-dynload/_multiprocessing.cpython-312-x86_64-linux-gnu.so
74fd2200d000-74fd2200e000 r--p 00004000 00:2d 830488                     /usr/local/python/3.12.1/lib/python3.12/lib-dynload/_multiprocessing.cpython-312-x86_64-linux-gnu.so
74fd2200e000-74fd2200f000 rw-p 00005000 00:2d 830488                     /usr/local/python/3.12.1/lib/python3.12/lib-dynload/_multiprocessing.cpython-312-x86_64-linux-gnu.so
74fd2200f000-74fd22011000 r--p 00000000 00:2d 830492                     /usr/local/python/3.12.1/lib/python3.12/lib-dynload/_posixsubprocess.cpython-312-x86_64-linux-gnu.so
74fd22011000-74fd22014000 r-xp 00002000 00:2d 830492                     /usr/local/python/3.12.1/lib/python3.12/lib-dynload/_posixsubprocess.cpython-312-x86_64-linux-gnu.so
74fd22014000-74fd22015000 r--p 00005000 00:2d 830492                     /usr/local/python/3.12.1/lib/python3.12/lib-dynload/_posixsubprocess.cpython-312-x86_64-linux-gnu.so
74fd22015000-74fd22016000 r--p 00005000 00:2d 830492                     /usr/local/python/3.12.1/lib/python3.12/lib-dynload/_posixsubprocess.cpython-312-x86_64-linux-gnu.so
74fd22016000-74fd22017000 rw-p 00006000 00:2d 830492                     /usr/local/python/3.12.1/lib/python3.12/lib-dynload/_posixsubprocess.cpython-312-x86_64-linux-gnu.so
74fd22017000-74fd22018000 r--p 00000000 00:2d 830520                     /usr/local/python/3.12.1/lib/python3.12/lib-dynload/fcntl.cpython-312-x86_64-linux-gnu.so
74fd22018000-74fd2201a000 r-xp 00001000 00:2d 830520                     /usr/local/python/3.12.1/lib/python3.12/lib-dynload/fcntl.cpython-312-x86_64-linux-gnu.so
74fd2201a000-74fd2201c000 r--p 00003000 00:2d 830520                     /usr/local/python/3.12.1/lib/python3.12/lib-dynload/fcntl.cpython-312-x86_64-linux-gnu.so
74fd2201c000-74fd2201d000 r--p 00004000 00:2d 830520                     /usr/local/python/3.12.1/lib/python3.12/lib-dynload/fcntl.cpython-312-x86_64-linux-gnu.so
74fd2201d000-74fd2201e000 rw-p 00005000 00:2d 830520                     /usr/local/python/3.12.1/lib/python3.12/lib-dynload/fcntl.cpython-312-x86_64-linux-gnu.so
74fd2201e000-74fd22022000 r--p 00000000 00:2d 830516                     /usr/local/python/3.12.1/lib/python3.12/lib-dynload/array.cpython-312-x86_64-linux-gnu.so
74fd22022000-74fd2202a000 r-xp 00004000 00:2d 830516                     /usr/local/python/3.12.1/lib/python3.12/lib-dynload/array.cpython-312-x86_64-linux-gnu.so
74fd2202a000-74fd2202e000 r--p 0000c000 00:2d 830516                     /usr/local/python/3.12.1/lib/python3.12/lib-dynload/array.cpython-312-x86_64-linux-gnu.so
74fd2202e000-74fd2202f000 r--p 0000f000 00:2d 830516                     /usr/local/python/3.12.1/lib/python3.12/lib-dynload/array.cpython-312-x86_64-linux-gnu.so
74fd2202f000-74fd22030000 rw-p 00010000 00:2d 830516                     /usr/local/python/3.12.1/lib/python3.12/lib-dynload/array.cpython-312-x86_64-linux-gnu.so
74fd22030000-74fd22032000 r--p 00000000 00:2d 830528                     /usr/local/python/3.12.1/lib/python3.12/lib-dynload/select.cpython-312-x86_64-linux-gnu.so
74fd22032000-74fd22035000 r-xp 00002000 00:2d 830528                     /usr/local/python/3.12.1/lib/python3.12/lib-dynload/select.cpython-312-x86_64-linux-gnu.so
74fd22035000-74fd22037000 r--p 00005000 00:2d 830528                     /usr/local/python/3.12.1/lib/python3.12/lib-dynload/select.cpython-312-x86_64-linux-gnu.so
74fd22037000-74fd22038000 r--p 00006000 00:2d 830528                     /usr/local/python/3.12.1/lib/python3.12/lib-dynload/select.cpython-312-x86_64-linux-gnu.so
74fd22038000-74fd22039000 rw-p 00007000 00:2d 830528                     /usr/local/python/3.12.1/lib/python3.12/lib-dynload/select.cpython-312-x86_64-linux-gnu.so
74fd22039000-74fd2203c000 r--p 00000000 00:2d 830522                     /usr/local/python/3.12.1/lib/python3.12/lib-dynload/math.cpython-312-x86_64-linux-gnu.so
74fd2203c000-74fd22048000 r-xp 00003000 00:2d 830522                     /usr/local/python/3.12.1/lib/python3.12/lib-dynload/math.cpython-312-x86_64-linux-gnu.so
74fd22048000-74fd2204d000 r--p 0000f000 00:2d 830522                     /usr/local/python/3.12.1/lib/python3.12/lib-dynload/math.cpython-312-x86_64-linux-gnu.so
74fd2204d000-74fd2204e000 r--p 00013000 00:2d 830522                     /usr/local/python/3.12.1/lib/python3.12/lib-dynload/math.cpython-312-x86_64-linux-gnu.so
74fd2204e000-74fd2204f000 rw-p 00014000 00:2d 830522                     /usr/local/python/3.12.1/lib/python3.12/lib-dynload/math.cpython-312-x86_64-linux-gnu.so
74fd2204f000-74fd22053000 r--p 00000000 00:2d 830498                     /usr/local/python/3.12.1/lib/python3.12/lib-dynload/_socket.cpython-312-x86_64-linux-gnu.so
74fd22053000-74fd22060000 r-xp 00004000 00:2d 830498                     /usr/local/python/3.12.1/lib/python3.12/lib-dynload/_socket.cpython-312-x86_64-linux-gnu.so
74fd22060000-74fd22069000 r--p 00011000 00:2d 830498                     /usr/local/python/3.12.1/lib/python3.12/lib-dynload/_socket.cpython-312-x86_64-linux-gnu.so
74fd22069000-74fd2206a000 r--p 00019000 00:2d 830498                     /usr/local/python/3.12.1/lib/python3.12/lib-dynload/_socket.cpython-312-x86_64-linux-gnu.so
74fd2206a000-74fd2206b000 rw-p 0001a000 00:2d 830498                     /usr/local/python/3.12.1/lib/python3.12/lib-dynload/_socket.cpython-312-x86_64-linux-gnu.so
74fd2206b000-74fd22070000 r--p 00000000 00:2d 830490                     /usr/local/python/3.12.1/lib/python3.12/lib-dynload/_pickle.cpython-312-x86_64-linux-gnu.so
74fd22070000-74fd22082000 r-xp 00005000 00:2d 830490                     /usr/local/python/3.12.1/lib/python3.12/lib-dynload/_pickle.cpython-312-x86_64-linux-gnu.so
74fd22082000-74fd22088000 r--p 00017000 00:2d 830490                     /usr/local/python/3.12.1/lib/python3.12/lib-dynload/_pickle.cpython-312-x86_64-linux-gnu.so
74fd22088000-74fd22089000 r--p 0001c000 00:2d 830490                     /usr/local/python/3.12.1/lib/python3.12/lib-dynload/_pickle.cpython-312-x86_64-linux-gnu.so
74fd22089000-74fd2208a000 rw-p 0001d000 00:2d 830490                     /usr/local/python/3.12.1/lib/python3.12/lib-dynload/_pickle.cpython-312-x86_64-linux-gnu.so
74fd2208a000-74fd2208d000 r--p 00000000 00:2d 830502                     /usr/local/python/3.12.1/lib/python3.12/lib-dynload/_struct.cpython-312-x86_64-linux-gnu.so
74fd2208d000-74fd22093000 r-xp 00003000 00:2d 830502                     /usr/local/python/3.12.1/lib/python3.12/lib-dynload/_struct.cpython-312-x86_64-linux-gnu.so
74fd22093000-74fd22096000 r--p 00009000 00:2d 830502                     /usr/local/python/3.12.1/lib/python3.12/lib-dynload/_struct.cpython-312-x86_64-linux-gnu.so
74fd22096000-74fd22097000 r--p 0000c000 00:2d 830502                     /usr/local/python/3.12.1/lib/python3.12/lib-dynload/_struct.cpython-312-x86_64-linux-gnu.so
74fd22097000-74fd22098000 rw-p 0000d000 00:2d 830502                     /usr/local/python/3.12.1/lib/python3.12/lib-dynload/_struct.cpython-312-x86_64-linux-gnu.so
74fd22098000-74fd223fe000 rw-p 00000000 00:00 0 
74fd223fe000-74fd22457000 r--p 00000000 00:2d 393770                     /usr/lib/locale/C.utf8/LC_CTYPE
74fd22457000-74fd22742000 r--p 00000000 00:2d 531685                     /usr/lib/locale/locale-archive
74fd22742000-74fd22745000 rw-p 00000000 00:00 0 
74fd22745000-74fd2276d000 r--p 00000000 00:2d 394104                     /usr/lib/x86_64-linux-gnu/libc.so.6
74fd2276d000-74fd228f5000 r-xp 00028000 00:2d 394104                     /usr/lib/x86_64-linux-gnu/libc.so.6
74fd228f5000-74fd22944000 r--p 001b0000 00:2d 394104                     /usr/lib/x86_64-linux-gnu/libc.so.6
74fd22944000-74fd22948000 r--p 001fe000 00:2d 394104                     /usr/lib/x86_64-linux-gnu/libc.so.6
74fd22948000-74fd2294a000 rw-p 00202000 00:2d 394104                     /usr/lib/x86_64-linux-gnu/libc.so.6
74fd2294a000-74fd22957000 rw-p 00000000 00:00 0 
74fd22957000-74fd22967000 r--p 00000000 00:2d 394146                     /usr/lib/x86_64-linux-gnu/libm.so.6
74fd22967000-74fd229e6000 r-xp 00010000 00:2d 394146                     /usr/lib/x86_64-linux-gnu/libm.so.6
74fd229e6000-74fd22a3e000 r--p 0008f000 00:2d 394146                     /usr/lib/x86_64-linux-gnu/libm.so.6
74fd22a3e000-74fd22a3f000 r--p 000e7000 00:2d 394146                     /usr/lib/x86_64-linux-gnu/libm.so.6
74fd22a3f000-74fd22a40000 rw-p 000e8000 00:2d 394146                     /usr/lib/x86_64-linux-gnu/libm.so.6
74fd22a40000-74fd22a47000 r--s 00000000 00:2d 394075                     /usr/lib/x86_64-linux-gnu/gconv/gconv-modules.cache
74fd22a47000-74fd22a49000 rw-p 00000000 00:00 0 
74fd22a49000-74fd22a4a000 r--p 00000000 00:2d 394084                     /usr/lib/x86_64-linux-gnu/ld-linux-x86-64.so.2
74fd22a4a000-74fd22a75000 r-xp 00001000 00:2d 394084                     /usr/lib/x86_64-linux-gnu/ld-linux-x86-64.so.2
74fd22a75000-74fd22a7f000 r--p 0002c000 00:2d 394084                     /usr/lib/x86_64-linux-gnu/ld-linux-x86-64.so.2
74fd22a7f000-74fd22a81000 r--p 00036000 00:2d 394084                     /usr/lib/x86_64-linux-gnu/ld-linux-x86-64.so.2
74fd22a81000-74fd22a83000 rw-p 00038000 00:2d 394084                     /usr/lib/x86_64-linux-gnu/ld-linux-x86-64.so.2
7ffd6fcff000-7ffd6fd03000 ---p 00000000 00:00 0 
7ffd6fd03000-7ffd6fdff000 rw-p 00000000 00:00 0                          [stack]
7ffd6ff8c000-7ffd6ff90000 r--p 00000000 00:00 0                          [vvar]
7ffd6ff90000-7ffd6ff92000 r-xp 00000000 00:00 0                          [vdso]
ffffffffff600000-ffffffffff601000 --xp 00000000 00:00 0                  [vsyscall]
Total number of mappings: 610

JVMTI agents: none


VM Arguments:
jvm_args: -Dfile.encoding=UTF8 -ea -Xmx1024m 
java_command: <unknown>
java_class_path (initial): /usr/local/python/3.12.1/lib/python3.12/site-packages/konlpy/java:/usr/local/python/3.12.1/lib/python3.12/site-packages/konlpy/java/bin:/usr/local/python/3.12.1/lib/python3.12/site-packages/konlpy/java/open-korean-text-2.1.0.jar:/usr/local/python/3.12.1/lib/python3.12/site-packages/konlpy/java/scala-library-2.12.3.jar:/usr/local/python/3.12.1/lib/python3.12/site-packages/konlpy/java/shineware-ds-1.0.jar:/usr/local/python/3.12.1/lib/python3.12/site-packages/konlpy/java/snakeyaml-1.12.jar:/usr/local/python/3.12.1/lib/python3.12/site-packages/konlpy/java/shineware-common-1.0.jar:/usr/local/python/3.12.1/lib/python3.12/site-packages/konlpy/java/jhannanum-0.8.4.jar:/usr/local/python/3.12.1/lib/python3.12/site-packages/konlpy/java/twitter-text-1.14.7.jar:/usr/local/python/3.12.1/lib/python3.12/site-packages/konlpy/java/aho-corasick.jar:/usr/local/python/3.12.1/lib/python3.12/site-packages/konlpy/java/komoran-3.0.jar:/usr/local/python/3.12.1/lib/python3.12/site-packages/konlpy/java/kkma-2.0.jar:/usr/local/python/3.12.1/lib/python3.12/site-packages/konlpy/java/jhannanum-0.8.4.jar:/usr/local/python/3.12.1/lib/python3.12/site-packages/konlpy/java/kkma-2.0.jar:/usr/local/python/3.12.1/lib/python3.12/site-packages/konlpy/java/aho-corasick.jar:/usr/local/python/3.12.1/lib/python3.12/site-packages/konlpy/java/shineware-common-1.0.jar:/usr/local/python/3.12.1/lib/python3.12/site-packages/konlpy/java/shineware-ds-1.0.jar:/usr/local/python/3.12.1/lib/python3.12/site-packages/konlpy/java/komoran-3.0.jar:/usr/local/python/3.12.1/lib/python3.12/site-packages/konlpy/java/snakeyaml-1.12.jar:/usr/local/python/3.12.1/lib/python3.12/site-packages/konlpy/java/scala-library-2.12.3.jar:/usr/local/python/3.12.1/lib/python3.12/site-packages/konlpy/java/open-korean-text-2.1.0.jar:/usr/local/python/3.12.1/lib/python3.12/site-packages/konlpy/java/twitter-text-1.14.7.jar:/usr/local/python/3.12.1/lib/python3.12/site-packages/konlpy/java/open-korean-text-2.1.0.jar:/usr/local/python/3.12.1/lib/python3.12/site-packages/konlpy/java/scala-library-2.12.3.jar:/usr/local/python/3.12.1/lib/python3.12/site-packages/konlpy/java/shineware-ds-1.0.jar:/usr/local/python/3.12.1/lib/python3.12/site-packages/konlpy/java/snakeyaml-1.12.jar:/usr/local/python/3.12.1/lib/python3.12/site-packages/konlpy/java/shineware-common-1.0.jar:/usr/local/python/3.12.1/lib/python3.12/site-packages/konlpy/java/jhannanum-0.8.4.jar:/usr/local/python/3.12.1/lib/python3.12/site-packages/konlpy/java/twitter-text-1.14.7.jar:/usr/local/python/3.12.1/lib/python3.12/site-packages/konlpy/java/aho-corasick.jar:/usr/local/python/3.12.1/lib/python3.12/site-packages/konlpy/java/komoran-3.0.jar:/usr/local/python/3.12.1/lib/python3.12/site-packages/konlpy/java/kkma-2.0.jar:/usr/local/python/3.12.1/lib/python3.12/site-packages/org.jpype.jar
Launcher Type: generic

[Global flags]
     intx CICompilerCount                          = 2                                         {product} {ergonomic}
     uint ConcGCThreads                            = 1                                         {product} {ergonomic}
     uint G1ConcRefinementThreads                  = 2                                         {product} {ergonomic}
   size_t G1HeapRegionSize                         = 1048576                                   {product} {ergonomic}
   size_t InitialHeapSize                          = 132120576                                 {product} {ergonomic}
   size_t MarkStackSize                            = 4194304                                   {product} {ergonomic}
   size_t MarkStackSizeMax                         = 536870912                                 {product} {ergonomic}
   size_t MaxHeapSize                              = 1073741824                                {product} {command line}
   size_t MaxNewSize                               = 643825664                                 {product} {ergonomic}
   size_t MinHeapDeltaBytes                        = 1048576                                   {product} {ergonomic}
   size_t MinHeapSize                              = 8388608                                   {product} {ergonomic}
    uintx NonNMethodCodeHeapSize                   = 5824512                                {pd product} {ergonomic}
    uintx NonProfiledCodeHeapSize                  = 122920960                              {pd product} {ergonomic}
    uintx ProfiledCodeHeapSize                     = 122912768                              {pd product} {ergonomic}
    uintx ReservedCodeCacheSize                    = 251658240                              {pd product} {ergonomic}
     bool SegmentedCodeCache                       = true                                      {product} {ergonomic}
   size_t SoftMaxHeapSize                          = 1073741824                             {manageable} {ergonomic}
     bool UseCompressedOops                        = true                           {product lp64_product} {ergonomic}
     bool UseG1GC                                  = true                                      {product} {ergonomic}

Logging:
Log output configuration:
 #0: stdout all=warning uptime,level,tags foldmultilines=false
 #1: stderr all=off uptime,level,tags foldmultilines=false

Release file:
IMPLEMENTOR="Microsoft"
IMPLEMENTOR_VERSION="Microsoft-12574222"
JAVA_RUNTIME_VERSION="25.0.1+8-LTS"
JAVA_VERSION="25.0.1"
JAVA_VERSION_DATE="2025-10-21"
LIBC="gnu"
MODULES="java.base java.compiler java.datatransfer java.xml java.prefs java.desktop java.instrument java.logging java.management java.security.sasl java.naming java.rmi java.management.rmi java.net.http java.scripting java.security.jgss java.transaction.xa java.sql java.sql.rowset java.xml.crypto java.se java.smartcardio jdk.accessibility jdk.internal.jvmstat jdk.attach jdk.charsets jdk.internal.opt jdk.zipfs jdk.compiler jdk.crypto.cryptoki jdk.crypto.ec jdk.dynalink jdk.internal.ed jdk.editpad jdk.internal.vm.ci jdk.graal.compiler jdk.graal.compiler.management jdk.hotspot.agent jdk.httpserver jdk.incubator.vector jdk.internal.le jdk.internal.md jdk.jartool jdk.javadoc jdk.jcmd jdk.management jdk.management.agent jdk.jconsole jdk.jdeps jdk.jdwp.agent jdk.jdi jdk.jfr jdk.jlink jdk.jpackage jdk.jshell jdk.jsobject jdk.jstatd jdk.localedata jdk.management.jfr jdk.naming.dns jdk.naming.rmi jdk.net jdk.nio.mapmode jdk.sctp jdk.security.auth jdk.security.jgss jdk.unsupported jdk.unsupported.desktop jdk.xml.dom"
OS_ARCH="x86_64"
OS_NAME="Linux"
SOURCE=".:git:a34d2ff2d503"

Environment Variables:
JAVA_HOME=/usr/local/sdkman/candidates/java/current
PATH=/usr/local/rvm/gems/ruby-3.4.7/bin:/usr/local/rvm/gems/ruby-3.4.7@global/bin:/usr/local/rvm/rubies/ruby-3.4.7/bin:/vscode/bin/linux-x64/41dd792b5e652393e7787322889ed5fdc58bd75b/bin/remote-cli:/home/codespace/.local/bin:/home/codespace/.dotnet:/home/codespace/nvm/current/bin:/home/codespace/.php/current/bin:/home/codespace/.python/current/bin:/home/codespace/java/current/bin:/home/codespace/.ruby/current/bin:/home/codespace/.local/bin:/usr/local/python/current/bin:/usr/local/py-utils/bin:/usr/local/jupyter:/usr/local/oryx:/usr/local/go/bin:/go/bin:/usr/local/sdkman/bin:/usr/local/sdkman/candidates/java/current/bin:/usr/local/sdkman/candidates/gradle/current/bin:/usr/local/sdkman/candidates/maven/current/bin:/usr/local/sdkman/candidates/ant/current/bin:/usr/local/rvm/gems/default/bin:/usr/local/rvm/gems/default@global/bin:/usr/local/rvm/rubies/default/bin:/usr/local/share/rbenv/bin:/usr/local/php/current/bin:/opt/conda/bin:/usr/local/nvs:/usr/local/share/nvm/versions/node/v24.11.1/bin:/usr/local/hugo/bin:/usr/local/sbin:/usr/local/bin:/usr/sbin:/usr/bin:/sbin:/bin:/usr/share/dotnet:/home/codespace/.dotnet/tools:/usr/local/rvm/bin
SHELL=/bin/bash
LANG=C.UTF-8
TERM=xterm-256color

Active Locale:
LC_ALL=C.UTF-8
LC_COLLATE=C.UTF-8
LC_CTYPE=C.UTF-8
LC_MESSAGES=C.UTF-8
LC_MONETARY=C.UTF-8
LC_NUMERIC=C.UTF-8
LC_TIME=C.UTF-8

Signal Handlers:
   SIGSEGV: crash_handler in libjvm.so, mask=11100100010111111101111111111110, flags=SA_RESTART|SA_SIGINFO, unblocked
    SIGBUS: crash_handler in libjvm.so, mask=11100100010111111101111111111110, flags=SA_RESTART|SA_SIGINFO, unblocked
    SIGFPE: crash_handler in libjvm.so, mask=11100100010111111101111111111110, flags=SA_RESTART|SA_SIGINFO, unblocked
   SIGPIPE: javaSignalHandler in libjvm.so, mask=11100100010111111101111111111110, flags=SA_RESTART|SA_SIGINFO, blocked
   SIGXFSZ: javaSignalHandler in libjvm.so, mask=11100100010111111101111111111110, flags=SA_RESTART|SA_SIGINFO, blocked
    SIGILL: crash_handler in libjvm.so, mask=11100100010111111101111111111110, flags=SA_RESTART|SA_SIGINFO, unblocked
   SIGUSR2: SR_handler in libjvm.so, mask=00000000000000000000000000000000, flags=SA_RESTART|SA_SIGINFO, blocked
    SIGHUP: UserHandler in libjvm.so, mask=11100100010111111101111111111110, flags=SA_RESTART|SA_SIGINFO, blocked
    SIGINT: UserHandler in libjvm.so, mask=11100100010111111101111111111110, flags=SA_RESTART|SA_SIGINFO, blocked
   SIGTERM: UserHandler in libjvm.so, mask=11100100010111111101111111111110, flags=SA_RESTART|SA_SIGINFO, blocked
   SIGQUIT: UserHandler in libjvm.so, mask=11100100010111111101111111111110, flags=SA_RESTART|SA_SIGINFO, blocked
   SIGTRAP: crash_handler in libjvm.so, mask=11100100010111111101111111111110, flags=SA_RESTART|SA_SIGINFO, unblocked


Compilation memory statistics disabled.

Periodic native trim disabled

---------------  S Y S T E M  ---------------

OS:
DISTRIB_ID=Ubuntu
DISTRIB_RELEASE=24.04
DISTRIB_CODENAME=noble
DISTRIB_DESCRIPTION="Ubuntu 24.04.3 LTS"
uname: Linux 6.8.0-1044-azure #50~22.04.1-Ubuntu SMP Wed Dec  3 15:13:22 UTC 2025 x86_64
OS uptime: 0 days 1:04 hours
libc: glibc 2.39 NPTL 2.39 
rlimit (soft/hard): STACK 8192k/infinity , CORE infinity/infinity , NPROC infinity/infinity , NOFILE 524288/524288 , AS infinity/infinity , CPU infinity/infinity , DATA infinity/infinity , FSIZE infinity/infinity , MEMLOCK 8192k/8192k
load average: 1.22 1.87 1.63

/proc/meminfo:
MemTotal:        8135224 kB
MemFree:          632452 kB
MemAvailable:    5811620 kB
Buffers:          214400 kB
Cached:          5071600 kB
SwapCached:            0 kB
Active:          3956100 kB
Inactive:        2946912 kB
Active(anon):    1552408 kB
Inactive(anon):   139444 kB
Active(file):    2403692 kB
Inactive(file):  2807468 kB
Unevictable:       30908 kB
Mlocked:           27836 kB
SwapTotal:             0 kB
SwapFree:              0 kB
Zswap:                 0 kB
Zswapped:              0 kB
Dirty:              7808 kB
Writeback:             0 kB
AnonPages:       1617672 kB
Mapped:           748404 kB
Shmem:             65744 kB
KReclaimable:     281636 kB
Slab:             383468 kB
SReclaimable:     281636 kB
SUnreclaim:       101832 kB
KernelStack:       10624 kB
PageTables:        30124 kB
SecPageTables:         0 kB
NFS_Unstable:          0 kB
Bounce:                0 kB
WritebackTmp:          0 kB
CommitLimit:     4067612 kB
Committed_AS:    5286180 kB
VmallocTotal:   34359738367 kB
VmallocUsed:       43616 kB
VmallocChunk:          0 kB
Percpu:             1224 kB
HardwareCorrupted:     0 kB
AnonHugePages:    604160 kB
ShmemHugePages:        0 kB
ShmemPmdMapped:        0 kB
FileHugePages:         0 kB
FilePmdMapped:         0 kB
Unaccepted:            0 kB
HugePages_Total:       0
HugePages_Free:        0
HugePages_Rsvd:        0
HugePages_Surp:        0
Hugepagesize:       2048 kB
Hugetlb:               0 kB
DirectMap4k:      135104 kB
DirectMap2M:     6156288 kB
DirectMap1G:     4194304 kB

/sys/kernel/mm/transparent_hugepage/enabled: [always] madvise never
/sys/kernel/mm/transparent_hugepage/hpage_pmd_size: 2097152
/sys/kernel/mm/transparent_hugepage/shmem_enabled: always within_size advise [never] deny force
/sys/kernel/mm/transparent_hugepage/defrag (defrag/compaction efforts parameter): always defer defer+madvise [madvise] never

Process Memory:
Virtual Size: 3839724K (peak: 3839724K)
Resident Set Size: 183164K (peak: 187040K) (anon: 124156K, file: 59008K, shmem: 0K)
Swapped out: 0K
C-Heap outstanding allocations: 51110K, retained: 8933K
glibc malloc tunables: (default)

/proc/sys/kernel/threads-max (system-wide limit on the number of threads): 63498
/proc/sys/vm/max_map_count (maximum number of memory map areas a process may have): 65530
/proc/sys/vm/swappiness (control to define how aggressively the kernel swaps out anonymous memory): 60
/proc/sys/kernel/pid_max (system-wide limit on number of process identifiers): 4194304

container information not found.
Hyper-V virtualization detected
Steal ticks since vm start: 0
Steal ticks percentage since vm start:  0.000

CPU: total 2 (initial active 2) (16 cores per cpu, 2 threads per core) family 25 model 1 stepping 1 microcode 0xffffffff, cx8, cmov, fxsr, ht, mmx, 3dnowpref, sse, sse2, sse3, ssse3, sse4a, sse4.1, sse4.2, popcnt, lzcnt, tsc, tscinvbit, avx, avx2, aes, erms, clmul, bmi1, bmi2, adx, sha, fma, vzeroupper, clflush, clflushopt, clwb, hv, rdtscp, rdpid, fsrm, f16c, cet_ss
CPU Model and flags from /proc/cpuinfo:
model name	: AMD EPYC 7763 64-Core Processor
flags		: fpu vme de pse tsc msr pae mce cx8 apic sep mtrr pge mca cmov pat pse36 clflush mmx fxsr sse sse2 ht syscall nx mmxext fxsr_opt pdpe1gb rdtscp lm constant_tsc rep_good nopl tsc_reliable nonstop_tsc cpuid extd_apicid aperfmperf tsc_known_freq pni pclmulqdq ssse3 fma cx16 pcid sse4_1 sse4_2 movbe popcnt aes xsave avx f16c rdrand hypervisor lahf_lm cmp_legacy svm cr8_legacy abm sse4a misalignsse 3dnowprefetch osvw topoext vmmcall fsgsbase bmi1 avx2 smep bmi2 erms invpcid rdseed adx smap clflushopt clwb sha_ni xsaveopt xsavec xgetbv1 xsaves user_shstk clzero xsaveerptr rdpru arat npt nrip_save tsc_scale vmcb_clean flushbyasid decodeassists pausefilter pfthreshold v_vmsave_vmload umip vaes vpclmulqdq rdpid fsrm

Online cpus: 0-1
Offline cpus: 
BIOS frequency limitation: <Not Available>
Frequency switch latency (ns): <Not Available>
Available cpu frequencies: <Not Available>
Current governor: <Not Available>
Core performance/turbo boost: <Not Available>

Memory: 4k page, physical 8135224k(5811620k free), swap 0k(0k free)
Page Sizes: 4k

vm_info: OpenJDK 64-Bit Server VM (25.0.1+8-LTS) for linux-amd64 JRE (25.0.1+8-LTS), built on 2025-10-13T21:28:09Z with gcc 11.3.0

END.
