#
# A fatal error has been detected by the Java Runtime Environment:
#
#  SIGSEGV (0xb) at pc=0x000072ea4d19d4f3, pid=24391, tid=24391
#
# JRE version: OpenJDK Runtime Environment Microsoft-12574222 (25.0.1+8) (build 25.0.1+8-LTS)
# Java VM: OpenJDK 64-Bit Server VM Microsoft-12574222 (25.0.1+8-LTS, mixed mode, sharing, tiered, compressed oops, compressed class ptrs, g1 gc, linux-amd64)
# Problematic frame:
# C  [_jpype.cpython-312-x86_64-linux-gnu.so+0x424f3]  JPypeException::toJava() [clone .cold]+0x5d
#
# Core dump will be written. Default location: Core dumps may be processed with "/usr/share/apport/apport -p%p -s%s -c%c -d%d -P%P -u%u -g%g -F%F -- %E" (or dumping to /workspaces/korean_reading_practice/myapp/backend/core.24391)
#
# If you would like to submit a bug report, please visit:
#   https://github.com/microsoft/openjdk/issues
# The crash happened outside the Java Virtual Machine in native code.
# See problematic frame for where to report the bug.
#

---------------  S U M M A R Y ------------

Command Line: -Dfile.encoding=UTF8 -ea -Xmx1024m 

Host: AMD EPYC 7763 64-Core Processor, 2 cores, 7G, Ubuntu 24.04.3 LTS
Time: Tue May 12 20:50:00 2026 UTC elapsed time: 0.340506 seconds (0d 0h 0m 0s)

---------------  T H R E A D  ---------------

Current thread (0x00005a76dffdd5d0):  JavaThread "main"             [_thread_in_native, id=24391, stack(0x00007ffc550c5000,0x00007ffc551c5000) (1024K)]

Stack: [0x00007ffc550c5000,0x00007ffc551c5000],  sp=0x00007ffc551be6c0,  free space=997k
Native frames: (J=compiled Java code, j=interpreted, Vv=VM code, C=native code)
C  [_jpype.cpython-312-x86_64-linux-gnu.so+0x424f3]  JPypeException::toJava() [clone .cold]+0x5d
Java frames: (J=compiled Java code, j=interpreted, Vv=VM code)
j  org.jpype.manager.TypeFactoryNative.newWrapper(JJ)V+0
j  org.jpype.JPypeContext.newWrapper(J)V+16
v  ~StubRoutines::call_stub 0x000072ea36738fa6
j  org.jpype.manager.TypeFactoryNative.newWrapper(JJ)V+0
j  org.jpype.JPypeContext.newWrapper(J)V+16
v  ~StubRoutines::call_stub 0x000072ea36738fa6

siginfo: si_signo: 11 (SIGSEGV), si_code: 1 (SEGV_MAPERR), si_addr: 0x0000000000000000

Registers:
RAX=0x000072ea4e6f17d8, RBX=0x00005a76e0b84ad0, RCX=0x000072ea4e6e88d0, RDX=0x00000005a76e000a
RSP=0x00007ffc551be6c0, RBP=0x0000000000000000, RSI=0x0000000000000000, RDI=0x00007ffc551be648
R8 =0x00005a76de75f010, R9 =0x0000000000000007, R10=0x00005a76e000a690, R11=0xcb2a06362b960c6c
R12=0x00007ffc551be6d0, R13=0x00005a76e0b84948, R14=0x00007ffc551be6c8, R15=0x00005a76dffdd5d0
RIP=0x000072ea4d19d4f3, EFLAGS=0x0000000000010206, CSGSFS=0x002b000000000033, ERR=0x0000000000000006
  TRAPNO=0x000000000000000e

XMM[0]=0x0000000000000000 0x000072ea50cee563
XMM[1]=0x000072ea50cee563 0x000072ea50cee563
XMM[2]=0xffffffffffffffff 0xffffffffffffffff
XMM[3]=0xffffffffffffffff 0xffffffffffffffff
XMM[4]=0xffffffffffffffff 0xffffffffffffffff
XMM[5]=0xffffffffffffffff 0xffffffffffffffff
XMM[6]=0xffffffffffffffff 0xffffffffffffffff
XMM[7]=0xffffffffffffffff 0xffffffffffffffff
XMM[8]=0x0000000000f700f3 0x0000000000f600f2
XMM[9]=0x00000000000000f3 0x00000000000000f2
XMM[10]=0x000000000000000c 0x000000000000000c
XMM[11]=0x000000000000000a 0x000000000000000a
XMM[12]=0x0000000000000008 0x0000000000000008
XMM[13]=0x0000000000000006 0x0000000000000006
XMM[14]=0x0000000000000004 0x0000000000000004
XMM[15]=0x0000000000000002 0x0000000000000002
  MXCSR=0x00001fa2


Register to memory mapping:

RAX=0x000072ea4e6f17d8: <offset 0x000000000027a7d8> in /lib/x86_64-linux-gnu/libstdc++.so.6 at 0x000072ea4e477000
RBX=0x00005a76e0b84ad0 points into unknown readable memory: 0x000072ea4d213a38 | 38 3a 21 4d ea 72 00 00
RCX=0x000072ea4e6e88d0: <offset 0x00000000002718d0> in /lib/x86_64-linux-gnu/libstdc++.so.6 at 0x000072ea4e477000
RDX=0x00000005a76e000a is an unknown value
RSP=0x00007ffc551be6c0 is pointing into the stack for thread: 0x00005a76dffdd5d0
RBP=0x0 is null
RSI=0x0 is null
RDI=0x00007ffc551be648 is pointing into the stack for thread: 0x00005a76dffdd5d0
R8 =0x00005a76de75f010 points into unknown readable memory: 0x0001000000010000 | 00 00 01 00 00 00 01 00
R9 =0x0000000000000007 is an unknown value
R10=0x00005a76e000a690 points into unknown readable memory: 0x00000005a76e000a | 0a 00 6e a7 05 00 00 00
R11=0xcb2a06362b960c6c is an unknown value
R12=0x00007ffc551be6d0 is pointing into the stack for thread: 0x00005a76dffdd5d0
R13=0x00005a76e0b84948 points into unknown readable memory: 0x726956206176614a | 4a 61 76 61 20 56 69 72
R14=0x00007ffc551be6c8 is pointing into the stack for thread: 0x00005a76dffdd5d0
R15=0x00005a76dffdd5d0 is a thread

Top of Stack: (sp=0x00007ffc551be6c0)
0x00007ffc551be6c0:   0000003100000001 000072ea4d1ec7a0   ....1......M.r..
0x00007ffc551be6d0:   000072ea4d1ec763 00007ffc551b0000   c..M.r.....U....
0x00007ffc551be6e0:   00007ffc551be828 000072ea4e5310f4   (..U......SN.r..
0x00007ffc551be6f0:   000072ea0c40ac08 00007ffc551be740   ..@..r..@..U....
0x00007ffc551be700:   00005a76e0b848c0 00007ffc551be738   .H..vZ..8..U....
0x00007ffc551be710:   00007ffc551be828 000072ea4d1a09e8   (..U.......M.r..
0x00007ffc551be720:   00007ffc551be740 000072ea4d1a0a4b   @..U....K..M.r..
0x00007ffc551be730:   00000000c07201c8 0000000000000001   ..r.............
0x00007ffc551be740:   00005a76dffdda70 00000000c0700000   p...vZ....p.....
0x00007ffc551be750:   00007ffc551be7e8 0000000000000000   ...U............
0x00007ffc551be760:   000072ea0c40ac08 000072ea36744f85   ..@..r...Ot6.r..
0x00007ffc551be770:   fffffffffffffff7 000072ea0c406219   .........b@..r..
0x00007ffc551be780:   0000000000000004 000072ea0c403c08   .........<@..r..
0x00007ffc551be790:   0000000000000000 00000000c003ec38   ........8.......
0x00007ffc551be7a0:   fffffffffffffff7 0000000000000000   ................
0x00007ffc551be7b0:   0000000000000008 000072ea0c40b288   ..........@..r..
0x00007ffc551be7c0:   0000000000000000 00000000c0062088   ......... ......
0x00007ffc551be7d0:   000072ea0c40ac08 0000000000000000   ..@..r..........
0x00007ffc551be7e0:   00007ffc551be808 00007ffc551be888   ...U.......U....
0x00007ffc551be7f0:   000072ea36740936 0000000000000000   6.t6.r..........
0x00007ffc551be800:   000072ea36742437 00005a76e0b847d0   7$t6.r...G..vZ..
0x00007ffc551be810:   0000000000000000 00005a76dfb1d1a0   ............vZ..
0x00007ffc551be820:   0000000000000000 00000000c0062150   ........P!......
0x00007ffc551be830:   00000000c0062150 00000000c0062150   P!......P!......
0x00007ffc551be840:   fffffffffffffff5 000072ea0c40eaa0   ..........@..r..
0x00007ffc551be850:   0000000000000006 000072ea0c40a968   ........h.@..r..
0x00007ffc551be860:   0000000000000000 00000000c00612f0   ................
0x00007ffc551be870:   000072ea0c40eac8 fffffffffffffff0   ..@..r..........
0x00007ffc551be880:   00007ffc551be8a8 00007ffc551be920   ...U.... ..U....
0x00007ffc551be890:   000072ea36738fa6 0000000000000000   ..s6.r..........
0x00007ffc551be8a0:   00000000c0062150 00005a76e0b847d0   P!.......G..vZ..
0x00007ffc551be8b0:   00000000000003d8 00000000c0061958   ........X.......

Instructions: (pc=0x000072ea4d19d4f3)
  0x000072ea4d19d3f3:   ff ff 48 8b 54 24 30 48 8b 4c 24 38 49 89 c7 48
  0x000072ea4d19d403:   89 94 24 90 00 00 00 48 8b 52 e8 48 89 8c 14 90
  0x000072ea4d19d413:   00 00 00 48 c7 84 24 98 00 00 00 00 00 00 00 e9
  0x000072ea4d19d423:   56 fe ff ff 4c 89 ff e8 21 9c ff ff e9 46 fd ff
  0x000072ea4d19d433:   ff 4c 89 f7 48 89 c3 48 89 d5 e8 fe a6 ff ff eb
  0x000072ea4d19d443:   a1 ff d0 48 8d 3d 65 ee 04 00 48 89 c6 e8 fb 90
  0x000072ea4d19d453:   ff ff e9 27 ff ff ff 48 89 c7 48 89 d0 e9 ab fe
  0x000072ea4d19d463:   ff ff 48 8b 7c 24 60 e8 71 00 02 00 49 8d 74 24
  0x000072ea4d19d473:   08 4c 89 f7 e8 94 af ff ff e9 fc fd ff ff e8 ca
  0x000072ea4d19d483:   b8 ff ff 48 89 c5 e8 f2 b3 ff ff 48 89 ef e8 ba
  0x000072ea4d19d493:   b8 ff ff 4c 89 f7 e8 f2 a1 ff ff 4c 89 e7 e8 4a
  0x000072ea4d19d4a3:   a7 ff ff 48 89 df 48 83 ed 01 75 59 e8 2c b6 ff
  0x000072ea4d19d4b3:   ff 48 8d 3d 9d ee 04 00 48 89 c3 e8 5d 98 ff ff
  0x000072ea4d19d4c3:   48 8b 43 20 48 8d 74 24 10 48 8d 7c 24 08 48 8b
  0x000072ea4d19d4d3:   50 08 48 8b 08 8b 40 10 48 89 54 24 08 48 8d 54
  0x000072ea4d19d4e3:   24 04 89 44 24 04 48 89 4c 24 10 e8 ed 98 ff ff
=>0x000072ea4d19d4f3:   c7 04 25 00 00 00 00 00 00 00 00 e8 7d b3 ff ff
  0x000072ea4d19d503:   e9 b9 fe 01 00 e8 d3 b5 ff ff 48 8d 3d 44 ee 04
  0x000072ea4d19d513:   00 e8 07 98 ff ff c7 04 25 00 00 00 00 00 00 00
  0x000072ea4d19d523:   00 e8 57 b3 ff ff e9 93 fe 01 00 4c 89 f7 e8 5a
  0x000072ea4d19d533:   a1 ff ff e9 63 ff ff ff 48 89 c3 48 89 d5 e8 3a
  0x000072ea4d19d543:   b3 ff ff 48 89 df 48 89 e8 48 83 e8 01 75 52 e8
  0x000072ea4d19d553:   89 b5 ff ff 48 8d 74 24 10 c7 44 24 20 b8 01 00
  0x000072ea4d19d563:   00 48 89 c7 48 8d 05 75 ed 04 00 48 89 44 24 10
  0x000072ea4d19d573:   48 8d 05 be ed 04 00 48 89 44 24 18 e8 5c 94 ff
  0x000072ea4d19d583:   ff e8 17 93 ff ff 48 89 c7 48 89 d0 eb bb 48 89
  0x000072ea4d19d593:   c3 48 89 d5 e8 e4 b2 ff ff 48 89 df 48 89 e8 eb
  0x000072ea4d19d5a3:   a8 e8 a7 b7 ff ff 48 89 c5 e8 cf b2 ff ff 48 89
  0x000072ea4d19d5b3:   ef e8 97 b7 ff ff 90 48 8b 73 18 48 85 f6 74 0f
  0x000072ea4d19d5c3:   48 8b 05 ee 98 07 00 48 8b 38 e8 0e 93 ff ff 4c
  0x000072ea4d19d5d3:   89 f7 e8 76 9a ff ff 48 89 ef e8 6e b7 ff ff 48
  0x000072ea4d19d5e3:   89 ef e8 06 a6 ff ff 48 89 df 4c 89 e0 48 83 e8


Stack slot to memory mapping:

stack at sp + 0 slots: 0x0000003100000001 is an unknown value
stack at sp + 1 slots: 0x000072ea4d1ec7a0: <offset 0x00000000000917a0> in /usr/local/python/3.12.1/lib/python3.12/site-packages/_jpype.cpython-312-x86_64-linux-gnu.so at 0x000072ea4d15b000
stack at sp + 2 slots: 0x000072ea4d1ec763: <offset 0x0000000000091763> in /usr/local/python/3.12.1/lib/python3.12/site-packages/_jpype.cpython-312-x86_64-linux-gnu.so at 0x000072ea4d15b000
stack at sp + 3 slots: 0x00007ffc551b0000 is pointing into the stack for thread: 0x00005a76dffdd5d0
stack at sp + 4 slots: 0x00007ffc551be828 is pointing into the stack for thread: 0x00005a76dffdd5d0
stack at sp + 5 slots: 0x000072ea4e5310f4: __cxa_get_globals+0x0000000000000014 in /lib/x86_64-linux-gnu/libstdc++.so.6 at 0x000072ea4e477000
stack at sp + 6 slots: {method} {0x000072ea0c40ac08} 'newWrapper' '(JJ)V' in 'org/jpype/manager/TypeFactoryNative'
stack at sp + 7 slots: 0x00007ffc551be740 is pointing into the stack for thread: 0x00005a76dffdd5d0

Lock stack of current Java thread (top to bottom):
LockStack[1]: org.jpype.manager.TypeFactoryNative 
{0x00000000c0062150} - klass: 'org/jpype/manager/TypeFactoryNative' - flags: 

 - ---- fields (total size 3 words):
 - public 'context' 'J' @16  0 (0x0000000000000000)
LockStack[0]: org.jpype.manager.TypeFactoryNative 
{0x00000000c0062150} - klass: 'org/jpype/manager/TypeFactoryNative' - flags: 

 - ---- fields (total size 3 words):
 - public 'context' 'J' @16  0 (0x0000000000000000)


---------------  P R O C E S S  ---------------

Threads class SMR info:
_java_thread_list=0x000072ea04615760, length=11, elements={
0x00005a76dffdd5d0, 0x00005a76e0903320, 0x00005a76e0904bd0, 0x00005a76e09066a0,
0x00005a76e0908040, 0x00005a76e0909940, 0x00005a76e090b710, 0x00005a76e090d180,
0x00005a76e0921590, 0x00005a76e09236d0, 0x000072ea00001030
}

Java Threads: ( => current thread )
=>0x00005a76dffdd5d0 JavaThread "main"                              [_thread_in_native, id=24391, stack(0x00007ffc550c5000,0x00007ffc551c5000) (1024K)]
  0x00005a76e0903320 JavaThread "Reference Handler"          daemon [_thread_blocked, id=24455, stack(0x000072ea2d4fa000,0x000072ea2d5fa000) (1024K)]
  0x00005a76e0904bd0 JavaThread "Finalizer"                  daemon [_thread_blocked, id=24456, stack(0x000072ea2d3f9000,0x000072ea2d4f9000) (1024K)]
  0x00005a76e09066a0 JavaThread "Signal Dispatcher"          daemon [_thread_blocked, id=24457, stack(0x000072ea2d2f8000,0x000072ea2d3f8000) (1024K)]
  0x00005a76e0908040 JavaThread "Service Thread"             daemon [_thread_blocked, id=24458, stack(0x000072ea2d1f7000,0x000072ea2d2f7000) (1024K)]
  0x00005a76e0909940 JavaThread "Monitor Deflation Thread"   daemon [_thread_blocked, id=24459, stack(0x000072ea2d0f6000,0x000072ea2d1f6000) (1024K)]
  0x00005a76e090b710 JavaThread "C2 CompilerThread0"         daemon [_thread_blocked, id=24460, stack(0x000072ea2cff5000,0x000072ea2d0f5000) (1024K)]
  0x00005a76e090d180 JavaThread "C1 CompilerThread0"         daemon [_thread_blocked, id=24461, stack(0x000072ea2cef4000,0x000072ea2cff4000) (1024K)]
  0x00005a76e0921590 JavaThread "Notification Thread"        daemon [_thread_blocked, id=24462, stack(0x000072ea2cdf3000,0x000072ea2cef3000) (1024K)]
  0x00005a76e09236d0 JavaThread "Common-Cleaner"             daemon [_thread_blocked, id=24463, stack(0x000072ea2ccf2000,0x000072ea2cdf2000) (1024K)]
  0x000072ea00001030 JavaThread "SIGTERM handler"            daemon [_thread_blocked, id=24466, stack(0x000072ea2c9ef000,0x000072ea2caef000) (1024K)]
Total: 11

Other Threads:
  0x00005a76e08f8360 VMThread "VM Thread"                           [id=24454, stack(0x000072ea2d5fb000,0x000072ea2d6fb000) (1024K)]
  0x00005a76e08e92a0 WatcherThread "VM Periodic Task Thread"        [id=24453, stack(0x000072ea2d6fc000,0x000072ea2d7fc000) (1024K)]
  0x00005a76e01a7f30 WorkerThread "GC Thread#0"                     [id=24447, stack(0x000072ea2f015000,0x000072ea2f115000) (1024K)]
  0x000072ea04000fc0 WorkerThread "GC Thread#1"                     [id=24465, stack(0x000072ea2caf0000,0x000072ea2cbf0000) (1024K)]
  0x00005a76e05a6640 ConcurrentGCThread "G1 Main Marker"            [id=24448, stack(0x000072ea2db00000,0x000072ea2dc00000) (1024K)]
  0x00005a76e05a6ae0 WorkerThread "G1 Conc#0"                       [id=24449, stack(0x000072ea2d9ff000,0x000072ea2daff000) (1024K)]
  0x00005a76e07b9e30 ConcurrentGCThread "G1 Refine#0"               [id=24450, stack(0x000072ea2d8fe000,0x000072ea2d9fe000) (1024K)]
  0x00005a76e07bafd0 ConcurrentGCThread "G1 Service"                [id=24451, stack(0x000072ea2d7fd000,0x000072ea2d8fd000) (1024K)]
Total: 8

Threads with active compile tasks:
Total: 0

VM state: not at safepoint (normal execution)

VM Mutex/Monitor currently owned by a thread: None

Heap address: 0x00000000c0000000, size: 1024 MB, Compressed Oops mode: 32-bit

CDS archive(s) mapped at: [0x000000007d000000-0x000000007dd8c000-0x000000007dd8c000), size 14204928, SharedBaseAddress: 0x000000007d000000, ArchiveRelocationMode: 1.
Compressed class space mapped at: 0x000000007e000000-0x00000000be000000, reserved size: 1073741824
UseCompressedClassPointers 1, UseCompactObjectHeaders 0
Narrow klass pointer bits 32, Max shift 3
Narrow klass base: 0x000000007d000000, Narrow klass shift: 0
Encoding Range: [0x000000007d000000 - 0x000000017d000000), (4294967296 bytes)
Klass Range:    [0x000000007d001000 - 0x00000000be000000), (1090514944 bytes)
Klass ID Range:  [4096 - 1090519033) (1090514937)
Protection zone: [0x000000007d000000 - 0x000000007d001000), (4096 bytes)

GC Precious Log:
 CardTable entry size: 512
 Card Set container configuration: InlinePtr #cards 5 size 8 Array Of Cards #cards 10 size 36 Howl #buckets 4 coarsen threshold 1843 Howl Bitmap #cards 512 size 80 coarsen threshold 460 Card regions per heap region 1 cards per card region 2048
 CPUs: 2 total, 2 available
 Memory: 7944M
 Large Page Support: Disabled
 NUMA Support: Disabled
 Compressed Oops: Enabled (32-bit)
 Heap Region Size: 1M
 Heap Min Capacity: 8M
 Heap Initial Capacity: 126M
 Heap Max Capacity: 1G
 Pre-touch: Disabled
 Parallel Workers: 2
 Concurrent Workers: 1
 Concurrent Refinement Workers: 2
 Periodic GC: Disabled
 G1 Time-Based Heap Sizing enabled (uncommit-only)
 Evaluation Interval: 60s, Uncommit Delay: 300s, Min Regions To Uncommit: 10

Heap:
 garbage-first heap   total reserved 1048576K, committed 10240K, used 3137K [0x00000000c0000000, 0x0000000100000000)
  region size 1024K, 2 young (2048K), 0 survivors (0K)

Heap Regions: E=young(eden), S=young(survivor), O=old, HS=humongous(starts), HC=humongous(continues), CS=collection set, F=free, TAMS=top-at-mark-start, PB=parsable bottom
|   0|0x00000000c0000000, 0x00000000c0084258, 0x00000000c0100000| 51%| O|  |TAMS 0x00000000c0000000| PB 0x00000000c0000000| Untracked |  0
|   1|0x00000000c0100000, 0x00000000c018c1a8, 0x00000000c0200000| 54%| O|  |TAMS 0x00000000c0100000| PB 0x00000000c0100000| Untracked |  0
|   2|0x00000000c0200000, 0x00000000c0200000, 0x00000000c0300000|  0%| F|  |TAMS 0x00000000c0200000| PB 0x00000000c0200000| Untracked |  0
|   3|0x00000000c0300000, 0x00000000c0300000, 0x00000000c0400000|  0%| F|  |TAMS 0x00000000c0300000| PB 0x00000000c0300000| Untracked |  0
|   4|0x00000000c0400000, 0x00000000c0400000, 0x00000000c0500000|  0%| F|  |TAMS 0x00000000c0400000| PB 0x00000000c0400000| Untracked |  0
|   5|0x00000000c0500000, 0x00000000c0500000, 0x00000000c0600000|  0%| F|  |TAMS 0x00000000c0500000| PB 0x00000000c0500000| Untracked |  0
|   6|0x00000000c0600000, 0x00000000c0600000, 0x00000000c0700000|  0%| F|  |TAMS 0x00000000c0600000| PB 0x00000000c0600000| Untracked |  0
|   7|0x00000000c0700000, 0x00000000c078f618, 0x00000000c0800000| 56%| E|  |TAMS 0x00000000c0700000| PB 0x00000000c0700000| Complete |  0
|   8|0x00000000c0800000, 0x00000000c0900000, 0x00000000c0900000|100%| E|CS|TAMS 0x00000000c0800000| PB 0x00000000c0800000| Complete |  0
|1022|0x00000000ffe00000, 0x00000000fff00000, 0x00000000fff00000|100%| O|  |TAMS 0x00000000ffe00000| PB 0x00000000ffe00000| Untracked |  0

Card table byte_map: [0x000072ea2ec00000,0x000072ea2ee00000] _byte_map_base: 0x000072ea2e600000

Marking Bits: (CMBitMap*) 0x00005a76e021c670
 Bits: [0x000072ea2dc00000, 0x000072ea2ec00000)

Polling page: 0x000072ea50254000

Metaspace:
Metaspace        used 1977K, committed 2112K, reserved 1114112K
 class space     used 135K, committed 192K, reserved 1048576K

Usage:
  Non-class:      1.80 MB used.
      Class:    135.91 KB used.
       Both:      1.93 MB used.

Virtual space:
  Non-class space:       64.00 MB reserved,       1.88 MB (  3%) committed,  1 nodes.
      Class space:        1.00 GB reserved,     192.00 KB ( <1%) committed,  1 nodes.
             Both:        1.06 GB reserved,       2.06 MB ( <1%) committed. 

Chunk freelists:
   Non-Class:  11.83 MB
       Class:  15.70 MB
        Both:  27.53 MB

MaxMetaspaceSize: unlimited
CompressedClassSpaceSize: 1.00 GB
Initial GC threshold: 21.00 MB
Current GC threshold: 21.00 MB
CDS: on
 - commit_granule_bytes: 65536.
 - commit_granule_words: 8192.
 - virtual_space_node_default_size: 8388608.
 - enlarge_chunks_in_place: 1.
UseCompressedClassPointers 1, UseCompactObjectHeaders 0
Narrow klass pointer bits 32, Max shift 3
Narrow klass base: 0x000000007d000000, Narrow klass shift: 0
Encoding Range: [0x000000007d000000 - 0x000000017d000000), (4294967296 bytes)
Klass Range:    [0x000000007d001000 - 0x00000000be000000), (1090514944 bytes)
Klass ID Range:  [4096 - 1090519033) (1090514937)
Protection zone: [0x000000007d000000 - 0x000000007d001000), (4096 bytes)


Internal statistics:

num_allocs_failed_limit: 0.
num_arena_births: 46.
num_arena_deaths: 0.
num_vsnodes_births: 2.
num_vsnodes_deaths: 0.
num_space_committed: 33.
num_space_uncommitted: 0.
num_chunks_returned_to_freelist: 0.
num_chunks_taken_from_freelist: 69.
num_chunk_merges: 0.
num_chunk_splits: 41.
num_chunks_enlarged: 17.
num_inconsistent_stats: 0.

CodeHeap 'non-profiled nmethods': size=120040Kb used=138Kb max_used=138Kb free=119901Kb
 bounds [0x000072ea36cc6000, 0x000072ea36f36000, 0x000072ea3e200000]
CodeHeap 'profiled nmethods': size=120032Kb used=1032Kb max_used=1032Kb free=118999Kb
 bounds [0x000072ea2f200000, 0x000072ea2f470000, 0x000072ea36738000]
CodeHeap 'non-nmethods': size=5688Kb used=1326Kb max_used=1342Kb free=4361Kb
 bounds [0x000072ea36738000, 0x000072ea369a8000, 0x000072ea36cc6000]
CodeCache: size=245760Kb, used=2496Kb, max_used=2512Kb, free=243261Kb
 total_blobs=1171, nmethods=761, adapters=315, full_count=0
Compilation: enabled, stopped_count=0, restarted_count=0

Compilation events (20 events):
Event: 0.318 Thread 0x00005a76e090d180  551       1       java.lang.Class::getModifiers (5 bytes)
Event: 0.318 Thread 0x00005a76e090d180 nmethod 551 0x000072ea36ce7088 code [0x000072ea36ce7180, 0x000072ea36ce7240]
Event: 0.323 Thread 0x00005a76e090d180  780       3       java.util.TreeMap::put (221 bytes)
Event: 0.324 Thread 0x00005a76e090d180 nmethod 780 0x000072ea2f2ef188 code [0x000072ea2f2ef280, 0x000072ea2f2efd60]
Event: 0.324 Thread 0x00005a76e090d180  777       3       java.util.TreeMap::leftOf (13 bytes)
Event: 0.324 Thread 0x00005a76e090d180 nmethod 777 0x000072ea2f2efd88 code [0x000072ea2f2efe80, 0x000072ea2f2effd8]
Event: 0.324 Thread 0x00005a76e090d180  789       3       org.jpype.manager.TypeManager::isCallerSensitive (91 bytes)
Event: 0.324 Thread 0x00005a76e090d180 nmethod 789 0x000072ea2f2f0088 code [0x000072ea2f2f0180, 0x000072ea2f2f0f10]
Event: 0.324 Thread 0x00005a76e090d180  778       3       java.util.TreeSet::add (22 bytes)
Event: 0.325 Thread 0x00005a76e090d180 nmethod 778 0x000072ea2f2f0f88 code [0x000072ea2f2f1080, 0x000072ea2f2f12d0]
Event: 0.325 Thread 0x00005a76e090d180  781       3       java.util.stream.ReferencePipeline$3$1::accept (20 bytes)
Event: 0.326 Thread 0x00005a76e090b710  800       4       java.lang.PublicMethods$MethodList::filter (104 bytes)
Event: 0.329 Thread 0x00005a76e090d180 nmethod 781 0x000072ea2f2f1308 code [0x000072ea2f2f1400, 0x000072ea2f2f16a0]
Event: 0.329 Thread 0x00005a76e090d180  814       3       org.jpype.manager.MethodResolution::sortMethods (218 bytes)
Event: 0.331 Thread 0x00005a76e090d180 nmethod 814 0x000072ea2f2f1708 code [0x000072ea2f2f1800, 0x000072ea2f2f3a68]
Event: 0.331 Thread 0x00005a76e090d180  803       3       org.jpype.manager.MethodResolution::isAssignableTo (71 bytes)
Event: 0.331 Thread 0x00005a76e090d180 nmethod 803 0x000072ea2f2f3a88 code [0x000072ea2f2f3b80, 0x000072ea2f2f4248]
Event: 0.331 Thread 0x00005a76e090d180  799       3       java.lang.Class::copyMethods (36 bytes)
Event: 0.332 Thread 0x00005a76e090d180 nmethod 799 0x000072ea2f2f4288 code [0x000072ea2f2f4380, 0x000072ea2f2f4a98]
Event: 0.332 Thread 0x00005a76e090d180  815       3       org.jpype.manager.TypeManager::createMethods (382 bytes)

GC Heap Usage History (2 events):
Event: 0.253 {heap Before GC invocations=0 (full 0):
 garbage-first heap   total reserved 1048576K, committed 131072K, used 6275K [0x00000000c0000000, 0x0000000100000000)
  region size 1024K, 6 young (6144K), 0 survivors (0K)
}
Event: 0.263 {heap After GC invocations=1 (full 1):
 garbage-first heap   total reserved 1048576K, committed 10240K, used 2113K [0x00000000c0000000, 0x0000000100000000)
  region size 1024K, 0 young (0K), 0 survivors (0K)
}

Metaspace Usage History (2 events):
Event: 0.253 {metaspace Before GC invocations=0 (full 0):
 Metaspace       used 1684K, committed 1856K, reserved 1114112K
  class space    used 120K, committed 192K, reserved 1048576K
}
Event: 0.263 {metaspace After GC invocations=1 (full 1):
 Metaspace       used 1684K, committed 1856K, reserved 1114112K
  class space    used 120K, committed 192K, reserved 1048576K
}

Dll operation events (6 events):
Event: 0.003 Loaded shared library /usr/local/sdkman/candidates/java/25.0.1-ms/lib/libjava.so
Event: 0.021 Loaded shared library /usr/local/sdkman/candidates/java/25.0.1-ms/lib/libsimdsort.so
Event: 0.031 Loaded shared library /usr/local/sdkman/candidates/java/25.0.1-ms/lib/libnio.so
Event: 0.035 Loaded shared library /usr/local/sdkman/candidates/java/25.0.1-ms/lib/libzip.so
Event: 0.101 Loaded shared library /usr/local/python/3.12.1/lib/python3.12/site-packages/_jpype.cpython-312-x86_64-linux-gnu.so
Event: 0.145 Loaded shared library /usr/local/sdkman/candidates/java/25.0.1-ms/lib/libjimage.so

Deoptimization events (8 events):
Event: 0.058 Thread 0x00005a76dffdd5d0 Uncommon trap: trap_request=0xffffff45 fr.pc=0x000072ea36cc8ff8 relative=0x0000000000000078
Event: 0.058 Thread 0x00005a76dffdd5d0 Uncommon trap: reason=unstable_if action=reinterpret pc=0x000072ea36cc8ff8 method=jdk.internal.misc.Unsafe.convEndian(ZS)S @ 4 c2
Event: 0.058 Thread 0x00005a76dffdd5d0 DEOPT PACKING pc=0x000072ea36cc8ff8 sp=0x00007ffc551be6f0
Event: 0.058 Thread 0x00005a76dffdd5d0 DEOPT UNPACKING pc=0x000072ea36857b79 sp=0x00007ffc551be640 mode 2
Event: 0.094 Thread 0x00005a76dffdd5d0 Uncommon trap: trap_request=0xffffff45 fr.pc=0x000072ea36cc95f8 relative=0x0000000000000078
Event: 0.094 Thread 0x00005a76dffdd5d0 Uncommon trap: reason=unstable_if action=reinterpret pc=0x000072ea36cc95f8 method=jdk.internal.misc.Unsafe.convEndian(ZI)I @ 4 c2
Event: 0.094 Thread 0x00005a76dffdd5d0 DEOPT PACKING pc=0x000072ea36cc95f8 sp=0x00007ffc551be050
Event: 0.094 Thread 0x00005a76dffdd5d0 DEOPT UNPACKING pc=0x000072ea36857b79 sp=0x00007ffc551bdfa0 mode 2

Classes loaded (20 events):
Event: 0.317 Loading class jdk/internal/logger/SurrogateLogger
Event: 0.317 Loading class jdk/internal/logger/SimpleConsoleLogger
Event: 0.317 Loading class sun/util/logging/PlatformLogger$ConfigurableBridge$LoggerConfiguration
Event: 0.317 Loading class sun/util/logging/PlatformLogger$ConfigurableBridge$LoggerConfiguration done
Event: 0.317 Loading class jdk/internal/logger/SimpleConsoleLogger done
Event: 0.317 Loading class jdk/internal/logger/SurrogateLogger done
Event: 0.319 Loading class sun/util/logging/PlatformLogger
Event: 0.319 Loading class sun/util/logging/PlatformLogger done
Event: 0.319 Loading class sun/util/logging/PlatformLogger$Level
Event: 0.319 Loading class sun/util/logging/PlatformLogger$Level done
Event: 0.320 Loading class jdk/internal/event/ThreadSleepEvent
Event: 0.320 Loading class jdk/internal/event/Event
Event: 0.320 Loading class jdk/internal/event/Event done
Event: 0.320 Loading class jdk/internal/event/ThreadSleepEvent done
Event: 0.330 Loading class java/lang/Character$UnicodeBlock
Event: 0.330 Loading class java/lang/Character$Subset
Event: 0.330 Loading class java/lang/Character$Subset done
Event: 0.330 Loading class java/lang/Character$UnicodeBlock done
Event: 0.332 Loading class java/lang/Character$UnicodeScript
Event: 0.333 Loading class java/lang/Character$UnicodeScript done

Classes unloaded (0 events):
No events

Classes redefined (0 events):
No events

Internal exceptions (13 events):
Event: 0.074 Thread 0x00005a76dffdd5d0 Exception <a 'java/lang/NoSuchMethodError'{0x00000000c7c83670}: 'void java.lang.invoke.DirectMethodHandle$Holder.invokeSpecial(java.lang.Object, java.lang.Object, java.lang.Object)'> (0x00000000c7c83670) 
thrown [src/hotspot/share/interpreter/linkResolver.cpp, line 803]
Event: 0.105 Thread 0x00005a76dffdd5d0 Exception <a 'java/lang/NoSuchMethodError'{0x00000000c7b06850}: 'int java.lang.invoke.DirectMethodHandle$Holder.invokeStaticInit(java.lang.Object, java.lang.Object)'> (0x00000000c7b06850) 
thrown [src/hotspot/share/interpreter/linkResolver.cpp, line 803]
Event: 0.106 Thread 0x00005a76dffdd5d0 Exception <a 'java/lang/NoSuchMethodError'{0x00000000c7b163f0}: 'java.lang.Object java.lang.invoke.DirectMethodHandle$Holder.invokeStaticInit(java.lang.Object, int)'> (0x00000000c7b163f0) 
thrown [src/hotspot/share/interpreter/linkResolver.cpp, line 803]
Event: 0.110 Thread 0x00005a76dffdd5d0 Exception <a 'java/lang/NoSuchMethodError'{0x00000000c7b3cb30}: 'java.lang.Object java.lang.invoke.DirectMethodHandle$Holder.newInvokeSpecial(java.lang.Object, java.lang.Object, java.lang.Object, java.lang.Object, java.lang.Object)'> (0x00000000c7b3cb30) 
thrown [src/hotspot/share/interpreter/linkResolver.cpp, line 803]
Event: 0.111 Thread 0x00005a76dffdd5d0 Exception <a 'java/lang/NoSuchMethodError'{0x00000000c7b94458}: 'void java.lang.invoke.DirectMethodHandle$Holder.invokeStatic(java.lang.Object, java.lang.Object, java.lang.Object, java.lang.Object)'> (0x00000000c7b94458) 
thrown [src/hotspot/share/interpreter/linkResolver.cpp, line 803]
Event: 0.114 Thread 0x00005a76dffdd5d0 Exception <a 'java/lang/NoSuchMethodError'{0x00000000c7bada68}: 'void java.lang.invoke.DirectMethodHandle$Holder.invokeStatic(java.lang.Object, java.lang.Object, java.lang.Object)'> (0x00000000c7bada68) 
thrown [src/hotspot/share/interpreter/linkResolver.cpp, line 803]
Event: 0.119 Thread 0x00005a76dffdd5d0 Exception <a 'java/lang/NoSuchMethodError'{0x00000000c7bd7708}: 'java.lang.Object java.lang.invoke.DirectMethodHandle$Holder.invokeInterface(java.lang.Object, java.lang.Object)'> (0x00000000c7bd7708) 
thrown [src/hotspot/share/interpreter/linkResolver.cpp, line 803]
Event: 0.120 Thread 0x00005a76dffdd5d0 Exception <a 'java/lang/IncompatibleClassChangeError'{0x00000000c7bdfb88}: Found class java.lang.Object, but interface was expected> (0x00000000c7bdfb88) 
thrown [src/hotspot/share/interpreter/linkResolver.cpp, line 871]
Event: 0.120 Thread 0x00005a76dffdd5d0 Exception <a 'java/lang/NoSuchMethodError'{0x00000000c7be7d80}: 'void java.lang.invoke.DirectMethodHandle$Holder.invokeStatic(java.lang.Object, java.lang.Object)'> (0x00000000c7be7d80) 
thrown [src/hotspot/share/interpreter/linkResolver.cpp, line 803]
Event: 0.124 Thread 0x00005a76dffdd5d0 Exception <a 'java/lang/NoSuchMethodError'{0x00000000c7bfb7d0}: 'java.lang.Object java.lang.invoke.Invokers$Holder.invokeExact_MT(java.lang.Object, java.lang.Object, java.lang.Object, java.lang.Object, java.lang.Object)'> (0x00000000c7bfb7d0) 
thrown [src/hotspot/share/interpreter/linkResolver.cpp, line 803]
Event: 0.129 Thread 0x00005a76dffdd5d0 Exception <a 'java/lang/NoSuchMethodError'{0x00000000c7a17a38}: 'int java.lang.invoke.Invokers$Holder.invokeExact_MT(java.lang.Object, java.lang.Object, java.lang.Object)'> (0x00000000c7a17a38) 
thrown [src/hotspot/share/interpreter/linkResolver.cpp, line 803]
Event: 0.150 Thread 0x00005a76dffdd5d0 Exception <a 'java/lang/NoSuchMethodError'{0x00000000c7a8dbd8}: 'java.lang.Object java.lang.invoke.DirectMethodHandle$Holder.invokeStaticInit(java.lang.Object)'> (0x00000000c7a8dbd8) 
thrown [src/hotspot/share/interpreter/linkResolver.cpp, line 803]
Event: 0.187 Thread 0x00005a76dffdd5d0 Exception <a 'java/lang/IncompatibleClassChangeError'{0x00000000c7914170}: Found class java.lang.Object, but interface was expected> (0x00000000c7914170) 
thrown [src/hotspot/share/interpreter/linkResolver.cpp, line 871]

VM Operations (4 events):
Event: 0.253 Executing safepoint VM operation: G1CollectFull (System.gc())
Event: 0.263 Executing safepoint VM operation: G1CollectFull (System.gc()) done
Event: 0.330 Executing safepoint VM operation: ThreadDump
Event: 0.331 Executing safepoint VM operation: ThreadDump done

Memory protections (15 events):
Event: 0.003 Protecting memory [0x00007ffc550c5000,0x00007ffc550c9000] with protection modes 0
Event: 0.010 Protecting memory [0x000000007d000000,0x000000007d001000] with protection modes 0
Event: 0.019 Protecting memory [0x000072ea2d4fa000,0x000072ea2d4fe000] with protection modes 0
Event: 0.019 Protecting memory [0x000072ea2d3f9000,0x000072ea2d3fd000] with protection modes 0
Event: 0.019 Protecting memory [0x000072ea2d2f8000,0x000072ea2d2fc000] with protection modes 0
Event: 0.020 Protecting memory [0x000072ea2d1f7000,0x000072ea2d1fb000] with protection modes 0
Event: 0.020 Protecting memory [0x000072ea2d0f6000,0x000072ea2d0fa000] with protection modes 0
Event: 0.020 Protecting memory [0x000072ea2cff5000,0x000072ea2cff9000] with protection modes 0
Event: 0.021 Protecting memory [0x000072ea2cef4000,0x000072ea2cef8000] with protection modes 0
Event: 0.028 Protecting memory [0x000072ea2cdf3000,0x000072ea2cdf7000] with protection modes 0
Event: 0.030 Protecting memory [0x000072ea2ccf2000,0x000072ea2ccf6000] with protection modes 0
Event: 0.127 Protecting memory [0x000072ea4e30c000,0x000072ea4e30d000] with protection modes 1
Event: 0.142 Protecting memory [0x000072ea2cbf1000,0x000072ea2cbf5000] with protection modes 0
Event: 0.312 Protecting memory [0x000072ea2c9ef000,0x000072ea2c9f3000] with protection modes 0
Event: 0.320 Protecting memory [0x000072ea2c8ee000,0x000072ea2c8f2000] with protection modes 0

Nmethod flushes (0 events):
No events

Events (13 events):
Event: 0.011 Thread 0x00005a76dffdd5d0 Thread added: 0x00005a76dffdd5d0
Event: 0.019 Thread 0x00005a76dffdd5d0 Thread added: 0x00005a76e0903320
Event: 0.019 Thread 0x00005a76dffdd5d0 Thread added: 0x00005a76e0904bd0
Event: 0.019 Thread 0x00005a76dffdd5d0 Thread added: 0x00005a76e09066a0
Event: 0.020 Thread 0x00005a76dffdd5d0 Thread added: 0x00005a76e0908040
Event: 0.020 Thread 0x00005a76dffdd5d0 Thread added: 0x00005a76e0909940
Event: 0.020 Thread 0x00005a76dffdd5d0 Thread added: 0x00005a76e090b710
Event: 0.021 Thread 0x00005a76dffdd5d0 Thread added: 0x00005a76e090d180
Event: 0.028 Thread 0x00005a76dffdd5d0 Thread added: 0x00005a76e0921590
Event: 0.030 Thread 0x00005a76dffdd5d0 Thread added: 0x00005a76e09236d0
Event: 0.142 Thread 0x00005a76dffdd5d0 Thread added: 0x00005a76e0b1ade0
Event: 0.312 Thread 0x00005a76e09066a0 Thread added: 0x000072ea00001030
Event: 0.320 Thread 0x000072ea00001030 Thread added: 0x000072e9ec1e4a00


Dynamic libraries:
7d000000-7d001000 ---p 00000000 00:00 0 
7d001000-7d4ab000 rw-p 00001000 00:2d 681584                             /usr/local/sdkman/candidates/java/25.0.1-ms/lib/server/classes.jsa
7d4ab000-7dd8c000 rw-p 004ab000 00:2d 681584                             /usr/local/sdkman/candidates/java/25.0.1-ms/lib/server/classes.jsa
7dd8c000-7e000000 ---p 00000000 00:00 0 
7e000000-7e020000 rw-p 00000000 00:00 0 
7e020000-7e040000 ---p 00000000 00:00 0 
7e040000-7e050000 rw-p 00000000 00:00 0 
7e050000-be000000 ---p 00000000 00:00 0 
c0000000-c0900000 rw-p 00000000 00:00 0 
c0900000-ffe00000 ---p 00000000 00:00 0 
ffe00000-fff00000 rw-p 00dbf000 00:2d 681584                             /usr/local/sdkman/candidates/java/25.0.1-ms/lib/server/classes.jsa
fff00000-100000000 ---p 00000000 00:00 0 
5a76b3bbe000-5a76b3cbc000 r--p 00000000 00:2d 828064                     /usr/local/python/3.12.1/bin/python3.12
5a76b3cbc000-5a76b3f59000 r-xp 000fe000 00:2d 828064                     /usr/local/python/3.12.1/bin/python3.12
5a76b3f59000-5a76b40ab000 r--p 0039b000 00:2d 828064                     /usr/local/python/3.12.1/bin/python3.12
5a76b40ab000-5a76b4122000 r--p 004ed000 00:2d 828064                     /usr/local/python/3.12.1/bin/python3.12
5a76b4122000-5a76b428f000 rw-p 00564000 00:2d 828064                     /usr/local/python/3.12.1/bin/python3.12
5a76b428f000-5a76b4291000 rw-p 00000000 00:00 0 
5a76de75f000-5a76e0c07000 rw-p 00000000 00:00 0                          [heap]
72e9e4000000-72e9e4021000 rw-p 00000000 00:00 0 
72e9e4021000-72e9e8000000 ---p 00000000 00:00 0 
72e9ec000000-72e9ec2f0000 rw-p 00000000 00:00 0 
72e9ec2f0000-72e9f0000000 ---p 00000000 00:00 0 
72e9f0000000-72e9f0477000 rw-p 00000000 00:00 0 
72e9f0477000-72e9f4000000 ---p 00000000 00:00 0 
72e9f4000000-72e9f4021000 rw-p 00000000 00:00 0 
72e9f4021000-72e9f8000000 ---p 00000000 00:00 0 
72e9f8000000-72e9f8021000 rw-p 00000000 00:00 0 
72e9f8021000-72e9fc000000 ---p 00000000 00:00 0 
72e9fc000000-72e9fc021000 rw-p 00000000 00:00 0 
72e9fc021000-72ea00000000 ---p 00000000 00:00 0 
72ea00000000-72ea00021000 rw-p 00000000 00:00 0 
72ea00021000-72ea04000000 ---p 00000000 00:00 0 
72ea04000000-72ea04619000 rw-p 00000000 00:00 0 
72ea04619000-72ea08000000 ---p 00000000 00:00 0 
72ea08000000-72ea08021000 rw-p 00000000 00:00 0 
72ea08021000-72ea0c000000 ---p 00000000 00:00 0 
72ea0c000000-72ea0c1b0000 rw-p 00000000 00:00 0 
72ea0c1b0000-72ea0c400000 ---p 00000000 00:00 0 
72ea0c400000-72ea0c430000 rw-p 00000000 00:00 0 
72ea0c430000-72ea10000000 ---p 00000000 00:00 0 
72ea10000000-72ea10021000 rw-p 00000000 00:00 0 
72ea10021000-72ea14000000 ---p 00000000 00:00 0 
72ea14000000-72ea14021000 rw-p 00000000 00:00 0 
72ea14021000-72ea18000000 ---p 00000000 00:00 0 
72ea18000000-72ea18021000 rw-p 00000000 00:00 0 
72ea18021000-72ea1c000000 ---p 00000000 00:00 0 
72ea1e000000-72ea20021000 rw-p 00000000 00:00 0 
72ea20021000-72ea24000000 ---p 00000000 00:00 0 
72ea24000000-72ea24021000 rw-p 00000000 00:00 0 
72ea24021000-72ea28000000 ---p 00000000 00:00 0 
72ea28000000-72ea28021000 rw-p 00000000 00:00 0 
72ea28021000-72ea2c000000 ---p 00000000 00:00 0 
72ea2c8ed000-72ea2c8ee000 ---p 00000000 00:00 0 
72ea2c8ee000-72ea2c8f2000 ---p 00000000 00:00 0 
72ea2c8f2000-72ea2c9ee000 rw-p 00000000 00:00 0 
72ea2c9ee000-72ea2c9ef000 ---p 00000000 00:00 0 
72ea2c9ef000-72ea2c9f3000 ---p 00000000 00:00 0 
72ea2c9f3000-72ea2caef000 rw-p 00000000 00:00 0 
72ea2caef000-72ea2caf0000 ---p 00000000 00:00 0 
72ea2caf0000-72ea2cbf0000 rw-p 00000000 00:00 0 
72ea2cbf0000-72ea2cbf1000 ---p 00000000 00:00 0 
72ea2cbf1000-72ea2cbf5000 ---p 00000000 00:00 0 
72ea2cbf5000-72ea2ccf1000 rw-p 00000000 00:00 0 
72ea2ccf1000-72ea2ccf2000 ---p 00000000 00:00 0 
72ea2ccf2000-72ea2ccf6000 ---p 00000000 00:00 0 
72ea2ccf6000-72ea2cdf2000 rw-p 00000000 00:00 0 
72ea2cdf2000-72ea2cdf3000 ---p 00000000 00:00 0 
72ea2cdf3000-72ea2cdf7000 ---p 00000000 00:00 0 
72ea2cdf7000-72ea2cef3000 rw-p 00000000 00:00 0 
72ea2cef3000-72ea2cef4000 ---p 00000000 00:00 0 
72ea2cef4000-72ea2cef8000 ---p 00000000 00:00 0 
72ea2cef8000-72ea2cff4000 rw-p 00000000 00:00 0 
72ea2cff4000-72ea2cff5000 ---p 00000000 00:00 0 
72ea2cff5000-72ea2cff9000 ---p 00000000 00:00 0 
72ea2cff9000-72ea2d0f5000 rw-p 00000000 00:00 0 
72ea2d0f5000-72ea2d0f6000 ---p 00000000 00:00 0 
72ea2d0f6000-72ea2d0fa000 ---p 00000000 00:00 0 
72ea2d0fa000-72ea2d1f6000 rw-p 00000000 00:00 0 
72ea2d1f6000-72ea2d1f7000 ---p 00000000 00:00 0 
72ea2d1f7000-72ea2d1fb000 ---p 00000000 00:00 0 
72ea2d1fb000-72ea2d2f7000 rw-p 00000000 00:00 0 
72ea2d2f7000-72ea2d2f8000 ---p 00000000 00:00 0 
72ea2d2f8000-72ea2d2fc000 ---p 00000000 00:00 0 
72ea2d2fc000-72ea2d3f8000 rw-p 00000000 00:00 0 
72ea2d3f8000-72ea2d3f9000 ---p 00000000 00:00 0 
72ea2d3f9000-72ea2d3fd000 ---p 00000000 00:00 0 
72ea2d3fd000-72ea2d4f9000 rw-p 00000000 00:00 0 
72ea2d4f9000-72ea2d4fa000 ---p 00000000 00:00 0 
72ea2d4fa000-72ea2d4fe000 ---p 00000000 00:00 0 
72ea2d4fe000-72ea2d5fa000 rw-p 00000000 00:00 0 
72ea2d5fa000-72ea2d5fb000 ---p 00000000 00:00 0 
72ea2d5fb000-72ea2d6fb000 rw-p 00000000 00:00 0 
72ea2d6fb000-72ea2d6fc000 ---p 00000000 00:00 0 
72ea2d6fc000-72ea2d7fc000 rw-p 00000000 00:00 0 
72ea2d7fc000-72ea2d7fd000 ---p 00000000 00:00 0 
72ea2d7fd000-72ea2d8fd000 rw-p 00000000 00:00 0 
72ea2d8fd000-72ea2d8fe000 ---p 00000000 00:00 0 
72ea2d8fe000-72ea2d9fe000 rw-p 00000000 00:00 0 
72ea2d9fe000-72ea2d9ff000 ---p 00000000 00:00 0 
72ea2d9ff000-72ea2daff000 rw-p 00000000 00:00 0 
72ea2daff000-72ea2db00000 ---p 00000000 00:00 0 
72ea2db00000-72ea2dc00000 rw-p 00000000 00:00 0 
72ea2dc00000-72ea2dc24000 rw-p 00000000 00:00 0 
72ea2dc24000-72ea2ebf8000 ---p 00000000 00:00 0 
72ea2ebf8000-72ea2ebfc000 rw-p 00000000 00:00 0 
72ea2ebfc000-72ea2ec00000 ---p 00000000 00:00 0 
72ea2ec00000-72ea2ec05000 rw-p 00000000 00:00 0 
72ea2ec05000-72ea2edff000 ---p 00000000 00:00 0 
72ea2edff000-72ea2ee05000 rw-p 00000000 00:00 0 
72ea2ee05000-72ea2efff000 ---p 00000000 00:00 0 
72ea2efff000-72ea2f000000 rw-p 00000000 00:00 0 
72ea2f014000-72ea2f015000 ---p 00000000 00:00 0 
72ea2f015000-72ea2f115000 rw-p 00000000 00:00 0 
72ea2f115000-72ea2f11a000 rw-p 00000000 00:00 0 
72ea2f11a000-72ea2f200000 ---p 00000000 00:00 0 
72ea2f200000-72ea2f470000 rwxp 00000000 00:00 0 
72ea2f470000-72ea36738000 ---p 00000000 00:00 0 
72ea36738000-72ea369a8000 rwxp 00000000 00:00 0 
72ea369a8000-72ea36cc6000 ---p 00000000 00:00 0 
72ea36cc6000-72ea36f36000 rwxp 00000000 00:00 0 
72ea36f36000-72ea3e200000 ---p 00000000 00:00 0 
72ea3e273000-72ea3e2b0000 r-xp 00000000 00:2d 681571                     /usr/local/sdkman/candidates/java/25.0.1-ms/lib/libsimdsort.so
72ea3e2b0000-72ea3e2b1000 ---p 0003d000 00:2d 681571                     /usr/local/sdkman/candidates/java/25.0.1-ms/lib/libsimdsort.so
72ea3e2b1000-72ea3e2b2000 r--p 0003d000 00:2d 681571                     /usr/local/sdkman/candidates/java/25.0.1-ms/lib/libsimdsort.so
72ea3e2b2000-72ea3e2b3000 rw-p 0003e000 00:2d 681571                     /usr/local/sdkman/candidates/java/25.0.1-ms/lib/libsimdsort.so
72ea3e2b3000-72ea3e2b8000 rw-p 00000000 00:00 0 
72ea3e2b8000-72ea3e39e000 ---p 00000000 00:00 0 
72ea3e39e000-72ea46e91000 r--s 00000000 00:2d 681576                     /usr/local/sdkman/candidates/java/25.0.1-ms/lib/modules
72ea46e91000-72ea48434000 r-xp 00000000 00:2d 681589                     /usr/local/sdkman/candidates/java/25.0.1-ms/lib/server/libjvm.so
72ea48434000-72ea48435000 ---p 015a3000 00:2d 681589                     /usr/local/sdkman/candidates/java/25.0.1-ms/lib/server/libjvm.so
72ea48435000-72ea4851e000 r--p 015a3000 00:2d 681589                     /usr/local/sdkman/candidates/java/25.0.1-ms/lib/server/libjvm.so
72ea4851e000-72ea48549000 rw-p 0168c000 00:2d 681589                     /usr/local/sdkman/candidates/java/25.0.1-ms/lib/server/libjvm.so
72ea48549000-72ea485c5000 rw-p 00000000 00:00 0 
72ea485c5000-72ea48798000 r--p 00000000 00:2d 1078548                    /usr/local/python/3.12.1/lib/python3.12/site-packages/pymupdf/_mupdf.so
72ea48798000-72ea48c43000 r-xp 001d3000 00:2d 1078548                    /usr/local/python/3.12.1/lib/python3.12/site-packages/pymupdf/_mupdf.so
72ea48c43000-72ea4911d000 r--p 0067e000 00:2d 1078548                    /usr/local/python/3.12.1/lib/python3.12/site-packages/pymupdf/_mupdf.so
72ea4911d000-72ea49121000 r--p 00b57000 00:2d 1078548                    /usr/local/python/3.12.1/lib/python3.12/site-packages/pymupdf/_mupdf.so
72ea49121000-72ea491b5000 rw-p 00b5b000 00:2d 1078548                    /usr/local/python/3.12.1/lib/python3.12/site-packages/pymupdf/_mupdf.so
72ea491b5000-72ea497b7000 rw-p 00000000 00:00 0 
72ea497d8000-72ea497e4000 r-xp 00000000 00:2d 681565                     /usr/local/sdkman/candidates/java/25.0.1-ms/lib/libnet.so
72ea497e4000-72ea497e5000 r--p 0000b000 00:2d 681565                     /usr/local/sdkman/candidates/java/25.0.1-ms/lib/libnet.so
72ea497e5000-72ea497e6000 rw-p 0000c000 00:2d 681565                     /usr/local/sdkman/candidates/java/25.0.1-ms/lib/libnet.so
72ea497e6000-72ea49b09000 rw-p 00000000 00:00 0 
72ea49b09000-72ea49c01000 r--p 00000000 00:2d 1078549                    /usr/local/python/3.12.1/lib/python3.12/site-packages/pymupdf/libmupdfcpp.so.27.2
72ea49c01000-72ea49cac000 r-xp 000f8000 00:2d 1078549                    /usr/local/python/3.12.1/lib/python3.12/site-packages/pymupdf/libmupdfcpp.so.27.2
72ea49cac000-72ea49d02000 r--p 001a3000 00:2d 1078549                    /usr/local/python/3.12.1/lib/python3.12/site-packages/pymupdf/libmupdfcpp.so.27.2
72ea49d02000-72ea49d04000 r--p 001f8000 00:2d 1078549                    /usr/local/python/3.12.1/lib/python3.12/site-packages/pymupdf/libmupdfcpp.so.27.2
72ea49d04000-72ea49d11000 rw-p 001fa000 00:2d 1078549                    /usr/local/python/3.12.1/lib/python3.12/site-packages/pymupdf/libmupdfcpp.so.27.2
72ea49d11000-72ea49e54000 r--p 00000000 00:2d 1078550                    /usr/local/python/3.12.1/lib/python3.12/site-packages/pymupdf/libmupdf.so.27.2
72ea49e54000-72ea4a7f0000 r-xp 00143000 00:2d 1078550                    /usr/local/python/3.12.1/lib/python3.12/site-packages/pymupdf/libmupdf.so.27.2
72ea4a7f0000-72ea4acb7000 r--p 00adf000 00:2d 1078550                    /usr/local/python/3.12.1/lib/python3.12/site-packages/pymupdf/libmupdf.so.27.2
72ea4acb7000-72ea4acd6000 r--p 00fa6000 00:2d 1078550                    /usr/local/python/3.12.1/lib/python3.12/site-packages/pymupdf/libmupdf.so.27.2
72ea4acd6000-72ea4be78000 rw-p 00fc5000 00:2d 1078550                    /usr/local/python/3.12.1/lib/python3.12/site-packages/pymupdf/libmupdf.so.27.2
72ea4be78000-72ea4c085000 rw-p 00000000 00:00 0 
72ea4c08c000-72ea4c362000 rw-p 00000000 00:00 0 
72ea4c362000-72ea4c3b0000 r--p 00000000 00:2d 1065088                    /usr/local/python/3.12.1/lib/python3.12/site-packages/lxml/etree.cpython-312-x86_64-linux-gnu.so
72ea4c3b0000-72ea4c6d5000 r-xp 0004e000 00:2d 1065088                    /usr/local/python/3.12.1/lib/python3.12/site-packages/lxml/etree.cpython-312-x86_64-linux-gnu.so
72ea4c6d5000-72ea4c85c000 r--p 00373000 00:2d 1065088                    /usr/local/python/3.12.1/lib/python3.12/site-packages/lxml/etree.cpython-312-x86_64-linux-gnu.so
72ea4c85c000-72ea4c86b000 r--p 004fa000 00:2d 1065088                    /usr/local/python/3.12.1/lib/python3.12/site-packages/lxml/etree.cpython-312-x86_64-linux-gnu.so
72ea4c86b000-72ea4c887000 rw-p 00509000 00:2d 1065088                    /usr/local/python/3.12.1/lib/python3.12/site-packages/lxml/etree.cpython-312-x86_64-linux-gnu.so
72ea4c887000-72ea4ca90000 rw-p 00000000 00:00 0 
72ea4ca90000-72ea4ca93000 r--p 00000000 00:2d 830487                     /usr/local/python/3.12.1/lib/python3.12/lib-dynload/_multibytecodec.cpython-312-x86_64-linux-gnu.so
72ea4ca93000-72ea4ca99000 r-xp 00003000 00:2d 830487                     /usr/local/python/3.12.1/lib/python3.12/lib-dynload/_multibytecodec.cpython-312-x86_64-linux-gnu.so
72ea4ca99000-72ea4ca9b000 r--p 00009000 00:2d 830487                     /usr/local/python/3.12.1/lib/python3.12/lib-dynload/_multibytecodec.cpython-312-x86_64-linux-gnu.so
72ea4ca9b000-72ea4ca9c000 r--p 0000a000 00:2d 830487                     /usr/local/python/3.12.1/lib/python3.12/lib-dynload/_multibytecodec.cpython-312-x86_64-linux-gnu.so
72ea4ca9c000-72ea4ca9d000 rw-p 0000b000 00:2d 830487                     /usr/local/python/3.12.1/lib/python3.12/lib-dynload/_multibytecodec.cpython-312-x86_64-linux-gnu.so
72ea4ca9d000-72ea4caab000 r--p 00000000 00:2d 795733                     /home/codespace/.local/lib/python3.12/site-packages/charset_normalizer/md__mypyc.cpython-312-x86_64-linux-gnu.so
72ea4caab000-72ea4cacb000 r-xp 0000e000 00:2d 795733                     /home/codespace/.local/lib/python3.12/site-packages/charset_normalizer/md__mypyc.cpython-312-x86_64-linux-gnu.so
72ea4cacb000-72ea4cad5000 r--p 0002e000 00:2d 795733                     /home/codespace/.local/lib/python3.12/site-packages/charset_normalizer/md__mypyc.cpython-312-x86_64-linux-gnu.so
72ea4cad5000-72ea4cad6000 r--p 00037000 00:2d 795733                     /home/codespace/.local/lib/python3.12/site-packages/charset_normalizer/md__mypyc.cpython-312-x86_64-linux-gnu.so
72ea4cad6000-72ea4cada000 rw-p 00038000 00:2d 795733                     /home/codespace/.local/lib/python3.12/site-packages/charset_normalizer/md__mypyc.cpython-312-x86_64-linux-gnu.so
72ea4cada000-72ea4cbdb000 rw-p 00000000 00:00 0 
72ea4cbdb000-72ea4cbe1000 r--p 00000000 00:2d 830525                     /usr/local/python/3.12.1/lib/python3.12/lib-dynload/pyexpat.cpython-312-x86_64-linux-gnu.so
72ea4cbe1000-72ea4cc06000 r-xp 00006000 00:2d 830525                     /usr/local/python/3.12.1/lib/python3.12/lib-dynload/pyexpat.cpython-312-x86_64-linux-gnu.so
72ea4cc06000-72ea4cc11000 r--p 0002b000 00:2d 830525                     /usr/local/python/3.12.1/lib/python3.12/lib-dynload/pyexpat.cpython-312-x86_64-linux-gnu.so
72ea4cc11000-72ea4cc14000 r--p 00035000 00:2d 830525                     /usr/local/python/3.12.1/lib/python3.12/lib-dynload/pyexpat.cpython-312-x86_64-linux-gnu.so
72ea4cc14000-72ea4cc16000 rw-p 00038000 00:2d 830525                     /usr/local/python/3.12.1/lib/python3.12/lib-dynload/pyexpat.cpython-312-x86_64-linux-gnu.so
72ea4cc16000-72ea4cc1a000 r--p 00000000 00:2d 830479                     /usr/local/python/3.12.1/lib/python3.12/lib-dynload/_elementtree.cpython-312-x86_64-linux-gnu.so
72ea4cc1a000-72ea4cc26000 r-xp 00004000 00:2d 830479                     /usr/local/python/3.12.1/lib/python3.12/lib-dynload/_elementtree.cpython-312-x86_64-linux-gnu.so
72ea4cc26000-72ea4cc29000 r--p 00010000 00:2d 830479                     /usr/local/python/3.12.1/lib/python3.12/lib-dynload/_elementtree.cpython-312-x86_64-linux-gnu.so
72ea4cc29000-72ea4cc2a000 r--p 00012000 00:2d 830479                     /usr/local/python/3.12.1/lib/python3.12/lib-dynload/_elementtree.cpython-312-x86_64-linux-gnu.so
72ea4cc2a000-72ea4cc2c000 rw-p 00013000 00:2d 830479                     /usr/local/python/3.12.1/lib/python3.12/lib-dynload/_elementtree.cpython-312-x86_64-linux-gnu.so
72ea4cc2c000-72ea4d02c000 rw-p 00000000 00:00 0 
72ea4d02c000-72ea4d02e000 r--p 00000000 00:2d 394126                     /usr/lib/x86_64-linux-gnu/libffi.so.8.1.4
72ea4d02e000-72ea4d035000 r-xp 00002000 00:2d 394126                     /usr/lib/x86_64-linux-gnu/libffi.so.8.1.4
72ea4d035000-72ea4d036000 r--p 00009000 00:2d 394126                     /usr/lib/x86_64-linux-gnu/libffi.so.8.1.4
72ea4d036000-72ea4d037000 r--p 0000a000 00:2d 394126                     /usr/lib/x86_64-linux-gnu/libffi.so.8.1.4
72ea4d037000-72ea4d038000 rw-p 0000b000 00:2d 394126                     /usr/lib/x86_64-linux-gnu/libffi.so.8.1.4
72ea4d038000-72ea4d03e000 r--p 00000000 00:2d 830473                     /usr/local/python/3.12.1/lib/python3.12/lib-dynload/_ctypes.cpython-312-x86_64-linux-gnu.so
72ea4d03e000-72ea4d050000 r-xp 00006000 00:2d 830473                     /usr/local/python/3.12.1/lib/python3.12/lib-dynload/_ctypes.cpython-312-x86_64-linux-gnu.so
72ea4d050000-72ea4d056000 r--p 00018000 00:2d 830473                     /usr/local/python/3.12.1/lib/python3.12/lib-dynload/_ctypes.cpython-312-x86_64-linux-gnu.so
72ea4d056000-72ea4d057000 r--p 0001d000 00:2d 830473                     /usr/local/python/3.12.1/lib/python3.12/lib-dynload/_ctypes.cpython-312-x86_64-linux-gnu.so
72ea4d057000-72ea4d05b000 rw-p 0001e000 00:2d 830473                     /usr/local/python/3.12.1/lib/python3.12/lib-dynload/_ctypes.cpython-312-x86_64-linux-gnu.so
72ea4d05b000-72ea4d15b000 rw-p 00000000 00:00 0 
72ea4d15b000-72ea4d196000 r--p 00000000 00:2d 1065257                    /usr/local/python/3.12.1/lib/python3.12/site-packages/_jpype.cpython-312-x86_64-linux-gnu.so
72ea4d196000-72ea4d1ea000 r-xp 0003b000 00:2d 1065257                    /usr/local/python/3.12.1/lib/python3.12/site-packages/_jpype.cpython-312-x86_64-linux-gnu.so
72ea4d1ea000-72ea4d212000 r--p 0008f000 00:2d 1065257                    /usr/local/python/3.12.1/lib/python3.12/site-packages/_jpype.cpython-312-x86_64-linux-gnu.so
72ea4d212000-72ea4d213000 ---p 000b7000 00:2d 1065257                    /usr/local/python/3.12.1/lib/python3.12/site-packages/_jpype.cpython-312-x86_64-linux-gnu.so
72ea4d213000-72ea4d217000 r--p 000b7000 00:2d 1065257                    /usr/local/python/3.12.1/lib/python3.12/site-packages/_jpype.cpython-312-x86_64-linux-gnu.so
72ea4d217000-72ea4d21b000 rw-p 000bb000 00:2d 1065257                    /usr/local/python/3.12.1/lib/python3.12/site-packages/_jpype.cpython-312-x86_64-linux-gnu.so
72ea4d21b000-72ea4d31b000 rw-p 00000000 00:00 0 
72ea4d31b000-72ea4d320000 r--p 00000000 00:2d 1062218                    /usr/local/python/3.12.1/lib/python3.12/site-packages/frozenlist/_frozenlist.cpython-312-x86_64-linux-gnu.so
72ea4d320000-72ea4d32d000 r-xp 00005000 00:2d 1062218                    /usr/local/python/3.12.1/lib/python3.12/site-packages/frozenlist/_frozenlist.cpython-312-x86_64-linux-gnu.so
72ea4d32d000-72ea4d331000 r--p 00012000 00:2d 1062218                    /usr/local/python/3.12.1/lib/python3.12/site-packages/frozenlist/_frozenlist.cpython-312-x86_64-linux-gnu.so
72ea4d331000-72ea4d332000 r--p 00015000 00:2d 1062218                    /usr/local/python/3.12.1/lib/python3.12/site-packages/frozenlist/_frozenlist.cpython-312-x86_64-linux-gnu.so
72ea4d332000-72ea4d334000 rw-p 00016000 00:2d 1062218                    /usr/local/python/3.12.1/lib/python3.12/site-packages/frozenlist/_frozenlist.cpython-312-x86_64-linux-gnu.so
72ea4d334000-72ea4d434000 rw-p 00000000 00:00 0 
72ea4d434000-72ea4d43a000 r--p 00000000 00:2d 1062364                    /usr/local/python/3.12.1/lib/python3.12/site-packages/aiohttp/_websocket/reader_c.cpython-312-x86_64-linux-gnu.so
72ea4d43a000-72ea4d45d000 r-xp 00006000 00:2d 1062364                    /usr/local/python/3.12.1/lib/python3.12/site-packages/aiohttp/_websocket/reader_c.cpython-312-x86_64-linux-gnu.so
72ea4d45d000-72ea4d464000 r--p 00029000 00:2d 1062364                    /usr/local/python/3.12.1/lib/python3.12/site-packages/aiohttp/_websocket/reader_c.cpython-312-x86_64-linux-gnu.so
72ea4d464000-72ea4d466000 r--p 0002f000 00:2d 1062364                    /usr/local/python/3.12.1/lib/python3.12/site-packages/aiohttp/_websocket/reader_c.cpython-312-x86_64-linux-gnu.so
72ea4d466000-72ea4d468000 rw-p 00031000 00:2d 1062364                    /usr/local/python/3.12.1/lib/python3.12/site-packages/aiohttp/_websocket/reader_c.cpython-312-x86_64-linux-gnu.so
72ea4d468000-72ea4d469000 rw-p 00000000 00:00 0 
72ea4d469000-72ea4d46c000 r--p 00000000 00:2d 1062359                    /usr/local/python/3.12.1/lib/python3.12/site-packages/aiohttp/_websocket/mask.cpython-312-x86_64-linux-gnu.so
72ea4d46c000-72ea4d471000 r-xp 00003000 00:2d 1062359                    /usr/local/python/3.12.1/lib/python3.12/site-packages/aiohttp/_websocket/mask.cpython-312-x86_64-linux-gnu.so
72ea4d471000-72ea4d473000 r--p 00008000 00:2d 1062359                    /usr/local/python/3.12.1/lib/python3.12/site-packages/aiohttp/_websocket/mask.cpython-312-x86_64-linux-gnu.so
72ea4d473000-72ea4d474000 r--p 00009000 00:2d 1062359                    /usr/local/python/3.12.1/lib/python3.12/site-packages/aiohttp/_websocket/mask.cpython-312-x86_64-linux-gnu.so
72ea4d474000-72ea4d475000 rw-p 0000a000 00:2d 1062359                    /usr/local/python/3.12.1/lib/python3.12/site-packages/aiohttp/_websocket/mask.cpython-312-x86_64-linux-gnu.so
72ea4d475000-72ea4d47f000 r--p 00000000 00:2d 1062299                    /usr/local/python/3.12.1/lib/python3.12/site-packages/aiohttp/_http_parser.cpython-312-x86_64-linux-gnu.so
72ea4d47f000-72ea4d4d5000 r-xp 0000a000 00:2d 1062299                    /usr/local/python/3.12.1/lib/python3.12/site-packages/aiohttp/_http_parser.cpython-312-x86_64-linux-gnu.so
72ea4d4d5000-72ea4d4e1000 r--p 00060000 00:2d 1062299                    /usr/local/python/3.12.1/lib/python3.12/site-packages/aiohttp/_http_parser.cpython-312-x86_64-linux-gnu.so
72ea4d4e1000-72ea4d4e3000 r--p 0006c000 00:2d 1062299                    /usr/local/python/3.12.1/lib/python3.12/site-packages/aiohttp/_http_parser.cpython-312-x86_64-linux-gnu.so
72ea4d4e3000-72ea4d4e6000 rw-p 0006e000 00:2d 1062299                    /usr/local/python/3.12.1/lib/python3.12/site-packages/aiohttp/_http_parser.cpython-312-x86_64-linux-gnu.so
72ea4d4e6000-72ea4d4e8000 rw-p 00000000 00:00 0 
72ea4d4e8000-72ea4d4eb000 r--p 00000000 00:2d 1062301                    /usr/local/python/3.12.1/lib/python3.12/site-packages/aiohttp/_http_writer.cpython-312-x86_64-linux-gnu.so
72ea4d4eb000-72ea4d4f3000 r-xp 00003000 00:2d 1062301                    /usr/local/python/3.12.1/lib/python3.12/site-packages/aiohttp/_http_writer.cpython-312-x86_64-linux-gnu.so
72ea4d4f3000-72ea4d4f5000 r--p 0000b000 00:2d 1062301                    /usr/local/python/3.12.1/lib/python3.12/site-packages/aiohttp/_http_writer.cpython-312-x86_64-linux-gnu.so
72ea4d4f5000-72ea4d4f6000 r--p 0000c000 00:2d 1062301                    /usr/local/python/3.12.1/lib/python3.12/site-packages/aiohttp/_http_writer.cpython-312-x86_64-linux-gnu.so
72ea4d4f6000-72ea4d4f7000 rw-p 0000d000 00:2d 1062301                    /usr/local/python/3.12.1/lib/python3.12/site-packages/aiohttp/_http_writer.cpython-312-x86_64-linux-gnu.so
72ea4d4f7000-72ea4d5f7000 rw-p 00000000 00:00 0 
72ea4d5f7000-72ea4d5fb000 r--p 00000000 00:2d 1062176                    /usr/local/python/3.12.1/lib/python3.12/site-packages/propcache/_helpers_c.cpython-312-x86_64-linux-gnu.so
72ea4d5fb000-72ea4d607000 r-xp 00004000 00:2d 1062176                    /usr/local/python/3.12.1/lib/python3.12/site-packages/propcache/_helpers_c.cpython-312-x86_64-linux-gnu.so
72ea4d607000-72ea4d60b000 r--p 00010000 00:2d 1062176                    /usr/local/python/3.12.1/lib/python3.12/site-packages/propcache/_helpers_c.cpython-312-x86_64-linux-gnu.so
72ea4d60b000-72ea4d60c000 r--p 00013000 00:2d 1062176                    /usr/local/python/3.12.1/lib/python3.12/site-packages/propcache/_helpers_c.cpython-312-x86_64-linux-gnu.so
72ea4d60c000-72ea4d60d000 rw-p 00014000 00:2d 1062176                    /usr/local/python/3.12.1/lib/python3.12/site-packages/propcache/_helpers_c.cpython-312-x86_64-linux-gnu.so
72ea4d60d000-72ea4d60e000 rw-p 00000000 00:00 0 
72ea4d60e000-72ea4d611000 r--p 00000000 00:2d 830532                     /usr/local/python/3.12.1/lib/python3.12/lib-dynload/unicodedata.cpython-312-x86_64-linux-gnu.so
72ea4d611000-72ea4d616000 r-xp 00003000 00:2d 830532                     /usr/local/python/3.12.1/lib/python3.12/lib-dynload/unicodedata.cpython-312-x86_64-linux-gnu.so
72ea4d616000-72ea4d722000 r--p 00008000 00:2d 830532                     /usr/local/python/3.12.1/lib/python3.12/lib-dynload/unicodedata.cpython-312-x86_64-linux-gnu.so
72ea4d722000-72ea4d723000 r--p 00113000 00:2d 830532                     /usr/local/python/3.12.1/lib/python3.12/lib-dynload/unicodedata.cpython-312-x86_64-linux-gnu.so
72ea4d723000-72ea4d724000 rw-p 00114000 00:2d 830532                     /usr/local/python/3.12.1/lib/python3.12/lib-dynload/unicodedata.cpython-312-x86_64-linux-gnu.so
72ea4d724000-72ea4d924000 rw-p 00000000 00:00 0 
72ea4d924000-72ea4d944000 r--p 00000000 00:2d 412047                     /usr/lib/x86_64-linux-gnu/libsqlite3.so.0.8.6
72ea4d944000-72ea4da4f000 r-xp 00020000 00:2d 412047                     /usr/lib/x86_64-linux-gnu/libsqlite3.so.0.8.6
72ea4da4f000-72ea4da83000 r--p 0012b000 00:2d 412047                     /usr/lib/x86_64-linux-gnu/libsqlite3.so.0.8.6
72ea4da83000-72ea4da87000 r--p 0015e000 00:2d 412047                     /usr/lib/x86_64-linux-gnu/libsqlite3.so.0.8.6
72ea4da87000-72ea4da8b000 rw-p 00162000 00:2d 412047                     /usr/lib/x86_64-linux-gnu/libsqlite3.so.0.8.6
72ea4da8b000-72ea4e28c000 rw-p 00000000 00:00 0 
72ea4e28c000-72ea4e293000 r-xp 00000000 00:2d 681575                     /usr/local/sdkman/candidates/java/25.0.1-ms/lib/libzip.so
72ea4e293000-72ea4e294000 ---p 00007000 00:2d 681575                     /usr/local/sdkman/candidates/java/25.0.1-ms/lib/libzip.so
72ea4e294000-72ea4e295000 r--p 00007000 00:2d 681575                     /usr/local/sdkman/candidates/java/25.0.1-ms/lib/libzip.so
72ea4e295000-72ea4e296000 rw-p 00008000 00:2d 681575                     /usr/local/sdkman/candidates/java/25.0.1-ms/lib/libzip.so
72ea4e296000-72ea4e2aa000 r-xp 00000000 00:2d 681566                     /usr/local/sdkman/candidates/java/25.0.1-ms/lib/libnio.so
72ea4e2aa000-72ea4e2ab000 r--p 00013000 00:2d 681566                     /usr/local/sdkman/candidates/java/25.0.1-ms/lib/libnio.so
72ea4e2ab000-72ea4e2ac000 rw-p 00014000 00:2d 681566                     /usr/local/sdkman/candidates/java/25.0.1-ms/lib/libnio.so
72ea4e2ac000-72ea4e2b1000 rw-p 00000000 00:00 0 
72ea4e2b1000-72ea4e2b8000 ---p 00000000 00:00 0 
72ea4e2b8000-72ea4e2d8000 r-xp 00000000 00:2d 681551                     /usr/local/sdkman/candidates/java/25.0.1-ms/lib/libjava.so
72ea4e2d8000-72ea4e2d9000 r--p 0001f000 00:2d 681551                     /usr/local/sdkman/candidates/java/25.0.1-ms/lib/libjava.so
72ea4e2d9000-72ea4e2da000 rw-p 00020000 00:2d 681551                     /usr/local/sdkman/candidates/java/25.0.1-ms/lib/libjava.so
72ea4e2da000-72ea4e2db000 rw-p 00000000 00:00 0 
72ea4e2db000-72ea4e2e3000 rw-s 00000000 08:11 917569                     /tmp/hsperfdata_codespace/24391
72ea4e2e3000-72ea4e2fe000 r-xp 00000000 00:2d 681555                     /usr/local/sdkman/candidates/java/25.0.1-ms/lib/libjimage.so
72ea4e2fe000-72ea4e2ff000 ---p 0001b000 00:2d 681555                     /usr/local/sdkman/candidates/java/25.0.1-ms/lib/libjimage.so
72ea4e2ff000-72ea4e301000 r--p 0001b000 00:2d 681555                     /usr/local/sdkman/candidates/java/25.0.1-ms/lib/libjimage.so
72ea4e301000-72ea4e302000 rw-p 0001d000 00:2d 681555                     /usr/local/sdkman/candidates/java/25.0.1-ms/lib/libjimage.so
72ea4e302000-72ea4e303000 r--p 00000000 00:2d 394211                     /usr/lib/x86_64-linux-gnu/libutil.so.1
72ea4e303000-72ea4e304000 r-xp 00001000 00:2d 394211                     /usr/lib/x86_64-linux-gnu/libutil.so.1
72ea4e304000-72ea4e305000 r--p 00002000 00:2d 394211                     /usr/lib/x86_64-linux-gnu/libutil.so.1
72ea4e305000-72ea4e306000 r--p 00002000 00:2d 394211                     /usr/lib/x86_64-linux-gnu/libutil.so.1
72ea4e306000-72ea4e307000 rw-p 00003000 00:2d 394211                     /usr/lib/x86_64-linux-gnu/libutil.so.1
72ea4e30c000-72ea4e30d000 r--p 00000000 00:00 0 
72ea4e30d000-72ea4e30e000 r--p 00000000 00:2d 393777                     /usr/lib/locale/C.utf8/LC_NUMERIC
72ea4e30e000-72ea4e319000 r--p 00000000 00:2d 1078542                    /usr/local/python/3.12.1/lib/python3.12/site-packages/pymupdf/_extra.so
72ea4e319000-72ea4e332000 r-xp 0000b000 00:2d 1078542                    /usr/local/python/3.12.1/lib/python3.12/site-packages/pymupdf/_extra.so
72ea4e332000-72ea4e33d000 r--p 00024000 00:2d 1078542                    /usr/local/python/3.12.1/lib/python3.12/site-packages/pymupdf/_extra.so
72ea4e33d000-72ea4e33e000 r--p 0002e000 00:2d 1078542                    /usr/local/python/3.12.1/lib/python3.12/site-packages/pymupdf/_extra.so
72ea4e33e000-72ea4e341000 rw-p 0002f000 00:2d 1078542                    /usr/local/python/3.12.1/lib/python3.12/site-packages/pymupdf/_extra.so
72ea4e341000-72ea4e347000 r--p 00000000 00:2d 1065076                    /usr/local/python/3.12.1/lib/python3.12/site-packages/lxml/_elementpath.cpython-312-x86_64-linux-gnu.so
72ea4e347000-72ea4e36b000 r-xp 00006000 00:2d 1065076                    /usr/local/python/3.12.1/lib/python3.12/site-packages/lxml/_elementpath.cpython-312-x86_64-linux-gnu.so
72ea4e36b000-72ea4e372000 r--p 0002a000 00:2d 1065076                    /usr/local/python/3.12.1/lib/python3.12/site-packages/lxml/_elementpath.cpython-312-x86_64-linux-gnu.so
72ea4e372000-72ea4e373000 r--p 00031000 00:2d 1065076                    /usr/local/python/3.12.1/lib/python3.12/site-packages/lxml/_elementpath.cpython-312-x86_64-linux-gnu.so
72ea4e373000-72ea4e376000 rw-p 00032000 00:2d 1065076                    /usr/local/python/3.12.1/lib/python3.12/site-packages/lxml/_elementpath.cpython-312-x86_64-linux-gnu.so
72ea4e376000-72ea4e477000 rw-p 00000000 00:00 0 
72ea4e477000-72ea4e514000 r--p 00000000 00:2d 394197                     /usr/lib/x86_64-linux-gnu/libstdc++.so.6.0.33
72ea4e514000-72ea4e65c000 r-xp 0009d000 00:2d 394197                     /usr/lib/x86_64-linux-gnu/libstdc++.so.6.0.33
72ea4e65c000-72ea4e6e3000 r--p 001e5000 00:2d 394197                     /usr/lib/x86_64-linux-gnu/libstdc++.so.6.0.33
72ea4e6e3000-72ea4e6ee000 r--p 0026b000 00:2d 394197                     /usr/lib/x86_64-linux-gnu/libstdc++.so.6.0.33
72ea4e6ee000-72ea4e6f1000 rw-p 00276000 00:2d 394197                     /usr/lib/x86_64-linux-gnu/libstdc++.so.6.0.33
72ea4e6f1000-72ea4e6f5000 rw-p 00000000 00:00 0 
72ea4e6f5000-72ea4e6fe000 r--p 00000000 00:2d 1062870                    /usr/local/python/3.12.1/lib/python3.12/site-packages/greenlet/_greenlet.cpython-312-x86_64-linux-gnu.so
72ea4e6fe000-72ea4e70e000 r-xp 00009000 00:2d 1062870                    /usr/local/python/3.12.1/lib/python3.12/site-packages/greenlet/_greenlet.cpython-312-x86_64-linux-gnu.so
72ea4e70e000-72ea4e714000 r--p 00019000 00:2d 1062870                    /usr/local/python/3.12.1/lib/python3.12/site-packages/greenlet/_greenlet.cpython-312-x86_64-linux-gnu.so
72ea4e714000-72ea4e715000 r--p 0001f000 00:2d 1062870                    /usr/local/python/3.12.1/lib/python3.12/site-packages/greenlet/_greenlet.cpython-312-x86_64-linux-gnu.so
72ea4e715000-72ea4e716000 rw-p 00020000 00:2d 1062870                    /usr/local/python/3.12.1/lib/python3.12/site-packages/greenlet/_greenlet.cpython-312-x86_64-linux-gnu.so
72ea4e716000-72ea4e71a000 r--p 00000000 00:2d 1065900                    /usr/local/python/3.12.1/lib/python3.12/site-packages/sqlalchemy/cyextension/util.cpython-312-x86_64-linux-gnu.so
72ea4e71a000-72ea4e72a000 r-xp 00004000 00:2d 1065900                    /usr/local/python/3.12.1/lib/python3.12/site-packages/sqlalchemy/cyextension/util.cpython-312-x86_64-linux-gnu.so
72ea4e72a000-72ea4e72d000 r--p 00014000 00:2d 1065900                    /usr/local/python/3.12.1/lib/python3.12/site-packages/sqlalchemy/cyextension/util.cpython-312-x86_64-linux-gnu.so
72ea4e72d000-72ea4e72e000 r--p 00017000 00:2d 1065900                    /usr/local/python/3.12.1/lib/python3.12/site-packages/sqlalchemy/cyextension/util.cpython-312-x86_64-linux-gnu.so
72ea4e72e000-72ea4e72f000 rw-p 00018000 00:2d 1065900                    /usr/local/python/3.12.1/lib/python3.12/site-packages/sqlalchemy/cyextension/util.cpython-312-x86_64-linux-gnu.so
72ea4e72f000-72ea4e730000 rw-p 00000000 00:00 0 
72ea4e730000-72ea4e734000 r--p 00000000 00:2d 1065898                    /usr/local/python/3.12.1/lib/python3.12/site-packages/sqlalchemy/cyextension/resultproxy.cpython-312-x86_64-linux-gnu.so
72ea4e734000-72ea4e73f000 r-xp 00004000 00:2d 1065898                    /usr/local/python/3.12.1/lib/python3.12/site-packages/sqlalchemy/cyextension/resultproxy.cpython-312-x86_64-linux-gnu.so
72ea4e73f000-72ea4e742000 r--p 0000f000 00:2d 1065898                    /usr/local/python/3.12.1/lib/python3.12/site-packages/sqlalchemy/cyextension/resultproxy.cpython-312-x86_64-linux-gnu.so
72ea4e742000-72ea4e743000 r--p 00011000 00:2d 1065898                    /usr/local/python/3.12.1/lib/python3.12/site-packages/sqlalchemy/cyextension/resultproxy.cpython-312-x86_64-linux-gnu.so
72ea4e743000-72ea4e744000 rw-p 00012000 00:2d 1065898                    /usr/local/python/3.12.1/lib/python3.12/site-packages/sqlalchemy/cyextension/resultproxy.cpython-312-x86_64-linux-gnu.so
72ea4e744000-72ea4e745000 rw-p 00000000 00:00 0 
72ea4e745000-72ea4e749000 r--p 00000000 00:2d 1065896                    /usr/local/python/3.12.1/lib/python3.12/site-packages/sqlalchemy/cyextension/processors.cpython-312-x86_64-linux-gnu.so
72ea4e749000-72ea4e754000 r-xp 00004000 00:2d 1065896                    /usr/local/python/3.12.1/lib/python3.12/site-packages/sqlalchemy/cyextension/processors.cpython-312-x86_64-linux-gnu.so
72ea4e754000-72ea4e757000 r--p 0000f000 00:2d 1065896                    /usr/local/python/3.12.1/lib/python3.12/site-packages/sqlalchemy/cyextension/processors.cpython-312-x86_64-linux-gnu.so
72ea4e757000-72ea4e758000 r--p 00011000 00:2d 1065896                    /usr/local/python/3.12.1/lib/python3.12/site-packages/sqlalchemy/cyextension/processors.cpython-312-x86_64-linux-gnu.so
72ea4e758000-72ea4e759000 rw-p 00012000 00:2d 1065896                    /usr/local/python/3.12.1/lib/python3.12/site-packages/sqlalchemy/cyextension/processors.cpython-312-x86_64-linux-gnu.so
72ea4e759000-72ea4e75a000 rw-p 00000000 00:00 0 
72ea4e75a000-72ea4e75e000 r--p 00000000 00:2d 1065893                    /usr/local/python/3.12.1/lib/python3.12/site-packages/sqlalchemy/cyextension/immutabledict.cpython-312-x86_64-linux-gnu.so
72ea4e75e000-72ea4e76d000 r-xp 00004000 00:2d 1065893                    /usr/local/python/3.12.1/lib/python3.12/site-packages/sqlalchemy/cyextension/immutabledict.cpython-312-x86_64-linux-gnu.so
72ea4e76d000-72ea4e770000 r--p 00013000 00:2d 1065893                    /usr/local/python/3.12.1/lib/python3.12/site-packages/sqlalchemy/cyextension/immutabledict.cpython-312-x86_64-linux-gnu.so
72ea4e770000-72ea4e771000 r--p 00015000 00:2d 1065893                    /usr/local/python/3.12.1/lib/python3.12/site-packages/sqlalchemy/cyextension/immutabledict.cpython-312-x86_64-linux-gnu.so
72ea4e771000-72ea4e773000 rw-p 00016000 00:2d 1065893                    /usr/local/python/3.12.1/lib/python3.12/site-packages/sqlalchemy/cyextension/immutabledict.cpython-312-x86_64-linux-gnu.so
72ea4e773000-72ea4e873000 rw-p 00000000 00:00 0 
72ea4e873000-72ea4e879000 r--p 00000000 00:2d 1065891                    /usr/local/python/3.12.1/lib/python3.12/site-packages/sqlalchemy/cyextension/collections.cpython-312-x86_64-linux-gnu.so
72ea4e879000-72ea4e89f000 r-xp 00006000 00:2d 1065891                    /usr/local/python/3.12.1/lib/python3.12/site-packages/sqlalchemy/cyextension/collections.cpython-312-x86_64-linux-gnu.so
72ea4e89f000-72ea4e8a7000 r--p 0002c000 00:2d 1065891                    /usr/local/python/3.12.1/lib/python3.12/site-packages/sqlalchemy/cyextension/collections.cpython-312-x86_64-linux-gnu.so
72ea4e8a7000-72ea4e8a8000 r--p 00033000 00:2d 1065891                    /usr/local/python/3.12.1/lib/python3.12/site-packages/sqlalchemy/cyextension/collections.cpython-312-x86_64-linux-gnu.so
72ea4e8a8000-72ea4e8ab000 rw-p 00034000 00:2d 1065891                    /usr/local/python/3.12.1/lib/python3.12/site-packages/sqlalchemy/cyextension/collections.cpython-312-x86_64-linux-gnu.so
72ea4e8ab000-72ea4e9ab000 rw-p 00000000 00:00 0 
72ea4e9ab000-72ea4e9ad000 r--p 00000000 00:2d 830462                     /usr/local/python/3.12.1/lib/python3.12/lib-dynload/_blake2.cpython-312-x86_64-linux-gnu.so
72ea4e9ad000-72ea4e9b4000 r-xp 00002000 00:2d 830462                     /usr/local/python/3.12.1/lib/python3.12/lib-dynload/_blake2.cpython-312-x86_64-linux-gnu.so
72ea4e9b4000-72ea4e9b6000 r--p 00009000 00:2d 830462                     /usr/local/python/3.12.1/lib/python3.12/lib-dynload/_blake2.cpython-312-x86_64-linux-gnu.so
72ea4e9b6000-72ea4e9b7000 r--p 0000a000 00:2d 830462                     /usr/local/python/3.12.1/lib/python3.12/lib-dynload/_blake2.cpython-312-x86_64-linux-gnu.so
72ea4e9b7000-72ea4e9b8000 rw-p 0000b000 00:2d 830462                     /usr/local/python/3.12.1/lib/python3.12/lib-dynload/_blake2.cpython-312-x86_64-linux-gnu.so
72ea4e9b8000-72ea4e9bc000 r--p 00000000 00:2d 830481                     /usr/local/python/3.12.1/lib/python3.12/lib-dynload/_hashlib.cpython-312-x86_64-linux-gnu.so
72ea4e9bc000-72ea4e9c2000 r-xp 00004000 00:2d 830481                     /usr/local/python/3.12.1/lib/python3.12/lib-dynload/_hashlib.cpython-312-x86_64-linux-gnu.so
72ea4e9c2000-72ea4e9c6000 r--p 0000a000 00:2d 830481                     /usr/local/python/3.12.1/lib/python3.12/lib-dynload/_hashlib.cpython-312-x86_64-linux-gnu.so
72ea4e9c6000-72ea4e9c7000 r--p 0000d000 00:2d 830481                     /usr/local/python/3.12.1/lib/python3.12/lib-dynload/_hashlib.cpython-312-x86_64-linux-gnu.so
72ea4e9c7000-72ea4e9c9000 rw-p 0000e000 00:2d 830481                     /usr/local/python/3.12.1/lib/python3.12/lib-dynload/_hashlib.cpython-312-x86_64-linux-gnu.so
72ea4e9c9000-72ea4ebc9000 rw-p 00000000 00:00 0 
72ea4ebc9000-72ea4ebcb000 r--p 00000000 00:2d 830472                     /usr/local/python/3.12.1/lib/python3.12/lib-dynload/_csv.cpython-312-x86_64-linux-gnu.so
72ea4ebcb000-72ea4ebcf000 r-xp 00002000 00:2d 830472                     /usr/local/python/3.12.1/lib/python3.12/lib-dynload/_csv.cpython-312-x86_64-linux-gnu.so
72ea4ebcf000-72ea4ebd2000 r--p 00006000 00:2d 830472                     /usr/local/python/3.12.1/lib/python3.12/lib-dynload/_csv.cpython-312-x86_64-linux-gnu.so
72ea4ebd2000-72ea4ebd3000 r--p 00008000 00:2d 830472                     /usr/local/python/3.12.1/lib/python3.12/lib-dynload/_csv.cpython-312-x86_64-linux-gnu.so
72ea4ebd3000-72ea4ebd4000 rw-p 00009000 00:2d 830472                     /usr/local/python/3.12.1/lib/python3.12/lib-dynload/_csv.cpython-312-x86_64-linux-gnu.so
72ea4ebd4000-72ea4ecd4000 rw-p 00000000 00:00 0 
72ea4ecd4000-72ea4ecd6000 r--p 00000000 00:2d 830515                     /usr/local/python/3.12.1/lib/python3.12/lib-dynload/_zoneinfo.cpython-312-x86_64-linux-gnu.so
72ea4ecd6000-72ea4ecdb000 r-xp 00002000 00:2d 830515                     /usr/local/python/3.12.1/lib/python3.12/lib-dynload/_zoneinfo.cpython-312-x86_64-linux-gnu.so
72ea4ecdb000-72ea4ecdd000 r--p 00007000 00:2d 830515                     /usr/local/python/3.12.1/lib/python3.12/lib-dynload/_zoneinfo.cpython-312-x86_64-linux-gnu.so
72ea4ecdd000-72ea4ecde000 r--p 00008000 00:2d 830515                     /usr/local/python/3.12.1/lib/python3.12/lib-dynload/_zoneinfo.cpython-312-x86_64-linux-gnu.so
72ea4ecde000-72ea4ecdf000 rw-p 00009000 00:2d 830515                     /usr/local/python/3.12.1/lib/python3.12/lib-dynload/_zoneinfo.cpython-312-x86_64-linux-gnu.so
72ea4ecdf000-72ea4ece1000 r--p 00000000 00:2d 394213                     /usr/lib/x86_64-linux-gnu/libuuid.so.1.3.0
72ea4ece1000-72ea4ece6000 r-xp 00002000 00:2d 394213                     /usr/lib/x86_64-linux-gnu/libuuid.so.1.3.0
72ea4ece6000-72ea4ece7000 r--p 00007000 00:2d 394213                     /usr/lib/x86_64-linux-gnu/libuuid.so.1.3.0
72ea4ece7000-72ea4ece8000 r--p 00007000 00:2d 394213                     /usr/lib/x86_64-linux-gnu/libuuid.so.1.3.0
72ea4ece8000-72ea4ece9000 rw-p 00008000 00:2d 394213                     /usr/lib/x86_64-linux-gnu/libuuid.so.1.3.0
72ea4ece9000-72ea4ecea000 r--p 00000000 00:2d 393780                     /usr/lib/locale/C.utf8/LC_TIME
72ea4ecea000-72ea4eceb000 r--p 00000000 00:2d 393769                     /usr/lib/locale/C.utf8/LC_COLLATE
72ea4eceb000-72ea4ecec000 r--p 00000000 00:2d 795731                     /home/codespace/.local/lib/python3.12/site-packages/charset_normalizer/md.cpython-312-x86_64-linux-gnu.so
72ea4ecec000-72ea4eced000 r-xp 00001000 00:2d 795731                     /home/codespace/.local/lib/python3.12/site-packages/charset_normalizer/md.cpython-312-x86_64-linux-gnu.so
72ea4eced000-72ea4ecee000 r--p 00002000 00:2d 795731                     /home/codespace/.local/lib/python3.12/site-packages/charset_normalizer/md.cpython-312-x86_64-linux-gnu.so
72ea4ecee000-72ea4ecef000 r--p 00002000 00:2d 795731                     /home/codespace/.local/lib/python3.12/site-packages/charset_normalizer/md.cpython-312-x86_64-linux-gnu.so
72ea4ecef000-72ea4ecf0000 rw-p 00003000 00:2d 795731                     /home/codespace/.local/lib/python3.12/site-packages/charset_normalizer/md.cpython-312-x86_64-linux-gnu.so
72ea4ecf0000-72ea4eef0000 rw-p 00000000 00:00 0 
72ea4eef0000-72ea4eef7000 r--p 00000000 00:2d 830478                     /usr/local/python/3.12.1/lib/python3.12/lib-dynload/_decimal.cpython-312-x86_64-linux-gnu.so
72ea4eef7000-72ea4ef3f000 r-xp 00007000 00:2d 830478                     /usr/local/python/3.12.1/lib/python3.12/lib-dynload/_decimal.cpython-312-x86_64-linux-gnu.so
72ea4ef3f000-72ea4ef4f000 r--p 0004f000 00:2d 830478                     /usr/local/python/3.12.1/lib/python3.12/lib-dynload/_decimal.cpython-312-x86_64-linux-gnu.so
72ea4ef4f000-72ea4ef50000 r--p 0005f000 00:2d 830478                     /usr/local/python/3.12.1/lib/python3.12/lib-dynload/_decimal.cpython-312-x86_64-linux-gnu.so
72ea4ef50000-72ea4ef53000 rw-p 00060000 00:2d 830478                     /usr/local/python/3.12.1/lib/python3.12/lib-dynload/_decimal.cpython-312-x86_64-linux-gnu.so
72ea4ef53000-72ea4ef54000 r--p 00000000 00:2d 394118                     /usr/lib/x86_64-linux-gnu/libdl.so.2
72ea4ef54000-72ea4ef55000 r-xp 00001000 00:2d 394118                     /usr/lib/x86_64-linux-gnu/libdl.so.2
72ea4ef55000-72ea4ef56000 r--p 00002000 00:2d 394118                     /usr/lib/x86_64-linux-gnu/libdl.so.2
72ea4ef56000-72ea4ef57000 r--p 00002000 00:2d 394118                     /usr/lib/x86_64-linux-gnu/libdl.so.2
72ea4ef57000-72ea4ef58000 rw-p 00003000 00:2d 394118                     /usr/lib/x86_64-linux-gnu/libdl.so.2
72ea4ef58000-72ea4ef59000 r--p 00000000 00:2d 394183                     /usr/lib/x86_64-linux-gnu/libpthread.so.0
72ea4ef59000-72ea4ef5a000 r-xp 00001000 00:2d 394183                     /usr/lib/x86_64-linux-gnu/libpthread.so.0
72ea4ef5a000-72ea4ef5b000 r--p 00002000 00:2d 394183                     /usr/lib/x86_64-linux-gnu/libpthread.so.0
72ea4ef5b000-72ea4ef5c000 r--p 00002000 00:2d 394183                     /usr/lib/x86_64-linux-gnu/libpthread.so.0
72ea4ef5c000-72ea4ef5d000 rw-p 00003000 00:2d 394183                     /usr/lib/x86_64-linux-gnu/libpthread.so.0
72ea4ef5d000-72ea4ef5e000 r--p 00000000 00:2d 394185                     /usr/lib/x86_64-linux-gnu/librt.so.1
72ea4ef5e000-72ea4ef5f000 r-xp 00001000 00:2d 394185                     /usr/lib/x86_64-linux-gnu/librt.so.1
72ea4ef5f000-72ea4ef60000 r--p 00002000 00:2d 394185                     /usr/lib/x86_64-linux-gnu/librt.so.1
72ea4ef60000-72ea4ef61000 r--p 00002000 00:2d 394185                     /usr/lib/x86_64-linux-gnu/librt.so.1
72ea4ef61000-72ea4ef62000 rw-p 00003000 00:2d 394185                     /usr/lib/x86_64-linux-gnu/librt.so.1
72ea4ef62000-72ea4ef66000 r--p 00000000 00:2d 394129                     /usr/lib/x86_64-linux-gnu/libgcc_s.so.1
72ea4ef66000-72ea4ef8a000 r-xp 00004000 00:2d 394129                     /usr/lib/x86_64-linux-gnu/libgcc_s.so.1
72ea4ef8a000-72ea4ef8e000 r--p 00028000 00:2d 394129                     /usr/lib/x86_64-linux-gnu/libgcc_s.so.1
72ea4ef8e000-72ea4ef8f000 r--p 0002b000 00:2d 394129                     /usr/lib/x86_64-linux-gnu/libgcc_s.so.1
72ea4ef8f000-72ea4ef90000 rw-p 0002c000 00:2d 394129                     /usr/lib/x86_64-linux-gnu/libgcc_s.so.1
72ea4ef90000-72ea4f0c7000 r--p 00000000 00:2d 1063037                    /usr/local/python/3.12.1/lib/python3.12/site-packages/pydantic_core/_pydantic_core.cpython-312-x86_64-linux-gnu.so
72ea4f0c7000-72ea4f401000 r-xp 00136000 00:2d 1063037                    /usr/local/python/3.12.1/lib/python3.12/site-packages/pydantic_core/_pydantic_core.cpython-312-x86_64-linux-gnu.so
72ea4f401000-72ea4f435000 r--p 0046f000 00:2d 1063037                    /usr/local/python/3.12.1/lib/python3.12/site-packages/pydantic_core/_pydantic_core.cpython-312-x86_64-linux-gnu.so
72ea4f435000-72ea4f43b000 rw-p 004a2000 00:2d 1063037                    /usr/local/python/3.12.1/lib/python3.12/site-packages/pydantic_core/_pydantic_core.cpython-312-x86_64-linux-gnu.so
72ea4f43b000-72ea4f63b000 rw-p 00000000 00:00 0 
72ea4f63b000-72ea4f63e000 r--p 00000000 00:2d 394145                     /usr/lib/x86_64-linux-gnu/liblzma.so.5.4.5
72ea4f63e000-72ea4f660000 r-xp 00003000 00:2d 394145                     /usr/lib/x86_64-linux-gnu/liblzma.so.5.4.5
72ea4f660000-72ea4f66b000 r--p 00025000 00:2d 394145                     /usr/lib/x86_64-linux-gnu/liblzma.so.5.4.5
72ea4f66b000-72ea4f66c000 r--p 00030000 00:2d 394145                     /usr/lib/x86_64-linux-gnu/liblzma.so.5.4.5
72ea4f66c000-72ea4f66d000 rw-p 00031000 00:2d 394145                     /usr/lib/x86_64-linux-gnu/liblzma.so.5.4.5
72ea4f66d000-72ea4f670000 r--p 00000000 00:2d 830485                     /usr/local/python/3.12.1/lib/python3.12/lib-dynload/_lzma.cpython-312-x86_64-linux-gnu.so
72ea4f670000-72ea4f674000 r-xp 00003000 00:2d 830485                     /usr/local/python/3.12.1/lib/python3.12/lib-dynload/_lzma.cpython-312-x86_64-linux-gnu.so
72ea4f674000-72ea4f677000 r--p 00007000 00:2d 830485                     /usr/local/python/3.12.1/lib/python3.12/lib-dynload/_lzma.cpython-312-x86_64-linux-gnu.so
72ea4f677000-72ea4f678000 r--p 00009000 00:2d 830485                     /usr/local/python/3.12.1/lib/python3.12/lib-dynload/_lzma.cpython-312-x86_64-linux-gnu.so
72ea4f678000-72ea4f679000 rw-p 0000a000 00:2d 830485                     /usr/local/python/3.12.1/lib/python3.12/lib-dynload/_lzma.cpython-312-x86_64-linux-gnu.so
72ea4f679000-72ea4f67b000 r--p 00000000 00:2d 394103                     /usr/lib/x86_64-linux-gnu/libbz2.so.1.0.4
72ea4f67b000-72ea4f689000 r-xp 00002000 00:2d 394103                     /usr/lib/x86_64-linux-gnu/libbz2.so.1.0.4
72ea4f689000-72ea4f68b000 r--p 00010000 00:2d 394103                     /usr/lib/x86_64-linux-gnu/libbz2.so.1.0.4
72ea4f68b000-72ea4f68c000 r--p 00011000 00:2d 394103                     /usr/lib/x86_64-linux-gnu/libbz2.so.1.0.4
72ea4f68c000-72ea4f68d000 rw-p 00012000 00:2d 394103                     /usr/lib/x86_64-linux-gnu/libbz2.so.1.0.4
72ea4f68d000-72ea4f68e000 r--p 00000000 00:2d 393775                     /usr/lib/locale/C.utf8/LC_MONETARY
72ea4f68e000-72ea4f68f000 r--p 00000000 00:2d 393774                     /usr/lib/locale/C.utf8/LC_MESSAGES/SYS_LC_MESSAGES
72ea4f68f000-72ea4f690000 r--p 00000000 00:2d 830511                     /usr/local/python/3.12.1/lib/python3.12/lib-dynload/_uuid.cpython-312-x86_64-linux-gnu.so
72ea4f690000-72ea4f691000 r-xp 00001000 00:2d 830511                     /usr/local/python/3.12.1/lib/python3.12/lib-dynload/_uuid.cpython-312-x86_64-linux-gnu.so
72ea4f691000-72ea4f692000 r--p 00002000 00:2d 830511                     /usr/local/python/3.12.1/lib/python3.12/lib-dynload/_uuid.cpython-312-x86_64-linux-gnu.so
72ea4f692000-72ea4f693000 r--p 00002000 00:2d 830511                     /usr/local/python/3.12.1/lib/python3.12/lib-dynload/_uuid.cpython-312-x86_64-linux-gnu.so
72ea4f693000-72ea4f694000 rw-p 00003000 00:2d 830511                     /usr/local/python/3.12.1/lib/python3.12/lib-dynload/_uuid.cpython-312-x86_64-linux-gnu.so
72ea4f694000-72ea4f696000 r--p 00000000 00:2d 830463                     /usr/local/python/3.12.1/lib/python3.12/lib-dynload/_bz2.cpython-312-x86_64-linux-gnu.so
72ea4f696000-72ea4f698000 r-xp 00002000 00:2d 830463                     /usr/local/python/3.12.1/lib/python3.12/lib-dynload/_bz2.cpython-312-x86_64-linux-gnu.so
72ea4f698000-72ea4f699000 r--p 00004000 00:2d 830463                     /usr/local/python/3.12.1/lib/python3.12/lib-dynload/_bz2.cpython-312-x86_64-linux-gnu.so
72ea4f699000-72ea4f69a000 r--p 00005000 00:2d 830463                     /usr/local/python/3.12.1/lib/python3.12/lib-dynload/_bz2.cpython-312-x86_64-linux-gnu.so
72ea4f69a000-72ea4f69b000 rw-p 00006000 00:2d 830463                     /usr/local/python/3.12.1/lib/python3.12/lib-dynload/_bz2.cpython-312-x86_64-linux-gnu.so
72ea4f69b000-72ea4f79b000 rw-p 00000000 00:00 0 
72ea4f79b000-72ea4f79c000 r--p 00000000 00:2d 393778                     /usr/lib/locale/C.utf8/LC_PAPER
72ea4f79c000-72ea4f79d000 r--p 00000000 00:2d 393776                     /usr/lib/locale/C.utf8/LC_NAME
72ea4f79d000-72ea4f79e000 r--p 00000000 00:2d 393768                     /usr/lib/locale/C.utf8/LC_ADDRESS
72ea4f79e000-72ea4f79f000 r--p 00000000 00:2d 393779                     /usr/lib/locale/C.utf8/LC_TELEPHONE
72ea4f79f000-72ea4f7a1000 r--p 00000000 00:2d 830521                     /usr/local/python/3.12.1/lib/python3.12/lib-dynload/grp.cpython-312-x86_64-linux-gnu.so
72ea4f7a1000-72ea4f7a2000 r-xp 00002000 00:2d 830521                     /usr/local/python/3.12.1/lib/python3.12/lib-dynload/grp.cpython-312-x86_64-linux-gnu.so
72ea4f7a2000-72ea4f7a3000 r--p 00003000 00:2d 830521                     /usr/local/python/3.12.1/lib/python3.12/lib-dynload/grp.cpython-312-x86_64-linux-gnu.so
72ea4f7a3000-72ea4f7a4000 r--p 00003000 00:2d 830521                     /usr/local/python/3.12.1/lib/python3.12/lib-dynload/grp.cpython-312-x86_64-linux-gnu.so
72ea4f7a4000-72ea4f7a5000 rw-p 00004000 00:2d 830521                     /usr/local/python/3.12.1/lib/python3.12/lib-dynload/grp.cpython-312-x86_64-linux-gnu.so
72ea4f7a5000-72ea4f7a9000 r--p 00000000 00:2d 1062257                    /usr/local/python/3.12.1/lib/python3.12/site-packages/yarl/_quoting_c.cpython-312-x86_64-linux-gnu.so
72ea4f7a9000-72ea4f7be000 r-xp 00004000 00:2d 1062257                    /usr/local/python/3.12.1/lib/python3.12/site-packages/yarl/_quoting_c.cpython-312-x86_64-linux-gnu.so
72ea4f7be000-72ea4f7c2000 r--p 00019000 00:2d 1062257                    /usr/local/python/3.12.1/lib/python3.12/site-packages/yarl/_quoting_c.cpython-312-x86_64-linux-gnu.so
72ea4f7c2000-72ea4f7c3000 r--p 0001c000 00:2d 1062257                    /usr/local/python/3.12.1/lib/python3.12/site-packages/yarl/_quoting_c.cpython-312-x86_64-linux-gnu.so
72ea4f7c3000-72ea4f7c4000 rw-p 0001d000 00:2d 1062257                    /usr/local/python/3.12.1/lib/python3.12/site-packages/yarl/_quoting_c.cpython-312-x86_64-linux-gnu.so
72ea4f7c4000-72ea4f7c5000 rw-p 00000000 00:00 0 
72ea4f7c5000-72ea4f7c9000 r--p 00000000 00:2d 1062199                    /usr/local/python/3.12.1/lib/python3.12/site-packages/multidict/_multidict.cpython-312-x86_64-linux-gnu.so
72ea4f7c9000-72ea4f7da000 r-xp 00004000 00:2d 1062199                    /usr/local/python/3.12.1/lib/python3.12/site-packages/multidict/_multidict.cpython-312-x86_64-linux-gnu.so
72ea4f7da000-72ea4f7dd000 r--p 00015000 00:2d 1062199                    /usr/local/python/3.12.1/lib/python3.12/site-packages/multidict/_multidict.cpython-312-x86_64-linux-gnu.so
72ea4f7dd000-72ea4f7de000 r--p 00018000 00:2d 1062199                    /usr/local/python/3.12.1/lib/python3.12/site-packages/multidict/_multidict.cpython-312-x86_64-linux-gnu.so
72ea4f7de000-72ea4f7e0000 rw-p 00019000 00:2d 1062199                    /usr/local/python/3.12.1/lib/python3.12/site-packages/multidict/_multidict.cpython-312-x86_64-linux-gnu.so
72ea4f7e0000-72ea4f7e7000 r--p 00000000 00:2d 830499                     /usr/local/python/3.12.1/lib/python3.12/lib-dynload/_sqlite3.cpython-312-x86_64-linux-gnu.so
72ea4f7e7000-72ea4f7f7000 r-xp 00007000 00:2d 830499                     /usr/local/python/3.12.1/lib/python3.12/lib-dynload/_sqlite3.cpython-312-x86_64-linux-gnu.so
72ea4f7f7000-72ea4f7fe000 r--p 00017000 00:2d 830499                     /usr/local/python/3.12.1/lib/python3.12/lib-dynload/_sqlite3.cpython-312-x86_64-linux-gnu.so
72ea4f7fe000-72ea4f7ff000 r--p 0001e000 00:2d 830499                     /usr/local/python/3.12.1/lib/python3.12/lib-dynload/_sqlite3.cpython-312-x86_64-linux-gnu.so
72ea4f7ff000-72ea4f801000 rw-p 0001f000 00:2d 830499                     /usr/local/python/3.12.1/lib/python3.12/lib-dynload/_sqlite3.cpython-312-x86_64-linux-gnu.so
72ea4f801000-72ea4f806000 r--p 00000000 00:2d 830477                     /usr/local/python/3.12.1/lib/python3.12/lib-dynload/_datetime.cpython-312-x86_64-linux-gnu.so
72ea4f806000-72ea4f817000 r-xp 00005000 00:2d 830477                     /usr/local/python/3.12.1/lib/python3.12/lib-dynload/_datetime.cpython-312-x86_64-linux-gnu.so
72ea4f817000-72ea4f81c000 r--p 00016000 00:2d 830477                     /usr/local/python/3.12.1/lib/python3.12/lib-dynload/_datetime.cpython-312-x86_64-linux-gnu.so
72ea4f81c000-72ea4f81d000 r--p 0001b000 00:2d 830477                     /usr/local/python/3.12.1/lib/python3.12/lib-dynload/_datetime.cpython-312-x86_64-linux-gnu.so
72ea4f81d000-72ea4f820000 rw-p 0001c000 00:2d 830477                     /usr/local/python/3.12.1/lib/python3.12/lib-dynload/_datetime.cpython-312-x86_64-linux-gnu.so
72ea4f820000-72ea4fa20000 rw-p 00000000 00:00 0 
72ea4fa20000-72ea4fa22000 r--p 00000000 00:2d 830483                     /usr/local/python/3.12.1/lib/python3.12/lib-dynload/_json.cpython-312-x86_64-linux-gnu.so
72ea4fa22000-72ea4fa28000 r-xp 00002000 00:2d 830483                     /usr/local/python/3.12.1/lib/python3.12/lib-dynload/_json.cpython-312-x86_64-linux-gnu.so
72ea4fa28000-72ea4fa2a000 r--p 00008000 00:2d 830483                     /usr/local/python/3.12.1/lib/python3.12/lib-dynload/_json.cpython-312-x86_64-linux-gnu.so
72ea4fa2a000-72ea4fa2b000 r--p 00009000 00:2d 830483                     /usr/local/python/3.12.1/lib/python3.12/lib-dynload/_json.cpython-312-x86_64-linux-gnu.so
72ea4fa2b000-72ea4fa2c000 rw-p 0000a000 00:2d 830483                     /usr/local/python/3.12.1/lib/python3.12/lib-dynload/_json.cpython-312-x86_64-linux-gnu.so
72ea4fa2c000-72ea4fa30000 r--p 00000000 00:2d 830460                     /usr/local/python/3.12.1/lib/python3.12/lib-dynload/_asyncio.cpython-312-x86_64-linux-gnu.so
72ea4fa30000-72ea4fa39000 r-xp 00004000 00:2d 830460                     /usr/local/python/3.12.1/lib/python3.12/lib-dynload/_asyncio.cpython-312-x86_64-linux-gnu.so
72ea4fa39000-72ea4fa3d000 r--p 0000d000 00:2d 830460                     /usr/local/python/3.12.1/lib/python3.12/lib-dynload/_asyncio.cpython-312-x86_64-linux-gnu.so
72ea4fa3d000-72ea4fa3e000 r--p 00011000 00:2d 830460                     /usr/local/python/3.12.1/lib/python3.12/lib-dynload/_asyncio.cpython-312-x86_64-linux-gnu.so
72ea4fa3e000-72ea4fa40000 rw-p 00012000 00:2d 830460                     /usr/local/python/3.12.1/lib/python3.12/lib-dynload/_asyncio.cpython-312-x86_64-linux-gnu.so
72ea4fa40000-72ea4fb40000 rw-p 00000000 00:00 0 
72ea4fb40000-72ea4fb42000 r--p 00000000 00:2d 394217                     /usr/lib/x86_64-linux-gnu/libz.so.1.3
72ea4fb42000-72ea4fb54000 r-xp 00002000 00:2d 394217                     /usr/lib/x86_64-linux-gnu/libz.so.1.3
72ea4fb54000-72ea4fb5a000 r--p 00014000 00:2d 394217                     /usr/lib/x86_64-linux-gnu/libz.so.1.3
72ea4fb5a000-72ea4fb5b000 r--p 0001a000 00:2d 394217                     /usr/lib/x86_64-linux-gnu/libz.so.1.3
72ea4fb5b000-72ea4fb5c000 rw-p 0001b000 00:2d 394217                     /usr/lib/x86_64-linux-gnu/libz.so.1.3
72ea4fb5c000-72ea4fc0f000 r--p 00000000 00:2d 394114                     /usr/lib/x86_64-linux-gnu/libcrypto.so.3
72ea4fc0f000-72ea4ff42000 r-xp 000b3000 00:2d 394114                     /usr/lib/x86_64-linux-gnu/libcrypto.so.3
72ea4ff42000-72ea5000d000 r--p 003e6000 00:2d 394114                     /usr/lib/x86_64-linux-gnu/libcrypto.so.3
72ea5000d000-72ea50069000 r--p 004b0000 00:2d 394114                     /usr/lib/x86_64-linux-gnu/libcrypto.so.3
72ea50069000-72ea5006c000 rw-p 0050c000 00:2d 394114                     /usr/lib/x86_64-linux-gnu/libcrypto.so.3
72ea5006c000-72ea5006f000 rw-p 00000000 00:00 0 
72ea5006f000-72ea5008d000 r--p 00000000 00:2d 394195                     /usr/lib/x86_64-linux-gnu/libssl.so.3
72ea5008d000-72ea500ef000 r-xp 0001e000 00:2d 394195                     /usr/lib/x86_64-linux-gnu/libssl.so.3
72ea500ef000-72ea5010b000 r--p 00080000 00:2d 394195                     /usr/lib/x86_64-linux-gnu/libssl.so.3
72ea5010b000-72ea50115000 r--p 0009c000 00:2d 394195                     /usr/lib/x86_64-linux-gnu/libssl.so.3
72ea50115000-72ea50119000 rw-p 000a6000 00:2d 394195                     /usr/lib/x86_64-linux-gnu/libssl.so.3
72ea50119000-72ea5012b000 r--p 00000000 00:2d 830500                     /usr/local/python/3.12.1/lib/python3.12/lib-dynload/_ssl.cpython-312-x86_64-linux-gnu.so
72ea5012b000-72ea5013a000 r-xp 00012000 00:2d 830500                     /usr/local/python/3.12.1/lib/python3.12/lib-dynload/_ssl.cpython-312-x86_64-linux-gnu.so
72ea5013a000-72ea50148000 r--p 00021000 00:2d 830500                     /usr/local/python/3.12.1/lib/python3.12/lib-dynload/_ssl.cpython-312-x86_64-linux-gnu.so
72ea50148000-72ea50149000 r--p 0002e000 00:2d 830500                     /usr/local/python/3.12.1/lib/python3.12/lib-dynload/_ssl.cpython-312-x86_64-linux-gnu.so
72ea50149000-72ea50152000 rw-p 0002f000 00:2d 830500                     /usr/local/python/3.12.1/lib/python3.12/lib-dynload/_ssl.cpython-312-x86_64-linux-gnu.so
72ea50152000-72ea50252000 rw-p 00000000 00:00 0 
72ea50252000-72ea50253000 r--p 00000000 00:2d 393772                     /usr/lib/locale/C.utf8/LC_MEASUREMENT
72ea50253000-72ea50254000 r--p 00000000 00:2d 393771                     /usr/lib/locale/C.utf8/LC_IDENTIFICATION
72ea50254000-72ea50255000 ---p 00000000 00:00 0 
72ea50255000-72ea50256000 r--p 00000000 00:00 0 
72ea50256000-72ea50259000 r--p 00000000 00:2d 830536                     /usr/local/python/3.12.1/lib/python3.12/lib-dynload/zlib.cpython-312-x86_64-linux-gnu.so
72ea50259000-72ea50260000 r-xp 00003000 00:2d 830536                     /usr/local/python/3.12.1/lib/python3.12/lib-dynload/zlib.cpython-312-x86_64-linux-gnu.so
72ea50260000-72ea50263000 r--p 0000a000 00:2d 830536                     /usr/local/python/3.12.1/lib/python3.12/lib-dynload/zlib.cpython-312-x86_64-linux-gnu.so
72ea50263000-72ea50264000 r--p 0000c000 00:2d 830536                     /usr/local/python/3.12.1/lib/python3.12/lib-dynload/zlib.cpython-312-x86_64-linux-gnu.so
72ea50264000-72ea50265000 rw-p 0000d000 00:2d 830536                     /usr/local/python/3.12.1/lib/python3.12/lib-dynload/zlib.cpython-312-x86_64-linux-gnu.so
72ea50265000-72ea50267000 r--p 00000000 00:2d 830496                     /usr/local/python/3.12.1/lib/python3.12/lib-dynload/_sha2.cpython-312-x86_64-linux-gnu.so
72ea50267000-72ea50272000 r-xp 00002000 00:2d 830496                     /usr/local/python/3.12.1/lib/python3.12/lib-dynload/_sha2.cpython-312-x86_64-linux-gnu.so
72ea50272000-72ea50274000 r--p 0000d000 00:2d 830496                     /usr/local/python/3.12.1/lib/python3.12/lib-dynload/_sha2.cpython-312-x86_64-linux-gnu.so
72ea50274000-72ea50275000 r--p 0000e000 00:2d 830496                     /usr/local/python/3.12.1/lib/python3.12/lib-dynload/_sha2.cpython-312-x86_64-linux-gnu.so
72ea50275000-72ea50276000 rw-p 0000f000 00:2d 830496                     /usr/local/python/3.12.1/lib/python3.12/lib-dynload/_sha2.cpython-312-x86_64-linux-gnu.so
72ea50276000-72ea50278000 r--p 00000000 00:2d 830494                     /usr/local/python/3.12.1/lib/python3.12/lib-dynload/_random.cpython-312-x86_64-linux-gnu.so
72ea50278000-72ea5027a000 r-xp 00002000 00:2d 830494                     /usr/local/python/3.12.1/lib/python3.12/lib-dynload/_random.cpython-312-x86_64-linux-gnu.so
72ea5027a000-72ea5027b000 r--p 00004000 00:2d 830494                     /usr/local/python/3.12.1/lib/python3.12/lib-dynload/_random.cpython-312-x86_64-linux-gnu.so
72ea5027b000-72ea5027c000 r--p 00004000 00:2d 830494                     /usr/local/python/3.12.1/lib/python3.12/lib-dynload/_random.cpython-312-x86_64-linux-gnu.so
72ea5027c000-72ea5027d000 rw-p 00005000 00:2d 830494                     /usr/local/python/3.12.1/lib/python3.12/lib-dynload/_random.cpython-312-x86_64-linux-gnu.so
72ea5027d000-72ea5027f000 r--p 00000000 00:2d 830461                     /usr/local/python/3.12.1/lib/python3.12/lib-dynload/_bisect.cpython-312-x86_64-linux-gnu.so
72ea5027f000-72ea50282000 r-xp 00002000 00:2d 830461                     /usr/local/python/3.12.1/lib/python3.12/lib-dynload/_bisect.cpython-312-x86_64-linux-gnu.so
72ea50282000-72ea50283000 r--p 00005000 00:2d 830461                     /usr/local/python/3.12.1/lib/python3.12/lib-dynload/_bisect.cpython-312-x86_64-linux-gnu.so
72ea50283000-72ea50284000 r--p 00005000 00:2d 830461                     /usr/local/python/3.12.1/lib/python3.12/lib-dynload/_bisect.cpython-312-x86_64-linux-gnu.so
72ea50284000-72ea50285000 rw-p 00006000 00:2d 830461                     /usr/local/python/3.12.1/lib/python3.12/lib-dynload/_bisect.cpython-312-x86_64-linux-gnu.so
72ea50285000-72ea50385000 rw-p 00000000 00:00 0 
72ea50385000-72ea50386000 ---p 00000000 00:00 0 
72ea50386000-72ea50388000 r--p 00000000 00:2d 830493                     /usr/local/python/3.12.1/lib/python3.12/lib-dynload/_queue.cpython-312-x86_64-linux-gnu.so
72ea50388000-72ea5038a000 r-xp 00002000 00:2d 830493                     /usr/local/python/3.12.1/lib/python3.12/lib-dynload/_queue.cpython-312-x86_64-linux-gnu.so
72ea5038a000-72ea5038b000 r--p 00004000 00:2d 830493                     /usr/local/python/3.12.1/lib/python3.12/lib-dynload/_queue.cpython-312-x86_64-linux-gnu.so
72ea5038b000-72ea5038c000 r--p 00004000 00:2d 830493                     /usr/local/python/3.12.1/lib/python3.12/lib-dynload/_queue.cpython-312-x86_64-linux-gnu.so
72ea5038c000-72ea5038d000 rw-p 00005000 00:2d 830493                     /usr/local/python/3.12.1/lib/python3.12/lib-dynload/_queue.cpython-312-x86_64-linux-gnu.so
72ea5038d000-72ea5038e000 r--p 00000000 00:2d 830470                     /usr/local/python/3.12.1/lib/python3.12/lib-dynload/_contextvars.cpython-312-x86_64-linux-gnu.so
72ea5038e000-72ea5038f000 r-xp 00001000 00:2d 830470                     /usr/local/python/3.12.1/lib/python3.12/lib-dynload/_contextvars.cpython-312-x86_64-linux-gnu.so
72ea5038f000-72ea50390000 r--p 00002000 00:2d 830470                     /usr/local/python/3.12.1/lib/python3.12/lib-dynload/_contextvars.cpython-312-x86_64-linux-gnu.so
72ea50390000-72ea50391000 r--p 00002000 00:2d 830470                     /usr/local/python/3.12.1/lib/python3.12/lib-dynload/_contextvars.cpython-312-x86_64-linux-gnu.so
72ea50391000-72ea50392000 rw-p 00003000 00:2d 830470                     /usr/local/python/3.12.1/lib/python3.12/lib-dynload/_contextvars.cpython-312-x86_64-linux-gnu.so
72ea50392000-72ea50393000 r--p 00000000 00:2d 830489                     /usr/local/python/3.12.1/lib/python3.12/lib-dynload/_opcode.cpython-312-x86_64-linux-gnu.so
72ea50393000-72ea50394000 r-xp 00001000 00:2d 830489                     /usr/local/python/3.12.1/lib/python3.12/lib-dynload/_opcode.cpython-312-x86_64-linux-gnu.so
72ea50394000-72ea50395000 r--p 00002000 00:2d 830489                     /usr/local/python/3.12.1/lib/python3.12/lib-dynload/_opcode.cpython-312-x86_64-linux-gnu.so
72ea50395000-72ea50396000 r--p 00002000 00:2d 830489                     /usr/local/python/3.12.1/lib/python3.12/lib-dynload/_opcode.cpython-312-x86_64-linux-gnu.so
72ea50396000-72ea50397000 rw-p 00003000 00:2d 830489                     /usr/local/python/3.12.1/lib/python3.12/lib-dynload/_opcode.cpython-312-x86_64-linux-gnu.so
72ea50397000-72ea50399000 r--p 00000000 00:2d 830518                     /usr/local/python/3.12.1/lib/python3.12/lib-dynload/binascii.cpython-312-x86_64-linux-gnu.so
72ea50399000-72ea5039c000 r-xp 00002000 00:2d 830518                     /usr/local/python/3.12.1/lib/python3.12/lib-dynload/binascii.cpython-312-x86_64-linux-gnu.so
72ea5039c000-72ea5039e000 r--p 00005000 00:2d 830518                     /usr/local/python/3.12.1/lib/python3.12/lib-dynload/binascii.cpython-312-x86_64-linux-gnu.so
72ea5039e000-72ea5039f000 r--p 00006000 00:2d 830518                     /usr/local/python/3.12.1/lib/python3.12/lib-dynload/binascii.cpython-312-x86_64-linux-gnu.so
72ea5039f000-72ea503a0000 rw-p 00007000 00:2d 830518                     /usr/local/python/3.12.1/lib/python3.12/lib-dynload/binascii.cpython-312-x86_64-linux-gnu.so
72ea503a0000-72ea503a1000 r--p 00000000 00:2d 830482                     /usr/local/python/3.12.1/lib/python3.12/lib-dynload/_heapq.cpython-312-x86_64-linux-gnu.so
72ea503a1000-72ea503a3000 r-xp 00001000 00:2d 830482                     /usr/local/python/3.12.1/lib/python3.12/lib-dynload/_heapq.cpython-312-x86_64-linux-gnu.so
72ea503a3000-72ea503a6000 r--p 00003000 00:2d 830482                     /usr/local/python/3.12.1/lib/python3.12/lib-dynload/_heapq.cpython-312-x86_64-linux-gnu.so
72ea503a6000-72ea503a7000 r--p 00005000 00:2d 830482                     /usr/local/python/3.12.1/lib/python3.12/lib-dynload/_heapq.cpython-312-x86_64-linux-gnu.so
72ea503a7000-72ea503a8000 rw-p 00006000 00:2d 830482                     /usr/local/python/3.12.1/lib/python3.12/lib-dynload/_heapq.cpython-312-x86_64-linux-gnu.so
72ea503a8000-72ea503a9000 r--p 00000000 00:2d 830491                     /usr/local/python/3.12.1/lib/python3.12/lib-dynload/_posixshmem.cpython-312-x86_64-linux-gnu.so
72ea503a9000-72ea503aa000 r-xp 00001000 00:2d 830491                     /usr/local/python/3.12.1/lib/python3.12/lib-dynload/_posixshmem.cpython-312-x86_64-linux-gnu.so
72ea503aa000-72ea503ab000 r--p 00002000 00:2d 830491                     /usr/local/python/3.12.1/lib/python3.12/lib-dynload/_posixshmem.cpython-312-x86_64-linux-gnu.so
72ea503ab000-72ea503ac000 r--p 00002000 00:2d 830491                     /usr/local/python/3.12.1/lib/python3.12/lib-dynload/_posixshmem.cpython-312-x86_64-linux-gnu.so
72ea503ac000-72ea503ad000 rw-p 00003000 00:2d 830491                     /usr/local/python/3.12.1/lib/python3.12/lib-dynload/_posixshmem.cpython-312-x86_64-linux-gnu.so
72ea503ad000-72ea503af000 r--p 00000000 00:2d 830488                     /usr/local/python/3.12.1/lib/python3.12/lib-dynload/_multiprocessing.cpython-312-x86_64-linux-gnu.so
72ea503af000-72ea503b1000 r-xp 00002000 00:2d 830488                     /usr/local/python/3.12.1/lib/python3.12/lib-dynload/_multiprocessing.cpython-312-x86_64-linux-gnu.so
72ea503b1000-72ea503b2000 r--p 00004000 00:2d 830488                     /usr/local/python/3.12.1/lib/python3.12/lib-dynload/_multiprocessing.cpython-312-x86_64-linux-gnu.so
72ea503b2000-72ea503b3000 r--p 00004000 00:2d 830488                     /usr/local/python/3.12.1/lib/python3.12/lib-dynload/_multiprocessing.cpython-312-x86_64-linux-gnu.so
72ea503b3000-72ea503b4000 rw-p 00005000 00:2d 830488                     /usr/local/python/3.12.1/lib/python3.12/lib-dynload/_multiprocessing.cpython-312-x86_64-linux-gnu.so
72ea503b4000-72ea503b6000 r--p 00000000 00:2d 830492                     /usr/local/python/3.12.1/lib/python3.12/lib-dynload/_posixsubprocess.cpython-312-x86_64-linux-gnu.so
72ea503b6000-72ea503b9000 r-xp 00002000 00:2d 830492                     /usr/local/python/3.12.1/lib/python3.12/lib-dynload/_posixsubprocess.cpython-312-x86_64-linux-gnu.so
72ea503b9000-72ea503ba000 r--p 00005000 00:2d 830492                     /usr/local/python/3.12.1/lib/python3.12/lib-dynload/_posixsubprocess.cpython-312-x86_64-linux-gnu.so
72ea503ba000-72ea503bb000 r--p 00005000 00:2d 830492                     /usr/local/python/3.12.1/lib/python3.12/lib-dynload/_posixsubprocess.cpython-312-x86_64-linux-gnu.so
72ea503bb000-72ea503bc000 rw-p 00006000 00:2d 830492                     /usr/local/python/3.12.1/lib/python3.12/lib-dynload/_posixsubprocess.cpython-312-x86_64-linux-gnu.so
72ea503bc000-72ea503bd000 r--p 00000000 00:2d 830520                     /usr/local/python/3.12.1/lib/python3.12/lib-dynload/fcntl.cpython-312-x86_64-linux-gnu.so
72ea503bd000-72ea503bf000 r-xp 00001000 00:2d 830520                     /usr/local/python/3.12.1/lib/python3.12/lib-dynload/fcntl.cpython-312-x86_64-linux-gnu.so
72ea503bf000-72ea503c1000 r--p 00003000 00:2d 830520                     /usr/local/python/3.12.1/lib/python3.12/lib-dynload/fcntl.cpython-312-x86_64-linux-gnu.so
72ea503c1000-72ea503c2000 r--p 00004000 00:2d 830520                     /usr/local/python/3.12.1/lib/python3.12/lib-dynload/fcntl.cpython-312-x86_64-linux-gnu.so
72ea503c2000-72ea503c3000 rw-p 00005000 00:2d 830520                     /usr/local/python/3.12.1/lib/python3.12/lib-dynload/fcntl.cpython-312-x86_64-linux-gnu.so
72ea503c3000-72ea503c7000 r--p 00000000 00:2d 830516                     /usr/local/python/3.12.1/lib/python3.12/lib-dynload/array.cpython-312-x86_64-linux-gnu.so
72ea503c7000-72ea503cf000 r-xp 00004000 00:2d 830516                     /usr/local/python/3.12.1/lib/python3.12/lib-dynload/array.cpython-312-x86_64-linux-gnu.so
72ea503cf000-72ea503d3000 r--p 0000c000 00:2d 830516                     /usr/local/python/3.12.1/lib/python3.12/lib-dynload/array.cpython-312-x86_64-linux-gnu.so
72ea503d3000-72ea503d4000 r--p 0000f000 00:2d 830516                     /usr/local/python/3.12.1/lib/python3.12/lib-dynload/array.cpython-312-x86_64-linux-gnu.so
72ea503d4000-72ea503d5000 rw-p 00010000 00:2d 830516                     /usr/local/python/3.12.1/lib/python3.12/lib-dynload/array.cpython-312-x86_64-linux-gnu.so
72ea503d5000-72ea503d7000 r--p 00000000 00:2d 830528                     /usr/local/python/3.12.1/lib/python3.12/lib-dynload/select.cpython-312-x86_64-linux-gnu.so
72ea503d7000-72ea503da000 r-xp 00002000 00:2d 830528                     /usr/local/python/3.12.1/lib/python3.12/lib-dynload/select.cpython-312-x86_64-linux-gnu.so
72ea503da000-72ea503dc000 r--p 00005000 00:2d 830528                     /usr/local/python/3.12.1/lib/python3.12/lib-dynload/select.cpython-312-x86_64-linux-gnu.so
72ea503dc000-72ea503dd000 r--p 00006000 00:2d 830528                     /usr/local/python/3.12.1/lib/python3.12/lib-dynload/select.cpython-312-x86_64-linux-gnu.so
72ea503dd000-72ea503de000 rw-p 00007000 00:2d 830528                     /usr/local/python/3.12.1/lib/python3.12/lib-dynload/select.cpython-312-x86_64-linux-gnu.so
72ea503de000-72ea503e1000 r--p 00000000 00:2d 830522                     /usr/local/python/3.12.1/lib/python3.12/lib-dynload/math.cpython-312-x86_64-linux-gnu.so
72ea503e1000-72ea503ed000 r-xp 00003000 00:2d 830522                     /usr/local/python/3.12.1/lib/python3.12/lib-dynload/math.cpython-312-x86_64-linux-gnu.so
72ea503ed000-72ea503f2000 r--p 0000f000 00:2d 830522                     /usr/local/python/3.12.1/lib/python3.12/lib-dynload/math.cpython-312-x86_64-linux-gnu.so
72ea503f2000-72ea503f3000 r--p 00013000 00:2d 830522                     /usr/local/python/3.12.1/lib/python3.12/lib-dynload/math.cpython-312-x86_64-linux-gnu.so
72ea503f3000-72ea503f4000 rw-p 00014000 00:2d 830522                     /usr/local/python/3.12.1/lib/python3.12/lib-dynload/math.cpython-312-x86_64-linux-gnu.so
72ea503f4000-72ea503f8000 r--p 00000000 00:2d 830498                     /usr/local/python/3.12.1/lib/python3.12/lib-dynload/_socket.cpython-312-x86_64-linux-gnu.so
72ea503f8000-72ea50405000 r-xp 00004000 00:2d 830498                     /usr/local/python/3.12.1/lib/python3.12/lib-dynload/_socket.cpython-312-x86_64-linux-gnu.so
72ea50405000-72ea5040e000 r--p 00011000 00:2d 830498                     /usr/local/python/3.12.1/lib/python3.12/lib-dynload/_socket.cpython-312-x86_64-linux-gnu.so
72ea5040e000-72ea5040f000 r--p 00019000 00:2d 830498                     /usr/local/python/3.12.1/lib/python3.12/lib-dynload/_socket.cpython-312-x86_64-linux-gnu.so
72ea5040f000-72ea50410000 rw-p 0001a000 00:2d 830498                     /usr/local/python/3.12.1/lib/python3.12/lib-dynload/_socket.cpython-312-x86_64-linux-gnu.so
72ea50410000-72ea50415000 r--p 00000000 00:2d 830490                     /usr/local/python/3.12.1/lib/python3.12/lib-dynload/_pickle.cpython-312-x86_64-linux-gnu.so
72ea50415000-72ea50427000 r-xp 00005000 00:2d 830490                     /usr/local/python/3.12.1/lib/python3.12/lib-dynload/_pickle.cpython-312-x86_64-linux-gnu.so
72ea50427000-72ea5042d000 r--p 00017000 00:2d 830490                     /usr/local/python/3.12.1/lib/python3.12/lib-dynload/_pickle.cpython-312-x86_64-linux-gnu.so
72ea5042d000-72ea5042e000 r--p 0001c000 00:2d 830490                     /usr/local/python/3.12.1/lib/python3.12/lib-dynload/_pickle.cpython-312-x86_64-linux-gnu.so
72ea5042e000-72ea5042f000 rw-p 0001d000 00:2d 830490                     /usr/local/python/3.12.1/lib/python3.12/lib-dynload/_pickle.cpython-312-x86_64-linux-gnu.so
72ea5042f000-72ea50432000 r--p 00000000 00:2d 830502                     /usr/local/python/3.12.1/lib/python3.12/lib-dynload/_struct.cpython-312-x86_64-linux-gnu.so
72ea50432000-72ea50438000 r-xp 00003000 00:2d 830502                     /usr/local/python/3.12.1/lib/python3.12/lib-dynload/_struct.cpython-312-x86_64-linux-gnu.so
72ea50438000-72ea5043b000 r--p 00009000 00:2d 830502                     /usr/local/python/3.12.1/lib/python3.12/lib-dynload/_struct.cpython-312-x86_64-linux-gnu.so
72ea5043b000-72ea5043c000 r--p 0000c000 00:2d 830502                     /usr/local/python/3.12.1/lib/python3.12/lib-dynload/_struct.cpython-312-x86_64-linux-gnu.so
72ea5043c000-72ea5043d000 rw-p 0000d000 00:2d 830502                     /usr/local/python/3.12.1/lib/python3.12/lib-dynload/_struct.cpython-312-x86_64-linux-gnu.so
72ea5043d000-72ea507a3000 rw-p 00000000 00:00 0 
72ea507a3000-72ea507fc000 r--p 00000000 00:2d 393770                     /usr/lib/locale/C.utf8/LC_CTYPE
72ea507fc000-72ea50ae7000 r--p 00000000 00:2d 531685                     /usr/lib/locale/locale-archive
72ea50ae7000-72ea50aea000 rw-p 00000000 00:00 0 
72ea50aea000-72ea50b12000 r--p 00000000 00:2d 394104                     /usr/lib/x86_64-linux-gnu/libc.so.6
72ea50b12000-72ea50c9a000 r-xp 00028000 00:2d 394104                     /usr/lib/x86_64-linux-gnu/libc.so.6
72ea50c9a000-72ea50ce9000 r--p 001b0000 00:2d 394104                     /usr/lib/x86_64-linux-gnu/libc.so.6
72ea50ce9000-72ea50ced000 r--p 001fe000 00:2d 394104                     /usr/lib/x86_64-linux-gnu/libc.so.6
72ea50ced000-72ea50cef000 rw-p 00202000 00:2d 394104                     /usr/lib/x86_64-linux-gnu/libc.so.6
72ea50cef000-72ea50cfc000 rw-p 00000000 00:00 0 
72ea50cfc000-72ea50d0c000 r--p 00000000 00:2d 394146                     /usr/lib/x86_64-linux-gnu/libm.so.6
72ea50d0c000-72ea50d8b000 r-xp 00010000 00:2d 394146                     /usr/lib/x86_64-linux-gnu/libm.so.6
72ea50d8b000-72ea50de3000 r--p 0008f000 00:2d 394146                     /usr/lib/x86_64-linux-gnu/libm.so.6
72ea50de3000-72ea50de4000 r--p 000e7000 00:2d 394146                     /usr/lib/x86_64-linux-gnu/libm.so.6
72ea50de4000-72ea50de5000 rw-p 000e8000 00:2d 394146                     /usr/lib/x86_64-linux-gnu/libm.so.6
72ea50de5000-72ea50dec000 r--s 00000000 00:2d 394075                     /usr/lib/x86_64-linux-gnu/gconv/gconv-modules.cache
72ea50dec000-72ea50dee000 rw-p 00000000 00:00 0 
72ea50dee000-72ea50def000 r--p 00000000 00:2d 394084                     /usr/lib/x86_64-linux-gnu/ld-linux-x86-64.so.2
72ea50def000-72ea50e1a000 r-xp 00001000 00:2d 394084                     /usr/lib/x86_64-linux-gnu/ld-linux-x86-64.so.2
72ea50e1a000-72ea50e24000 r--p 0002c000 00:2d 394084                     /usr/lib/x86_64-linux-gnu/ld-linux-x86-64.so.2
72ea50e24000-72ea50e26000 r--p 00036000 00:2d 394084                     /usr/lib/x86_64-linux-gnu/ld-linux-x86-64.so.2
72ea50e26000-72ea50e28000 rw-p 00038000 00:2d 394084                     /usr/lib/x86_64-linux-gnu/ld-linux-x86-64.so.2
7ffc550c5000-7ffc550c9000 ---p 00000000 00:00 0 
7ffc550c9000-7ffc551c5000 rw-p 00000000 00:00 0                          [stack]
7ffc551dd000-7ffc551e1000 r--p 00000000 00:00 0                          [vvar]
7ffc551e1000-7ffc551e3000 r-xp 00000000 00:00 0                          [vdso]
ffffffffff600000-ffffffffff601000 --xp 00000000 00:00 0                  [vsyscall]
Total number of mappings: 611

JVMTI agents: none


VM Arguments:
jvm_args: -Dfile.encoding=UTF8 -ea -Xmx1024m 
java_command: <unknown>
java_class_path (initial): /usr/local/python/3.12.1/lib/python3.12/site-packages/konlpy/java:/usr/local/python/3.12.1/lib/python3.12/site-packages/konlpy/java/bin:/usr/local/python/3.12.1/lib/python3.12/site-packages/konlpy/java/open-korean-text-2.1.0.jar:/usr/local/python/3.12.1/lib/python3.12/site-packages/konlpy/java/scala-library-2.12.3.jar:/usr/local/python/3.12.1/lib/python3.12/site-packages/konlpy/java/shineware-ds-1.0.jar:/usr/local/python/3.12.1/lib/python3.12/site-packages/konlpy/java/snakeyaml-1.12.jar:/usr/local/python/3.12.1/lib/python3.12/site-packages/konlpy/java/shineware-common-1.0.jar:/usr/local/python/3.12.1/lib/python3.12/site-packages/konlpy/java/jhannanum-0.8.4.jar:/usr/local/python/3.12.1/lib/python3.12/site-packages/konlpy/java/twitter-text-1.14.7.jar:/usr/local/python/3.12.1/lib/python3.12/site-packages/konlpy/java/aho-corasick.jar:/usr/local/python/3.12.1/lib/python3.12/site-packages/konlpy/java/komoran-3.0.jar:/usr/local/python/3.12.1/lib/python3.12/site-packages/konlpy/java/kkma-2.0.jar:/usr/local/python/3.12.1/lib/python3.12/site-packages/konlpy/java/jhannanum-0.8.4.jar:/usr/local/python/3.12.1/lib/python3.12/site-packages/konlpy/java/kkma-2.0.jar:/usr/local/python/3.12.1/lib/python3.12/site-packages/konlpy/java/aho-corasick.jar:/usr/local/python/3.12.1/lib/python3.12/site-packages/konlpy/java/shineware-common-1.0.jar:/usr/local/python/3.12.1/lib/python3.12/site-packages/konlpy/java/shineware-ds-1.0.jar:/usr/local/python/3.12.1/lib/python3.12/site-packages/konlpy/java/komoran-3.0.jar:/usr/local/python/3.12.1/lib/python3.12/site-packages/konlpy/java/snakeyaml-1.12.jar:/usr/local/python/3.12.1/lib/python3.12/site-packages/konlpy/java/scala-library-2.12.3.jar:/usr/local/python/3.12.1/lib/python3.12/site-packages/konlpy/java/open-korean-text-2.1.0.jar:/usr/local/python/3.12.1/lib/python3.12/site-packages/konlpy/java/twitter-text-1.14.7.jar:/usr/local/python/3.12.1/lib/python3.12/site-packages/konlpy/java/open-korean-text-2.1.0.jar:/usr/local/python/3.12.1/lib/python3.12/site-packages/konlpy/java/scala-library-2.12.3.jar:/usr/local/python/3.12.1/lib/python3.12/site-packages/konlpy/java/shineware-ds-1.0.jar:/usr/local/python/3.12.1/lib/python3.12/site-packages/konlpy/java/snakeyaml-1.12.jar:/usr/local/python/3.12.1/lib/python3.12/site-packages/konlpy/java/shineware-common-1.0.jar:/usr/local/python/3.12.1/lib/python3.12/site-packages/konlpy/java/jhannanum-0.8.4.jar:/usr/local/python/3.12.1/lib/python3.12/site-packages/konlpy/java/twitter-text-1.14.7.jar:/usr/local/python/3.12.1/lib/python3.12/site-packages/konlpy/java/aho-corasick.jar:/usr/local/python/3.12.1/lib/python3.12/site-packages/konlpy/java/komoran-3.0.jar:/usr/local/python/3.12.1/lib/python3.12/site-packages/konlpy/java/kkma-2.0.jar:/usr/local/python/3.12.1/lib/python3.12/site-packages/org.jpype.jar
Launcher Type: generic

[Global flags]
     intx CICompilerCount                          = 2                                         {product} {ergonomic}
     uint ConcGCThreads                            = 1                                         {product} {ergonomic}
     uint G1ConcRefinementThreads                  = 2                                         {product} {ergonomic}
   size_t G1HeapRegionSize                         = 1048576                                   {product} {ergonomic}
   size_t InitialHeapSize                          = 132120576                                 {product} {ergonomic}
   size_t MarkStackSize                            = 4194304                                   {product} {ergonomic}
   size_t MarkStackSizeMax                         = 536870912                                 {product} {ergonomic}
   size_t MaxHeapSize                              = 1073741824                                {product} {command line}
   size_t MaxNewSize                               = 643825664                                 {product} {ergonomic}
   size_t MinHeapDeltaBytes                        = 1048576                                   {product} {ergonomic}
   size_t MinHeapSize                              = 8388608                                   {product} {ergonomic}
    uintx NonNMethodCodeHeapSize                   = 5824512                                {pd product} {ergonomic}
    uintx NonProfiledCodeHeapSize                  = 122920960                              {pd product} {ergonomic}
    uintx ProfiledCodeHeapSize                     = 122912768                              {pd product} {ergonomic}
    uintx ReservedCodeCacheSize                    = 251658240                              {pd product} {ergonomic}
     bool SegmentedCodeCache                       = true                                      {product} {ergonomic}
   size_t SoftMaxHeapSize                          = 1073741824                             {manageable} {ergonomic}
     bool UseCompressedOops                        = true                           {product lp64_product} {ergonomic}
     bool UseG1GC                                  = true                                      {product} {ergonomic}

Logging:
Log output configuration:
 #0: stdout all=warning uptime,level,tags foldmultilines=false
 #1: stderr all=off uptime,level,tags foldmultilines=false

Release file:
IMPLEMENTOR="Microsoft"
IMPLEMENTOR_VERSION="Microsoft-12574222"
JAVA_RUNTIME_VERSION="25.0.1+8-LTS"
JAVA_VERSION="25.0.1"
JAVA_VERSION_DATE="2025-10-21"
LIBC="gnu"
MODULES="java.base java.compiler java.datatransfer java.xml java.prefs java.desktop java.instrument java.logging java.management java.security.sasl java.naming java.rmi java.management.rmi java.net.http java.scripting java.security.jgss java.transaction.xa java.sql java.sql.rowset java.xml.crypto java.se java.smartcardio jdk.accessibility jdk.internal.jvmstat jdk.attach jdk.charsets jdk.internal.opt jdk.zipfs jdk.compiler jdk.crypto.cryptoki jdk.crypto.ec jdk.dynalink jdk.internal.ed jdk.editpad jdk.internal.vm.ci jdk.graal.compiler jdk.graal.compiler.management jdk.hotspot.agent jdk.httpserver jdk.incubator.vector jdk.internal.le jdk.internal.md jdk.jartool jdk.javadoc jdk.jcmd jdk.management jdk.management.agent jdk.jconsole jdk.jdeps jdk.jdwp.agent jdk.jdi jdk.jfr jdk.jlink jdk.jpackage jdk.jshell jdk.jsobject jdk.jstatd jdk.localedata jdk.management.jfr jdk.naming.dns jdk.naming.rmi jdk.net jdk.nio.mapmode jdk.sctp jdk.security.auth jdk.security.jgss jdk.unsupported jdk.unsupported.desktop jdk.xml.dom"
OS_ARCH="x86_64"
OS_NAME="Linux"
SOURCE=".:git:a34d2ff2d503"

Environment Variables:
JAVA_HOME=/usr/local/sdkman/candidates/java/current
PATH=/usr/local/rvm/gems/ruby-3.4.7/bin:/usr/local/rvm/gems/ruby-3.4.7@global/bin:/usr/local/rvm/rubies/ruby-3.4.7/bin:/vscode/bin/linux-x64/41dd792b5e652393e7787322889ed5fdc58bd75b/bin/remote-cli:/home/codespace/.local/bin:/home/codespace/.dotnet:/home/codespace/nvm/current/bin:/home/codespace/.php/current/bin:/home/codespace/.python/current/bin:/home/codespace/java/current/bin:/home/codespace/.ruby/current/bin:/home/codespace/.local/bin:/usr/local/python/current/bin:/usr/local/py-utils/bin:/usr/local/jupyter:/usr/local/oryx:/usr/local/go/bin:/go/bin:/usr/local/sdkman/bin:/usr/local/sdkman/candidates/java/current/bin:/usr/local/sdkman/candidates/gradle/current/bin:/usr/local/sdkman/candidates/maven/current/bin:/usr/local/sdkman/candidates/ant/current/bin:/usr/local/rvm/gems/default/bin:/usr/local/rvm/gems/default@global/bin:/usr/local/rvm/rubies/default/bin:/usr/local/share/rbenv/bin:/usr/local/php/current/bin:/opt/conda/bin:/usr/local/nvs:/usr/local/share/nvm/versions/node/v24.11.1/bin:/usr/local/hugo/bin:/usr/local/sbin:/usr/local/bin:/usr/sbin:/usr/bin:/sbin:/bin:/usr/share/dotnet:/home/codespace/.dotnet/tools:/usr/local/rvm/bin
SHELL=/bin/bash
LANG=C.UTF-8
TERM=xterm-256color

Active Locale:
LC_ALL=C.UTF-8
LC_COLLATE=C.UTF-8
LC_CTYPE=C.UTF-8
LC_MESSAGES=C.UTF-8
LC_MONETARY=C.UTF-8
LC_NUMERIC=C.UTF-8
LC_TIME=C.UTF-8

Signal Handlers:
   SIGSEGV: crash_handler in libjvm.so, mask=11100100010111111101111111111110, flags=SA_RESTART|SA_SIGINFO, unblocked
    SIGBUS: crash_handler in libjvm.so, mask=11100100010111111101111111111110, flags=SA_RESTART|SA_SIGINFO, unblocked
    SIGFPE: crash_handler in libjvm.so, mask=11100100010111111101111111111110, flags=SA_RESTART|SA_SIGINFO, unblocked
   SIGPIPE: javaSignalHandler in libjvm.so, mask=11100100010111111101111111111110, flags=SA_RESTART|SA_SIGINFO, blocked
   SIGXFSZ: javaSignalHandler in libjvm.so, mask=11100100010111111101111111111110, flags=SA_RESTART|SA_SIGINFO, blocked
    SIGILL: crash_handler in libjvm.so, mask=11100100010111111101111111111110, flags=SA_RESTART|SA_SIGINFO, unblocked
   SIGUSR2: SR_handler in libjvm.so, mask=00000000000000000000000000000000, flags=SA_RESTART|SA_SIGINFO, blocked
    SIGHUP: UserHandler in libjvm.so, mask=11100100010111111101111111111110, flags=SA_RESTART|SA_SIGINFO, blocked
    SIGINT: UserHandler in libjvm.so, mask=11100100010111111101111111111110, flags=SA_RESTART|SA_SIGINFO, blocked
   SIGTERM: UserHandler in libjvm.so, mask=11100100010111111101111111111110, flags=SA_RESTART|SA_SIGINFO, blocked
   SIGQUIT: UserHandler in libjvm.so, mask=11100100010111111101111111111110, flags=SA_RESTART|SA_SIGINFO, blocked
   SIGTRAP: crash_handler in libjvm.so, mask=11100100010111111101111111111110, flags=SA_RESTART|SA_SIGINFO, unblocked


Compilation memory statistics disabled.

Periodic native trim disabled

---------------  S Y S T E M  ---------------

OS:
DISTRIB_ID=Ubuntu
DISTRIB_RELEASE=24.04
DISTRIB_CODENAME=noble
DISTRIB_DESCRIPTION="Ubuntu 24.04.3 LTS"
uname: Linux 6.8.0-1044-azure #50~22.04.1-Ubuntu SMP Wed Dec  3 15:13:22 UTC 2025 x86_64
OS uptime: 0 days 1:04 hours
libc: glibc 2.39 NPTL 2.39 
rlimit (soft/hard): STACK 8192k/infinity , CORE infinity/infinity , NPROC infinity/infinity , NOFILE 524288/524288 , AS infinity/infinity , CPU infinity/infinity , DATA infinity/infinity , FSIZE infinity/infinity , MEMLOCK 8192k/8192k
load average: 1.17 1.89 1.63

/proc/meminfo:
MemTotal:        8135224 kB
MemFree:          691336 kB
MemAvailable:    5867528 kB
Buffers:          214088 kB
Cached:          5069024 kB
SwapCached:            0 kB
Active:          3958324 kB
Inactive:        2944076 kB
Active(anon):    1554708 kB
Inactive(anon):   139444 kB
Active(file):    2403616 kB
Inactive(file):  2804632 kB
Unevictable:       30908 kB
Mlocked:           27836 kB
SwapTotal:             0 kB
SwapFree:              0 kB
Zswap:                 0 kB
Zswapped:              0 kB
Dirty:              4660 kB
Writeback:             0 kB
AnonPages:       1619956 kB
Mapped:           748172 kB
Shmem:             65744 kB
KReclaimable:     281572 kB
Slab:             383364 kB
SReclaimable:     281572 kB
SUnreclaim:       101792 kB
KernelStack:       10704 kB
PageTables:        30128 kB
SecPageTables:         0 kB
NFS_Unstable:          0 kB
Bounce:                0 kB
WritebackTmp:          0 kB
CommitLimit:     4067612 kB
Committed_AS:    5285784 kB
VmallocTotal:   34359738367 kB
VmallocUsed:       43680 kB
VmallocChunk:          0 kB
Percpu:             1224 kB
HardwareCorrupted:     0 kB
AnonHugePages:    606208 kB
ShmemHugePages:        0 kB
ShmemPmdMapped:        0 kB
FileHugePages:         0 kB
FilePmdMapped:         0 kB
Unaccepted:            0 kB
HugePages_Total:       0
HugePages_Free:        0
HugePages_Rsvd:        0
HugePages_Surp:        0
Hugepagesize:       2048 kB
Hugetlb:               0 kB
DirectMap4k:      135104 kB
DirectMap2M:     6156288 kB
DirectMap1G:     4194304 kB

/sys/kernel/mm/transparent_hugepage/enabled: [always] madvise never
/sys/kernel/mm/transparent_hugepage/hpage_pmd_size: 2097152
/sys/kernel/mm/transparent_hugepage/shmem_enabled: always within_size advise [never] deny force
/sys/kernel/mm/transparent_hugepage/defrag (defrag/compaction efforts parameter): always defer defer+madvise [madvise] never

Process Memory:
Virtual Size: 3839844K (peak: 3892176K)
Resident Set Size: 185012K (peak: 186192K) (anon: 126572K, file: 58440K, shmem: 0K)
Swapped out: 0K
C-Heap outstanding allocations: 51222K, retained: 8925K
glibc malloc tunables: (default)

/proc/sys/kernel/threads-max (system-wide limit on the number of threads): 63498
/proc/sys/vm/max_map_count (maximum number of memory map areas a process may have): 65530
/proc/sys/vm/swappiness (control to define how aggressively the kernel swaps out anonymous memory): 60
/proc/sys/kernel/pid_max (system-wide limit on number of process identifiers): 4194304

container information not found.
Hyper-V virtualization detected
Steal ticks since vm start: 0
Steal ticks percentage since vm start:  0.000

CPU: total 2 (initial active 2) (16 cores per cpu, 2 threads per core) family 25 model 1 stepping 1 microcode 0xffffffff, cx8, cmov, fxsr, ht, mmx, 3dnowpref, sse, sse2, sse3, ssse3, sse4a, sse4.1, sse4.2, popcnt, lzcnt, tsc, tscinvbit, avx, avx2, aes, erms, clmul, bmi1, bmi2, adx, sha, fma, vzeroupper, clflush, clflushopt, clwb, hv, rdtscp, rdpid, fsrm, f16c, cet_ss
CPU Model and flags from /proc/cpuinfo:
model name	: AMD EPYC 7763 64-Core Processor
flags		: fpu vme de pse tsc msr pae mce cx8 apic sep mtrr pge mca cmov pat pse36 clflush mmx fxsr sse sse2 ht syscall nx mmxext fxsr_opt pdpe1gb rdtscp lm constant_tsc rep_good nopl tsc_reliable nonstop_tsc cpuid extd_apicid aperfmperf tsc_known_freq pni pclmulqdq ssse3 fma cx16 pcid sse4_1 sse4_2 movbe popcnt aes xsave avx f16c rdrand hypervisor lahf_lm cmp_legacy svm cr8_legacy abm sse4a misalignsse 3dnowprefetch osvw topoext vmmcall fsgsbase bmi1 avx2 smep bmi2 erms invpcid rdseed adx smap clflushopt clwb sha_ni xsaveopt xsavec xgetbv1 xsaves user_shstk clzero xsaveerptr rdpru arat npt nrip_save tsc_scale vmcb_clean flushbyasid decodeassists pausefilter pfthreshold v_vmsave_vmload umip vaes vpclmulqdq rdpid fsrm

Online cpus: 0-1
Offline cpus: 
BIOS frequency limitation: <Not Available>
Frequency switch latency (ns): <Not Available>
Available cpu frequencies: <Not Available>
Current governor: <Not Available>
Core performance/turbo boost: <Not Available>

Memory: 4k page, physical 8135224k(5867528k free), swap 0k(0k free)
Page Sizes: 4k

vm_info: OpenJDK 64-Bit Server VM (25.0.1+8-LTS) for linux-amd64 JRE (25.0.1+8-LTS), built on 2025-10-13T21:28:09Z with gcc 11.3.0

END.
